date,AMCR,dcf,Deviation
2012-05-15,7.7,,
2012-05-16,7.7,,
2012-05-17,7.7,,
2012-05-18,7.7,,
2012-05-21,7.7,,
2012-05-22,7.7,,
2012-05-23,7.7,,
2012-05-24,7.7,,
2012-05-25,7.7,,
2012-05-29,7.7,,
2012-05-30,7.7,,
2012-05-31,7.7,,
2012-06-01,7.7,,
2012-06-04,7.7,,
2012-06-05,7.7,,
2012-06-06,7.7,,
2012-06-07,7.4,,
2012-06-08,7.4,,
2012-06-11,7.4,,
2012-06-12,7.4,,
2012-06-13,7.4,,
2012-06-14,7.4,,
2012-06-15,7.4,,
2012-06-18,7.4,,
2012-06-19,7.4,,
2012-06-20,7.4,,
2012-06-21,7.4,,
2012-06-22,7.4,,
2012-06-25,7.4,,
2012-06-26,7.4,,
2012-06-27,7.4,,
2012-06-28,7.4,,
2012-06-29,7.4,,
2012-07-02,7.4,,
2012-07-03,7.4,,
2012-07-05,7.4,,
2012-07-06,7.4,,
2012-07-09,7.4,,
2012-07-10,7.4,,
2012-07-11,7.4,,
2012-07-12,7.4,,
2012-07-13,7.4,,
2012-07-16,7.4,,
2012-07-17,7.4,,
2012-07-18,7.4,,
2012-07-19,7.4,,
2012-07-20,7.4,,
2012-07-23,7.4,,
2012-07-24,7.4,,
2012-07-25,7.4,,
2012-07-26,7.4,,
2012-07-27,7.4,,
2012-07-30,7.4,,
2012-07-31,7.4,,
2012-08-01,7.4,,
2012-08-02,7.4,,
2012-08-03,7.4,,
2012-08-06,7.4,,
2012-08-07,7.4,,
2012-08-08,7.4,,
2012-08-09,7.4,,
2012-08-10,7.4,,
2012-08-13,7.4,,
2012-08-14,7.4,,
2012-08-15,7.4,,
2012-08-16,7.4,,
2012-08-17,7.8,,
2012-08-20,7.8,,
2012-08-21,7.8,,
2012-08-22,7.8,,
2012-08-23,7.74,,
2012-08-24,7.74,,
2012-08-27,7.74,,
2012-08-28,7.55,,
2012-08-29,7.55,,
2012-08-30,7.55,,
2012-08-31,7.55,,
2012-09-04,7.55,,
2012-09-05,7.55,,
2012-09-06,7.55,,
2012-09-07,7.55,,
2012-09-10,7.55,,
2012-09-11,7.55,,
2012-09-12,7.55,,
2012-09-13,7.55,,
2012-09-14,7.55,,
2012-09-17,7.55,,
2012-09-18,7.55,,
2012-09-19,7.55,,
2012-09-20,7.55,,
2012-09-21,7.55,,
2012-09-24,7.55,,
2012-09-25,7.55,,
2012-09-26,7.55,,
2012-09-27,7.55,,
2012-09-28,7.55,,
2012-10-01,7.55,,
2012-10-02,7.55,,
2012-10-03,7.55,,
2012-10-04,7.55,,
2012-10-05,7.55,,
2012-10-08,7.55,,
2012-10-09,7.55,,
2012-10-10,7.55,,
2012-10-11,7.55,,
2012-10-12,7.55,,
2012-10-15,7.95,,
2012-10-16,7.95,,
2012-10-17,7.95,,
2012-10-18,7.95,,
2012-10-19,7.95,,
2012-10-22,7.95,,
2012-10-23,7.95,,
2012-10-24,7.95,,
2012-10-25,7.95,,
2012-10-26,7.95,,
2012-10-31,7.95,,
2012-11-01,7.9,,
2012-11-02,7.9,,
2012-11-05,7.9,,
2012-11-06,7.9,,
2012-11-07,7.9,,
2012-11-08,7.9,,
2012-11-09,7.9,,
2012-11-12,7.9,,
2012-11-13,7.9,,
2012-11-14,7.9,,
2012-11-15,7.9,,
2012-11-16,7.9,,
2012-11-19,7.9,,
2012-11-20,7.9,,
2012-11-21,7.9,,
2012-11-23,7.9,,
2012-11-26,7.9,,
2012-11-27,8.16,,
2012-11-28,8.16,,
2012-11-29,8.16,,
2012-11-30,8.2,,
2012-12-03,8.2,,
2012-12-04,8.2,,
2012-12-05,8.2,,
2012-12-06,8.2,,
2012-12-07,8.2,,
2012-12-10,8.2,,
2012-12-11,8.2,,
2012-12-12,8.2,,
2012-12-13,8.2,,
2012-12-14,8.2,,
2012-12-17,8.2,,
2012-12-18,8.37,,
2012-12-19,8.37,,
2012-12-20,8.37,,
2012-12-21,8.37,,
2012-12-24,8.37,,
2012-12-26,8.37,,
2012-12-27,8.37,,
2012-12-28,8.37,,
2012-12-31,8.37,,
2013-01-02,8.37,,
2013-01-03,8.37,,
2013-01-04,8.37,,
2013-01-07,8.66,,
2013-01-08,8.66,,
2013-01-09,8.66,,
2013-01-10,8.66,,
2013-01-11,8.66,,
2013-01-14,8.66,,
2013-01-15,9.07,,
2013-01-16,9.15,,
2013-01-17,9.15,,
2013-01-18,9.15,,
2013-01-22,9.15,,
2013-01-23,8.84,,
2013-01-24,8.84,,
2013-01-25,8.76,,
2013-01-28,8.73,,
2013-01-29,8.87,,
2013-01-30,8.87,,
2013-01-31,8.84,,
2013-02-01,8.84,,
2013-02-04,8.84,,
2013-02-05,8.9,,
2013-02-06,9.0,,
2013-02-07,9.0,,
2013-02-08,9.0,,
2013-02-11,9.04,,
2013-02-12,9.04,,
2013-02-13,9.5,,
2013-02-14,9.5,,
2013-02-15,9.5,,
2013-02-19,9.4,,
2013-02-20,10.04,,
2013-02-21,9.59,,
2013-02-22,9.59,,
2013-02-25,9.61,,
2013-02-26,9.5,,
2013-02-27,9.56,,
2013-02-28,9.56,,
2013-03-01,9.06,,
2013-03-04,8.86,,
2013-03-05,9.04,,
2013-03-06,9.22,,
2013-03-07,9.22,,
2013-03-08,9.33,,
2013-03-11,9.66,,
2013-03-12,9.87,,
2013-03-13,9.5,,
2013-03-14,9.68,,
2013-03-15,9.68,,
2013-03-18,9.68,,
2013-03-19,9.15,,
2013-03-20,9.61,,
2013-03-21,9.51,,
2013-03-22,9.51,,
2013-03-25,9.61,,
2013-03-26,9.51,,
2013-03-27,9.66,,
2013-03-28,9.76,,
2013-04-01,9.56,,
2013-04-02,9.95,,
2013-04-03,9.95,,
2013-04-04,9.95,,
2013-04-05,9.95,,
2013-04-08,9.78,,
2013-04-09,9.75,,
2013-04-10,10.09,,
2013-04-11,10.35,,
2013-04-12,10.25,,
2013-04-15,10.25,,
2013-04-16,9.85,,
2013-04-17,9.85,,
2013-04-18,9.85,,
2013-04-19,9.65,,
2013-04-22,9.65,,
2013-04-23,9.57,,
2013-04-24,10.16,,
2013-04-25,10.2,,
2013-04-26,10.2,,
2013-04-29,9.99,,
2013-04-30,10.05,,
2013-05-01,10.2,,
2013-05-02,10.2,,
2013-05-03,10.2,,
2013-05-06,10.2,,
2013-05-07,9.9,,
2013-05-08,9.88,,
2013-05-09,9.85,,
2013-05-10,9.95,,
2013-05-13,9.95,,
2013-05-14,10.29,,
2013-05-15,9.99,,
2013-05-16,9.99,,
2013-05-17,9.63,,
2013-05-20,9.63,,
2013-05-21,9.57,,
2013-05-22,9.57,,
2013-05-23,9.87,,
2013-05-24,9.87,,
2013-05-28,9.65,,
2013-05-29,9.65,,
2013-05-30,9.84,,
2013-05-31,9.61,,
2013-06-03,9.61,,
2013-06-04,9.3,,
2013-06-05,9.3,,
2013-06-06,9.07,,
2013-06-07,9.07,,
2013-06-10,9.1,,
2013-06-11,9.1,,
2013-06-12,9.22,,
2013-06-13,9.22,,
2013-06-14,9.22,,
2013-06-17,9.22,,
2013-06-18,9.22,,
2013-06-19,9.22,,
2013-06-20,8.8,,
2013-06-21,8.8,,
2013-06-24,9.17,,
2013-06-25,9.43,,
2013-06-26,9.43,,
2013-06-27,9.43,,
2013-06-28,9.18,,
2013-07-01,9.24,,
2013-07-02,9.36,,
2013-07-03,9.36,,
2013-07-05,9.36,,
2013-07-08,9.36,,
2013-07-09,9.36,,
2013-07-10,9.36,,
2013-07-11,9.78,,
2013-07-12,9.78,,
2013-07-15,9.78,,
2013-07-16,10.0,,
2013-07-17,9.98,,
2013-07-18,9.98,,
2013-07-19,9.98,,
2013-07-22,9.98,,
2013-07-23,9.5,,
2013-07-24,9.5,,
2013-07-25,9.47,,
2013-07-26,9.47,,
2013-07-29,9.53,,
2013-07-30,9.53,,
2013-07-31,9.6,,
2013-08-01,9.6,,
2013-08-02,9.6,,
2013-08-05,9.75,,
2013-08-06,9.75,,
2013-08-07,9.75,,
2013-08-08,9.69,,
2013-08-09,9.69,,
2013-08-12,9.69,,
2013-08-13,9.69,,
2013-08-14,9.95,,
2013-08-15,9.95,,
2013-08-16,9.95,,
2013-08-19,9.5,,
2013-08-20,9.6,,
2013-08-21,9.75,,
2013-08-22,9.75,,
2013-08-23,9.75,,
2013-08-26,9.75,,
2013-08-27,9.75,,
2013-08-28,9.35,,
2013-08-29,9.37,,
2013-08-30,9.4,,
2013-09-03,9.4,,
2013-09-04,9.4,,
2013-09-05,9.4,,
2013-09-06,9.86,,
2013-09-09,9.88,,
2013-09-10,9.88,,
2013-09-11,10.06,,
2013-09-12,10.06,,
2013-09-13,10.06,,
2013-09-16,10.06,,
2013-09-17,10.34,,
2013-09-18,10.34,,
2013-09-19,9.98,,
2013-09-20,9.93,,
2013-09-23,9.93,,
2013-09-24,9.63,,
2013-09-25,9.63,,
2013-09-26,9.63,,
2013-09-27,9.63,,
2013-09-30,9.85,,
2013-10-01,9.77,,
2013-10-02,9.89,,
2013-10-03,9.86,,
2013-10-04,9.98,,
2013-10-07,9.98,,
2013-10-08,9.84,,
2013-10-09,9.84,,
2013-10-10,9.6,,
2013-10-11,9.6,,
2013-10-14,9.6,,
2013-10-15,9.6,,
2013-10-16,10.05,,
2013-10-17,10.2,,
2013-10-18,10.11,,
2013-10-21,10.45,,
2013-10-22,10.45,,
2013-10-23,10.45,,
2013-10-24,10.4,,
2013-10-25,10.3,,
2013-10-28,10.3,,
2013-10-29,9.97,,
2013-10-30,10.3,,
2013-10-31,10.3,,
2013-11-01,10.3,,
2013-11-04,10.3,,
2013-11-05,10.34,,
2013-11-06,10.43,,
2013-11-07,10.35,,
2013-11-08,10.23,,
2013-11-11,10.23,,
2013-11-12,10.4,,
2013-11-13,10.23,,
2013-11-14,10.23,,
2013-11-15,10.23,,
2013-11-18,10.56,,
2013-11-19,10.52,,
2013-11-20,10.44,,
2013-11-21,10.44,,
2013-11-22,10.16,,
2013-11-25,10.28,,
2013-11-26,10.18,,
2013-11-27,10.18,,
2013-11-29,10.15,,
2013-12-02,10.02,,
2013-12-03,10.02,,
2013-12-04,10.0,,
2013-12-05,10.0,,
2013-12-06,10.2,,
2013-12-09,10.11,,
2013-12-10,10.11,,
2013-12-11,10.21,,
2013-12-12,10.21,,
2013-12-13,10.18,,
2013-12-16,10.4,,
2013-12-17,10.3,,
2013-12-18,9.28,,
2013-12-19,9.32,,
2013-12-20,9.37,,
2013-12-23,9.48,,
2013-12-24,9.48,,
2013-12-26,9.45,,
2013-12-27,9.45,,
2013-12-30,9.3,,
2013-12-31,9.3,,
2014-01-02,9.52,,
2014-01-03,9.43,,
2014-01-06,9.43,,
2014-01-07,9.45,,
2014-01-08,9.49,,
2014-01-09,9.44,,
2014-01-10,9.42,,
2014-01-13,9.42,,
2014-01-14,9.19,,
2014-01-15,9.19,,
2014-01-16,9.02,,
2014-01-17,9.25,,
2014-01-21,9.25,,
2014-01-22,9.26,,
2014-01-23,9.42,,
2014-01-24,9.42,,
2014-01-27,9.42,,
2014-01-28,9.1,,
2014-01-29,9.34,,
2014-01-30,9.3,,
2014-01-31,9.32,,
2014-02-03,9.32,,
2014-02-04,9.32,,
2014-02-05,9.26,,
2014-02-06,9.26,,
2014-02-07,9.43,,
2014-02-10,9.52,,
2014-02-11,9.52,,
2014-02-12,9.84,,
2014-02-13,9.84,,
2014-02-14,9.84,,
2014-02-18,9.84,,
2014-02-19,9.84,,
2014-02-20,9.8,,
2014-02-21,9.59,,
2014-02-24,9.59,,
2014-02-25,9.59,,
2014-02-26,9.59,,
2014-02-27,9.59,,
2014-02-28,9.59,,
2014-03-03,9.59,,
2014-03-04,9.26,,
2014-03-05,9.26,,
2014-03-06,9.26,,
2014-03-07,9.15,,
2014-03-10,9.15,,
2014-03-11,9.15,,
2014-03-12,9.15,,
2014-03-13,9.15,,
2014-03-14,9.15,,
2014-03-17,9.15,,
2014-03-18,9.15,,
2014-03-19,9.15,,
2014-03-20,9.15,,
2014-03-21,9.15,,
2014-03-24,9.15,,
2014-03-25,9.15,,
2014-03-26,9.15,,
2014-03-27,9.15,,
2014-03-28,9.15,,
2014-03-31,9.15,,
2014-04-01,9.15,,
2014-04-02,9.15,,
2014-04-03,9.15,,
2014-04-04,9.41,,
2014-04-07,9.41,,
2014-04-08,9.41,,
2014-04-09,9.41,,
2014-04-10,9.41,,
2014-04-11,9.41,,
2014-04-14,9.41,,
2014-04-15,9.41,,
2014-04-16,9.41,,
2014-04-17,9.41,,
2014-04-21,9.41,,
2014-04-22,9.49,,
2014-04-23,9.49,,
2014-04-24,9.49,,
2014-04-25,9.49,,
2014-04-28,9.49,,
2014-04-29,9.49,,
2014-04-30,9.49,,
2014-05-01,9.49,,
2014-05-02,9.49,,
2014-05-05,9.49,,
2014-05-06,9.6,,
2014-05-07,9.6,,
2014-05-08,9.6,,
2014-05-09,9.6,,
2014-05-12,9.6,,
2014-05-13,9.6,,
2014-05-14,9.8,,
2014-05-15,9.8,,
2014-05-16,9.7,,
2014-05-19,9.7,,
2014-05-20,9.7,,
2014-05-21,9.7,,
2014-05-22,9.7,,
2014-05-23,9.7,,
2014-05-27,9.7,,
2014-05-28,9.7,,
2014-05-29,9.7,,
2014-05-30,9.7,,
2014-06-02,9.7,,
2014-06-03,9.7,,
2014-06-04,9.7,,
2014-06-05,9.7,,
2014-06-06,9.7,,
2014-06-09,9.7,,
2014-06-10,9.7,,
2014-06-11,9.7,,
2014-06-12,9.7,,
2014-06-13,9.7,,
2014-06-16,9.7,,
2014-06-17,9.7,,
2014-06-18,9.7,,
2014-06-19,9.7,,
2014-06-20,9.7,,
2014-06-23,9.85,,
2014-06-24,9.85,,
2014-06-25,9.85,,
2014-06-26,9.85,,
2014-06-27,9.85,,
2014-06-30,9.85,,
2014-07-01,9.85,,
2014-07-02,9.85,,
2014-07-03,9.85,,
2014-07-07,9.85,,
2014-07-08,9.85,,
2014-07-09,9.85,,
2014-07-10,9.85,,
2014-07-11,9.85,,
2014-07-14,9.74,,
2014-07-15,9.74,,
2014-07-16,9.74,,
2014-07-17,9.51,,
2014-07-18,9.51,,
2014-07-21,9.51,,
2014-07-22,9.51,,
2014-07-23,9.51,,
2014-07-24,9.51,,
2014-07-25,9.51,,
2014-07-28,9.51,,
2014-07-29,9.51,,
2014-07-30,9.51,,
2014-07-31,9.51,,
2014-08-01,9.51,,
2014-08-04,9.51,,
2014-08-05,9.51,,
2014-08-06,9.51,,
2014-08-07,9.51,,
2014-08-08,9.51,,
2014-08-11,9.51,,
2014-08-12,9.51,,
2014-08-13,9.51,,
2014-08-14,9.51,,
2014-08-15,9.51,,
2014-08-18,9.51,,
2014-08-19,9.51,,
2014-08-20,9.51,,
2014-08-21,9.51,,
2014-08-22,9.51,,
2014-08-25,9.51,,
2014-08-26,9.51,,
2014-08-27,9.51,,
2014-08-28,9.51,,
2014-08-29,9.51,,
2014-09-02,9.51,,
2014-09-03,9.51,,
2014-09-04,9.51,,
2014-09-05,9.51,,
2014-09-08,10.28,,
2014-09-09,10.28,,
2014-09-10,10.28,,
2014-09-11,10.28,,
2014-09-12,10.28,,
2014-09-15,10.28,,
2014-09-16,10.28,,
2014-09-17,10.28,,
2014-09-18,10.28,,
2014-09-19,10.28,,
2014-09-22,10.28,,
2014-09-23,10.28,,
2014-09-24,10.28,,
2014-09-25,10.28,,
2014-09-26,10.28,,
2014-09-29,10.28,,
2014-09-30,10.28,,
2014-10-01,10.28,,
2014-10-02,10.28,,
2014-10-03,10.28,,
2014-10-06,10.28,,
2014-10-07,10.28,,
2014-10-08,10.28,,
2014-10-09,9.84,,
2014-10-10,9.84,,
2014-10-13,9.84,,
2014-10-14,9.84,,
2014-10-15,9.84,,
2014-10-16,9.84,,
2014-10-17,9.84,,
2014-10-20,9.84,,
2014-10-21,9.84,,
2014-10-22,9.84,,
2014-10-23,9.84,,
2014-10-24,9.84,,
2014-10-27,9.84,,
2014-10-28,9.84,,
2014-10-29,9.84,,
2014-10-30,9.84,,
2014-10-31,9.84,,
2014-11-03,9.84,,
2014-11-04,9.84,,
2014-11-05,10.09,,
2014-11-06,10.34,,
2014-11-07,10.34,,
2014-11-10,10.34,,
2014-11-11,10.43,,
2014-11-12,10.43,,
2014-11-13,10.43,,
2014-11-14,10.43,,
2014-11-17,10.43,,
2014-11-18,10.43,,
2014-11-19,10.43,,
2014-11-20,10.43,,
2014-11-21,10.43,,
2014-11-24,10.43,,
2014-11-25,10.43,,
2014-11-26,10.43,,
2014-11-28,10.43,,
2014-12-01,10.43,,
2014-12-02,10.43,,
2014-12-03,10.43,,
2014-12-04,10.43,,
2014-12-05,10.43,,
2014-12-08,10.43,,
2014-12-09,10.43,,
2014-12-10,10.49,,
2014-12-11,10.49,,
2014-12-12,10.49,,
2014-12-15,10.49,,
2014-12-16,10.49,,
2014-12-17,10.59,,
2014-12-18,10.59,,
2014-12-19,10.59,,
2014-12-22,10.59,,
2014-12-23,10.59,,
2014-12-24,10.59,,
2014-12-26,10.59,,
2014-12-29,11.2,,
2014-12-30,11.2,,
2014-12-31,11.2,,
2015-01-02,11.2,,
2015-01-05,11.2,,
2015-01-06,11.2,,
2015-01-07,10.72,,
2015-01-08,10.72,,
2015-01-09,10.72,,
2015-01-12,10.72,,
2015-01-13,10.72,,
2015-01-14,10.72,,
2015-01-15,10.72,,
2015-01-16,10.72,,
2015-01-20,10.72,,
2015-01-21,10.72,,
2015-01-22,10.72,,
2015-01-23,10.72,,
2015-01-26,10.72,,
2015-01-27,10.72,,
2015-01-28,9.98,,
2015-01-29,9.83,,
2015-01-30,9.83,,
2015-02-02,9.83,,
2015-02-03,9.83,,
2015-02-04,9.98,,
2015-02-05,9.98,,
2015-02-06,9.98,,
2015-02-09,10.19,,
2015-02-10,10.24,,
2015-02-11,10.24,,
2015-02-12,10.24,,
2015-02-13,10.24,,
2015-02-17,10.24,,
2015-02-18,10.24,,
2015-02-19,10.24,,
2015-02-20,10.24,,
2015-02-23,10.24,,
2015-02-24,10.24,,
2015-02-25,10.24,,
2015-02-26,10.24,,
2015-02-27,10.24,,
2015-03-02,10.24,,
2015-03-03,10.24,,
2015-03-04,10.24,,
2015-03-05,10.24,,
2015-03-06,10.24,,
2015-03-09,10.24,,
2015-03-10,10.24,,
2015-03-11,10.24,,
2015-03-12,10.24,,
2015-03-13,10.24,,
2015-03-16,10.24,,
2015-03-17,10.8,,
2015-03-18,10.8,,
2015-03-19,10.8,,
2015-03-20,10.8,,
2015-03-23,10.8,,
2015-03-24,10.8,,
2015-03-25,10.8,,
2015-03-26,10.8,,
2015-03-27,10.8,,
2015-03-30,10.8,,
2015-03-31,10.61,,
2015-04-01,10.61,,
2015-04-02,10.61,,
2015-04-06,10.61,,
2015-04-07,10.61,,
2015-04-08,10.61,,
2015-04-09,10.61,,
2015-04-10,10.61,,
2015-04-13,10.61,,
2015-04-14,10.61,,
2015-04-15,10.61,,
2015-04-16,10.61,,
2015-04-17,10.61,,
2015-04-20,10.61,,
2015-04-21,10.61,,
2015-04-22,10.61,,
2015-04-23,10.61,,
2015-04-24,10.61,,
2015-04-27,10.61,,
2015-04-28,10.61,,
2015-04-29,10.61,,
2015-04-30,10.61,,
2015-05-01,10.61,,
2015-05-04,10.61,,
2015-05-05,10.61,,
2015-05-06,10.61,,
2015-05-07,10.45,,
2015-05-08,10.61,,
2015-05-11,10.61,,
2015-05-12,10.61,,
2015-05-13,10.61,,
2015-05-14,10.61,,
2015-05-15,10.61,,
2015-05-18,10.61,,
2015-05-19,10.61,,
2015-05-20,10.61,,
2015-05-21,10.61,,
2015-05-22,10.61,,
2015-05-26,10.61,,
2015-05-27,10.61,,
2015-05-28,10.61,,
2015-05-29,10.61,,
2015-06-01,10.61,,
2015-06-02,10.61,,
2015-06-03,10.61,,
2015-06-04,10.61,,
2015-06-05,10.61,,
2015-06-08,10.61,,
2015-06-09,10.61,,
2015-06-10,10.61,,
2015-06-11,10.61,,
2015-06-12,10.61,,
2015-06-15,10.61,,
2015-06-16,10.61,,
2015-06-17,10.61,,
2015-06-18,10.61,,
2015-06-19,10.61,,
2015-06-22,10.61,,
2015-06-23,10.61,,
2015-06-24,10.61,,
2015-06-25,10.61,,
2015-06-26,10.61,,
2015-06-29,10.61,,
2015-06-30,10.61,,
2015-07-01,10.61,,
2015-07-02,10.61,,
2015-07-06,10.61,,
2015-07-07,10.61,,
2015-07-08,10.61,,
2015-07-09,10.61,,
2015-07-10,10.61,,
2015-07-13,10.61,,
2015-07-14,10.61,,
2015-07-15,10.61,,
2015-07-16,10.61,,
2015-07-17,10.61,,
2015-07-20,10.61,,
2015-07-21,10.61,,
2015-07-22,10.48,,
2015-07-23,10.48,,
2015-07-24,10.48,,
2015-07-27,10.48,,
2015-07-28,10.4,,
2015-07-29,10.4,,
2015-07-30,10.4,,
2015-07-31,10.4,,
2015-08-03,10.3,,
2015-08-04,10.3,,
2015-08-05,10.3,,
2015-08-06,10.3,,
2015-08-07,10.3,,
2015-08-10,10.3,,
2015-08-11,10.3,,
2015-08-12,10.3,,
2015-08-13,10.3,,
2015-08-14,10.3,,
2015-08-17,10.3,,
2015-08-18,10.3,,
2015-08-19,10.3,,
2015-08-20,10.3,,
2015-08-21,10.3,,
2015-08-24,10.3,,
2015-08-25,10.3,,
2015-08-26,10.3,,
2015-08-27,9.4,,
2015-08-28,9.4,,
2015-08-31,9.4,,
2015-09-01,9.4,,
2015-09-02,9.4,,
2015-09-03,9.4,,
2015-09-04,9.4,,
2015-09-08,9.4,,
2015-09-09,9.4,,
2015-09-10,9.4,,
2015-09-11,9.4,,
2015-09-14,9.4,,
2015-09-15,9.4,,
2015-09-16,9.4,,
2015-09-17,9.4,,
2015-09-18,9.4,,
2015-09-21,9.4,,
2015-09-22,9.4,,
2015-09-23,9.4,,
2015-09-24,9.4,,
2015-09-25,9.4,,
2015-09-28,9.4,,
2015-09-29,9.4,,
2015-09-30,9.4,,
2015-10-01,9.4,,
2015-10-02,9.4,,
2015-10-05,9.4,,
2015-10-06,9.4,,
2015-10-07,9.4,,
2015-10-08,9.4,,
2015-10-09,9.4,,
2015-10-12,9.4,,
2015-10-13,9.4,,
2015-10-14,9.4,,
2015-10-15,9.44,,
2015-10-16,9.44,,
2015-10-19,9.44,,
2015-10-20,9.44,,
2015-10-21,9.44,,
2015-10-22,9.44,,
2015-10-23,9.44,,
2015-10-26,9.44,,
2015-10-27,9.44,,
2015-10-28,9.44,,
2015-10-29,9.44,,
2015-10-30,9.44,,
2015-11-02,9.44,,
2015-11-03,9.44,,
2015-11-04,9.44,,
2015-11-05,9.43,,
2015-11-06,9.43,,
2015-11-09,9.43,,
2015-11-10,9.43,,
2015-11-11,9.43,,
2015-11-12,9.66,,
2015-11-13,9.66,,
2015-11-16,9.66,,
2015-11-17,9.66,,
2015-11-18,9.66,,
2015-11-19,9.66,,
2015-11-20,9.66,,
2015-11-23,9.66,,
2015-11-24,9.66,,
2015-11-25,9.66,,
2015-11-27,9.66,,
2015-11-30,9.66,,
2015-12-01,9.66,,
2015-12-02,9.66,,
2015-12-03,9.66,,
2015-12-04,9.66,,
2015-12-07,9.66,,
2015-12-08,9.66,,
2015-12-09,9.53,,
2015-12-10,9.53,,
2015-12-11,9.53,,
2015-12-14,9.53,,
2015-12-15,9.53,,
2015-12-16,9.53,,
2015-12-17,9.53,,
2015-12-18,9.53,,
2015-12-21,9.36,,
2015-12-22,9.53,,
2015-12-23,9.53,,
2015-12-24,9.53,,
2015-12-28,9.53,,
2015-12-29,9.53,,
2015-12-30,9.53,,
2015-12-31,9.65,,
2016-01-04,9.65,,
2016-01-05,9.44,,
2016-01-06,9.44,,
2016-01-07,9.44,,
2016-01-08,9.44,,
2016-01-11,9.05,,
2016-01-12,8.7,,
2016-01-13,8.7,,
2016-01-14,8.7,,
2016-01-15,8.7,,
2016-01-19,8.7,,
2016-01-20,8.7,,
2016-01-21,8.7,,
2016-01-22,8.7,,
2016-01-25,8.7,,
2016-01-26,8.7,,
2016-01-27,8.7,,
2016-01-28,8.7,,
2016-01-29,8.7,,
2016-02-01,8.7,,
2016-02-02,8.7,,
2016-02-03,8.7,,
2016-02-04,8.7,,
2016-02-05,8.7,,
2016-02-08,8.7,,
2016-02-09,8.7,,
2016-02-10,8.7,,
2016-02-11,8.7,,
2016-02-12,8.7,,
2016-02-16,8.7,,
2016-02-17,8.7,,
2016-02-18,8.7,,
2016-02-19,8.7,,
2016-02-22,8.7,,
2016-02-23,8.7,,
2016-02-24,8.7,,
2016-02-25,8.7,,
2016-02-26,8.7,,
2016-02-29,8.7,,
2016-03-01,8.7,,
2016-03-02,8.7,,
2016-03-03,8.7,,
2016-03-04,8.7,,
2016-03-07,8.7,,
2016-03-08,8.7,,
2016-03-09,8.7,,
2016-03-10,10.47,,
2016-03-11,10.47,,
2016-03-14,10.47,,
2016-03-15,10.47,,
2016-03-16,10.47,,
2016-03-17,10.47,,
2016-03-18,10.47,,
2016-03-21,10.47,,
2016-03-22,10.47,,
2016-03-23,10.47,,
2016-03-24,10.47,,
2016-03-28,10.47,,
2016-03-29,10.47,,
2016-03-30,10.47,,
2016-03-31,10.47,,
2016-04-01,10.47,,
2016-04-04,10.47,,
2016-04-05,10.47,,
2016-04-06,10.47,,
2016-04-07,10.85,,
2016-04-08,10.85,,
2016-04-11,11.0,,
2016-04-12,11.0,,
2016-04-13,11.0,,
2016-04-14,11.0,,
2016-04-15,11.0,,
2016-04-18,11.0,,
2016-04-19,11.0,,
2016-04-20,11.0,,
2016-04-21,11.0,,
2016-04-22,11.0,,
2016-04-25,11.0,,
2016-04-26,11.0,,
2016-04-27,11.0,,
2016-04-28,11.0,,
2016-04-29,11.0,,
2016-05-02,11.0,,
2016-05-03,11.0,,
2016-05-04,11.76,,
2016-05-05,11.76,,
2016-05-06,11.76,,
2016-05-09,11.76,,
2016-05-10,11.76,,
2016-05-11,11.76,,
2016-05-12,11.76,,
2016-05-13,11.76,,
2016-05-16,11.76,,
2016-05-17,11.76,,
2016-05-18,11.76,,
2016-05-19,11.76,,
2016-05-20,11.76,,
2016-05-23,11.76,,
2016-05-24,11.76,,
2016-05-25,11.76,,
2016-05-26,11.76,,
2016-05-27,11.76,,
2016-05-31,11.76,,
2016-06-01,11.76,,
2016-06-02,11.76,,
2016-06-03,11.76,,
2016-06-06,11.76,,
2016-06-07,11.92,,
2016-06-08,11.92,,
2016-06-09,11.18,,
2016-06-10,11.18,,
2016-06-13,11.18,,
2016-06-14,11.18,,
2016-06-15,11.18,,
2016-06-16,11.18,,
2016-06-17,11.18,,
2016-06-20,11.18,,
2016-06-21,11.18,,
2016-06-22,11.18,,
2016-06-23,11.18,,
2016-06-24,11.18,,
2016-06-27,11.18,,
2016-06-28,11.18,,
2016-06-29,11.18,,
2016-06-30,11.18,,
2016-07-01,11.1,,
2016-07-05,11.1,,
2016-07-06,11.1,,
2016-07-07,11.1,,
2016-07-08,11.1,,
2016-07-11,11.1,,
2016-07-12,11.1,,
2016-07-13,11.1,,
2016-07-14,11.1,,
2016-07-15,11.1,,
2016-07-18,11.1,,
2016-07-19,11.1,,
2016-07-20,11.1,,
2016-07-21,11.1,,
2016-07-22,11.1,,
2016-07-25,11.1,,
2016-07-26,11.1,,
2016-07-27,11.1,,
2016-07-28,11.25,,
2016-07-29,11.25,,
2016-08-01,11.25,,
2016-08-02,11.25,,
2016-08-03,11.25,,
2016-08-04,11.25,,
2016-08-05,11.25,,
2016-08-08,11.25,,
2016-08-09,11.25,,
2016-08-10,11.25,,
2016-08-11,11.25,,
2016-08-12,11.25,,
2016-08-15,11.25,,
2016-08-16,11.25,,
2016-08-17,11.71,,
2016-08-18,11.71,,
2016-08-19,11.71,,
2016-08-22,11.71,,
2016-08-23,11.71,,
2016-08-24,11.71,,
2016-08-25,11.71,,
2016-08-26,11.71,,
2016-08-29,11.71,,
2016-08-30,11.71,,
2016-08-31,11.71,,
2016-09-01,11.71,,
2016-09-02,11.71,,
2016-09-06,11.71,,
2016-09-07,11.71,,
2016-09-08,11.71,,
2016-09-09,11.71,,
2016-09-12,11.71,,
2016-09-13,11.71,,
2016-09-14,11.71,,
2016-09-15,11.71,,
2016-09-16,11.71,,
2016-09-19,11.71,,
2016-09-20,11.71,,
2016-09-21,11.71,,
2016-09-22,11.71,,
2016-09-23,11.71,,
2016-09-26,11.71,,
2016-09-27,11.71,,
2016-09-28,11.71,,
2016-09-29,11.71,,
2016-09-30,11.71,,
2016-10-03,11.71,,
2016-10-04,11.71,,
2016-10-05,11.71,,
2016-10-06,11.71,,
2016-10-07,11.71,,
2016-10-10,11.71,,
2016-10-11,11.71,,
2016-10-12,11.71,,
2016-10-13,11.71,,
2016-10-14,11.71,,
2016-10-17,11.71,,
2016-10-18,11.71,,
2016-10-19,11.71,,
2016-10-20,11.71,,
2016-10-21,11.71,,
2016-10-24,11.71,,
2016-10-25,11.71,,
2016-10-26,11.71,,
2016-10-27,11.71,,
2016-10-28,11.71,,
2016-10-31,11.71,,
2016-11-01,11.71,,
2016-11-02,11.71,,
2016-11-03,11.71,,
2016-11-04,11.71,,
2016-11-07,11.71,,
2016-11-08,11.71,,
2016-11-09,11.71,,
2016-11-10,11.71,,
2016-11-11,11.71,,
2016-11-14,11.71,,
2016-11-15,11.71,,
2016-11-16,11.71,,
2016-11-17,11.71,,
2016-11-18,11.71,,
2016-11-21,11.71,,
2016-11-22,11.71,,
2016-11-23,11.71,,
2016-11-25,11.71,,
2016-11-28,11.71,,
2016-11-29,11.71,,
2016-11-30,11.71,,
2016-12-01,11.71,,
2016-12-02,11.71,,
2016-12-05,11.71,,
2016-12-06,11.71,,
2016-12-07,11.71,,
2016-12-08,11.71,,
2016-12-09,10.84,,
2016-12-12,10.84,,
2016-12-13,10.63,,
2016-12-14,10.63,,
2016-12-15,10.63,,
2016-12-16,10.63,,
2016-12-19,10.63,,
2016-12-20,10.63,,
2016-12-21,10.63,,
2016-12-22,10.63,,
2016-12-23,10.63,,
2016-12-27,10.63,,
2016-12-28,10.63,,
2016-12-29,10.63,,
2016-12-30,10.63,,
2017-01-03,10.63,,
2017-01-04,10.63,,
2017-01-05,10.63,,
2017-01-06,10.63,,
2017-01-09,10.63,,
2017-01-10,10.63,,
2017-01-11,10.63,,
2017-01-12,10.63,,
2017-01-13,10.63,,
2017-01-17,10.63,,
2017-01-18,10.63,,
2017-01-19,10.63,,
2017-01-20,10.63,,
2017-01-23,10.63,,
2017-01-24,10.63,,
2017-01-25,10.63,,
2017-01-26,10.63,,
2017-01-27,10.63,,
2017-01-30,10.63,,
2017-01-31,10.63,,
2017-02-01,10.63,,
2017-02-02,10.63,,
2017-02-03,10.63,,
2017-02-06,10.63,,
2017-02-07,10.63,,
2017-02-08,10.63,,
2017-02-09,10.63,,
2017-02-10,10.63,,
2017-02-13,10.63,,
2017-02-14,10.63,,
2017-02-15,10.63,,
2017-02-16,10.63,,
2017-02-17,10.63,,
2017-02-21,10.63,,
2017-02-22,10.63,,
2017-02-23,10.63,,
2017-02-24,10.63,,
2017-02-27,10.63,,
2017-02-28,10.63,,
2017-03-01,10.63,,
2017-03-02,10.63,,
2017-03-03,10.63,,
2017-03-06,10.63,,
2017-03-07,10.73,,
2017-03-08,10.73,,
2017-03-09,10.57,,
2017-03-10,10.57,,
2017-03-13,10.57,,
2017-03-14,10.57,,
2017-03-15,10.57,,
2017-03-16,10.9,,
2017-03-17,10.9,,
2017-03-20,10.9,,
2017-03-21,11.19,,
2017-03-22,11.19,,
2017-03-23,11.19,,
2017-03-24,11.19,,
2017-03-27,11.5,,
2017-03-28,11.5,,
2017-03-29,11.5,,
2017-03-30,11.55,,
2017-03-31,11.55,,
2017-04-03,11.55,,
2017-04-04,11.55,,
2017-04-05,11.55,,
2017-04-06,11.25,,
2017-04-07,11.25,,
2017-04-10,11.25,,
2017-04-11,11.25,,
2017-04-12,11.25,,
2017-04-13,11.25,,
2017-04-17,11.25,,
2017-04-18,11.25,,
2017-04-19,11.25,,
2017-04-20,11.25,,
2017-04-21,11.25,,
2017-04-24,11.25,,
2017-04-25,11.25,,
2017-04-26,11.71,,
2017-04-27,11.71,,
2017-04-28,11.6,,
2017-05-01,11.6,,
2017-05-02,11.6,,
2017-05-03,11.6,,
2017-05-04,11.6,,
2017-05-05,11.6,,
2017-05-08,11.6,,
2017-05-09,11.6,,
2017-05-10,11.31,,
2017-05-11,11.31,,
2017-05-12,11.31,,
2017-05-15,11.31,,
2017-05-16,11.31,,
2017-05-17,11.31,,
2017-05-18,11.0,,
2017-05-19,11.0,,
2017-05-22,11.0,,
2017-05-23,11.0,,
2017-05-24,11.0,,
2017-05-25,11.0,,
2017-05-26,11.0,,
2017-05-30,11.0,,
2017-05-31,11.0,,
2017-06-01,11.5,,
2017-06-02,11.75,,
2017-06-05,11.75,,
2017-06-06,11.75,,
2017-06-07,11.8,,
2017-06-08,11.8,,
2017-06-09,11.8,,
2017-06-12,11.8,,
2017-06-13,11.8,,
2017-06-14,11.8,,
2017-06-15,12.05,,
2017-06-16,12.05,,
2017-06-19,12.05,,
2017-06-20,12.05,,
2017-06-21,12.05,,
2017-06-22,12.05,,
2017-06-23,12.05,,
2017-06-26,12.05,,
2017-06-27,12.05,,
2017-06-28,12.05,,
2017-06-29,12.43,,
2017-06-30,12.43,,
2017-07-03,12.43,,
2017-07-05,12.43,,
2017-07-06,12.43,,
2017-07-07,12.43,,
2017-07-10,12.43,,
2017-07-11,12.43,,
2017-07-12,12.43,,
2017-07-13,12.15,,
2017-07-14,12.15,,
2017-07-17,12.15,,
2017-07-18,12.15,,
2017-07-19,12.15,,
2017-07-20,12.15,,
2017-07-21,12.15,,
2017-07-24,12.15,,
2017-07-25,12.15,,
2017-07-26,12.15,,
2017-07-27,12.3,,
2017-07-28,12.3,,
2017-07-31,12.3,,
2017-08-01,12.3,,
2017-08-02,12.3,,
2017-08-03,12.3,,
2017-08-04,12.3,,
2017-08-07,12.3,,
2017-08-08,12.3,,
2017-08-09,12.3,,
2017-08-10,12.3,,
2017-08-11,12.3,,
2017-08-14,12.3,,
2017-08-15,12.3,,
2017-08-16,12.3,,
2017-08-17,12.3,,
2017-08-18,12.6,,
2017-08-21,12.5,,
2017-08-22,12.77,,
2017-08-23,12.77,,
2017-08-24,12.77,,
2017-08-25,12.77,,
2017-08-28,12.77,,
2017-08-29,12.77,,
2017-08-30,12.77,,
2017-08-31,12.77,,
2017-09-01,12.77,,
2017-09-05,12.77,,
2017-09-06,12.77,,
2017-09-07,12.77,,
2017-09-08,12.77,,
2017-09-11,12.77,,
2017-09-12,12.77,,
2017-09-13,12.77,,
2017-09-14,12.77,,
2017-09-15,12.77,,
2017-09-18,12.77,,
2017-09-19,12.77,,
2017-09-20,12.77,,
2017-09-21,12.77,,
2017-09-22,12.77,,
2017-09-25,12.77,,
2017-09-26,12.77,,
2017-09-27,12.05,,
2017-09-28,12.05,,
2017-09-29,12.05,,
2017-10-02,12.05,,
2017-10-03,12.05,,
2017-10-04,12.05,,
2017-10-05,12.05,,
2017-10-06,12.05,,
2017-10-09,12.05,,
2017-10-10,12.05,,
2017-10-11,12.05,,
2017-10-12,12.05,,
2017-10-13,12.05,,
2017-10-16,12.05,,
2017-10-17,12.05,,
2017-10-18,12.05,,
2017-10-19,12.05,,
2017-10-20,12.05,,
2017-10-23,12.05,,
2017-10-24,12.05,,
2017-10-25,12.05,,
2017-10-26,12.05,,
2017-10-27,12.05,,
2017-10-30,12.05,,
2017-10-31,12.05,,
2017-11-01,12.05,,
2017-11-02,12.05,,
2017-11-03,12.05,,
2017-11-06,12.05,,
2017-11-07,12.05,,
2017-11-08,12.05,,
2017-11-09,12.05,,
2017-11-10,12.05,,
2017-11-13,12.05,,
2017-11-14,12.05,,
2017-11-15,12.05,,
2017-11-16,11.37,,
2017-11-17,11.37,,
2017-11-20,11.37,,
2017-11-21,11.37,,
2017-11-22,11.37,,
2017-11-24,11.37,,
2017-11-27,11.37,,
2017-11-28,11.37,,
2017-11-29,11.3,,
2017-11-30,11.3,,
2017-12-01,11.3,,
2017-12-04,11.3,,
2017-12-05,11.3,,
2017-12-06,11.3,,
2017-12-07,11.3,,
2017-12-08,11.3,,
2017-12-11,11.3,,
2017-12-12,11.3,,
2017-12-13,11.3,,
2017-12-14,11.3,,
2017-12-15,11.3,,
2017-12-18,11.3,,
2017-12-19,11.3,,
2017-12-20,11.3,,
2017-12-21,11.3,,
2017-12-22,11.3,,
2017-12-26,11.8,,
2017-12-27,11.8,,
2017-12-28,11.8,,
2017-12-29,11.8,,
2018-01-02,11.8,,
2018-01-03,11.8,,
2018-01-04,11.8,,
2018-01-05,11.8,,
2018-01-08,11.8,,
2018-01-09,11.8,,
2018-01-10,11.8,,
2018-01-11,11.8,,
2018-01-12,11.8,,
2018-01-16,11.8,,
2018-01-17,11.6,,
2018-01-18,11.6,,
2018-01-19,11.6,,
2018-01-22,11.6,,
2018-01-23,11.59,,
2018-01-24,11.75,,
2018-01-25,11.75,,
2018-01-26,11.75,,
2018-01-29,11.75,,
2018-01-30,11.75,,
2018-01-31,11.75,,
2018-02-01,11.75,,
2018-02-02,11.75,,
2018-02-05,11.75,,
2018-02-06,11.75,,
2018-02-07,11.75,,
2018-02-08,11.75,,
2018-02-09,11.75,,
2018-02-12,11.75,,
2018-02-13,11.44,,
2018-02-14,11.44,,
2018-02-15,11.05,,
2018-02-16,10.9,,
2018-02-20,10.9,,
2018-02-21,10.9,,
2018-02-22,10.9,,
2018-02-23,11.11,,
2018-02-26,11.11,,
2018-02-27,11.11,,
2018-02-28,11.11,,
2018-03-01,11.11,,
2018-03-02,10.74,,
2018-03-05,10.74,,
2018-03-06,10.74,,
2018-03-07,10.74,,
2018-03-08,10.74,,
2018-03-09,10.74,,
2018-03-12,10.74,,
2018-03-13,10.74,,
2018-03-14,10.74,,
2018-03-15,10.74,,
2018-03-16,11.02,,
2018-03-19,11.02,,
2018-03-20,11.02,,
2018-03-21,11.02,,
2018-03-22,11.02,,
2018-03-23,11.02,,
2018-03-26,11.02,,
2018-03-27,11.02,,
2018-03-28,10.75,,
2018-03-29,10.75,,
2018-04-02,10.75,,
2018-04-03,10.75,,
2018-04-04,10.75,,
2018-04-05,10.75,,
2018-04-06,10.55,,
2018-04-09,10.55,,
2018-04-10,10.75,,
2018-04-11,10.75,,
2018-04-12,10.75,,
2018-04-13,10.75,,
2018-04-16,10.75,,
2018-04-17,10.92,,
2018-04-18,10.85,,
2018-04-19,10.85,,
2018-04-20,10.85,,
2018-04-23,10.85,,
2018-04-24,10.85,,
2018-04-25,10.85,,
2018-04-26,10.85,,
2018-04-27,10.85,,
2018-04-30,10.85,,
2018-05-01,10.2,,
2018-05-02,10.2,,
2018-05-03,10.2,,
2018-05-04,10.2,,
2018-05-07,10.2,,
2018-05-08,10.2,,
2018-05-09,10.43,,
2018-05-10,10.43,,
2018-05-11,10.42,,
2018-05-14,10.42,,
2018-05-15,10.42,,
2018-05-16,10.42,,
2018-05-17,10.42,,
2018-05-18,10.42,,
2018-05-21,10.42,,
2018-05-22,10.42,,
2018-05-23,10.42,,
2018-05-24,10.42,,
2018-05-25,10.42,,
2018-05-29,10.42,,
2018-05-30,10.42,,
2018-05-31,10.42,,
2018-06-01,10.42,,
2018-06-04,10.42,,
2018-06-05,10.42,,
2018-06-06,10.42,,
2018-06-07,10.5,,
2018-06-08,10.5,,
2018-06-11,10.5,,
2018-06-12,10.5,,
2018-06-13,10.58,,
2018-06-14,10.58,,
2018-06-15,10.15,,
2018-06-18,10.15,,
2018-06-19,10.0,,
2018-06-20,10.0,,
2018-06-21,10.0,,
2018-06-22,10.0,,
2018-06-25,10.0,,
2018-06-26,10.0,,
2018-06-27,10.7,,
2018-06-28,10.5,,
2018-06-29,10.5,,
2018-07-02,10.5,,
2018-07-03,10.15,,
2018-07-05,10.38,,
2018-07-06,10.45,,
2018-07-09,10.45,,
2018-07-10,10.45,,
2018-07-11,10.45,,
2018-07-12,10.54,,
2018-07-13,10.54,,
2018-07-16,10.54,,
2018-07-17,10.54,,
2018-07-18,10.54,,
2018-07-19,10.54,,
2018-07-20,10.54,,
2018-07-23,10.54,,
2018-07-24,10.54,,
2018-07-25,10.54,,
2018-07-26,10.54,,
2018-07-27,10.54,,
2018-07-30,10.54,,
2018-07-31,11.1,,
2018-08-01,11.1,,
2018-08-02,11.1,,
2018-08-03,11.1,,
2018-08-06,11.1,,
2018-08-07,11.1,,
2018-08-08,10.6,,
2018-08-09,10.6,,
2018-08-10,10.3,,
2018-08-13,10.3,,
2018-08-14,10.3,,
2018-08-15,10.3,,
2018-08-16,10.3,,
2018-08-17,10.3,,
2018-08-20,10.3,,
2018-08-21,10.4,,
2018-08-22,10.4,,
2018-08-23,10.4,,
2018-08-24,10.4,,
2018-08-27,10.4,,
2018-08-28,10.33,,
2018-08-29,10.33,,
2018-08-30,10.33,,
2018-08-31,10.33,,
2018-09-04,10.33,,
2018-09-05,10.33,,
2018-09-06,10.33,,
2018-09-07,10.33,,
2018-09-10,10.33,,
2018-09-11,9.85,,
2018-09-12,10.03,,
2018-09-13,10.03,,
2018-09-14,10.03,,
2018-09-17,10.03,,
2018-09-18,10.03,,
2018-09-19,9.75,,
2018-09-20,9.75,,
2018-09-21,9.75,,
2018-09-24,9.75,,
2018-09-25,9.75,,
2018-09-26,9.9,,
2018-09-27,9.95,,
2018-09-28,9.95,,
2018-10-01,9.9,,
2018-10-02,9.9,,
2018-10-03,9.55,,
2018-10-04,9.55,,
2018-10-05,9.4,,
2018-10-08,9.4,,
2018-10-09,9.4,,
2018-10-10,9.21,,
2018-10-11,9.21,,
2018-10-12,9.21,,
2018-10-15,9.3,,
2018-10-16,9.3,,
2018-10-17,9.3,,
2018-10-18,9.3,,
2018-10-19,9.0,,
2018-10-22,9.0,,
2018-10-23,9.0,,
2018-10-24,9.0,,
2018-10-25,9.0,,
2018-10-26,9.0,,
2018-10-29,9.0,,
2018-10-30,9.0,,
2018-10-31,9.0,,
2018-11-01,9.0,,
2018-11-02,9.0,,
2018-11-05,9.0,,
2018-11-06,9.59,,
2018-11-07,9.59,,
2018-11-08,9.75,,
2018-11-09,9.7,,
2018-11-12,9.6,,
2018-11-13,9.75,,
2018-11-14,9.76,,
2018-11-15,9.95,,
2018-11-16,9.95,,
2018-11-19,9.95,,
2018-11-20,9.7,,
2018-11-21,9.7,,
2018-11-23,9.7,,
2018-11-26,9.7,,
2018-11-27,9.7,,
2018-11-28,9.57,,
2018-11-29,9.86,,
2018-11-30,9.86,,
2018-12-03,9.86,,
2018-12-04,9.86,,
2018-12-06,9.86,,
2018-12-07,9.86,,
2018-12-10,9.86,,
2018-12-11,9.56,,
2018-12-12,9.6,,
2018-12-13,9.6,,
2018-12-14,9.6,,
2018-12-17,9.5,,
2018-12-18,9.5,,
2018-12-19,9.5,,
2018-12-20,9.25,,
2018-12-21,9.0,,
2018-12-24,9.0,,
2018-12-26,8.75,,
2018-12-27,8.75,,
2018-12-28,9.3,,
2018-12-31,9.3,,
2019-01-02,9.3,,
2019-01-03,9.3,,
2019-01-04,9.3,,
2019-01-07,9.5,,
2019-01-08,9.44,,
2019-01-09,9.45,,
2019-01-10,9.51,,
2019-01-11,9.51,,
2019-01-14,9.51,,
2019-01-15,9.35,,
2019-01-16,9.35,,
2019-01-17,9.57,,
2019-01-18,9.55,,
2019-01-22,9.55,,
2019-01-23,9.69,,
2019-01-24,9.69,,
2019-01-25,9.69,,
2019-01-28,9.69,,
2019-01-29,9.69,,
2019-01-30,9.69,,
2019-01-31,9.69,,
2019-02-01,9.69,,
2019-02-04,9.69,,
2019-02-05,10.09,,
2019-02-06,10.09,,
2019-02-07,10.3,,
2019-02-08,10.3,,
2019-02-11,10.27,,
2019-02-12,10.27,,
2019-02-13,10.27,,
2019-02-14,10.27,,
2019-02-15,10.27,,
2019-02-19,10.27,,
2019-02-20,10.27,,
2019-02-21,10.27,,
2019-02-22,10.27,,
2019-02-25,10.7,,
2019-02-26,10.7,,
2019-02-27,10.7,,
2019-02-28,10.7,,
2019-03-01,10.7,,
2019-03-04,10.7,,
2019-03-05,10.3,,
2019-03-06,10.34,,
2019-03-07,10.34,,
2019-03-08,10.34,,
2019-03-11,10.34,,
2019-03-12,10.49,,
2019-03-13,10.47,,
2019-03-14,10.47,,
2019-03-15,10.47,,
2019-03-18,10.47,,
2019-03-19,10.47,,
2019-03-20,10.47,,
2019-03-21,10.69,,
2019-03-22,10.8,,
2019-03-25,10.78,,
2019-03-26,10.78,,
2019-03-27,10.8,,
2019-03-28,10.75,,
2019-03-29,10.75,,
2019-04-01,11.08,11.089999230828397,-0.0009016439604974114
2019-04-02,11.08,11.089999230828397,-0.0009016439604974114
2019-04-03,11.08,11.089999230828397,-0.0009016439604974114
2019-04-04,11.08,10.839999230828397,0.02214029393000816
2019-04-05,10.83,11.029999230828397,-0.018132297803739372
2019-04-08,11.02,11.259999230828397,-0.021314320357261773
2019-04-09,11.25,11.259999230828397,-0.0008880312177127481
2019-04-10,11.25,11.259999230828397,-0.0008880312177127481
2019-04-11,11.25,11.259999230828397,-0.0008880312177127481
2019-04-12,11.25,11.259999230828397,-0.0008880312177127481
2019-04-15,11.25,11.159999230828397,0.008064585607047814
2019-04-16,11.15,11.019999230828398,0.01179680383351811
2019-04-17,11.01,11.019999230828398,-0.0009073712818804536
2019-04-18,11.01,10.939999230828397,0.006398608235212988
2019-04-22,10.93,11.109999230828398,-0.016201552051320678
2019-04-23,11.1,11.109999230828398,-0.0009000208389441378
2019-04-24,11.1,11.009999230828397,0.008174457353239184
2019-04-25,11.0,11.009999230828397,-0.0009081954157088568
2019-04-26,11.0,11.009999230828397,-0.0009081954157088568
2019-04-29,11.0,11.009999230828397,-0.0009081954157088568
2019-04-30,11.0,11.009999230828397,-0.0009081954157088568
2019-05-01,11.0,11.009999230828397,-0.0009081954157088568
2019-05-02,11.0,11.699999230828398,-0.05982899802112518
2019-05-03,11.69,11.699999230828398,-0.0008546351697230614
2019-05-06,11.69,11.699999230828398,-0.0008546351697230614
2019-05-07,11.69,11.699999230828398,-0.0008546351697230614
2019-05-08,11.69,11.699999230828398,-0.0008546351697230614
2019-05-09,11.69,11.699999230828398,-0.0008546351697230614
2019-05-10,11.69,11.699999230828398,-0.0008546351697230614
2019-05-13,11.69,11.699999230828398,-0.0008546351697230614
2019-05-14,11.69,11.699999230828398,-0.0008546351697230614
2019-05-15,11.69,11.699999230828398,-0.0008546351697230614
2019-05-16,11.69,11.699999230828398,-0.0008546351697230614
2019-05-17,11.69,11.699999230828398,-0.0008546351697230614
2019-05-20,11.69,11.699999230828398,-0.0008546351697230614
2019-05-21,11.69,11.699999230828398,-0.0008546351697230614
2019-05-22,11.69,11.699999230828398,-0.0008546351697230614
2019-05-23,11.69,11.699999230828398,-0.0008546351697230614
2019-05-24,11.69,11.699999230828398,-0.0008546351697230614
2019-05-28,11.69,11.699999230828398,-0.0008546351697230614
2019-05-29,11.69,11.699999230828398,-0.0008546351697230614
2019-05-30,11.69,11.159999230828397,0.04749111162190123
2019-05-31,11.15,11.159999230828397,-0.0008959884872370427
2019-06-03,11.15,11.159999230828397,-0.0008959884872370427
2019-06-04,11.15,11.159999230828397,-0.0008959884872370427
2019-06-05,11.15,11.159999230828397,-0.0008959884872370427
2019-06-06,11.15,11.159999230828397,-0.0008959884872370427
2019-06-07,11.15,11.159999230828397,-0.0008959884872370427
2019-06-10,11.15,11.189999230828397,-0.0035745517049008413
2019-06-11,11.18,11.229999230828398,-0.004452291563043054
2019-06-12,11.22,10.9899992308284,0.020928187922563124
2019-06-13,10.98,10.939999230828397,0.0036563776950626625
2019-06-14,10.93,10.659999230828397,0.025328404188882825
2019-06-17,10.65,10.8099992308284,-0.014801039982695552
2019-06-18,10.8,10.599999230828397,0.018867998460786017
2019-06-19,10.59,10.879999230828398,-0.026654342953139842
2019-06-20,10.87,11.029999230828397,-0.014505824296089376
2019-06-21,11.02,11.1499992308284,-0.011659124645405083
2019-06-24,11.14,11.4699992308284,-0.028770641059978952
2019-06-25,11.46,11.519999230828398,-0.005208266912712589
2019-06-26,11.51,11.499999230828397,0.000869632160043432
2019-06-27,11.49,11.499999230828397,-0.0008694983910599863
2019-06-28,11.49,11.938193951681027,-0.03754286062825407
2019-07-01,11.43,12.088193951681028,-0.054449320908645515
2019-07-02,11.58,12.188193951681027,-0.04990025216961236
2019-07-03,11.68,12.118193951681027,-0.036160004818229674
2019-07-05,11.61,11.948193951681027,-0.02830502693952719
2019-07-08,11.44,11.528193951681027,-0.007650283474643249
2019-07-09,11.02,11.468193951681027,-0.039081476435557705
2019-07-10,10.96,11.588193951681028,-0.05420982374823802
2019-07-11,11.08,11.658193951681028,-0.0495954994467781
2019-07-12,11.15,11.588193951681028,-0.03781382616723128
2019-07-15,11.08,11.408193951681028,-0.02876826543018829
2019-07-16,10.9,11.688193951681027,-0.06743505069640521
2019-07-17,11.18,11.788193951681027,-0.05159348023742838
2019-07-18,11.28,11.778193951681027,-0.04229799184194316
2019-07-19,11.27,11.248193951681028,0.0019386266286520737
2019-07-22,10.74,11.368193951681027,-0.055258905183275364
2019-07-23,10.86,11.298193951681027,-0.03878442462176268
2019-07-24,10.79,11.488193951681028,-0.06077490984375877
2019-07-25,10.98,11.468193951681027,-0.0425693839621073
2019-07-26,10.96,11.378193951681027,-0.03675398340518199
2019-07-29,10.87,11.118193951681027,-0.022323225584988227
2019-07-30,10.61,11.108193951681027,-0.0448492305633208
2019-07-31,10.6,11.018193951681027,-0.037954854807872085
2019-08-01,10.51,11.048193951681027,-0.04871329685510628
2019-08-02,10.54,10.808193951681027,-0.024813946981337653
2019-08-05,10.3,10.748193951681028,-0.0416994663192628
2019-08-06,10.24,10.938193951681027,-0.06383082570717502
2019-08-07,10.43,11.118193951681027,-0.06189799842239441
2019-08-08,10.61,10.978193951681027,-0.03353866339960665
2019-08-09,10.47,10.778193951681027,-0.02859421096546133
2019-08-12,10.27,10.938193951681027,-0.06108814257936401
2019-08-13,10.43,10.458193951681027,-0.002695871946082562
2019-08-14,9.95,10.208193951681027,-0.025292814076921966
2019-08-15,9.7,10.428193951681028,-0.06982934485636827
2019-08-16,9.92,10.618193951681027,-0.06575449222892482
2019-08-19,10.11,10.478193951681027,-0.03513906627219454
2019-08-20,9.97,10.158193951681028,-0.01852631999115195
2019-08-21,9.65,10.048193951681025,-0.03962841019946761
2019-08-22,9.54,9.948193951681027,-0.04103196556718236
2019-08-23,9.44,10.228193951681027,-0.07706091177039964
2019-08-26,9.72,10.288193951681027,-0.05522776440156307
2019-08-27,9.78,10.218193951681029,-0.04288369879776455
2019-08-28,9.71,10.248193951681028,-0.052515980300387066
2019-08-29,9.74,10.328193951681028,-0.056950320107543306
2019-08-30,9.82,10.218193951681029,-0.0389691126987779
2019-09-03,9.71,10.218193951681029,-0.04973422447099107
2019-09-04,9.71,10.278193951681027,-0.05528149734789711
2019-09-05,9.77,10.378193951681027,-0.05860306277880978
2019-09-06,9.87,10.318193951681026,-0.043437248202531364
2019-09-09,9.81,10.568193951681026,-0.0717430012306336
2019-09-10,10.06,10.648193951681026,-0.05523884654525546
2019-09-11,10.14,10.608193951681027,-0.04413512364249661
2019-09-12,10.1,10.728193951681027,-0.05855542456730045
2019-09-13,10.22,10.178193951681028,0.004107413212740774
2019-09-16,9.67,10.268193951681027,-0.05825697824719178
2019-09-17,9.76,10.328193951681028,-0.05501387312624473
2019-09-18,9.82,10.298193951681025,-0.04643473932659492
2019-09-19,9.79,10.168193951681028,-0.037193817651216654
2019-09-20,9.66,10.158193951681028,-0.04904355577878927
2019-09-23,9.65,10.108193951681027,-0.04532896320265278
2019-09-24,9.6,10.158193951681028,-0.054950117544138366
2019-09-25,9.65,10.118193951681027,-0.046272482413053706
2019-09-26,9.61,10.238193951681028,-0.061357887401408795
2019-09-27,9.73,10.258193951681028,-0.05148995565583658
2019-09-30,9.75,9.84530779164873,-0.009680529412150585
2019-10-01,9.55,9.71530779164873,-0.01701518831866833
2019-10-02,9.42,9.84530779164873,-0.043199034570508554
2019-10-03,9.55,9.78530779164873,-0.02404705060473955
2019-10-04,9.49,9.68530779164873,-0.020165367570159853
2019-10-07,9.39,9.52530779164873,-0.014205083406056418
2019-10-08,9.23,9.61530779164873,-0.04007233049610581
2019-10-09,9.32,9.61530779164873,-0.030712255712210923
2019-10-10,9.32,9.89530779164873,-0.058139453947482767
2019-10-11,9.6,9.88530779164873,-0.028861801540439935
2019-10-14,9.59,9.88530779164873,-0.029873403830501966
2019-10-15,9.59,9.68530779164873,-0.009840450473955098
2019-10-16,9.39,9.88530779164873,-0.05010544963174268
2019-10-17,9.59,9.88530779164873,-0.029873403830501966
2019-10-18,9.59,9.97530779164873,-0.038626155673242235
2019-10-21,9.68,9.95530779164873,-0.02765437266336246
2019-10-22,9.66,10.00530779164873,-0.034512460669821055
2019-10-23,9.71,9.76530779164873,-0.005663701833958479
2019-10-24,9.47,10.01530779164873,-0.05444743217012615
2019-10-25,9.72,9.87530779164873,-0.015726881118588443
2019-10-28,9.58,9.77530779164873,-0.019979707627783005
2019-10-29,9.48,9.85530779164873,-0.03808179303813941
2019-10-30,9.56,9.81530779164873,-0.02601118549394399
2019-10-31,9.52,10.02530779164873,-0.050403219746496086
2019-11-01,9.73,10.18530779164873,-0.0447024087010951
2019-11-04,9.89,10.29530779164873,-0.039368205385515886
2019-11-05,10.0,10.26530779164873,-0.02584508882087
2019-11-06,9.97,10.07530779164873,-0.010452066956804673
2019-11-07,9.78,10.06530779164873,-0.028345659919655097
2019-11-08,9.77,10.10530779164873,-0.033181353657118384
2019-11-11,9.81,10.12530779164873,-0.031140563638844876
2019-11-12,9.83,10.15530779164873,-0.03203327740752948
2019-11-13,9.86,10.245307791648731,-0.03760822021987542
2019-11-14,9.95,10.31530779164873,-0.035414143622983674
2019-11-15,10.02,10.31530779164873,-0.02862811247259256
2019-11-18,10.02,10.43530779164873,-0.039798326981892895
2019-11-19,10.14,10.12530779164873,0.0014510381959340624
2019-11-20,9.83,10.19530779164873,-0.03583097235651522
2019-11-21,9.9,10.35530779164873,-0.04396854258797822
2019-11-22,10.06,10.40530779164873,-0.03318573544992798
2019-11-25,10.11,10.44530779164873,-0.0321012839771766
2019-11-26,10.15,10.59530779164873,-0.0420287735293281
2019-11-27,10.3,10.55530779164873,-0.02418762168647759
2019-11-29,10.26,10.46530779164873,-0.01961794108077397
2019-12-02,10.17,10.36530779164873,-0.01884244979257521
2019-12-03,10.07,10.47530779164873,-0.0386917310412449
2019-12-04,10.18,10.62530779164873,-0.04191010748871982
2019-12-05,10.33,10.76530779164873,-0.04043616774119774
2019-12-06,10.47,10.72530779164873,-0.023804239151768214
2019-12-09,10.43,10.64530779164873,-0.020225605108162292
2019-12-10,10.35,10.77530779164873,-0.039470593311344726
2019-12-11,10.48,10.97530779164873,-0.045129284850272344
2019-12-12,10.68,10.85530779164873,-0.016149499858824745
2019-12-13,10.56,11.05530779164873,-0.04480271386228507
2019-12-16,10.76,11.10530779164873,-0.031093941575253248
2019-12-17,10.81,11.06530779164873,-0.023072814281896115
2019-12-18,10.77,11.09530779164873,-0.029319402197529376
2019-12-19,10.8,11.06530779164873,-0.023976539708092326
2019-12-20,10.77,11.20530779164873,-0.03884835648808893
2019-12-23,10.91,11.08530779164873,-0.01581442707263403
2019-12-24,10.79,11.14530779164873,-0.03187958540857572
2019-12-26,10.85,11.245307791648731,-0.03515313221949379
2019-12-27,10.95,11.14530779164873,-0.017523768324736233
2019-12-30,10.85,11.13530779164873,-0.02562190439519829
2019-12-31,10.84,11.04597728114582,-0.018647266412307295
2020-01-02,10.63,10.905977281145821,-0.025305139927526588
2020-01-03,10.49,10.835977281145821,-0.031928572030859415
2020-01-06,10.42,10.745977281145821,-0.030334819497316423
2020-01-07,10.33,10.78597728114582,-0.04227500849115273
2020-01-08,10.37,10.81597728114582,-0.041233193224549214
2020-01-09,10.4,10.86597728114582,-0.04288406547235879
2020-01-10,10.45,11.10597728114582,-0.059065246086848044
2020-01-13,10.69,11.03597728114582,-0.031349945032679516
2020-01-14,10.62,11.085977281145821,-0.042033035909095684
2020-01-15,10.67,11.23597728114582,-0.05037187838529544
2020-01-16,10.82,11.31597728114582,-0.04382982298596472
2020-01-17,10.9,11.11597728114582,-0.019429446074178847
2020-01-21,10.7,11.14597728114582,-0.040012398186045295
2020-01-22,10.73,11.14597728114582,-0.03732084416226766
2020-01-23,10.73,10.905977281145821,-0.01613585620153901
2020-01-24,10.49,11.18597728114582,-0.06221872829286923
2020-01-27,10.77,11.30597728114582,-0.047406541497269084
2020-01-28,10.89,11.26597728114582,-0.03337280661616793
2020-01-29,10.85,11.245977281145821,-0.03521057096653468
2020-01-30,10.83,11.005977281145821,-0.015989246265961765
2020-01-31,10.59,11.09597728114582,-0.04560006462932953
2020-02-03,10.68,11.28597728114582,-0.05369293824099375
2020-02-04,10.87,11.43597728114582,-0.049490941371397534
2020-02-05,11.02,11.425977281145821,-0.03553107722485416
2020-02-06,11.01,11.23597728114582,-0.02011193824012214
2020-02-07,10.82,11.22597728114582,-0.036164092530960645
2020-02-10,10.81,11.38597728114582,-0.050586547550871
2020-02-11,10.97,10.88597728114582,0.007718435991934891
2020-02-12,10.47,10.575977281145821,-0.010020566263389208
2020-02-13,10.16,10.62597728114582,-0.04385265174363073
2020-02-14,10.21,10.62597728114582,-0.03914720219512491
2020-02-18,10.21,10.59597728114582,-0.03642677507742653
2020-02-19,10.18,10.68597728114582,-0.047349649716976305
2020-02-20,10.27,10.655977281145821,-0.03622166892460921
2020-02-21,10.24,10.34597728114582,-0.010243332095746016
2020-02-24,9.93,10.085977281145821,-0.015464766258932228
2020-02-25,9.67,10.175977281145821,-0.04972272118603316
2020-02-26,9.76,9.87597728114582,-0.011743372614600123
2020-02-27,9.46,9.73597728114582,-0.028346130355117127
2020-02-28,9.32,10.20597728114582,-0.08680964661586543
2020-03-02,9.79,10.005977281145821,-0.021584826257079914
2020-03-03,9.59,10.18597728114582,-0.05850958280154139
2020-03-04,9.77,9.80597728114582,-0.0036689133692972
2020-03-05,9.39,9.73597728114582,-0.03553595814318722
2020-03-06,9.32,9.29597728114582,0.002584205848147114
2020-03-09,8.88,9.38597728114582,-0.05390778882047864
2020-03-10,8.97,8.405977281145821,0.06709781623122546
2020-03-11,7.99,7.11597728114582,0.12282539478729815
2020-03-12,6.7,7.2359772811458205,-0.07407116693723892
2020-03-13,6.82,6.36597728114582,0.07132019151228564
2020-03-16,5.95,6.645977281145821,-0.10472158596151993
2020-03-17,6.23,6.805977281145821,-0.08462815218931374
2020-03-18,6.39,7.845977281145821,-0.1855699078615215
2020-03-19,7.43,7.71597728114582,-0.037063001966661124
2020-03-20,7.3,7.03597728114582,0.037524669040884584
2020-03-23,6.62,7.935977281145821,-0.16582422485914872
2020-03-24,7.52,8.12597728114582,-0.07457284953919707
2020-03-25,7.71,8.54597728114582,-0.09782114480811432
2020-03-26,8.13,8.21597728114582,-0.01046464446087525
2020-03-27,7.8,8.69597728114582,-0.10303353518280611
2020-03-30,8.28,8.455166287020527,-0.020717071796615527
2020-03-31,8.12,8.195166287020527,-0.009172027069124344
2020-04-01,7.86,8.515166287020527,-0.07694110307853663
2020-04-02,8.18,8.175166287020527,0.0005912678482329348
2020-04-03,7.84,8.555166287020526,-0.08359466818377814
2020-04-06,8.22,8.465166287020525,-0.02896178039602515
2020-04-07,8.13,8.845166287020525,-0.08085391091742
2020-04-08,8.51,9.495166287020526,-0.10375450594974889
2020-04-09,9.16,9.235166287020528,-0.008139137367366045
2020-04-13,8.9,9.375166287020525,-0.05068350496122609
2020-04-14,9.04,8.985166287020528,0.0061026931753818126
2020-04-15,8.65,8.795166287020528,-0.016505235066988644
2020-04-16,8.46,9.115166287020527,-0.07187650410211877
2020-04-17,8.78,8.975166287020526,-0.021745144410613038
2020-04-20,8.64,8.595166287020525,0.005216154229287895
2020-04-21,8.26,8.695166287020527,-0.05004691947871198
2020-04-22,8.36,8.545166287020528,-0.021669126240618897
2020-04-23,8.21,8.755166287020527,-0.06226795347436542
2020-04-24,8.42,9.015166287020527,-0.0660183371079256
2020-04-27,8.68,9.355166287020525,-0.0721704207393149
2020-04-28,9.02,9.575166287020528,-0.05797980634269251
2020-04-29,9.24,9.305166287020526,-0.007003237235150173
2020-04-30,8.97,9.015166287020527,-0.005010033712362527
2020-05-01,8.68,9.025166287020525,-0.0382448673014395
2020-05-04,8.69,8.915166287020526,-0.025256543711174806
2020-05-05,8.58,8.815166287020526,-0.02667746465166354
2020-05-06,8.48,8.945166287020527,-0.052001972025437326
2020-05-07,8.61,9.305166287020526,-0.07470756196911732
2020-05-08,8.97,9.165166287020526,-0.021294353087397244
2020-05-11,8.83,9.445166287020527,-0.06513027598739929
2020-05-12,9.11,9.445166287020527,-0.035485482926977174
2020-05-13,9.11,9.425166287020527,-0.03343880388132203
2020-05-14,9.09,9.435166287020525,-0.03658295747212781
2020-05-15,9.1,9.975166287020526,-0.08773450605623234
2020-05-18,9.64,9.735166287020528,-0.009775517357870744
2020-05-19,9.4,9.785166287020525,-0.03936226280910793
2020-05-20,9.45,9.815166287020526,-0.03720428939685094
2020-05-21,9.48,9.935166287020525,-0.045813655642096496
2020-05-22,9.6,10.335166287020526,-0.07113250688029937
2020-05-26,10.0,10.195166287020527,-0.019143021459982812
2020-05-27,9.86,10.335166287020526,-0.045975678941640896
2020-05-28,10.0,10.545166287020528,-0.05169821624259674
2020-05-29,10.21,10.515166287020527,-0.029021536958213412
2020-06-01,10.18,10.665166287020526,-0.04549073816232685
2020-06-02,10.33,10.835166287020526,-0.046622845800314616
2020-06-03,10.5,10.865166287020527,-0.033608899981287244
2020-06-04,10.53,11.215166287020528,-0.06109283353323802
2020-06-05,10.88,10.835166287020526,0.004137796485244705
2020-06-08,10.5,10.535166287020525,-0.0033379906934977166
2020-06-09,10.2,10.155166287020526,0.004414867439125558
2020-06-10,9.82,9.525166287020525,0.03095313027566049
2020-06-11,9.19,10.145166287020526,-0.09414988971078209
2020-06-12,9.81,10.535166287020525,-0.06883292273363917
2020-06-15,10.2,10.595166287020525,-0.03729684615753692
2020-06-16,10.26,10.605166287020525,-0.032546994330769574
2020-06-17,10.27,10.615166287020527,-0.03251633348811234
2020-06-18,10.28,10.645166287020526,-0.03430348358820545
2020-06-19,10.31,10.605166287020525,-0.02783231106727424
2020-06-22,10.27,10.575166287020528,-0.02885687834479489
2020-06-23,10.24,10.295166287020528,-0.0053584648836685345
2020-06-24,9.96,10.345166287020525,-0.037231522078458035
2020-06-25,10.01,10.005166287020527,0.0004831217034086954
2020-06-26,9.67,10.285166287020525,-0.059811020050968056
2020-06-29,9.95,10.935166287020525,-0.09009156890369996
2020-06-30,10.21,,
2020-07-01,10.33,,
2020-07-02,10.6,11.085166287020526,-0.04376716365442357
2020-07-06,10.75,10.955166287020527,-0.018727811303385078
2020-07-07,10.62,10.785166287020525,-0.015314208666332374
2020-07-08,10.45,10.705166287020527,-0.023835807887440663
2020-07-09,10.37,10.845166287020525,-0.04381364696908374
2020-07-10,10.51,10.745166287020526,-0.02188577456494012
2020-07-13,10.41,10.945166287020527,-0.04889521757701942
2020-07-14,10.61,11.035166287020525,-0.0385283081343869
2020-07-15,10.7,11.085166287020526,-0.034746099160597343
2020-07-16,10.75,11.105166287020525,-0.031982077335990566
2020-07-17,10.77,11.150166287020525,-0.034095122640732445
2020-07-20,10.73,,
2020-07-21,10.85,,
2020-07-22,10.9,,
2020-07-23,10.74,11.005166287020527,-0.02409470971222527
2020-07-24,10.67,11.155166287020528,-0.04349251947817556
2020-07-27,10.82,11.045166287020528,-0.020385957184286707
2020-07-28,10.71,10.955166287020527,-0.022379056656674723
2020-07-29,10.62,10.695166287020527,-0.0070280615563451665
2020-07-30,10.36,10.635166287020528,-0.02587324726237239
2020-07-31,10.3,10.775166287020525,-0.044098278798063384
2020-08-03,10.44,11.035166287020525,-0.05393360385702162
2020-08-04,10.7,11.135166287020526,-0.03908035819166611
2020-08-05,10.69,,
2020-08-06,10.8,11.145166287020526,-0.030970043706077366
2020-08-07,10.81,11.435166287020525,-0.05467050249458283
2020-08-10,11.1,11.415166287020526,-0.027609434597451465
2020-08-11,11.08,11.525166287020525,-0.03862558473640987
2020-08-12,11.19,11.535166287020527,-0.029922957192989208
2020-08-13,11.2,11.535166287020527,-0.029056042945619254
2020-08-14,11.2,11.647242114504296,-0.03839897119914304
2020-08-17,11.31,11.417242114504296,-0.009392996437209367
2020-08-18,11.08,11.627242114504295,-0.04706551296645334
2020-08-19,11.29,11.617242114504295,-0.02816865752463993
2020-08-20,11.28,11.447242114504295,-0.01460981717966725
2020-08-21,11.11,,
