date,CFG,dcf,Deviation
2014-09-24,23.08,,
2014-09-25,23.05,,
2014-09-26,23.25,,
2014-09-29,23.23,,
2014-09-30,23.42,25.212957741895032,-0.07111255094501534
2014-10-01,23.44,25.112957741895027,-0.06661731203027876
2014-10-02,23.34,25.00295774189503,-0.06651044084710722
2014-10-03,23.23,24.41295774189503,-0.04845614179165847
2014-10-06,22.64,24.292957741895027,-0.06804267143824883
2014-10-07,22.52,24.52295774189503,-0.08167684187919866
2014-10-08,22.75,24.25295774189503,-0.06197008042853236
2014-10-09,22.48,24.05295774189503,-0.06539560576183445
2014-10-10,22.28,24.222957741895026,-0.08021141607057203
2014-10-13,22.45,24.222957741895026,-0.07319328055585028
2014-10-14,22.45,23.62295774189503,-0.04965329721666489
2014-10-15,21.85,23.57295774189503,-0.07309043526739556
2014-10-16,21.8,23.69295774189503,-0.07989537492601906
2014-10-17,21.92,24.152957741895026,-0.09245069551137419
2014-10-20,22.38,24.59295774189503,-0.08998339138871347
2014-10-21,22.82,24.37295774189503,-0.0637164253243514
2014-10-22,22.6,24.80295774189503,-0.08881834839294112
2014-10-23,23.03,24.95295774189503,-0.07706331897747176
2014-10-24,23.18,24.62295774189503,-0.05860212883523297
2014-10-27,22.85,25.05295774189503,-0.0879320423796155
2014-10-28,23.28,25.25295774189503,-0.07812778851729762
2014-10-29,23.48,25.212957741895032,-0.0687328222113135
2014-10-30,23.44,25.39295774189503,-0.07690942353961816
2014-10-31,23.62,25.77295774189503,-0.08353553222163967
2014-11-03,24.0,25.37295774189503,-0.05411106406518951
2014-11-04,23.6,25.67295774189503,-0.0807447962457486
2014-11-05,23.9,26.07295774189503,-0.0833414361119238
2014-11-06,24.3,25.74295774189503,-0.05605252342650224
2014-11-07,23.97,25.722957741895026,-0.0681475963800221
2014-11-10,23.95,25.712957741895032,-0.06856300856523334
2014-11-11,23.94,25.63295774189503,-0.06604613322199737
2014-11-12,23.86,25.59295774189503,-0.06771228864486512
2014-11-13,23.82,25.73295774189503,-0.07433882109791845
2014-11-14,23.96,25.77295774189503,-0.07034341033151936
2014-11-17,24.0,25.50295774189503,-0.05893268369519522
2014-11-18,23.73,25.49295774189503,-0.06915469596522306
2014-11-19,23.72,25.48295774189503,-0.06918183359055918
2014-11-20,23.71,25.542957741895027,-0.07175980794458459
2014-11-21,23.77,26.02295774189503,-0.08657577529198135
2014-11-24,24.25,25.80295774189503,-0.060185260830527554
2014-11-25,24.03,26.00295774189503,-0.07587435865867953
2014-11-26,24.23,26.402957741895026,-0.08229978486262823
2014-11-28,24.63,25.75295774189503,-0.04360500075951268
2014-12-01,23.98,25.972957741895026,-0.07673202881627672
2014-12-02,24.2,26.00295774189503,-0.06933664084644386
2014-12-03,24.23,26.17295774189503,-0.07423531421460017
2014-12-04,24.4,26.92295774189503,-0.09371027381471675
2014-12-05,25.15,26.81295774189503,-0.06202067514904086
2014-12-08,25.04,26.93295774189503,-0.07028406460351289
2014-12-09,25.16,26.42295774189503,-0.04779774294126582
2014-12-10,24.65,26.462957741895032,-0.06850926338535601
2014-12-11,24.69,26.23295774189503,-0.05881752858660183
2014-12-12,24.46,26.262957741895026,-0.06865021676590988
2014-12-15,24.49,26.02295774189503,-0.05890789806060681
2014-12-16,24.25,26.332957741895026,-0.07910078929649045
2014-12-17,24.56,26.85295774189503,-0.08538939225743614
2014-12-18,25.08,26.77295774189503,-0.06323387046795537
2014-12-19,25.0,26.87295774189503,-0.06969674718667385
2014-12-22,25.1,27.212957741895032,-0.07764528067605381
2014-12-23,25.44,27.282957741895032,-0.06754977811899887
2014-12-24,25.51,27.082957741895026,-0.05807924514322127
2014-12-26,25.31,27.14295774189503,-0.0675297717855512
2014-12-29,25.37,26.962957741895032,-0.05907948813122588
2014-12-30,25.19,26.63295774189503,-0.054179402673897537
2014-12-31,24.86,26.859601298802247,-0.07444642519289424
2015-01-02,24.76,26.279601298802245,-0.05782436656949974
2015-01-05,24.18,26.009601298802252,-0.07034330429688307
2015-01-06,23.91,26.09960129880225,-0.0838940516268627
2015-01-07,24.0,26.279601298802245,-0.08674413560856198
2015-01-08,24.18,25.98960129880225,-0.06962789763479926
2015-01-09,23.89,25.979601298802248,-0.08043238519209239
2015-01-12,23.88,25.969601298802246,-0.08046335693642792
2015-01-13,23.87,25.539601298802246,-0.06537303692679597
2015-01-14,23.44,25.05960129880225,-0.06462997074417376
2015-01-15,22.96,25.289601298802246,-0.0921169642525198
2015-01-16,23.19,25.199601298802243,-0.07974734500651637
2015-01-20,23.1,25.37960129880225,-0.08982021710915644
2015-01-21,23.28,26.23960129880225,-0.11279139744159694
2015-01-22,24.14,25.80960129880225,-0.06468915499596384
2015-01-23,23.71,26.18960129880224,-0.09467884869693077
2015-01-26,24.09,26.24960129880225,-0.08227177526314622
2015-01-27,24.15,25.959601298802244,-0.0697083625427537
2015-01-28,23.86,26.339601298802247,-0.0941396671374446
2015-01-29,24.24,25.99960129880225,-0.06767801085023994
2015-01-30,23.9,26.09960129880225,-0.08427719924224253
2015-02-02,24.0,26.389601298802244,-0.09055086781135646
2015-02-03,24.29,26.109601298802247,-0.06969088796027378
2015-02-04,24.01,26.449601298802243,-0.09223584398274909
2015-02-05,24.35,26.59960129880225,-0.08457274503973655
2015-02-06,24.5,26.359601298802247,-0.07054739856352621
2015-02-09,24.26,26.91960129880225,-0.09879794538118147
2015-02-10,24.82,27.069601298802244,-0.08310433810865847
2015-02-11,24.97,27.429601298802243,-0.08966959716288869
2015-02-12,25.33,27.54960129880224,-0.08056745630285189
2015-02-13,25.45,27.659601298802247,-0.07988550792660676
2015-02-17,25.56,27.30960129880225,-0.06406542811296867
2015-02-18,25.21,27.119601298802248,-0.07041406242526826
2015-02-19,25.02,27.34960129880225,-0.08517862009579902
2015-02-20,25.25,27.009601298802252,-0.0651472518729953
2015-02-23,24.91,27.029601298802245,-0.07841777891471047
2015-02-24,24.93,27.05960129880225,-0.07870039455816047
2015-02-25,24.96,26.949601298802243,-0.07382674336227257
2015-02-26,24.85,26.93960129880224,-0.07756615532744149
2015-02-27,24.84,26.949601298802243,-0.07827949940380019
2015-03-02,24.85,27.139601298802244,-0.08436385168647598
2015-03-03,25.04,26.99960129880225,-0.07257889763317293
2015-03-04,24.9,27.399601298802253,-0.09122765224001717
2015-03-05,25.3,27.59960129880225,-0.08332009125443574
2015-03-06,25.5,27.329601298802245,-0.06694577351490416
2015-03-09,25.23,27.09960129880225,-0.06898999281162421
2015-03-10,25.0,27.209601298802244,-0.08120667681005345
2015-03-11,25.11,27.589601298802247,-0.08987448828808897
2015-03-12,25.49,26.869601298802248,-0.0513443159599003
2015-03-13,24.77,27.409601298802247,-0.09630206838935651
2015-03-16,25.31,27.699601298802243,-0.0862684366112364
2015-03-17,25.6,27.289601298802246,-0.06191374070666256
2015-03-18,25.19,26.899601298802253,-0.06355489361392042
2015-03-19,24.8,26.899601298802253,-0.07805324976678152
2015-03-20,24.8,26.859601298802247,-0.07668026326563859
2015-03-23,24.76,26.41960129880225,-0.06281704557280687
2015-03-24,24.32,26.09960129880225,-0.0681849993962903
2015-03-25,24.0,26.219601298802246,-0.08465427347682974
2015-03-26,24.12,26.579601298802245,-0.09253717808449902
2015-03-27,24.48,26.41960129880225,-0.07341523730300126
2015-03-30,24.32,26.229601298802248,-0.07280329110032824
2015-03-31,24.13,26.095180476967172,-0.07530817725908179
2015-04-01,24.36,26.355180476967174,-0.07570354066483598
2015-04-02,24.62,26.485180476967173,-0.07042355171373005
2015-04-06,24.75,26.63518047696717,-0.07077783755200706
2015-04-07,24.9,26.735180476967173,-0.06864290587259037
2015-04-08,25.0,26.775180476967176,-0.06629947755139276
2015-04-09,25.04,26.845180476967172,-0.0672441177482862
2015-04-10,25.11,27.185180476967176,-0.0763349898936807
2015-04-13,25.45,26.875180476967174,-0.053029615119742024
2015-04-14,25.14,27.335180476967174,-0.0803060539079612
2015-04-15,25.6,27.225180476967175,-0.059694020333202036
2015-04-16,25.49,26.855180476967174,-0.05083490234362964
2015-04-17,25.12,26.845180476967172,-0.06426406700626786
2015-04-20,25.11,26.775180476967176,-0.06219119525261896
2015-04-21,25.04,27.225180476967175,-0.08026321363841338
2015-04-22,25.49,27.375180476967174,-0.06886458624641112
2015-04-23,25.64,27.305180476967177,-0.06098404946899405
2015-04-24,25.57,27.215180476967173,-0.0604508383973249
2015-04-27,25.48,27.515180476967178,-0.07396573243162319
2015-04-28,25.78,27.825180476967173,-0.07350106780655419
2015-04-29,26.09,27.78518047696717,-0.06101023811496953
2015-04-30,26.05,27.715180476967173,-0.0600818918841618
2015-05-01,25.98,28.03518047696717,-0.07330719624422044
2015-05-04,26.3,27.975180476967175,-0.059880953345284094
2015-05-05,26.24,27.585180476967174,-0.04876460670940186
2015-05-06,25.85,27.685180476967176,-0.06628746662836327
2015-05-07,25.95,27.545180476967168,-0.05791141859829285
2015-05-08,25.81,27.805180476967177,-0.07175571036555273
2015-05-11,26.07,27.88518047696717,-0.06509480827877334
2015-05-12,26.15,27.965180476967173,-0.06490859154162099
2015-05-13,26.23,28.215180476967173,-0.07035859574202374
2015-05-14,26.48,27.66518047696717,-0.04284014983939466
2015-05-15,25.93,28.03518047696717,-0.07509066969255718
2015-05-18,26.3,28.595180476967172,-0.08026459139909581
2015-05-19,26.86,28.485180476967173,-0.05705354327248435
2015-05-20,26.75,28.575180476967173,-0.06387292911197351
2015-05-21,26.84,28.65518047696717,-0.06334563058942166
2015-05-22,26.92,28.435180476967176,-0.053285417977019245
2015-05-26,26.7,28.505180476967173,-0.06332815462879804
2015-05-27,26.77,28.565180476967175,-0.06284505985931632
2015-05-28,26.83,28.575180476967173,-0.061073296750439265
2015-05-29,26.84,28.685180476967176,-0.06432521763106103
2015-06-01,26.95,28.925180476967178,-0.06828584798425008
2015-06-02,27.19,29.355180476967174,-0.07375803663227443
2015-06-03,27.62,29.485180476967173,-0.06325823504537098
2015-06-04,27.75,30.055180476967177,-0.07669827432025422
2015-06-05,28.32,29.775180476967176,-0.048872263867311916
2015-06-08,28.04,29.815180476967175,-0.05953948453669555
2015-06-09,28.08,29.735180476967173,-0.055664046776150444
2015-06-10,28.0,29.255180476967173,-0.042904554219222346
2015-06-11,27.52,29.275180476967176,-0.05995455701282859
2015-06-12,27.54,29.645180476967177,-0.07101257078204659
2015-06-15,27.91,29.985180476967173,-0.06920686965887046
2015-06-16,28.25,29.645180476967177,-0.04706264068964472
2015-06-17,27.91,29.805180476967177,-0.0635856064831325
2015-06-18,28.07,29.925180476967178,-0.06199396118580047
2015-06-19,28.19,30.005180476967173,-0.06049556936878131
2015-06-22,28.27,29.925180476967178,-0.05531062638840689
2015-06-23,28.19,29.78518047696717,-0.05355617966460602
2015-06-24,28.05,29.115180476967172,-0.03658505492726827
2015-06-25,27.38,29.275180476967176,-0.0647367649350018
2015-06-26,27.54,28.66518047696717,-0.03925251675534602
2015-06-29,26.93,29.045180476967168,-0.07282380216726514
2015-06-30,27.31,29.203936254625667,-0.0648520883661936
2015-07-01,27.44,28.913936254625664,-0.05097667234394143
2015-07-02,27.15,28.77393625462567,-0.056437751173672335
2015-07-06,27.01,28.50393625462567,-0.05241157716886313
2015-07-07,26.74,28.40393625462567,-0.05858118535788126
2015-07-08,26.64,28.74393625462567,-0.07319582940861447
2015-07-09,26.98,29.063936254625673,-0.0717017900248802
2015-07-10,27.3,29.01393625462567,-0.05907286207511453
2015-07-13,27.25,29.313936254625673,-0.07040802151911585
2015-07-14,27.55,29.563936254625673,-0.06812138401599233
2015-07-15,27.8,29.87393625462567,-0.0694229323162775
2015-07-16,28.11,29.673936254625666,-0.052704037684986105
2015-07-17,27.91,29.723936254625666,-0.06102611171975514
2015-07-20,27.96,28.483936254625668,-0.018394095884152306
2015-07-21,26.72,28.803936254625672,-0.07234900939245792
2015-07-22,27.04,28.21393625462567,-0.04160838261032096
2015-07-23,26.45,27.913936254625664,-0.05244463701829494
2015-07-24,26.15,27.703936254625667,-0.056090811079823055
2015-07-27,25.94,27.933936254625674,-0.07138042545992751
2015-07-28,26.17,27.76393625462567,-0.0574103124285954
2015-07-29,26.0,28.25393625462567,-0.07977423868706657
2015-07-30,26.49,27.833936254625673,-0.048284088974383854
2015-07-31,26.07,27.793936254625674,-0.06202562454027227
2015-08-03,26.03,28.033936254625672,-0.07148251449330512
2015-08-04,26.27,28.423936254625666,-0.07577895740162088
2015-08-05,26.66,28.413936254625664,-0.061728028067217555
2015-08-06,26.65,28.46393625462567,-0.0637275265936168
2015-08-07,26.7,28.953936254625667,-0.0778455901402898
2015-08-10,27.19,28.603936254625676,-0.04943152725691802
2015-08-11,26.84,27.793936254625674,-0.03432174003302291
2015-08-12,26.03,27.96393625462567,-0.06915822711853603
2015-08-13,26.2,28.14393625462567,-0.06907122859568626
2015-08-14,26.38,28.043936254625674,-0.059333192014056846
2015-08-17,26.28,28.323936254625675,-0.07216286028365393
2015-08-18,26.56,28.02393625462567,-0.052238780495514225
2015-08-19,26.26,27.093936254625667,-0.030779442558232617
2015-08-20,25.33,26.333936254625673,-0.03812328870695614
2015-08-21,24.57,24.793936254625674,-0.009031896038044218
2015-08-24,23.03,24.863936254625674,-0.07375888659964247
2015-08-25,23.1,25.95393625462567,-0.10996159606106082
2015-08-26,24.19,26.24393625462567,-0.07826326945385897
2015-08-27,24.48,26.453936254625667,-0.07461786539538173
2015-08-28,24.69,26.583936254625673,-0.07124363512179732
2015-08-31,24.82,25.45393625462567,-0.024905234627923822
2015-09-01,23.69,25.89393625462567,-0.08511399089553107
2015-09-02,24.13,26.26393625462567,-0.08124967384695947
2015-09-03,24.5,25.853936254625673,-0.05236866994995515
2015-09-04,24.09,26.39393625462567,-0.0872903621649801
2015-09-08,24.63,26.163936254625664,-0.05862788533412944
2015-09-09,24.4,26.203936254625667,-0.068842186040169
2015-09-10,24.44,26.08393625462567,-0.06302485324982865
2015-09-11,24.32,26.173936254625666,-0.07083138877508433
2015-09-14,24.41,26.793936254625674,-0.08897297627235023
2015-09-15,25.03,26.64393625462567,-0.060574242454339844
2015-09-16,24.88,25.80393625462567,-0.03580601988427412
2015-09-17,24.04,25.51393625462567,-0.057769849384116334
2015-09-18,23.75,25.663936254625668,-0.07457687845061955
2015-09-21,23.9,25.363936254625674,-0.05771723442013832
2015-09-22,23.6,25.103936254625673,-0.059908384062621
2015-09-23,23.34,25.00393625462567,-0.06654697235191709
2015-09-24,23.24,25.37393625462567,-0.08409953557113758
2015-09-25,23.61,24.39393625462567,-0.03213652140609413
2015-09-28,22.63,24.983936254625668,-0.0942179899370279
2015-09-29,23.22,25.62393625462567,-0.09381604101484242
2015-09-30,23.86,25.472542062892735,-0.06330510943553669
2015-10-01,23.5,25.382542062892735,-0.07416680560316546
2015-10-02,23.41,25.692542062892734,-0.08884064711484374
2015-10-05,23.72,25.33254206289273,-0.06365496438885987
2015-10-06,23.36,25.412542062892737,-0.08076886042383968
2015-10-07,23.44,25.492542062892735,-0.08051539378963857
2015-10-08,23.52,25.432542062892736,-0.07520058585426359
2015-10-09,23.46,25.532542062892734,-0.08117257019640145
2015-10-12,23.56,25.432542062892736,-0.07362779773496819
2015-10-13,23.46,24.882542062892735,-0.057170286673167814
2015-10-14,22.91,25.492542062892735,-0.10130578804268864
2015-10-15,23.52,25.192542062892734,-0.06639036500235918
2015-10-16,23.22,25.202542062892736,-0.07866436877459904
2015-10-19,23.23,25.362542062892736,-0.08408234701413475
2015-10-20,23.39,25.142542062892737,-0.06970425100647526
2015-10-21,23.17,24.842542062892733,-0.0673257212832098
2015-10-22,22.87,26.19254206289273,-0.12685069112095892
2015-10-23,24.22,25.572542062892737,-0.052890403291402044
2015-10-26,23.6,25.502542062892733,-0.0746020556774617
2015-10-27,23.53,26.152542062892735,-0.10027866723571022
2015-10-28,24.18,26.08254206289273,-0.07294312258004376
2015-10-29,24.11,26.27254206289274,-0.0823118698493629
2015-10-30,24.3,26.422542062892727,-0.08033072888446946
2015-11-02,24.45,26.39254206289274,-0.07360193111613555
2015-11-03,24.42,26.502542062892736,-0.07857895510365343
2015-11-04,24.53,26.58254206289273,-0.07721391197412708
2015-11-05,24.61,27.702542062892732,-0.11163387301684347
2015-11-06,25.73,27.842542062892733,-0.07587461152508168
2015-11-09,25.87,27.972542062892735,-0.0751644973190293
2015-11-10,26.0,28.06254206289273,-0.07349804797691661
2015-11-11,26.09,27.482542062892737,-0.05067006027702814
2015-11-12,25.51,27.502542062892736,-0.07244937789154893
2015-11-13,25.53,27.652542062892735,-0.07675757469476907
2015-11-16,25.68,27.572542062892733,-0.0686386499502244
2015-11-17,25.6,28.172542062892727,-0.09131380679633916
2015-11-18,26.2,28.092542062892733,-0.06736813132310238
2015-11-19,26.12,27.99254206289274,-0.06689431987582872
2015-11-20,26.02,27.712542062892734,-0.06107494790811918
2015-11-23,25.74,28.102542062892734,-0.08406862473883792
2015-11-24,26.13,28.232542062892737,-0.07447229010441114
2015-11-25,26.26,28.362542062892736,-0.07413094560531408
2015-11-27,26.39,28.602542062892734,-0.07735473504514678
2015-11-30,26.63,28.472542062892735,-0.0647129455045764
2015-12-01,26.5,28.612542062892736,-0.07383272895673487
2015-12-02,26.64,28.44254206289273,-0.06337485794718745
2015-12-03,26.47,29.092542062892733,-0.09014482327543871
2015-12-04,27.12,28.482542062892737,-0.047837796917286624
2015-12-07,26.51,28.38254206289274,-0.06597513565710145
2015-12-08,26.41,28.072542062892733,-0.05922306783504083
2015-12-09,26.1,28.27254206289274,-0.07684282715222002
2015-12-10,26.3,27.58254206289273,-0.04649832709285184
2015-12-11,25.61,27.69254206289273,-0.07520227136111435
2015-12-14,25.72,28.51254206289273,-0.09794083097652129
2015-12-15,26.54,28.88254206289274,-0.08110581325534894
2015-12-16,26.91,28.452542062892732,-0.05421456049456075
2015-12-17,26.48,27.872542062892737,-0.04996107135655403
2015-12-18,25.9,28.002542062892736,-0.07508397123984323
2015-12-21,26.03,28.222542062892735,-0.07768761786258471
2015-12-22,26.25,28.49254206289274,-0.07870628243498545
2015-12-23,26.52,28.572542062892733,-0.07183617258747088
2015-12-24,26.6,28.38254206289274,-0.06280417233039981
2015-12-28,26.41,28.592542062892733,-0.07633256455798754
2015-12-29,26.62,28.27254206289274,-0.0584504237085095
2015-12-30,26.3,28.162542062892737,-0.06613543829719981
2015-12-31,26.19,27.841912538297613,-0.05933186292519754
2016-01-04,25.8,27.721912538297612,-0.06932828085517206
2016-01-05,25.68,27.321912538297617,-0.06009508067914793
2016-01-06,25.28,26.631912538297613,-0.05076287842089877
2016-01-07,24.59,25.861912538297613,-0.04918091561921811
2016-01-08,23.82,25.941912538297608,-0.08179476109038086
2016-01-11,23.9,25.941912538297608,-0.07871094836524362
2016-01-12,23.9,25.261912538297608,-0.05391169557067066
2016-01-13,23.22,24.941912538297608,-0.06903690868347245
2016-01-14,22.9,24.361912538297613,-0.06000811865650724
2016-01-15,22.32,24.271912538297613,-0.08041857168106437
2016-01-19,22.23,23.641912538297618,-0.059720741120687926
2016-01-20,21.6,23.371912538297604,-0.07581375873258622
2016-01-21,21.33,22.821912538297617,-0.06537193303996891
2016-01-22,20.78,21.83191253829761,-0.04818233567271479
2016-01-25,19.79,22.33191253829761,-0.1138242205605281
2016-01-26,20.29,23.251912538297614,-0.127383609129749
2016-01-27,21.21,23.781912538297604,-0.10814574034598268
2016-01-28,21.74,23.291912538297613,-0.06662881529139741
2016-01-29,21.25,22.821912538297617,-0.06887733601028312
2016-02-01,20.78,22.251912538297614,-0.0661476866657782
2016-02-02,20.21,22.091912538297613,-0.08518558703485757
2016-02-03,20.05,22.271912538297613,-0.09976298777560877
2016-02-04,20.23,21.891912538297618,-0.0759144517588527
2016-02-05,19.85,21.24191253829761,-0.06552670508308
2016-02-08,19.2,21.591912538297613,-0.11077816909711335
2016-02-09,19.55,20.90191253829761,-0.06467889174354557
2016-02-10,18.86,20.181912538297613,-0.06549986458365253
2016-02-11,18.14,20.931912538297613,-0.13338067093436645
2016-02-12,18.89,21.40191253829761,-0.11736860123144
2016-02-16,19.36,21.691912538297608,-0.10750147245802133
2016-02-17,19.65,21.15191253829761,-0.07100599227508386
2016-02-18,19.11,21.281912538297604,-0.10205438700065916
2016-02-19,19.24,21.841912538297613,-0.11912475767565778
2016-02-22,19.8,21.411912538297617,-0.075281109775436
2016-02-23,19.37,21.041912538297613,-0.07945630109690005
2016-02-24,19.0,21.221912538297612,-0.1046989772617285
2016-02-25,19.18,21.781912538297604,-0.11945289623777733
2016-02-26,19.74,21.271912538297613,-0.07201574073509298
2016-02-29,19.23,22.31191253829761,-0.13812856845004273
2016-03-01,20.27,23.001912538297614,-0.11876892992045973
2016-03-02,20.96,23.481912538297617,-0.10739808923930394
2016-03-03,21.44,23.971912538297612,-0.10561996395792861
2016-03-04,21.93,23.571912538297617,-0.06965546540315637
2016-03-07,21.53,22.961912538297618,-0.06236033413633835
2016-03-08,20.92,22.74191253829761,-0.08011254705291337
2016-03-09,20.7,23.051912538297618,-0.1020267856035908
2016-03-10,21.01,23.951912538297613,-0.12282578827864687
2016-03-11,21.91,24.131912538297613,-0.09207361972539108
2016-03-14,22.09,24.231912538297617,-0.08839221976030187
2016-03-15,22.19,23.65191253829761,-0.06180948521310703
2016-03-16,21.61,23.771912538297613,-0.09094398840710338
2016-03-17,21.73,24.121912538297604,-0.09915932389274851
2016-03-18,22.08,24.041912538297613,-0.08160384641497975
2016-03-21,22.0,23.971912538297612,-0.0822592913747402
2016-03-22,21.93,23.731912538297617,-0.07592782652429564
2016-03-23,21.69,23.631912538297613,-0.08217331268260952
2016-03-24,21.59,23.431912538297613,-0.07860700808297882
2016-03-28,21.39,23.24191253829761,-0.07967986865306631
2016-03-29,21.2,23.291912538297613,-0.08981282815904434
2016-03-30,21.25,22.99191253829761,-0.07576196783960909
2016-03-31,20.95,22.931687302086903,-0.08641698606742121
2016-04-01,21.35,23.0916873020869,-0.07542486087318068
2016-04-04,21.51,22.3416873020869,-0.03722580532264508
2016-04-05,20.76,22.921687302086895,-0.09430751207787758
2016-04-06,21.34,22.3716873020869,-0.04611575730323492
2016-04-07,20.79,22.451687302086903,-0.0740116891763608
2016-04-08,20.87,22.6216873020869,-0.07743398088281872
2016-04-11,21.04,23.0916873020869,-0.088849605282048
2016-04-12,21.51,24.181687302086903,-0.11048390745902714
2016-04-13,22.6,24.4016873020869,-0.07383453774251147
2016-04-14,22.82,24.131687302086902,-0.054355391136427844
2016-04-15,22.55,24.3016873020869,-0.07208089217477809
2016-04-18,22.72,24.681687302086903,-0.07947946500079994
2016-04-19,23.1,24.9416873020869,-0.07383972382384907
2016-04-20,23.36,25.1116873020869,-0.06975585833857234
2016-04-21,23.53,25.201687302086903,-0.06633235632395429
2016-04-22,23.62,24.961687302086897,-0.05374986417583738
2016-04-25,23.38,25.131687302086902,-0.06970034606237707
2016-04-26,23.55,25.201687302086903,-0.06553875866677106
2016-04-27,23.62,24.821687302086897,-0.04841279673948129
2016-04-28,23.24,24.431687302086903,-0.04877629970260433
2016-04-29,22.85,24.641687302086897,-0.07270960304472163
2016-05-02,23.06,24.0916873020869,-0.0428233726077597
2016-05-03,22.51,23.571687302086897,-0.045040785094450975
2016-05-04,21.99,23.6916873020869,-0.07182634484361983
2016-05-05,22.11,23.671687302086895,-0.06597279197538308
2016-05-06,22.09,23.431687302086903,-0.05725952573493964
2016-05-09,21.85,23.9416873020869,-0.08736591016726614
2016-05-10,22.36,23.781687302086898,-0.059780758363690234
2016-05-11,22.2,23.3416873020869,-0.04891194399578924
2016-05-12,21.76,22.981687302086893,-0.05315916477446603
2016-05-13,21.4,23.2916873020869,-0.0812172719628349
2016-05-16,21.71,23.4016873020869,-0.0722891166029741
2016-05-17,21.82,24.711687302086897,-0.1170169914639011
2016-05-18,23.13,24.481687302086893,-0.05521217902214082
2016-05-19,22.9,24.561687302086895,-0.06765362988501655
2016-05-20,22.98,24.5516873020869,-0.06401544964094208
2016-05-23,22.97,24.8316873020869,-0.07497224330504682
2016-05-24,23.25,25.2716873020869,-0.07999811322134998
2016-05-25,23.69,24.931687302086903,-0.049803580762179944
2016-05-26,23.35,25.171687302086895,-0.07237048832780724
2016-05-27,23.59,25.131687302086902,-0.061344361146769555
2016-05-31,23.55,25.181687302086903,-0.0647965834263885
2016-06-01,23.6,25.4116873020869,-0.07129346747227272
2016-06-02,23.83,24.7216873020869,-0.036069030855010786
2016-06-03,23.14,25.0516873020869,-0.07630972233665267
2016-06-06,23.47,25.061687302086895,-0.06351077973725883
2016-06-07,23.48,25.0416873020869,-0.06236350143852931
2016-06-08,23.46,24.461687302086897,-0.040949231740095016
2016-06-09,22.88,24.0416873020869,-0.048319707659872146
2016-06-10,22.46,23.6616873020869,-0.0507862050049539
2016-06-13,22.08,22.891687302086897,-0.03545773150644527
2016-06-14,21.31,22.9416873020869,-0.07112324741425946
2016-06-15,21.36,22.5216873020869,-0.05158082902515282
2016-06-16,20.94,22.681687302086903,-0.07678826001303052
2016-06-17,21.1,22.891687302086897,-0.07826803146675687
2016-06-20,21.31,23.131687302086902,-0.07875289330590918
2016-06-21,21.55,22.951687302086903,-0.061071209433889995
2016-06-22,21.37,23.701687302086903,-0.09837642663868917
2016-06-23,22.12,21.531687302086898,0.02732311173105706
2016-06-24,19.95,20.0216873020869,-0.003580482554006781
2016-06-27,18.44,20.5516873020869,-0.10275006966812261
2016-06-28,18.97,21.1016873020869,-0.10101975598302437
2016-06-29,19.52,21.561687302086895,-0.09469051626072356
2016-06-30,19.98,21.490131519177083,-0.07027092960457182
2016-07-01,19.65,20.740131519177083,-0.052561456429006226
2016-07-05,18.9,20.830131519177083,-0.0926605536503754
2016-07-06,18.99,21.26013151917708,-0.10677880882953972
2016-07-07,19.42,21.69013151917708,-0.1046619527027749
2016-07-08,19.85,21.960131519177082,-0.09608920225884665
2016-07-11,20.12,22.280131519177075,-0.09695326606657573
2016-07-12,20.44,22.400131519177084,-0.0875053576135919
2016-07-13,20.56,22.830131519177083,-0.09943576178131941
2016-07-14,20.99,22.820131519177085,-0.08019811444290414
2016-07-15,20.98,22.820131519177085,-0.0806363240120117
2016-07-18,20.98,22.870131519177082,-0.08264628988216216
2016-07-19,21.03,23.16013151917708,-0.09197406834297495
2016-07-20,21.32,23.520131519177077,-0.09354248369670914
2016-07-21,21.68,23.640131519177086,-0.08291542361289361
2016-07-22,21.8,23.870131519177082,-0.08672476385452477
2016-07-25,22.03,24.330131519177083,-0.09453839233725936
2016-07-26,22.49,24.42013151917708,-0.07903853907016645
2016-07-27,22.58,24.290131519177073,-0.0704043746254287
2016-07-28,22.45,24.17013151917708,-0.07116765243136114
2016-07-29,22.33,24.040131519177073,-0.07113652925787384
2016-08-01,22.2,23.890131519177086,-0.07074601149936677
2016-08-02,22.05,24.30013151917708,-0.09259750373784303
2016-08-03,22.46,24.450131519177077,-0.0813955343191568
2016-08-04,22.61,25.230131519177085,-0.10384930087207667
2016-08-05,23.39,25.290131519177073,-0.07513331900770215
2016-08-08,23.45,25.330131519177083,-0.07422509897959528
2016-08-09,23.49,25.09013151917708,-0.06377533405729896
2016-08-10,23.25,25.240131519177083,-0.07884790606835823
2016-08-11,23.4,25.110131519177077,-0.06810523942779911
2016-08-12,23.27,25.38013151917708,-0.08314107898072465
2016-08-15,23.54,25.230131519177085,-0.0669886131149352
2016-08-16,23.39,25.280131519177075,-0.07476747174923726
2016-08-17,23.44,25.230131519177085,-0.07095212792753103
2016-08-18,23.39,25.42013151917708,-0.07986313987579241
2016-08-19,23.58,25.34013151917708,-0.06946023614143593
2016-08-22,23.5,25.370131519177082,-0.07371390714957327
2016-08-23,23.53,25.330131519177083,-0.07106680507419505
2016-08-24,23.49,25.480131519177085,-0.07810522946788001
2016-08-25,23.64,25.960131519177082,-0.08937287230086532
2016-08-26,24.12,26.30013151917708,-0.0828943200374267
2016-08-29,24.46,26.570131519177085,-0.0794174284630127
2016-08-30,24.73,26.610131519177077,-0.07065472479240198
2016-08-31,24.77,26.360131519177077,-0.060323353015907855
2016-09-01,24.52,26.520131519177077,-0.07541936651900671
2016-09-02,24.68,26.140131519177086,-0.05585784899765689
2016-09-06,24.3,26.41013151917708,-0.07989856156698272
2016-09-07,24.57,26.76013151917708,-0.08184307755018194
2016-09-08,24.92,26.650131519177084,-0.06492018690159562
2016-09-09,24.81,26.91013151917708,-0.07804241007445312
2016-09-12,25.07,26.460131519177082,-0.05253683331730907
2016-09-13,24.62,26.240131519177083,-0.061742507578250505
2016-09-14,24.4,26.320131519177085,-0.07295296065591694
2016-09-15,24.48,25.94013151917708,-0.05628851642859367
2016-09-16,24.1,26.030131519177075,-0.07414989500744917
2016-09-19,24.19,26.01013151917708,-0.06997778991755998
2016-09-20,24.17,26.150131519177084,-0.0757216657868417
2016-09-21,24.31,26.080131519177083,-0.06787279879610586
2016-09-22,24.24,26.25013151917708,-0.07657605516027899
2016-09-23,24.41,25.80013151917708,-0.05388079196975415
2016-09-26,23.96,26.150131519177084,-0.08375221813209466
2016-09-27,24.31,26.25013151917708,-0.07390940185422368
2016-09-28,24.41,25.890131519177086,-0.05716971804800364
2016-09-29,24.05,26.55013151917708,-0.09416644574326272
2016-09-30,24.71,26.335382161042162,-0.061718571278095324
2016-10-03,24.6,26.72538216104216,-0.07952672662396376
2016-10-04,24.99,27.30538216104216,-0.08479581598186248
2016-10-05,25.57,27.425382161042158,-0.06765200755079115
2016-10-06,25.69,27.23538216104216,-0.056741710173345505
2016-10-07,25.5,27.27538216104216,-0.06509100956165392
2016-10-10,25.54,26.695382161042158,-0.0432802255488316
2016-10-11,24.96,26.98538216104216,-0.07505478888366945
2016-10-12,25.25,26.25538216104216,-0.03829242152620238
2016-10-13,24.52,26.52538216104216,-0.07560238524998386
2016-10-14,24.79,26.315382161042162,-0.0579654193014294
2016-10-17,24.58,26.585382161042162,-0.07543175978793426
2016-10-18,24.85,27.03538216104216,-0.08083415089250279
2016-10-19,25.3,27.28538216104216,-0.0727635826877614
2016-10-20,25.55,27.70538216104216,-0.07779651435643953
2016-10-21,25.97,28.085382161042162,-0.07531968583914994
2016-10-24,26.35,28.195382161042158,-0.0654498013363316
2016-10-25,26.46,28.60538216104216,-0.07499924835697425
2016-10-26,26.87,28.60538216104216,-0.060666281305816194
2016-10-27,26.87,28.085382161042162,-0.0432745459567947
2016-10-28,26.35,28.075382161042157,-0.061455340167597905
2016-10-31,26.34,28.575382161042157,-0.07822755084933675
2016-11-01,26.84,27.835382161042162,-0.0357596010460125
2016-11-02,26.1,28.00538216104216,-0.06803628495713598
2016-11-03,26.27,28.145382161042164,-0.06663196649139846
2016-11-04,26.41,29.085382161042162,-0.0919837376118664
2016-11-07,27.35,28.68538216104216,-0.04655270595821981
2016-11-08,26.95,29.93538216104216,-0.09972754464873113
2016-11-09,28.2,31.335382161042162,-0.10005884545873633
2016-11-10,29.6,31.585382161042162,-0.06285762669957362
2016-11-11,29.85,32.615382161042156,-0.08478766697835294
2016-11-14,30.88,32.67538216104216,-0.054946018754839177
2016-11-15,30.94,32.46538216104216,-0.046984882342539835
2016-11-16,30.73,33.46538216104216,-0.08173766395013649
2016-11-17,31.73,33.70538216104216,-0.05860732127598822
2016-11-18,31.97,33.66538216104216,-0.05035980738112844
2016-11-21,31.93,33.655382161042155,-0.051266158642506054
2016-11-22,31.92,34.13538216104216,-0.06489987868278557
2016-11-23,32.4,34.19538216104216,-0.052503643696299784
2016-11-25,32.46,33.51538216104216,-0.031489486110318765
2016-11-28,31.78,34.12538216104216,-0.0687283778969564
2016-11-29,32.39,35.24538216104216,-0.08101436233533887
2016-11-30,33.51,36.11538216104216,-0.07214051202405947
2016-12-01,34.38,35.88538216104216,-0.04194973190717266
2016-12-02,34.15,35.88538216104216,-0.04835902689441396
2016-12-05,34.15,36.43538216104216,-0.06272425388434011
2016-12-06,34.7,36.79538216104216,-0.05694687860208414
2016-12-07,35.06,37.27538216104216,-0.059432849044201985
2016-12-08,35.54,37.24538216104216,-0.04578774769093252
2016-12-09,35.51,36.74538216104216,-0.03362006566234399
2016-12-12,35.01,36.53538216104215,-0.04175081991255791
2016-12-13,34.8,36.36538216104216,-0.04304594281753882
2016-12-14,34.63,37.13538216104216,-0.06746617417796474
2016-12-15,35.4,37.05538216104216,-0.044673190897017157
2016-12-16,35.32,37.10538216104216,-0.048116528036104556
2016-12-19,35.37,37.81538216104215,-0.06466633473722805
2016-12-20,36.08,37.755382161042164,-0.04437465773478266
2016-12-21,36.02,37.73538216104216,-0.045458189709633
2016-12-22,36.0,38.06538216104215,-0.05425880534455685
2016-12-23,36.33,38.19538216104216,-0.04883789755466261
2016-12-27,36.46,37.73538216104216,-0.03379804544178855
2016-12-28,36.0,37.01538216104216,-0.02743135695923815
2016-12-29,35.28,37.36538216104216,-0.05581054014259268
2016-12-30,35.63,37.68276008485534,-0.05447478051588739
2017-01-03,35.86,37.99276008485534,-0.05613596064334114
2017-01-04,36.17,37.54276008485534,-0.0365652413874894
2017-01-05,35.72,37.732760084855336,-0.05334250874648294
2017-01-06,35.91,37.502760084855346,-0.04247047633964818
2017-01-09,35.68,38.10276008485534,-0.06358489724785876
2017-01-10,36.28,38.09276008485534,-0.04758804772395697
2017-01-11,36.27,37.74276008485534,-0.03902099585574026
2017-01-12,35.92,38.112760084855346,-0.057533489570771534
2017-01-13,36.29,35.942760084855344,0.009660914028997158
2017-01-17,34.12,36.81276008485534,-0.07314746513568637
2017-01-18,34.99,36.55276008485534,-0.042753545319901276
2017-01-19,34.73,37.64276008485534,-0.07737902529701113
2017-01-20,35.82,37.71276008485534,-0.05018885068598922
2017-01-23,35.89,38.12276008485534,-0.05856763990554614
2017-01-24,36.3,39.34276008485534,-0.07733977174688944
2017-01-25,37.52,39.362760084855346,-0.046814808740110125
2017-01-26,37.54,38.81276008485534,-0.032792310623432575
2017-01-27,36.99,38.35276008485534,-0.03553225587520259
2017-01-30,36.53,37.99276008485534,-0.03850102181542803
2017-01-31,36.17,38.31276008485534,-0.05592810541734772
2017-02-01,36.49,37.862760084855346,-0.036256207465562795
2017-02-02,36.04,38.612760084855346,-0.06662978971721922
2017-02-03,36.79,38.29276008485534,-0.039243974096546674
2017-02-06,36.47,38.41276008485535,-0.05057590447975402
2017-02-07,36.59,37.17276008485534,-0.015677073306503364
2017-02-08,35.35,38.06276008485534,-0.07127071391584949
2017-02-09,36.24,38.24276008485534,-0.05236965324708509
2017-02-10,36.42,38.74276008485534,-0.0599533972222932
2017-02-13,36.92,39.80276008485534,-0.07242613524061137
2017-02-14,37.98,40.192760084855344,-0.0550536982328097
2017-02-15,38.37,40.07276008485534,-0.042491709611459094
2017-02-16,38.25,39.66276008485535,-0.03561930843523897
2017-02-17,37.84,39.87276008485534,-0.0509811731249431
2017-02-21,38.05,39.49276008485534,-0.03653226773098117
2017-02-22,37.67,39.07276008485534,-0.035901228421256315
2017-02-23,37.25,38.472760084855345,-0.03178248927704774
2017-02-24,36.65,39.01276008485534,-0.06056377656223699
2017-02-27,37.19,39.192760084855344,-0.05110025628506942
2017-02-28,37.37,41.41276008485535,-0.09762112152321356
2017-03-01,39.59,39.87276008485534,-0.00709156035984404
2017-03-02,38.05,40.13276008485534,-0.05189675667588345
2017-03-03,38.31,40.09276008485534,-0.04446588563825915
2017-03-06,38.27,39.79276008485534,-0.03826726473881559
2017-03-07,37.97,39.67276008485534,-0.04292013162717545
2017-03-08,37.85,39.55276008485534,-0.04305034797071783
2017-03-09,37.73,39.46276008485534,-0.04390874031946701
2017-03-10,37.64,39.192760084855344,-0.03961854387120223
2017-03-13,37.37,39.01276008485534,-0.04210827640193182
2017-03-14,37.19,38.60276008485534,-0.036597385310010444
2017-03-15,36.78,38.92276008485534,-0.055051596551321635
2017-03-16,37.1,38.442760084855344,-0.03492881577419116
2017-03-17,36.62,38.05276008485534,-0.037651935934748915
2017-03-20,36.23,36.18276008485534,0.0013055918076418926
2017-03-21,34.36,36.252760084855346,-0.05221009601544935
2017-03-22,34.43,36.39276008485534,-0.053932707502230115
2017-03-23,34.57,36.332760084855344,-0.048517098088293076
2017-03-24,34.51,36.06276008485534,-0.04305716149295602
2017-03-27,34.24,36.85276008485534,-0.0708972700779894
2017-03-28,35.03,36.31276008485534,-0.03532532591457649
2017-03-29,34.49,36.70276008485534,-0.060288656213852154
2017-03-30,34.88,36.37276008485534,-0.04104060514992047
2017-03-31,34.55,36.544852067534414,-0.05458640423138006
2017-04-03,34.82,36.62485206753441,-0.04927943638397103
2017-04-04,34.9,36.10485206753441,-0.0333709182710602
2017-04-05,34.38,36.64485206753441,-0.061805463516687476
2017-04-06,34.92,36.35485206753441,-0.03946796606045766
2017-04-07,34.63,36.10485206753441,-0.04084913752798891
2017-04-10,34.38,36.10485206753441,-0.047773414617737764
2017-04-11,34.38,35.45485206753441,-0.030316078191132467
2017-04-12,33.73,34.96485206753441,-0.03531695386982625
2017-04-13,33.24,35.64485206753441,-0.06746702337207233
2017-04-17,33.92,35.42485206753441,-0.04248012284329483
2017-04-18,33.7,35.94485206753441,-0.06245267231359597
2017-04-19,34.22,36.99485206753441,-0.07500643771919657
2017-04-20,35.27,36.62485206753441,-0.03699269733666444
2017-04-21,34.9,37.574852067534415,-0.07118729470250007
2017-04-24,35.85,38.17485206753441,-0.0609000936905153
2017-04-25,36.45,38.52485206753441,-0.05385749603651102
2017-04-26,36.8,38.49485206753441,-0.044028018722113926
2017-04-27,36.77,38.434852067534415,-0.04331620854450213
2017-04-28,36.71,38.85485206753441,-0.055201653163069464
2017-05-01,37.13,38.56485206753441,-0.03720621214938691
2017-05-02,36.84,38.934852067534415,-0.05380403305246384
2017-05-03,37.21,39.06485206753441,-0.04748135393749309
2017-05-04,37.34,38.69485206753441,-0.03501375493488834
2017-05-05,36.97,39.08485206753441,-0.05410925091593488
2017-05-08,37.36,38.904852067534414,-0.039708467850044116
2017-05-09,37.18,38.934852067534415,-0.04507149698400137
2017-05-10,37.21,38.724852067534414,-0.03911834356119881
2017-05-11,37.0,38.37485206753441,-0.035826902084596046
2017-05-12,36.65,38.74485206753441,-0.05406788142804031
2017-05-15,37.02,38.80485206753441,-0.04599559004704168
2017-05-16,37.08,36.294852067534414,0.02163248746694557
2017-05-17,34.57,36.184852067534415,-0.04462784771153683
2017-05-18,34.46,36.294852067534414,-0.05055405830337245
2017-05-19,34.57,36.294852067534414,-0.04752332546568738
2017-05-22,34.57,36.81485206753441,-0.060976805323470495
2017-05-23,35.09,36.35485206753441,-0.034791836456513736
2017-05-24,34.63,36.294852067534414,-0.04587019846331364
2017-05-25,34.57,36.364852067534414,-0.04935678176831659
2017-05-26,34.64,35.974852067534414,-0.03710514403307452
2017-05-30,34.25,35.824852067534415,-0.04395976470651208
2017-05-31,34.1,36.224852067534414,-0.058657301445235066
2017-06-01,34.5,35.85485206753441,-0.037787133104955406
2017-06-02,34.13,35.70485206753441,-0.04410750854129386
2017-06-05,33.98,35.58485206753441,-0.04509930417832453
2017-06-06,33.86,36.24485206753441,-0.0657983667057257
2017-06-07,34.52,37.34485206753441,-0.07564234187957009
2017-06-08,35.62,38.06485206753441,-0.064228597636391
2017-06-09,36.34,38.33485206753441,-0.05203755746911676
2017-06-12,36.61,38.60485206753441,-0.05167360994013559
2017-06-13,36.88,38.30485206753441,-0.03719769143142193
2017-06-14,36.58,38.434852067534415,-0.048259638524827175
2017-06-15,36.71,38.09485206753441,-0.036352735143303616
2017-06-16,36.37,38.27485206753441,-0.04976771860994733
2017-06-19,36.55,37.66485206753441,-0.02959926845153793
2017-06-20,35.94,36.92485206753441,-0.02667179453375057
2017-06-21,35.2,36.70485206753441,-0.04099872313245079
2017-06-22,34.98,36.21485206753441,-0.034097945926484186
2017-06-23,34.49,36.38485206753441,-0.052078047865011245
2017-06-26,34.66,36.56485206753441,-0.052095166801610415
2017-06-27,34.84,37.06485206753441,-0.0600259260034437
2017-06-28,35.34,37.37485206753441,-0.054444417970070824
2017-06-29,35.65,37.404852067534414,-0.0469150917738167
2017-06-30,35.68,38.314769029467655,-0.06876640773799969
2017-07-03,36.54,38.65476902946766,-0.054709136351468235
2017-07-05,36.88,38.37476902946766,-0.03895187038962589
2017-07-06,36.6,38.84476902946765,-0.0577881935084944
2017-07-07,37.07,38.82476902946765,-0.04519715308894168
2017-07-10,37.05,38.50476902946765,-0.03778152852583849
2017-07-11,36.73,38.29476902946766,-0.0408611690088424
2017-07-12,36.52,38.62476902946766,-0.05449272791409787
2017-07-13,36.85,38.01476902946766,-0.030639908099001523
2017-07-14,36.24,37.86476902946766,-0.042909783186666384
2017-07-17,36.09,37.36476902946766,-0.03411687165688915
2017-07-18,35.59,37.04476902946766,-0.03927056552331165
2017-07-19,35.27,37.024769029467656,-0.04739446255751245
2017-07-20,35.25,36.25476902946765,-0.027714120276176146
2017-07-21,34.48,37.22476902946765,-0.07373501840387131
2017-07-24,35.45,37.62476902946766,-0.05780152504761904
2017-07-25,35.85,36.94476902946766,-0.029632585565616987
2017-07-26,35.17,36.814769029467655,-0.04467688030722483
2017-07-27,35.04,36.71476902946765,-0.04561567657210264
2017-07-28,34.94,36.85476902946765,-0.05195444388585568
2017-07-31,35.08,36.994769029467655,-0.05175783170703063
2017-08-01,35.22,37.39476902946765,-0.05815703869581068
2017-08-02,35.62,36.994769029467655,-0.03716117347219017
2017-08-03,35.22,37.39476902946765,-0.05815703869581068
2017-08-04,35.62,37.12476902946766,-0.040532751281853185
2017-08-07,35.35,37.11476902946766,-0.047548969739418356
2017-08-08,35.34,36.80476902946766,-0.03979834864049514
2017-08-09,35.03,35.484769029467664,-0.012815893745567575
2017-08-10,33.71,35.16476902946766,-0.04137007208119514
2017-08-11,33.39,35.994769029467655,-0.07236521027083742
2017-08-14,34.22,35.76476902946766,-0.043192478838459114
2017-08-15,33.99,35.72476902946765,-0.04855927908272051
2017-08-16,33.95,34.58476902946766,-0.018354005167037668
2017-08-17,32.81,34.83476902946766,-0.05812494487202857
2017-08-18,33.06,34.47476902946765,-0.041037810239087036
2017-08-21,32.7,35.19476902946765,-0.07088465411944722
2017-08-22,33.42,35.274769029467656,-0.05258061443062112
2017-08-23,33.5,35.774769029467656,-0.0635858481041186
2017-08-24,34.0,35.62476902946766,-0.045607847397514334
2017-08-25,33.85,35.244769029467655,-0.03957378833441938
2017-08-28,33.47,35.08476902946766,-0.046024787226372155
2017-08-29,33.31,35.16476902946766,-0.052745093474476645
2017-08-30,33.39,34.90476902946766,-0.04339719389602159
2017-08-31,33.13,35.384769029467655,-0.06372145675417384
2017-09-01,33.61,34.424769029467654,-0.023668104461941675
2017-09-05,32.65,34.54476902946766,-0.05484966559919302
2017-09-06,32.77,33.854769029467654,-0.03204183813877015
2017-09-07,32.08,34.58476902946766,-0.07242404965415539
2017-09-08,32.81,35.234769029467664,-0.06881750884871052
2017-09-11,33.46,36.25476902946765,-0.0770869351614426
2017-09-12,34.48,36.46476902946765,-0.05442977104458646
2017-09-13,34.69,36.55476902946766,-0.05101301633076727
2017-09-14,34.78,36.93476902946765,-0.05833985391240737
2017-09-15,35.16,37.36476902946766,-0.05900662808135859
2017-09-18,35.59,37.59476902946765,-0.05332574401231893
2017-09-19,35.82,37.564769029467655,-0.046446952145479004
2017-09-20,35.79,38.04476902946766,-0.0592662036592001
2017-09-21,36.27,38.12476902946766,-0.04864997419483519
2017-09-22,36.35,38.23476902946765,-0.04929463619918961
2017-09-25,36.46,38.59476902946765,-0.05531239292655754
2017-09-26,36.82,38.994769029467655,-0.055770788841555174
2017-09-27,37.22,38.84476902946765,-0.04182722848049636
2017-09-28,37.07,39.64476902946765,-0.0649459964706528
2017-09-29,37.87,38.760243126292806,-0.02296794484472464
2017-10-02,37.22,38.38024312629281,-0.030230218252525254
2017-10-03,36.84,38.1102431262928,-0.03333075367909255
2017-10-04,36.57,38.67024312629281,-0.054311609043512954
2017-10-05,37.13,39.03024312629281,-0.04868642811534796
2017-10-06,37.49,38.85024312629281,-0.03501247397271068
2017-10-09,37.31,39.35024312629281,-0.051848297855358605
2017-10-10,37.81,38.99024312629281,-0.03027021715329903
2017-10-11,37.45,38.700243126292804,-0.03230582097928447
2017-10-12,37.16,38.520243126292804,-0.03531242318053662
2017-10-13,36.98,38.590243126292805,-0.041726690371527986
2017-10-16,37.05,38.22024312629281,-0.030618411359287445
2017-10-17,36.68,38.72024312629281,-0.052691898644287916
2017-10-18,37.18,38.97024312629281,-0.045938721000304716
2017-10-19,37.43,39.870243126292806,-0.06120462116478953
2017-10-20,38.33,40.04024312629281,-0.0427131054349108
2017-10-23,38.5,39.910243126292805,-0.03533536796130765
2017-10-24,38.37,39.57024312629281,-0.03033196239057978
2017-10-25,38.03,40.050243126292806,-0.05044271816084245
2017-10-26,38.51,39.99024312629281,-0.037015106950414656
2017-10-27,38.45,39.620243126292806,-0.029536495335542368
2017-10-30,38.08,39.550243126292806,-0.03717406038688542
2017-10-31,38.01,39.910243126292805,-0.04761291782361832
2017-11-01,38.37,40.28024312629281,-0.04742382314584159
2017-11-02,38.74,40.3602431262928,-0.04014453335235946
2017-11-03,38.82,40.260243126292806,-0.03577333405004268
2017-11-06,38.72,39.21024312629281,-0.012502935131357917
2017-11-07,37.67,38.85024312629281,-0.030379298334276106
2017-11-08,37.31,38.35024312629281,-0.027124811774129842
2017-11-09,36.81,38.22024312629281,-0.03689780626546191
2017-11-10,36.68,38.74024312629281,-0.053180954997531615
2017-11-13,37.2,39.6102431262928,-0.06084898592033405
2017-11-14,38.07,39.68024312629281,-0.04058047530524911
2017-11-15,38.14,39.46024312629281,-0.03345755174562304
2017-11-16,37.92,39.71024312629281,-0.045082653374828086
2017-11-17,38.17,39.79024312629281,-0.040719608602295065
2017-11-20,38.25,39.440243126292806,-0.030178392219375794
2017-11-21,37.9,39.370243126292806,-0.03734401948132571
2017-11-22,37.83,39.29024312629281,-0.03716554060505728
2017-11-24,37.75,39.17024312629281,-0.03625821575101429
2017-11-27,37.63,40.32024312629281,-0.06672189743167745
2017-11-28,38.78,42.21024312629281,-0.08126565668028829
2017-11-29,40.67,42.24024312629281,-0.03717410246901243
2017-11-30,40.7,42.2302431262928,-0.03623571670464898
2017-12-01,40.69,43.39024312629281,-0.06223157400693535
2017-12-04,41.85,42.43024312629281,-0.013675225111619671
2017-12-05,40.89,42.17024312629281,-0.03035892210672575
2017-12-06,40.63,42.97024312629281,-0.05446194752528288
2017-12-07,41.43,43.2802431262928,-0.042750294190671445
2017-12-08,41.74,42.960243126292816,-0.02840400885780814
2017-12-11,41.42,43.460243126292816,-0.04694504631195906
2017-12-12,41.92,42.880243126292804,-0.02239360265436585
2017-12-13,41.34,42.410243126292805,-0.025235486698478526
2017-12-14,40.87,43.24024312629281,-0.05481567528124176
2017-12-15,41.7,43.57024312629281,-0.04292478058641336
2017-12-18,42.03,43.62024312629279,-0.036456539723737746
2017-12-19,42.08,43.47024312629281,-0.03198148955030633
2017-12-20,41.93,44.14024312629281,-0.050073197829221816
2017-12-21,42.6,44.17024312629281,-0.035549795861506195
2017-12-22,42.63,44.06024312629282,-0.03246108112007495
2017-12-26,42.52,43.900243126292814,-0.03144044378802435
2017-12-27,42.36,43.9802431262928,-0.03684024941927089
2017-12-28,42.44,43.5202431262928,-0.024821624345204296
2017-12-29,41.98,44.639557703088734,-0.05957849584393882
2018-01-02,42.68,45.129557703088736,-0.05427834500848838
2018-01-03,43.17,45.639557703088734,-0.05411002707683121
2018-01-04,43.68,45.83955770308874,-0.0471112246997798
2018-01-05,43.88,46.019557703088736,-0.04649235694295106
2018-01-08,44.06,46.14955770308873,-0.04527795729987849
2018-01-09,44.19,46.85955770308872,-0.056969332062490996
2018-01-10,44.9,47.25955770308874,-0.049927629833372844
2018-01-11,45.3,47.47955770308873,-0.04590518127229615
2018-01-12,45.52,47.209557703088734,-0.03578846710902761
2018-01-16,45.25,47.79955770308874,-0.053338520806521794
2018-01-17,45.84,47.71955770308874,-0.039387575944927034
2018-01-18,45.76,48.77955770308873,-0.06190211320627714
2018-01-19,46.82,49.76955770308875,-0.05926429406274791
2018-01-22,47.81,49.82955770308873,-0.040529312243193893
2018-01-23,47.87,49.33955770308874,-0.029784573909886203
2018-01-24,47.38,48.629557703088736,-0.02569543631710569
2018-01-25,46.67,48.90955770308873,-0.0457897762372792
2018-01-26,46.95,48.709557703088734,-0.03612345884588386
2018-01-29,46.75,48.129557703088736,-0.028663419506142707
2018-01-30,46.17,47.85955770308872,-0.03530240947002483
2018-01-31,45.9,48.76955770308875,-0.058839116822808735
2018-02-01,46.81,47.97955770308873,-0.02437616683184718
2018-02-02,46.02,45.639557703088734,0.008335801573412738
2018-02-05,43.68,46.559557703088736,-0.06184675811251761
2018-02-06,44.6,46.79955770308874,-0.04699954040257026
2018-02-07,44.84,44.14955770308873,0.015638713790851133
2018-02-08,42.19,45.00955770308873,-0.06264353277337908
2018-02-09,43.05,45.919557703088735,-0.06249097000548243
2018-02-12,43.96,46.349557703088735,-0.051555134967976035
2018-02-13,44.39,47.80955770308874,-0.07152456260577
2018-02-14,45.85,47.97955770308873,-0.04438468808460139
2018-02-15,46.02,47.88955770308874,-0.03903894278330655
2018-02-16,45.93,48.04955770308874,-0.044111908712793135
2018-02-20,46.09,48.25955770308874,-0.044956021280524006
2018-02-21,46.3,47.40955770308873,-0.023403671260498693
2018-02-22,45.45,48.38955770308874,-0.060747769614375
2018-02-23,46.43,46.49955770308873,-0.0014958788109958876
2018-02-26,44.54,45.709557703088734,-0.02558672106795956
2018-02-27,43.75,45.449557703088736,-0.03739437277237212
2018-02-28,43.49,45.489557703088735,-0.043956411186494404
2018-03-01,43.53,46.139557703088734,-0.05655792627838818
2018-03-02,44.18,46.819557703088726,-0.05637724559099355
2018-03-05,44.86,47.27955770308873,-0.05117555706175014
2018-03-06,45.32,47.39955770308872,-0.04387293476692522
2018-03-07,45.44,47.17955770308874,-0.036871004896573245
2018-03-08,45.22,48.21955770308874,-0.06220624671753472
2018-03-09,46.26,48.10955770308872,-0.03844470395058264
2018-03-12,46.15,47.68955770308874,-0.032282910080103866
2018-03-13,45.73,47.08955770308874,-0.02887174501958767
2018-03-14,45.13,46.919557703088735,-0.038140975548261125
2018-03-15,44.96,46.82955770308873,-0.039922600058326374
2018-03-16,44.87,46.86955770308873,-0.04266218417838752
2018-03-19,44.91,46.72955770308873,-0.038938046763675294
2018-03-20,44.77,46.879557703088736,-0.044999522317373364
2018-03-21,44.92,44.90955770308874,0.00023251836458282327
2018-03-22,42.95,43.22955770308873,-0.006466818490459714
2018-03-23,41.27,45.07955770308873,-0.08450743301830821
2018-03-26,43.12,43.54955770308874,-0.009863652485689323
2018-03-27,41.59,43.50955770308873,-0.04411806978567512
2018-03-28,41.55,43.93955770308874,-0.05438283469386784
2018-03-29,41.98,43.49542093949366,-0.03484093053385462
2018-04-02,41.1,44.20542093949366,-0.07024977646393682
2018-04-03,41.81,45.165420939493664,-0.07429181151635422
2018-04-04,42.77,45.415420939493664,-0.0582493982169211
2018-04-05,43.02,43.87542093949366,-0.01949658649824293
2018-04-06,41.48,44.13542093949366,-0.06016530222140737
2018-04-09,41.74,45.09542093949365,-0.07440713202335447
2018-04-10,42.7,44.57542093949366,-0.04207298327119202
2018-04-11,42.18,45.63542093949367,-0.07571795917200119
2018-04-12,43.24,44.675420939493655,-0.03212999249492743
2018-04-13,42.28,44.76542093949366,-0.055521000078454064
2018-04-16,42.37,43.68542093949366,-0.030111211273792793
2018-04-17,41.29,43.425420939493655,-0.04917444421480732
2018-04-18,41.03,44.25542093949366,-0.07288194013346927
2018-04-19,41.86,44.37542093949366,-0.05668500458673875
2018-04-20,41.98,44.90542093949365,-0.06514627584574739
2018-04-23,42.51,44.66542093949366,-0.04825703853577279
2018-04-24,42.27,44.91542093949366,-0.05889783250739977
2018-04-25,42.52,44.37542093949366,-0.04181190623574116
2018-04-26,41.98,44.86542093949366,-0.06431280213296109
2018-04-27,42.47,43.88542093949366,-0.03225264584895182
2018-04-30,41.49,43.34542093949366,-0.042805465935690346
2018-05-01,40.95,43.40542093949365,-0.056569453454131
2018-05-02,41.01,42.80542093949366,-0.04194377487915668
2018-05-03,40.41,43.425420939493655,-0.06943907218988532
2018-05-04,41.03,43.465420939493654,-0.056031228660683996
2018-05-07,41.07,43.715420939493654,-0.060514593766697766
2018-05-08,41.32,44.56542093949366,-0.07282374700106531
2018-05-09,42.17,44.75542093949366,-0.05776777170723013
2018-05-10,42.36,44.79542093949365,-0.05436763152160662
2018-05-11,42.4,44.73542093949366,-0.05220518529718099
2018-05-14,42.34,45.11542093949366,-0.06151823216314212
2018-05-15,42.72,44.93542093949366,-0.04930232972506843
2018-05-16,42.54,44.89542093949366,-0.05246461421239601
2018-05-17,42.5,43.95542093949366,-0.033111295680619435
2018-05-18,41.56,44.285420939493655,-0.06154217080192925
2018-05-21,41.89,44.58542093949365,-0.06045520896060563
2018-05-22,42.19,44.18542093949366,-0.04516016588879257
2018-05-23,41.79,43.93542093949366,-0.0488312367018916
2018-05-24,41.54,43.90542093949365,-0.05387537321993685
2018-05-25,41.51,41.80542093949366,-0.007066570144604767
2018-05-29,39.41,42.83542093949365,-0.07996701945177953
2018-05-30,40.44,43.24542093949366,-0.0648720923174465
2018-05-31,40.85,44.02542093949366,-0.07212698644852922
2018-06-01,41.63,44.30542093949366,-0.06038585985104128
2018-06-04,41.91,43.88542093949366,-0.045013147810915366
2018-06-05,41.49,44.77542093949366,-0.07337554556847925
2018-06-06,42.38,44.30542093949366,-0.043457908731374784
2018-06-07,41.91,44.37542093949366,-0.0555582547116632
2018-06-08,41.98,44.24542093949366,-0.051201251822005855
2018-06-11,41.85,44.605420939493655,-0.06177323028138948
2018-06-12,42.21,44.23542093949366,-0.0457873101798687
2018-06-13,41.84,43.79542093949365,-0.04464898150414387
2018-06-14,41.4,44.09542093949366,-0.06112700325941389
2018-06-15,41.7,44.24542093949366,-0.057529590304374434
2018-06-18,41.85,44.14542093949366,-0.0519968071578657
2018-06-19,41.75,44.285420939493655,-0.05725181980222682
2018-06-20,41.89,44.32542093949366,-0.054944113059143374
2018-06-21,41.93,43.57542093949366,-0.03776029936184433
2018-06-22,41.18,43.24542093949366,-0.0477604540463018
2018-06-25,40.85,42.535420939493655,-0.039623939349069826
2018-06-26,40.14,41.95542093949366,-0.04327023537939911
2018-06-27,39.56,41.90542093949365,-0.055969392191052125
2018-06-28,39.51,41.29542093949365,-0.04323532485864878
2018-06-29,38.9,41.424359878072984,-0.060939019589031584
2018-07-02,39.38,41.00435987807298,-0.03961432108446605
2018-07-03,38.96,41.22435987807298,-0.05492771470000146
2018-07-05,39.18,41.39435987807299,-0.05349424135547409
2018-07-06,39.35,42.54435987807298,-0.07508304008398836
2018-07-09,40.5,42.08435987807298,-0.03764723718415097
2018-07-10,40.04,41.83435987807298,-0.04289201229091777
2018-07-11,39.79,41.61435987807298,-0.04383967177239356
2018-07-12,39.57,41.40435987807298,-0.04430354396191072
2018-07-13,39.36,42.024359878072985,-0.0634003679247751
2018-07-16,39.98,42.08435987807298,-0.050003371422774334
2018-07-17,40.04,43.08435987807298,-0.07066044120623816
2018-07-18,41.04,42.70435987807298,-0.03897400365735404
2018-07-19,40.66,42.244359878072984,-0.03750464873052439
2018-07-20,40.2,42.57435987807298,-0.055769714092538725
2018-07-23,40.53,42.08435987807298,-0.03693438328576881
2018-07-24,40.04,41.96435987807298,-0.04585700541278814
2018-07-25,39.92,42.00435987807298,-0.049622465004187655
2018-07-26,39.96,42.14435987807299,-0.05183042011772199
2018-07-27,40.1,42.11435987807298,-0.0478307134171061
2018-07-30,40.07,41.82435987807298,-0.04194588711428748
2018-07-31,39.78,41.96435987807298,-0.05205273914387387
2018-08-01,39.92,42.33435987807298,-0.05703074016062992
2018-08-02,40.29,42.46435987807298,-0.051204348406903466
2018-08-03,40.42,42.174359878072984,-0.04159778318259899
2018-08-06,40.13,42.45435987807298,-0.05474961546348678
2018-08-07,40.41,43.05435987807298,-0.06141909636008136
2018-08-08,41.01,42.634359878072985,-0.03809978343097864
2018-08-09,40.59,42.314359878072985,-0.040751174850373495
2018-08-10,40.27,41.884359878072985,-0.03854326251546991
2018-08-13,39.84,42.44435987807298,-0.06135938639560934
2018-08-14,40.4,41.79435987807298,-0.03336239344592806
2018-08-15,39.75,42.50435987807298,-0.06480182000091461
2018-08-16,40.46,42.73435987807298,-0.05322087155539568
2018-08-17,40.69,42.89435987807299,-0.051390436512839366
2018-08-20,40.85,43.314359878072985,-0.05689475464972793
2018-08-21,41.27,43.29435987807298,-0.046758050789387995
2018-08-22,41.25,43.08435987807298,-0.0425760039899431
2018-08-23,41.04,42.994359878072984,-0.04545619201251794
2018-08-24,40.95,43.47435987807298,-0.05806548699400593
2018-08-27,41.43,43.54435987807298,-0.04855645791999985
2018-08-28,41.5,43.174359878072984,-0.03878134806865641
2018-08-29,41.13,42.96435987807298,-0.04269491930704061
2018-08-30,40.92,43.20435987807298,-0.0528733647372549
2018-08-31,41.16,43.274359878072985,-0.048859414305151394
2018-09-04,41.23,43.524359878072985,-0.05271438533502382
2018-09-05,41.48,43.23435987807298,-0.04057790801160299
2018-09-06,41.19,43.05435987807298,-0.04330246421855355
2018-09-07,41.01,42.80435987807298,-0.04192002597829203
2018-09-10,40.76,43.07435987807298,-0.053729408507150245
2018-09-11,41.03,42.40435987807298,-0.03241081535070289
2018-09-12,40.36,41.814359878072985,-0.034781349811733864
2018-09-13,39.77,42.18435987807299,-0.05723353121989527
2018-09-14,40.14,41.93435987807299,-0.04278972859703145
2018-09-17,39.89,41.85435987807299,-0.04693321995116917
2018-09-18,39.81,42.46435987807298,-0.06250794514963576
2018-09-19,40.42,43.07435987807298,-0.06162273532529461
2018-09-20,41.03,43.024359878072985,-0.0463542022176463
2018-09-21,40.98,42.45435987807298,-0.034728114669665855
2018-09-24,40.41,42.18435987807299,-0.04206203159657962
2018-09-25,40.14,41.45435987807298,-0.031706191627100755
2018-09-26,39.41,40.97435987807298,-0.03817899493068433
2018-09-27,38.93,40.61435987807298,-0.04147202819715845
2018-09-28,38.57,40.375484359208436,-0.044717342413668426
2018-10-01,38.36,40.08548435920843,-0.04304511687438428
2018-10-02,38.07,40.84548435920844,-0.0679508249871621
2018-10-03,38.83,41.115484359208445,-0.05558694965724209
2018-10-04,39.1,40.79548435920844,-0.04156058901714521
2018-10-05,38.78,41.24548435920843,-0.05977586146731695
2018-10-08,39.23,40.985484359208435,-0.042831855879093106
2018-10-09,38.97,40.17548435920843,-0.030005471705834674
2018-10-10,38.16,39.00548435920844,-0.021676037949490023
2018-10-11,36.99,38.125484359208436,-0.029782817931182093
2018-10-12,36.11,37.86548435920844,-0.04636106968961895
2018-10-15,35.85,37.72548435920844,-0.04971399018633538
2018-10-16,35.71,37.90548435920844,-0.05791996583932535
2018-10-17,35.89,36.93548435920844,-0.028305689700473202
2018-10-18,34.92,38.385484359208434,-0.09028111581916476
2018-10-19,36.37,37.78548435920844,-0.03746106165404983
2018-10-22,35.77,38.25548435920844,-0.06497066762690606
2018-10-23,36.24,37.04548435920844,-0.021743118578181453
2018-10-24,35.03,37.90548435920844,-0.07585932241253346
2018-10-25,35.89,37.875484359208436,-0.05242135890272026
2018-10-26,35.86,38.17548435920843,-0.06065369956857947
2018-10-29,36.16,38.345484359208434,-0.05699456913193501
2018-10-30,36.33,39.36548435920844,-0.07711030128601415
2018-10-31,37.35,39.42548435920843,-0.0526432177801176
2018-11-01,37.41,39.53548435920844,-0.053761434662008445
2018-11-02,37.52,39.74548435920843,-0.0559933888110441
2018-11-05,37.73,39.74548435920843,-0.050709769718568776
2018-11-06,37.73,40.15548435920844,-0.06040231858521283
2018-11-07,38.14,40.31548435920843,-0.05396150868051108
2018-11-08,38.3,40.07548435920844,-0.04430350344101264
2018-11-09,38.06,39.635484359208434,-0.03974934038726852
2018-11-12,37.62,39.705484359208434,-0.0525238362625533
2018-11-13,37.69,38.22548435920844,-0.014008569627959266
2018-11-14,36.21,38.595484359208434,-0.06180734349663075
2018-11-15,36.58,38.275484359208434,-0.044296875339228214
2018-11-16,36.26,37.96548435920844,-0.04492197025782918
2018-11-19,35.95,37.24548435920843,-0.03478232009857429
2018-11-20,35.23,37.515484359208436,-0.06092109426937076
2018-11-21,35.5,37.205484359208434,-0.045839595655911
2018-11-23,35.19,38.07548435920844,-0.07578326074558772
2018-11-26,36.06,38.06548435920843,-0.05268511337681914
2018-11-27,36.05,38.44548435920844,-0.06230860136464067
2018-11-28,36.43,38.04548435920844,-0.04246192120872372
2018-11-29,36.03,38.375484359208436,-0.06111934216266435
2018-11-30,36.36,38.56548435920843,-0.057188037330635044
2018-12-03,36.55,36.455484359208434,0.0025926316013324957
2018-12-04,34.44,35.79548435920844,-0.03786746801932128
2018-12-06,33.78,35.025484359208434,-0.03555937575153012
2018-12-07,33.01,34.06548435920843,-0.030983982146818412
2018-12-10,32.05,33.69548435920843,-0.04883397257824984
2018-12-11,31.68,33.64548435920844,-0.058417478500959796
2018-12-12,31.63,32.89548435920844,-0.03846985031105621
2018-12-13,30.88,32.275484359208434,-0.043236666681046865
2018-12-14,30.26,32.095484359208434,-0.05718824301468495
2018-12-17,30.08,31.82548435920844,-0.05484549235786884
2018-12-18,29.81,31.015484359208436,-0.03886717825351427
2018-12-19,29.0,30.86548435920844,-0.0604391733334938
2018-12-20,28.85,30.535484359208436,-0.05519756422989741
2018-12-21,28.52,29.955484359208434,-0.04792058582645353
2018-12-24,27.94,31.505484359208435,-0.11317027596074114
2018-12-26,29.49,31.595484359208434,-0.06663877455623801
2018-12-27,29.58,31.58548435920844,-0.06349386118005695
2018-12-28,29.57,31.745484359208437,-0.06852893893796874
2018-12-31,29.73,32.76006417730459,-0.0924926203106693
2019-01-02,30.51,32.620064177304585,-0.06468608295297773
2019-01-03,30.37,33.870064177304585,-0.10333798480517442
2019-01-04,31.62,34.26006417730459,-0.07705952223678225
2019-01-07,32.01,34.26006417730459,-0.06567600590763456
2019-01-08,32.01,34.68006417730459,-0.07699132745699877
2019-01-09,32.43,34.49006417730459,-0.0597292068438704
2019-01-10,32.24,34.8800641773046,-0.07568977407508337
2019-01-11,32.63,35.31006417730459,-0.07590085828921234
2019-01-14,33.06,35.35006417730459,-0.06478246166169199
2019-01-15,33.1,36.20006417730459,-0.08563698014790133
2019-01-16,33.95,36.15006417730459,-0.060859205298058994
2019-01-17,33.9,37.68006417730459,-0.10032000368994576
2019-01-18,35.43,37.43006417730459,-0.05343469804995182
2019-01-22,35.18,37.20006417730459,-0.054302706782345056
2019-01-23,34.95,37.40006417730459,-0.06550962494848755
2019-01-24,35.15,37.69006417730459,-0.06739346914760935
2019-01-25,35.44,37.5900641773046,-0.057197672426500534
2019-01-28,35.34,37.30006417730459,-0.05254854704773404
2019-01-29,35.05,36.820064177304594,-0.04807335937224255
2019-01-30,34.57,36.170064177304596,-0.04423725015972124
2019-01-31,33.92,36.44006417730459,-0.06915641435324704
2019-02-01,34.19,36.70006417730459,-0.06839399967199022
2019-02-04,34.45,36.6300641773046,-0.05951570728219813
2019-02-05,34.38,36.77006417730459,-0.06500027211755033
2019-02-06,34.52,37.830064177304585,-0.0874982437722216
2019-02-07,35.58,37.570064177304594,-0.05296941117568699
2019-02-08,35.32,37.70006417730459,-0.06313156832070821
2019-02-11,35.45,38.27006417730459,-0.07368851445451663
2019-02-12,36.02,38.5600641773046,-0.06587292400824385
2019-02-13,36.31,38.150064177304586,-0.048232269512124004
2019-02-14,35.9,38.95006417730459,-0.07830703855635246
2019-02-15,36.7,39.330064177304585,-0.06687159638102658
2019-02-19,37.08,39.910064177304584,-0.07091104050175745
2019-02-20,37.66,39.48006417730459,-0.046100841405188775
2019-02-21,37.23,39.48006417730459,-0.05699241437905411
2019-02-22,37.23,39.290064177304586,-0.05243219171157676
2019-02-25,37.04,38.940064177304585,-0.04879458258345648
2019-02-26,36.69,39.28006417730459,-0.06593838965265975
2019-02-27,37.03,39.190064177304585,-0.05511764837975186
2019-02-28,36.94,39.250064177304594,-0.058855042041952466
2019-03-01,37.0,39.100064177304596,-0.05370999310337621
2019-03-04,36.85,38.790064177304586,-0.050014461652777675
2019-03-05,36.54,37.98006417730459,-0.037916317639218655
2019-03-06,35.73,37.170064177304596,-0.03874257979311957
2019-03-07,34.92,37.01006417730459,-0.056472860119660795
2019-03-08,34.76,37.35006417730459,-0.0693456419514914
2019-03-11,35.1,37.31006417730459,-0.05923506769653197
2019-03-12,35.06,37.750064177304594,-0.07125985706063687
2019-03-13,35.5,37.99006417730459,-0.06554514269002376
2019-03-14,35.74,38.120064177304585,-0.062435996073731514
2019-03-15,35.87,38.650064177304586,-0.07192909601782882
2019-03-18,36.4,37.99006417730459,-0.04185473785681315
2019-03-19,35.74,36.51006417730459,-0.02109183302348938
2019-03-20,34.26,35.530064177304595,-0.035746183034363055
2019-03-21,33.28,34.02006417730459,-0.021753756061350993
2019-03-22,31.77,33.860064177304594,-0.061726527343840765
2019-03-25,31.61,34.470064177304586,-0.08297240650882454
2019-03-26,32.22,34.24006417730459,-0.05899709085953042
2019-03-27,31.99,34.68006417730459,-0.07756802765852511
2019-03-28,32.43,34.750064177304594,-0.06676431345470257
2019-03-29,32.5,35.74558644599416,-0.09079684427328438
2019-04-01,33.75,36.005586445994155,-0.06264545779242825
2019-04-02,34.01,36.145586445994155,-0.059082910417983636
2019-04-03,34.15,36.69558644599415,-0.06937037100471355
2019-04-04,34.7,36.57558644599416,-0.05127973679283482
2019-04-05,34.58,36.66558644599415,-0.05688130610064224
2019-04-08,34.67,35.955586445994165,-0.03575484571570353
2019-04-09,33.96,36.105586445994156,-0.05942533156755314
2019-04-10,34.11,36.355586445994156,-0.061767300861174435
2019-04-11,34.36,37.05558644599416,-0.0727444011693833
2019-04-12,35.06,36.44558644599415,-0.038017948978468
2019-04-15,34.45,36.895586445994155,-0.0662839835754847
2019-04-16,34.9,36.99558644599416,-0.05664422833391969
2019-04-17,35.0,37.355586445994156,-0.06305847853304836
2019-04-18,35.36,37.69558644599415,-0.06195914870140862
2019-04-22,35.7,38.09558644599416,-0.06288356918695126
2019-04-23,36.1,37.80558644599416,-0.045114667072566506
2019-04-24,35.81,37.715586445994155,-0.05052517077317109
2019-04-25,35.72,37.965586445994155,-0.05914794571100568
2019-04-26,35.97,38.38558644599416,-0.06292951781244038
2019-04-29,36.39,38.19558644599415,-0.04727212261937963
2019-04-30,36.2,37.88558644599416,-0.0444914967436747
2019-05-01,35.89,38.24558644599416,-0.0615910661827721
2019-05-02,36.25,38.795586445994154,-0.06561536193138273
2019-05-03,36.8,38.58558644599416,-0.04627599605083976
2019-05-06,36.59,37.895586445994155,-0.03445220323624687
2019-05-07,35.9,37.66558644599415,-0.046875320752690075
2019-05-08,35.67,37.81558644599415,-0.05673815079023936
2019-05-09,35.82,38.045586445994154,-0.058497887768227286
2019-05-10,36.05,36.51558644599416,-0.012750348311747817
2019-05-13,34.52,36.90558644599415,-0.06464025302741361
2019-05-14,34.91,36.205586445994165,-0.03578415855593775
2019-05-15,34.21,36.755586445994155,-0.06925713047006998
2019-05-16,34.76,36.755586445994155,-0.05429341874129312
2019-05-17,34.76,36.84558644599416,-0.05660342654746653
2019-05-20,34.85,37.26558644599416,-0.06482083542398731
2019-05-21,35.27,36.87558644599416,-0.043540634895274266
2019-05-22,34.88,36.01558644599416,-0.03153041663494727
2019-05-23,34.02,36.43558644599415,-0.06629744932401715
2019-05-24,34.44,35.755586445994155,-0.03679387130123679
2019-05-28,33.76,35.94558644599415,-0.060802637043572805
2019-05-29,33.95,35.51558644599416,-0.04408167237713578
2019-05-30,33.52,34.57558644599416,-0.030529820445502676
2019-05-31,32.58,35.09558644599416,-0.07167814248852056
2019-06-03,33.1,36.53558644599415,-0.09403397564378857
2019-06-04,34.54,36.30558644599416,-0.04863126088379077
2019-06-05,34.31,36.40558644599415,-0.05756222191621185
2019-06-06,34.41,35.855586445994156,-0.040316909839740234
2019-06-07,33.86,36.455586445994165,-0.07119859256246786
2019-06-10,34.46,36.83558644599416,-0.06449161463676123
2019-06-11,34.84,36.74558644599416,-0.05185892049361729
2019-06-12,34.75,36.87558644599416,-0.05764210554609539
2019-06-13,34.88,36.965586445994155,-0.05641967696200745
2019-06-14,34.97,36.37558644599416,-0.03864092880209635
2019-06-17,34.38,37.28558644599415,-0.07792787301877913
2019-06-18,35.29,36.66558644599415,-0.037517099256554776
2019-06-19,34.67,36.955586445994165,-0.06184684551912745
2019-06-20,34.96,36.78558644599415,-0.049627765175752625
2019-06-21,34.79,36.455586445994165,-0.045688099091797385
2019-06-24,34.46,36.33558644599416,-0.051618444325423396
2019-06-25,34.34,36.38558644599416,-0.0562196915262132
2019-06-26,34.39,36.76558644599416,-0.06461440373006733
2019-06-27,34.77,37.355586445994156,-0.06921552281697396
2019-06-28,35.36,37.76118848962728,-0.06358879541852525
2019-07-01,35.6,37.18118848962728,-0.04252657200746546
2019-07-02,35.02,37.671188489627276,-0.07037708646641916
2019-07-03,35.51,38.05118848962728,-0.06678341966427692
2019-07-05,35.89,37.76118848962728,-0.04955322023673281
2019-07-08,35.6,38.15118848962728,-0.06687048531452455
2019-07-09,35.99,37.15118848962728,-0.031255756190720185
2019-07-10,34.99,37.721188489627274,-0.07240462453557917
2019-07-11,35.56,37.91118848962728,-0.06201832712974886
2019-07-12,35.75,37.24118848962728,-0.040041377574257964
2019-07-15,35.08,37.10118848962728,-0.05447772893292535
2019-07-16,34.94,36.51118848962728,-0.043033068892667004
2019-07-17,34.35,36.78118848962727,-0.06609869309451188
2019-07-18,34.62,38.99118848962728,-0.11210708518900714
2019-07-19,36.83,38.74118848962728,-0.049332211120445835
2019-07-22,36.58,39.321188489627275,-0.06971275780106156
2019-07-23,37.16,39.78118848962727,-0.0658901503234558
2019-07-24,37.62,39.18118848962728,-0.039845358188677404
2019-07-25,37.02,39.84118848962728,-0.07081085169840695
2019-07-26,37.68,39.69118848962727,-0.05067090621770798
2019-07-29,37.53,39.80118848962728,-0.05706333342832659
2019-07-30,37.64,39.421188489627276,-0.0451835309352977
2019-07-31,37.26,37.84118848962728,-0.015358621460491162
2019-08-01,35.68,37.671188489627276,-0.05285706582301086
2019-08-02,35.51,36.78118848962727,-0.03456083236640817
2019-08-05,34.62,36.94118848962729,-0.06283469981695511
2019-08-06,34.78,35.391188489627275,-0.017269510172183256
2019-08-07,33.23,35.66118848962728,-0.06817463445825533
2019-08-08,33.5,35.471188489627274,-0.05557153773417267
2019-08-09,33.31,34.84118848962728,-0.04394765379726162
2019-08-12,32.68,35.29118848962728,-0.0739898144941975
2019-08-13,33.13,33.88118848962727,-0.02217125558795685
2019-08-14,31.72,33.58118848962728,-0.055423544351391074
2019-08-15,31.42,34.56118848962728,-0.0908877450950516
2019-08-16,32.4,35.111188489627274,-0.07721722351917049
2019-08-19,32.95,34.461188489627276,-0.04385189704302095
2019-08-20,32.3,34.76118848962728,-0.07080277161299309
2019-08-21,32.6,34.93118848962728,-0.06673659243857444
2019-08-22,32.77,33.93118848962727,-0.03422186316822462
2019-08-23,31.77,34.37118848962727,-0.07567932922692722
2019-08-26,32.21,34.05118848962728,-0.05407119608139799
2019-08-27,31.89,35.02118848962727,-0.08940840173241638
2019-08-28,32.86,35.65118848962728,-0.0782915972195255
2019-08-29,33.49,35.90118848962728,-0.0671618013516162
2019-08-30,33.74,35.05118848962728,-0.037407818283117455
2019-09-03,32.89,35.41118848962728,-0.07119751121501583
2019-09-04,33.25,36.361188489627274,-0.08556344329929699
2019-09-05,34.2,36.30118848962728,-0.057882085326976807
2019-09-06,34.14,37.88118848962727,-0.09876111702914736
2019-09-09,35.72,38.44118848962729,-0.07078835479713519
2019-09-10,36.28,38.37118848962727,-0.054498924113142166
2019-09-11,36.21,38.53118848962727,-0.06024180879476737
2019-09-12,36.37,38.99118848962728,-0.067225149864939
2019-09-13,36.83,39.12118848962727,-0.05856643364080738
2019-09-16,36.96,38.56118848962728,-0.04152331793554509
2019-09-17,36.4,38.77118848962727,-0.06115851956051466
2019-09-18,36.61,38.33118848962728,-0.044903081731813455
2019-09-19,36.17,38.04118848962728,-0.04918848658310182
2019-09-20,35.88,38.03118848962727,-0.05656379868890993
2019-09-23,35.87,37.43118848962728,-0.041708226551767424
2019-09-24,35.27,37.76118848962728,-0.06597219497769746
2019-09-25,35.6,37.321188489627275,-0.04611826577027811
2019-09-26,35.16,37.54118848962728,-0.06342869220257141
2019-09-27,35.38,37.53118848962727,-0.05731735594309262
2019-09-30,35.37,37.7903828635892,-0.06404758777718622
2019-10-01,34.2,37.0903828635892,-0.07792809457425742
2019-10-02,33.5,37.020382863589205,-0.0950930971341093
2019-10-03,33.43,37.350382863589196,-0.1049623206784035
2019-10-04,33.76,37.530382863589196,-0.1004621476229891
2019-10-07,33.94,36.170382863589204,-0.06166323624498904
2019-10-08,32.58,36.5803828635892,-0.10935869311447366
2019-10-09,32.99,37.36038286358921,-0.11697907057179835
2019-10-10,33.77,38.070382863589195,-0.11295875008659584
2019-10-11,34.48,38.15038286358921,-0.09620828385164726
2019-10-14,34.56,38.710382863589196,-0.10721627006931578
2019-10-15,35.12,38.7203828635892,-0.09298417518941504
2019-10-16,35.13,38.600382863589196,-0.0899054000540166
2019-10-17,35.01,38.9103828635892,-0.1002401563938099
2019-10-18,35.32,39.170382863589204,-0.09829832087672352
2019-10-21,35.58,39.530382863589196,-0.09993282577659601
2019-10-22,35.94,39.570382863589195,-0.09174495167520114
2019-10-23,35.98,39.170382863589204,-0.08144885575154348
2019-10-24,35.58,39.4403828635892,-0.09787893989115026
2019-10-25,35.85,39.7603828635892,-0.09834872257153626
2019-10-28,36.17,39.320382863589195,-0.08012085931407498
2019-10-29,35.73,39.0903828635892,-0.08596443977833834
2019-10-30,35.5,38.7503828635892,-0.08388001932861777
2019-10-31,35.16,39.6403828635892,-0.11302572124510335
2019-11-01,36.05,40.740382863589204,-0.11512859069817749
2019-11-04,37.15,41.490382863589204,-0.10461178143039518
2019-11-05,37.9,41.270382863589205,-0.08166589766635601
2019-11-06,37.68,41.7803828635892,-0.0981413424806743
2019-11-07,38.19,42.11038286358921,-0.09309777297178112
2019-11-08,38.52,41.9703828635892,-0.0822099449224355
2019-11-11,38.38,41.9803828635892,-0.08576345945410402
2019-11-12,38.39,41.490382863589204,-0.07472533752659127
2019-11-13,37.9,41.1603828635892,-0.07921167483778102
2019-11-14,37.57,41.5903828635892,-0.096666166233081
2019-11-15,38.0,41.5903828635892,-0.08632723760599093
2019-11-18,38.0,41.62038286358921,-0.08698581354849644
2019-11-19,38.03,41.5903828635892,-0.08560591700410092
2019-11-20,38.0,41.7003828635892,-0.08873738343587723
2019-11-21,38.11,42.1803828635892,-0.09649942905337694
2019-11-22,38.59,42.3303828635892,-0.08836165918089334
2019-11-25,38.74,42.0803828635892,-0.07938099979787794
2019-11-26,38.49,42.240382863589204,-0.08878666833349169
2019-11-27,38.65,42.0503828635892,-0.08086449235480186
2019-11-29,38.46,41.9003828635892,-0.08210862594715906
2019-12-02,38.31,41.350382863589196,-0.07352732074136081
2019-12-03,37.76,41.9503828635892,-0.09988902549984213
2019-12-04,38.36,42.1503828635892,-0.08992522976258543
2019-12-05,38.56,42.62038286358921,-0.09526856848247622
2019-12-06,39.03,42.5403828635892,-0.08251883568715546
2019-12-09,38.95,42.9203828635892,-0.09250576529589638
2019-12-10,39.33,42.7303828635892,-0.07957763623238412
2019-12-11,39.14,44.1503828635892,-0.11348447144999185
2019-12-12,40.56,43.710382863589196,-0.07207401667976387
2019-12-13,40.12,43.880382863589205,-0.08569621817747342
2019-12-16,40.29,44.12038286358921,-0.08681662793888101
2019-12-17,40.53,43.990382863589204,-0.07866225839223961
2019-12-18,40.4,43.9003828635892,-0.07973467735955453
2019-12-19,40.31,44.130382863589205,-0.08657035393049572
2019-12-20,40.54,44.0303828635892,-0.0792721442918809
2019-12-23,40.44,44.100382863589196,-0.08300115840063005
2019-12-24,40.51,44.3403828635892,-0.08638587707673084
2019-12-26,40.75,44.070382863589195,-0.07534272787842022
2019-12-27,40.48,44.020382863589205,-0.08042598980931592
2019-12-30,40.43,44.2003828635892,-0.08530204082678017
2019-12-31,40.61,43.35408759174624,-0.06329478358734186
2020-01-02,40.75,42.51408759174625,-0.04149418914234748
2020-01-03,39.91,42.304087591746246,-0.05659234669827384
2020-01-06,39.7,42.054087591746246,-0.05597761660172762
2020-01-07,39.45,42.36408759174624,-0.06878674267291396
2020-01-08,39.76,42.624087591746246,-0.06719410909574175
2020-01-09,40.02,42.124087591746246,-0.049949748755116485
2020-01-10,39.52,42.46408759174624,-0.06933123396058749
2020-01-13,39.86,42.61408759174624,-0.06462857114602805
2020-01-14,40.01,41.58408759174625,-0.03785312322347745
2020-01-15,38.98,42.194087591746246,-0.07617388537570768
2020-01-16,39.59,43.47408759174624,-0.0893425901935122
2020-01-17,40.87,42.694087591746246,-0.042724594777354796
2020-01-21,40.09,42.75408759174624,-0.06231188037937563
2020-01-22,40.15,42.46408759174624,-0.054495168105202274
2020-01-23,39.86,41.734087591746245,-0.04490544060958179
2020-01-24,39.13,40.70408759174625,-0.038671486940919264
2020-01-27,38.1,40.61408759174624,-0.06190186067991743
2020-01-28,38.01,40.22408759174624,-0.05504382384550499
2020-01-29,37.62,40.51408759174623,-0.0714341051169528
2020-01-30,37.91,39.884087591746244,-0.04949561870270214
2020-01-31,37.28,40.28408759174624,-0.07457256130983458
2020-02-03,37.68,40.89408759174625,-0.07859541026646988
2020-02-04,38.29,42.11408759174624,-0.09080304977320008
2020-02-05,39.51,41.32408759174625,-0.04389903558593222
2020-02-06,38.72,41.02408759174625,-0.056164261705842766
2020-02-07,38.42,41.094087591746245,-0.06507231936409597
2020-02-10,38.49,41.60408759174624,-0.07485052003313342
2020-02-11,39.0,41.484087591746245,-0.05988049239970472
2020-02-12,38.88,41.554087591746246,-0.06435197466054787
2020-02-13,38.95,41.27408759174625,-0.056308636419403424
2020-02-14,38.67,40.564087591746244,-0.04669370628544944
2020-02-18,37.96,40.95408759174625,-0.07310839449270667
2020-02-19,38.35,41.384087591746244,-0.0733153192037842
2020-02-20,38.78,40.21408759174624,-0.03566132362134167
2020-02-21,37.61,38.664087591746245,-0.027262704421641804
2020-02-24,36.06,37.04408759174624,-0.026565307872922217
2020-02-25,34.44,36.29408759174624,-0.051085113713339014
2020-02-26,33.69,35.04408759174624,-0.038639544779164536
2020-02-27,32.44,34.29408759174625,-0.054064351086351214
2020-02-28,31.69,35.92408759174624,-0.11786207738562149
2020-03-02,33.32,33.75408759174625,-0.012860297010439559
2020-03-03,31.15,34.314087591746244,-0.09220957961613763
2020-03-04,31.71,32.374087591746246,-0.020512936151922734
2020-03-05,29.77,30.584087591746243,-0.026618011385958207
2020-03-06,27.98,25.364087591746248,0.10313449670884278
2020-03-09,22.76,28.014087591746243,-0.1875516228946984
2020-03-10,25.41,25.944087591746246,-0.02058610039214326
2020-03-11,23.34,23.854087591746243,-0.021551341662890633
2020-03-12,21.25,26.264087591746243,-0.19091040472016896
2020-03-13,23.66,21.114087591746248,0.12057885036192517
2020-03-16,18.51,21.714087591746246,-0.1475580117381562
2020-03-17,19.11,17.924087591746243,0.06616305584223148
2020-03-18,15.32,19.97408759174625,-0.23300626726346318
2020-03-19,17.37,20.124087591746246,-0.13685527749719273
2020-03-20,17.52,18.47408759174624,-0.05164463939060804
2020-03-23,15.87,20.404087591746244,-0.2222146700438764
2020-03-24,17.8,20.314087591746244,-0.12376079311421961
2020-03-25,17.71,23.32408759174625,-0.2406991300158262
2020-03-26,20.72,22.564087591746244,-0.08172666340919532
2020-03-27,19.96,22.25408759174625,-0.10308612214670598
2020-03-30,19.65,21.499869535621738,-0.08604096562338714
2020-03-31,18.81,19.98986953562174,-0.059023373490218356
2020-04-01,17.3,20.109869535621733,-0.13972589581670103
2020-04-02,17.42,19.62986953562174,-0.1125768834892944
2020-04-03,16.94,21.47986953562174,-0.21135461405354072
2020-04-06,18.79,22.219869535621743,-0.15436047138454867
2020-04-07,19.53,23.219869535621743,-0.15891000291629942
2020-04-08,20.53,24.79986953562174,-0.17217306443844926
2020-04-09,22.11,23.87986953562174,-0.07411554460051029
2020-04-13,21.19,23.01986953562174,-0.07949087342958816
2020-04-14,20.33,21.26986953562174,-0.044187837355922355
2020-04-15,18.58,19.87986953562174,-0.06538622063351929
2020-04-16,17.19,22.559869535621736,-0.23802750841013431
2020-04-17,19.87,22.98986953562174,-0.1357062740520404
2020-04-20,20.3,21.97986953562174,-0.07642763906761385
2020-04-21,19.29,22.26986953562174,-0.13380722912881438
2020-04-22,19.58,22.93986953562174,-0.14646419546564693
2020-04-23,20.25,23.28986953562174,-0.13052325308101342
2020-04-24,20.6,25.119869535621742,-0.1799320465901404
2020-04-27,22.43,24.97986953562173,-0.10207697570179752
2020-04-28,22.29,26.01986953562174,-0.14334697299367594
2020-04-29,23.33,25.07986953562174,-0.06977187553293873
2020-04-30,22.39,24.109869535621733,-0.07133466786623077
2020-05-01,21.42,23.889869535621738,-0.10338564352304058
2020-05-04,21.2,23.869869535621742,-0.11185103176359701
2020-05-05,21.18,23.22986953562173,-0.08824283461766191
2020-05-06,20.54,23.93986953562174,-0.1420170452709797
2020-05-07,21.25,24.889869535621738,-0.1462389961671937
2020-05-08,22.2,23.76986953562174,-0.06604451628432884
2020-05-11,21.08,22.81986953562174,-0.07624362325585654
2020-05-12,20.13,22.01986953562174,-0.08582564635837109
2020-05-13,19.33,22.839869535621737,-0.1536729240133199
2020-05-14,20.15,22.609869535621733,-0.1087962728730576
2020-05-15,19.92,24.26986953562174,-0.1792292096682795
2020-05-18,21.58,23.359869535621733,-0.07619347072583571
2020-05-19,20.67,24.359869535621733,-0.1514732880743056
2020-05-20,21.67,24.03986953562174,-0.09858079854011348
2020-05-21,21.35,23.969869535621743,-0.1092984478588146
2020-05-22,21.28,26.599869535621735,-0.19999607624005555
2020-05-26,23.91,28.31986953562174,-0.15571644954348574
2020-05-27,25.63,27.349869535621735,-0.06288401242213237
2020-05-28,24.66,26.78986953562174,-0.07950279611439359
2020-05-29,24.1,27.419869535621743,-0.12107532208746752
2020-06-01,24.73,27.809869535621736,-0.11074735649790524
2020-06-02,25.12,29.509869535621736,-0.14875936778787413
2020-06-03,26.82,31.149869535621747,-0.13900120932032412
2020-06-04,28.46,31.93986953562174,-0.1089506496493583
2020-06-05,29.25,29.93986953562174,-0.023041835062138416
2020-06-08,30.41,,
2020-06-09,29.51,,
2020-06-10,27.25,29.339869535621737,-0.07122968059160628
2020-06-11,24.48,,
2020-06-12,25.82,,
2020-06-15,26.65,29.92986953562173,-0.10958515979223094
2020-06-16,27.24,29.059869535621736,-0.06262483502862715
2020-06-17,26.370001,28.839869535621737,-0.085640766598166
2020-06-18,26.15,28.03986953562174,-0.06739936978739713
2020-06-19,25.35,28.119869535621742,-0.09850221858650232
2020-06-22,25.43,28.48986953562174,-0.10740201992837817
2020-06-23,25.799999,26.76986953562174,-0.036229931353649936
2020-06-24,24.08,27.949869535621744,-0.13845751697300934
2020-06-25,25.26,25.849869535621735,-0.0228190527154839
2020-06-26,23.16,26.219869535621743,-0.11670041040687373
2020-06-29,23.530001,27.92986953562173,-0.1575327278206632
2020-06-30,25.24,26.919869535621743,-0.062402588296308625
2020-07-01,24.23,26.449869535621744,-0.08392742855053037
2020-07-02,23.76,26.959869535621735,-0.1186900971977548
2020-07-06,24.27,26.18986953562174,-0.07330580753792837
2020-07-07,23.5,26.349869535621735,-0.10815497707755506
2020-07-08,23.66,25.419869535621743,-0.06923204437204433
2020-07-09,22.73,26.869869535621742,-0.1540710694606634
2020-07-10,24.18,27.059870535621734,-0.10642588004368536
2020-07-13,24.370001,26.57986853562173,-0.08314064957319556
2020-07-14,23.889999,28.13987053562174,-0.15102669112290001
2020-07-15,25.450001,28.13987053562174,-0.09558926478416752
2020-07-16,25.450001,27.839869535621737,-0.08584338129041325
2020-07-17,25.15,27.359869535621733,-0.08077047051502018
2020-07-20,24.67,28.23986853562174,-0.12641236382239918
2020-07-21,25.549999,28.199869535621744,-0.09396747500106195
2020-07-22,25.51,28.73986853562174,-0.11238285699248984
2020-07-23,26.049999,28.26986953562174,-0.0785242582327651
2020-07-24,25.58,27.549870535621746,-0.07150198884146197
2020-07-27,24.860001,26.869869535621742,-0.07480008538773264
2020-07-28,24.18,28.03986953562174,-0.1376564727135473
2020-07-29,25.35,27.46987053562174,-0.07717075087313507
2020-07-30,24.780001,27.499868535621747,-0.09890474683901085
2020-07-31,24.809999,,
2020-08-03,24.23,,
2020-08-04,24.209999,,
2020-08-05,24.870001,,
2020-08-06,24.75,,
