FANG,dcf,Deviation
17.5,,
17.75,,
17.79,,
17.7,,
17.7,,
17.41,,
17.03,,
17.13,,
17.39,,
17.03,,
17.14,,
17.03,,
17.23,,
17.0,,
16.71,,
17.01,,
17.06,,
16.75,,
16.55,,
16.5,,
16.04,,
16.05,,
16.7,,
16.82,,
17.12,,
17.13,,
17.2,,
17.32,,
17.26,,
17.23,,
17.25,,
18.16,,
18.0,,
18.1,,
17.83,,
17.98,,
17.62,,
17.75,,
17.62,,
17.54,,
17.64,,
17.88,,
17.57,,
17.98,,
18.8,,
19.18,,
19.02,,
18.98,,
18.64,,
18.65,,
18.54,,
18.78,,
19.12,19.948440026243293,-0.041529063182556336
19.24,19.8484400262433,-0.030654299553961484
19.14,20.7584400262433,-0.07796539740930575
20.05,21.478440026243298,-0.06650576226662486
20.77,21.308440026243296,-0.02526886180218535
20.6,21.178440026243297,-0.027312683348089895
20.47,22.338440026243294,-0.08364236822482873
21.63,22.3784400262433,-0.03344469164810426
21.67,22.5084400262433,-0.0372500282234457
21.8,22.428440026243297,-0.028019783164052625
21.72,21.9884400262433,-0.012208234232301884
21.28,21.8284400262433,-0.025125021558294325
21.12,21.248440026243298,-0.006044680272277114
20.54,22.498440026243298,-0.08704781415773166
21.79,22.1384400262433,-0.01573914087127426
21.43,22.1384400262433,-0.0320004492368704
21.43,22.7084400262433,-0.05629801187425698
22.0,22.3484400262433,-0.015591246003485382
21.64,22.838440026243294,-0.05247468850176218
22.13,23.3784400262433,-0.053401340074097026
22.67,23.1284400262433,-0.01982148496496594
22.42,23.408440026243298,-0.04222579655607772
22.7,23.248440026243298,-0.02359040114623645
22.54,23.338440026243294,-0.03421137082621961
22.63,23.338440026243294,-0.030355071951967516
22.63,23.1284400262433,-0.021550957422019512
22.42,22.7584400262433,-0.014870967687285908
22.05,22.268440026243297,-0.009809399580117173
21.56,22.278440026243295,-0.032248219596928585
21.57,22.268440026243297,-0.031364569113067065
21.56,22.7084400262433,-0.05057326812921059
22.0,23.0084400262433,-0.043829135095342364
22.3,23.528440026243295,-0.05221085736551634
22.82,21.9884400262433,0.03781805224764612
21.28,21.4384400262433,-0.0073904643271314185
20.73,21.6884400262433,-0.044191284623678495
20.98,20.448440026243293,0.025995135720598306
19.74,20.7584400262433,-0.049061491371980015
20.05,21.668440026243296,-0.07469111870919887
20.96,23.418440026243296,-0.10497881257198627
22.71,23.0484400262433,-0.014683858250621018
22.34,23.0984400262433,-0.03283511896827651
22.39,24.408440026243298,-0.08269434769584316
23.7,24.2584400262433,-0.023020442602210478
23.55,25.2184400262433,-0.06615952551018445
24.51,25.608440026243297,-0.04289367197367833
24.9,25.198440026243293,-0.01184359134662627
24.49,25.6384400262433,-0.04479367797212963
24.93,26.4584400262433,-0.05776757906842911
25.75,25.568440026243298,0.007100940595920147
24.86,24.858440026243297,6.275429009439115e-05
24.15,24.698440026243293,-0.022205452071489162
23.99,24.4684400262433,-0.0195533522255672
23.76,24.7084400262433,-0.038385265327796514
24.0,25.018440026243297,-0.04070757509960643
24.31,25.2584400262433,-0.03754943002251443
24.55,25.908440026243298,-0.05243233575110273
25.2,26.358440026243297,-0.043949491134145924
25.65,26.818440026243298,-0.043568530649057746
26.11,27.5484400262433,-0.05221493575944802
26.84,27.54825689296449,-0.02570968085989389
27.4,27.18825689296449,0.007788035395910331
27.04,25.06825689296449,0.07865497451435832
24.92,25.19825689296449,-0.011042704030935546
25.05,25.328256892964493,-0.010986026165968998
25.18,26.19825689296449,-0.03886735278322817
26.05,26.90825689296449,-0.03189567040252583
26.76,26.228256892964488,0.020273673130681846
26.08,26.64825689296449,-0.021324355106863258
26.5,26.77825689296449,-0.010391150330535392
26.63,25.94825689296449,0.026273175491042577
25.8,26.88825689296449,-0.04047331507195018
26.74,25.94825689296449,0.03051238124785871
25.8,26.65825689296449,-0.032194786643795825
26.51,26.36825689296449,0.00537552055909063
26.22,27.12825689296449,-0.033480105137165705
26.98,27.63825689296449,-0.023816874396737076
27.49,27.24825689296449,0.0088718741894247
27.1,27.44825689296449,-0.012687759893917128
27.3,27.02825689296449,0.0100540374509408
26.88,26.18825689296449,0.026414247800560897
26.04,26.40825689296449,-0.013944763354017509
26.26,26.58825689296449,-0.012345935060201318
26.44,27.24825689296449,-0.02966270085236833
27.1,27.62825689296449,-0.019120167262488774
27.48,28.90825689296449,-0.04940653800928729
28.76,28.68825689296449,0.0025007830661578634
28.54,29.67825689296449,-0.03835322596841351
29.53,28.828256892964493,0.024342196950755124
28.68,28.728256892964488,-0.0016797710054001769
28.58,28.80825689296449,-0.007923314965308959
28.66,29.018256892964487,-0.012345913618655224
28.87,29.62825689296449,-0.025592355827876778
29.48,30.088256892964495,-0.02021575710179213
29.94,31.578256892964493,-0.051879269287010255
31.43,32.17825689296449,-0.023253493669760927
32.03,31.858256892964494,0.005390850717681195
31.71,32.68825689296449,-0.029926860161669788
32.54,33.41825689296449,-0.026280751140835057
33.27,34.46825689296449,-0.03476406992919534
34.32,35.09825689296449,-0.02217366222310868
34.95,35.10825689296449,-0.004507683005937069
34.96,35.09825689296449,-0.003939138441721446
34.95,33.91825689296449,0.030418517976656956
33.77,34.74825689296449,-0.0281526896724007
34.6,34.22825689296449,0.010860708104359462
34.08,34.08825689296449,-0.00024222103789039995
33.94,34.72825689296449,-0.02269785366406285
34.58,35.59825689296449,-0.02860412227559772
35.45,34.88825689296449,0.016101208746510665
34.74,34.60825689296449,0.0038066958253044625
34.46,34.57825689296449,-0.003419978437043447
34.43,35.11825689296449,-0.01959826465938208
34.97,35.03825689296449,-0.00194806759859667
34.89,34.59825689296449,0.008432306515847365
34.45,35.15825689296449,-0.020144823877949802
35.01,34.75825689296449,0.0072426850348317195
34.61,32.78825689296449,0.05556084036374642
32.64,33.29825689296449,-0.019768509056808048
33.15,32.16825689296449,0.030519002328976752
32.02,33.06825689296449,-0.03169979283629898
32.92,33.79825689296449,-0.02598527183652799
33.65,33.20825689296449,0.013302206992053645
33.06,33.46825689296449,-0.012198331519628902
33.32,36.39850789070659,-0.08457785961859732
34.27,36.68850789070659,-0.06592003953693648
34.56,37.32850789070659,-0.07416604753697753
35.2,38.01850789070659,-0.07413515277372451
35.89,38.22850789070659,-0.06117183274304783
36.1,38.62850789070659,-0.06545704270692021
36.5,39.28850789070658,-0.07097515381504693
37.16,39.72850789070659,-0.0646515066151635
37.6,39.37850789070659,-0.04516443070018705
37.25,39.39850789070659,-0.05453272232203965
37.27,39.83850789070659,-0.06447299426356679
37.71,39.78850789070658,-0.052238900147146716
37.66,40.208507890706585,-0.06338230450216797
38.08,41.488507890706586,-0.08215547061093731
39.36,41.598507890706585,-0.05381221597149366
39.47,40.918507890706586,-0.03539982187462831
38.79,39.53850789070658,-0.01893111122897273
37.41,39.87850789070659,-0.06190070845859952
37.75,39.598507890706585,-0.04668125111705068
37.47,39.79850789070659,-0.058507416838366466
37.67,39.958507890706585,-0.05727210577947628
37.83,40.308507890706586,-0.0614884554255114
38.18,44.738507890706586,-0.1465964825364453
42.61,44.778507890706585,-0.04842742630012109
42.65,45.22850789070659,-0.05701067779944191
43.1,44.32850789070659,-0.027713720789689478
42.2,44.36850789070659,-0.048874933906912
42.24,44.21850789070658,-0.04474388632915416
42.09,44.36850789070659,-0.05135416986118302
42.24,44.208507890706585,-0.044527806628832156
42.08,44.21850789070658,-0.04836228069911952
42.09,42.57850789070659,-0.011473109672150095
40.45,41.918507890706586,-0.03503244663515692
39.79,42.62850789070659,-0.0665870805983666
40.5,41.47850789070659,-0.023590720603665405
39.35,41.40850789070658,-0.04971219673357452
39.28,41.348507890706585,-0.05002617981219826
39.22,41.47850789070659,-0.05445007560680881
39.35,42.248507890706584,-0.06860615996675634
40.12,42.12850789070659,-0.04767574241929562
40.0,42.01850789070659,-0.048038542823959474
39.89,43.62850789070659,-0.08568956564070196
41.5,42.568507890706584,-0.025100900728067477
40.44,42.36850789070659,-0.04551748425225055
40.24,43.78850789070658,-0.08103742423841975
41.66,45.47850789070659,-0.08396291056608951
43.35,45.748507890706584,-0.05242811189463559
43.62,45.54850789070659,-0.04233965018863051
43.42,46.44850789070659,-0.06520140319324508
44.32,46.50850789070659,-0.047056076188242923
44.38,47.65850789070658,-0.06879166041507334
45.53,48.75850789070659,-0.0662142471205921
46.63,48.12850789070659,-0.031135556791195285
46.0,46.94850789070659,-0.020203153056848167
44.82,46.71850789070658,-0.04063716878860857
44.59,46.79850789070659,-0.04719184414734634
44.67,46.14850789070659,-0.0320380432279227
44.02,44.90850789070658,-0.019784845510096405
42.78,45.678507890706584,-0.06345452214949188
43.55,45.75850789070659,-0.04826442103360484
43.63,45.88850789070658,-0.04921728760686006
43.76,46.10850789070658,-0.05093437194440076
43.98,45.278507890706585,-0.028678239438475583
43.15,44.76850789070659,-0.03615282185990776
42.64,44.73034224757602,-0.046732087047451465
43.42,44.530342247576016,-0.0249345096294753
43.22,45.140342247576015,-0.042541596983109664
43.83,47.320342247576015,-0.07375986904986531
46.01,47.070342247576015,-0.022526758824036874
45.76,45.87034224757602,-0.0024055248373877625
44.56,44.69034224757602,-0.0029165640946302585
43.38,44.99034224757602,-0.03579306506971003
43.68,46.01034224757602,-0.05064822676251213
44.7,47.83034224757602,-0.06544678755115241
46.52,48.16034224757602,-0.03406002056928026
46.85,50.83034224757602,-0.07830642233706053
49.52,51.49034224757602,-0.03826624880646956
50.18,53.49034224757602,-0.06188672774338122
52.18,54.06034224757602,-0.034782285301945715
52.75,51.63034224757602,0.021686041650761156
50.32,50.41034224757602,-0.0017921371597187097
49.1,55.31034224757602,-0.11228175410265495
54.0,54.63034224757602,-0.011538317748759574
53.32,54.83034224757602,-0.02754573810165828
53.52,55.38034224757602,-0.03359210456409634
54.07,55.02034224757602,-0.017272561542778897
53.71,52.960342247576015,0.014155077565766616
51.65,51.95034224757602,-0.005781333376875586
50.64,54.470342247576006,-0.07031977567107095
53.16,56.45034224757602,-0.05828737464771183
55.14,54.77034224757602,0.006749232107278624
53.46,55.31034224757602,-0.033453820251078015
54.0,54.780342247576016,-0.014244931951124196
53.47,54.600342247576016,-0.020702109200170793
53.29,53.81034224757602,-0.009669930088568757
52.5,54.460342247576015,-0.03599577539678922
53.15,54.43034224757601,-0.02352258307971644
53.12,54.84034224757602,-0.03137001296982356
53.53,51.52034224757602,0.039007073026936956
50.21,50.13034224757602,0.00158901273864398
48.82,50.070342247576015,-0.024971713622280012
48.76,53.05034224757602,-0.08087303617295805
51.74,52.84034224757602,-0.020823904629923007
51.53,52.19034224757602,-0.012652575536744814
50.88,52.920342247576016,-0.038554970752659345
51.61,51.37034224757602,0.004665294057589975
50.06,51.05034224757602,-0.019399326311530074
49.74,51.68034224757601,-0.03754507348811176
50.37,51.54034224757601,-0.022707304541250917
50.23,51.76034224757602,-0.029565922115742826
50.45,50.51034224757602,-0.0011946513306175799
49.2,47.49034224757602,0.03600011437085926
46.18,46.38034224757602,-0.004319550867188493
45.07,47.31034224757602,-0.04735417545390519
46.0,46.420342247576016,-0.009055130299000846
45.11,46.27034224757602,-0.025077451153644903
44.96,46.04034224757601,-0.023465121995979166
44.73,46.80034224757602,-0.04423775870321234
45.49,47.43034224757601,-0.04090930310913299
46.12,47.65034224757602,-0.03211608092182949
46.34,51.11034224757601,-0.09333418712926433
49.8,52.100342247576016,-0.044152152334144046
50.79,53.41034224757602,-0.04906057773286299
52.1,53.33034224757602,-0.02307021098541595
52.02,54.04034224757601,-0.03738581518081752
52.73,54.65034224757602,-0.035138704875378846
53.34,53.24034224757602,0.0018718465775551252
51.93,54.19034224757602,-0.041711163905356674
52.88,51.52812211572595,0.02623572970965049
51.16,49.54812211572595,0.03253156356782405
49.18,48.938122115725946,0.004942524841923257
48.57,48.758122115725946,-0.003858272377255334
48.39,47.97812211572595,0.00858470207067663
47.61,45.88812211572595,0.037523389602468926
45.52,47.33812211572595,-0.03840714490704222
46.97,44.79812211572595,0.04848144925949094
44.43,47.37812211572595,-0.06222538978064307
47.01,48.38812211572595,-0.02848058687687871
48.02,48.97812211572595,-0.019562246863244148
48.61,48.87812211572595,-0.005485524077441739
48.51,49.44812211572595,-0.01897184514975958
49.08,51.58812211572595,-0.0486182092478491
51.22,50.80812211572595,0.008106536260795272
50.44,49.23812211572595,0.02440949883200738
48.87,47.90812211572595,0.020077553487706234
47.54,50.16812211572595,-0.05238629641475312
49.8,48.95812211572595,0.01719587778068843
48.59,51.73812211572595,-0.06084724352160176
51.37,52.34812211572595,-0.01868495136394044
51.98,50.44812211572595,0.030365409454884862
50.08,52.008122115725946,-0.03707348078124384
51.64,53.32812211572595,-0.031655382727758474
52.96,54.13812211572595,-0.021761414502106113
53.77,57.08812211572595,-0.05812281071357772
56.72,57.88812211572595,-0.020178960260461065
57.52,59.27812211572595,-0.02965886996712963
58.91,58.33812211572595,0.009802816126641911
57.97,59.258122115725946,-0.02173747782979618
58.89,60.01812211572595,-0.018796358099154142
59.65,61.38812211572595,-0.02831365508215622
61.02,61.40812211572595,-0.006320371025098526
61.04,63.03812211572595,-0.03169704376754401
62.67,64.35812211572595,-0.026230133201997963
63.99,65.16812211572595,-0.018078196478238717
64.8,64.10812211572595,0.010792359243109617
63.74,64.90812211572596,-0.017996547699273946
64.54,64.25812211572595,0.004386649889431826
63.89,64.69812211572595,-0.012490657986648501
64.33,64.77812211572595,-0.006917800348169689
64.41,65.84812211572594,-0.021839986768316555
65.48,64.40812211572596,0.016641967644207112
64.04,63.12812211572595,0.0144448758130713
62.76,64.24812211572595,-0.02316211068465923
63.88,63.39812211572595,0.0076008226772781295
63.03,62.37812211572595,0.0104504249593258
62.01,63.52812211572595,-0.023896851743240077
63.16,63.72812211572595,-0.00891477885844938
63.36,63.94812211572595,-0.009196862961224017
63.58,64.29812211572595,-0.011168632801335066
63.93,66.04812211572596,-0.03206937681005828
65.68,64.76812211572596,0.014079115689732857
64.4,65.55812211572595,-0.017665577938330457
65.19,64.58812211572595,0.009318708526555808
64.22,64.50812211572595,-0.0044664471120252625
64.14,64.65812211572596,-0.008013256475321362
64.29,65.25812211572595,-0.01483527389907302
64.89,68.40812211572596,-0.05142842701886119
68.04,70.06812211572596,-0.028945004582487055
69.7,67.67812211572596,0.029874911139182503
67.31,66.92802127333329,0.005707306437564119
66.41,69.48802127333329,-0.04429571049700498
68.97,68.42802127333329,0.007920420853641197
67.91,67.76802127333329,0.0020950696803445634
67.25,65.68802127333329,0.023778745293105752
65.17,67.11802127333328,-0.029023818586667027
66.6,68.57802127333329,-0.028843370464852636
68.06,66.14802127333328,0.028904549068310637
65.63,68.11802127333328,-0.03652515482429752
67.6,70.6380212733333,-0.04300830089191909
70.12,69.59802127333329,0.0074999075708883645
69.08,71.00802127333328,-0.027152161667928998
70.49,73.85802127333329,-0.04560129306563665
73.34,75.03802127333327,-0.02262881196117983
74.52,74.7780212733333,-0.003450496134287384
74.26,74.40802127333329,-0.0019893187696732317
73.89,75.93802127333328,-0.026969642334524035
75.42,71.95802127333329,0.04811108845692624
71.44,71.47802127333328,-0.0005319295729786511
70.96,72.73802127333329,-0.024444179841679903
72.22,72.45802127333329,-0.0032849540899744234
71.94,71.78802127333329,0.0021170485544943496
71.27,74.28802127333329,-0.04062594778542916
73.77,74.14802127333328,-0.005098197724518916
73.63,73.76802127333329,-0.0018710176977891901
73.25,76.23802127333329,-0.039193321434989103
75.72,72.2780212733333,0.04762137460363225
71.76,71.75802127333328,2.757498927108415e-05
71.24,73.23802127333329,-0.027281202285305284
72.72,74.2480212733333,-0.020579959534653525
73.73,72.53802127333329,0.016432468183481097
72.02,69.9480212733333,0.029621691778386472
69.43,71.18802127333329,-0.024695464797134803
70.67,71.6680212733333,-0.013925615017707282
71.15,70.67802127333329,0.006677871255640122
70.16,73.22802127333328,-0.04189682064303624
72.71,73.54802127333329,-0.011394205565624649
73.03,73.29802127333329,-0.003656596299289161
72.78,71.98802127333329,0.011001534875637597
71.47,71.90802127333329,-0.006091410465437597
71.39,75.53802127333327,-0.05491302530051345
75.02,75.99802127333331,-0.012869036021553426
75.48,76.62802127333329,-0.014981742373827878
76.11,78.81802127333329,-0.034357894674139744
78.3,79.0580212733333,-0.009588163998091148
78.54,79.75802127333328,-0.015271458016229866
79.24,81.60802127333329,-0.029017016175431842
81.09,82.51802127333329,-0.01730556854487697
82.0,82.8480212733333,-0.0102358663526253
82.33,84.35802127333329,-0.024040645367465197
83.84,85.20802127333329,-0.016055076187544537
84.69,88.46802127333329,-0.04270493698124678
87.95,90.4180212733333,-0.027295678876586682
89.9,90.7780212733333,-0.009672179025466576
90.26,90.85802127333329,-0.006581931511960071
90.34,89.56802127333329,0.008618910138819214
89.05,90.3080212733333,-0.013930338142673637
89.79,91.92802127333329,-0.023257557855794753
91.41,88.20802127333329,0.03630031238026099
87.69,91.07802127333329,-0.03719910935664206
90.56,89.8080212733333,0.008373179989992652
89.29,89.20802127333329,0.0009189613837026211
88.69,89.31802127333329,-0.0070312940701116045
88.8,90.50916518472636,-0.0188838907224258
89.77,89.02916518472635,0.008321259822401839
88.29,89.54916518472636,-0.014061160504722614
88.81,88.04916518472636,0.008641022475084359
87.31,86.70916518472636,0.006929311497736235
85.97,88.02916518472635,-0.023391851784635986
87.29,86.45916518472636,0.009609563237148011
85.72,84.94916518472635,0.009074071694494368
84.21,87.32916518472636,-0.035717336563660496
86.59,84.09916518472636,0.029617830448167348
83.36,86.22916518472636,-0.03327372100355863
85.49,85.44916518472635,0.00047788430917217184
84.71,87.39916518472636,-0.030768774267380672
86.66,88.72916518472636,-0.02332001186327559
87.99,87.29916518472636,0.007913418344972944
86.56,88.58916518472635,-0.022905342662335015
87.85,88.74916518472635,-0.010131534002092213
88.01,86.43916518472636,0.018172720802157816
85.7,85.53916518472636,0.0018802476611305963
84.8,86.32916518472636,-0.017713193234919822
85.59,85.48916518472636,0.001179504034876988
84.75,82.96916518472636,0.021463815036691036
82.23,80.75916518472636,0.018212605490773637
80.02,82.34916518472636,-0.028284016959996605
81.61,79.66916518472635,0.024361179268961752
78.93,79.25916518472636,-0.004153023615113494
78.52,77.31916518472636,0.015530881798900387
76.58,78.18916518472636,-0.02058041137700628
77.45,78.22916518472636,-0.00996003450741767
77.49,76.77916518472635,0.0092581732760888
76.04,77.91916518472635,-0.024116854695136025
77.18,76.59916518472636,0.007582782578281488
75.86,79.18916518472636,-0.042040665247074505
78.45,80.51916518472636,-0.0256977972881276
79.78,80.73916518472636,-0.01187980062131988
80.0,80.97916518472636,-0.01209156926343613
80.24,81.47916518472636,-0.015208368690535434
80.74,80.71916518472636,0.00025811485074145324
79.98,82.13916518472635,-0.026286670674951607
81.4,84.61916518472636,-0.038042979716223946
83.88,83.33916518472635,0.006489563629235473
82.6,83.93916518472636,-0.015953996942657755
83.2,87.08916518472635,-0.0446572794270903
86.35,83.96916518472636,0.028353679711307755
83.23,84.57916518472636,-0.015951507463802694
83.84,80.23916518472636,0.044876274659436
79.5,79.98916518472636,-0.006115393048504614
79.25,78.15916518472636,0.013956582221617664
77.42,77.19916518472635,0.00286058553541646
76.46,77.53916518472636,-0.013917678661556465
76.8,78.60916518472635,-0.023014685125772982
77.87,77.29916518472636,0.007384747479607157
76.56,76.97916518472636,-0.0054451770647354625
76.24,78.95916518472636,-0.03443761314300664
78.22,78.43916518472636,-0.0027940784965039267
77.7,76.91916518472635,0.01015136882204093
76.18,76.28916518472636,-0.0014309395634625188
75.55,74.19916518472635,0.018205525788741683
73.46,73.57916518472636,-0.0016195506489805611
72.84,75.03916518472636,-0.02930689832852751
74.3,73.33916518472635,0.013101251055332996
72.6,74.37916518472636,-0.023920209111082058
73.64,77.49916518472635,-0.04979621619829944
76.76,75.51916518472636,0.016430727382095167
74.78,75.19330249768733,-0.005496533387398972
74.41,76.06330249768733,-0.021735875821820905
75.28,73.78330249768733,0.020285043521324875
73.0,74.75330249768733,-0.02345451557463396
73.97,72.23330249768733,0.02404289216000155
71.45,73.90330249768732,-0.03319611458180893
73.12,70.05330249768733,0.04377662997992027
69.27,65.53330249768733,0.05701982594947874
64.75,59.993302497687324,0.07928714213550814
59.21,59.22330249768733,-0.0002246159387657709
58.44,60.76330249768733,-0.03823529008772619
59.98,63.90330249768733,-0.06139436217446381
63.12,64.13330249768732,-0.015799942591820604
63.35,65.06330249768733,-0.026332854803185368
64.28,68.27330249768731,-0.05848995656570999
67.49,64.98330249768733,0.0385744861520676
64.2,68.00330249768733,-0.05592820286656919
67.22,68.02330249768731,-0.011809225194772344
67.24,64.91330249768733,0.03584315406530991
64.13,68.56330249768733,-0.06465999063911587
67.78,69.86330249768733,-0.02981969679655916
69.08,68.46330249768734,0.009007708945000026
67.68,69.22330249768733,-0.02229455171889383
68.44,68.17330249768733,0.003912051969636066
67.39,64.42330249768733,0.046050068644325926
63.64,65.79330249768734,-0.032728293244787765
65.01,66.60330249768732,-0.02392227469114827
65.82,70.27330249768733,-0.06337118563388833
69.49,67.38330249768731,0.03126438485832583
66.6,68.28330249768733,-0.02465174407380699
67.5,65.59330249768733,0.029068478483453397
64.81,65.54330249768734,-0.011188061476048006
64.76,68.57330249768732,-0.055609141732905765
67.79,64.50330249768733,0.050953941504475964
63.72,65.15330249768732,-0.021998923197150244
64.37,65.91330249768733,-0.023414127940888263
65.13,67.99330249768732,-0.04211153735008999
67.21,70.52330249768733,-0.046981669609076904
69.74,68.87330249768732,0.012583939943082934
68.09,67.81330249768733,0.004080283544988905
67.03,65.66330249768733,0.02081371862709469
64.88,57.18330249768733,0.1345969394234261
56.4,56.593302497687326,-0.0034156426495030034
55.81,58.62330249768733,-0.04798949185434087
57.84,60.64330249768733,-0.046226085688427565
59.86,59.26330249768733,0.010068583375621998
58.48,59.57330249768733,-0.0183522224192586
58.79,55.58330249768733,0.05769174119234988
54.8,57.46330249768732,-0.04634788433530279
56.68,54.43330249768733,0.04127431919840108
53.65,53.89330249768733,-0.004514521961198614
53.11,53.25330249768733,-0.0026909598272061297
52.47,54.19330249768733,-0.031799178464181455
53.41,56.62330249768733,-0.05674876518935945
55.84,59.75330249768733,-0.06549098265888798
58.97,60.36330249768733,-0.023081946149992594
59.58,63.343302497687326,-0.0594112139610139
62.56,61.853302497687324,0.011425380275193797
61.07,62.483302497687326,-0.022618882824569586
61.7,60.96330249768732,0.012084278116997194
60.18,61.19330249768733,-0.016559042514916134
60.41,61.163302497687326,-0.012316249563466775
60.38,60.65330249768733,-0.004505978840933622
59.87,60.563302497687324,-0.011447567571365558
59.78,60.49631705349269,-0.011840672100076777
59.93,57.84631705349269,0.036021013136937396
57.28,57.936317053492694,-0.011328249479281127
57.37,58.81631705349269,-0.024590404941154054
58.25,61.65631705349269,-0.05524684600504748
61.09,62.40631705349269,-0.02109268926035779
61.84,60.036317053492695,0.030043197768114593
59.47,61.80631705349269,-0.03780061917409894
61.24,65.8663170534927,-0.07023797990307357
65.3,64.01631705349268,0.020052433591808416
63.45,66.19631705349269,-0.04148745996357184
65.63,63.37631705349269,0.035560333122625076
62.81,69.10631705349269,-0.0911105861511754
68.54,68.54631705349269,-9.215744571289264e-05
67.98,67.5663170534927,0.006122620923378008
67.0,69.07631705349269,-0.030058305683622222
68.51,69.5363170534927,-0.014759439340210734
68.97,66.6463170534927,0.034865886807252
66.08,69.2063170534927,-0.04517386832008741
68.64,69.55631705349269,-0.013173743123690573
68.99,70.30631705349269,-0.018722600025985914
69.74,70.24631705349269,-0.007207738066995484
69.68,67.69631705349269,0.029302671590536233
67.13,69.6263170534927,-0.03585306762060714
69.06,71.3963170534927,-0.03272321528493183
70.83,70.69631705349269,0.0018909464039853496
70.13,69.96631705349269,0.0023394535170710995
69.4,69.3463170534927,0.0007741282996456267
68.78,73.5363170534927,-0.06467983771927
72.97,74.02631705349269,-0.014269480038151539
73.46,74.13631705349269,-0.009122614669470286
73.57,74.3663170534927,-0.010708034027285485
73.8,76.4263170534927,-0.034364040486923764
75.86,75.65631705349269,0.002692213346352723
75.09,74.9263170534927,0.0021845855093938216
74.36,74.6463170534927,-0.0038356487606416856
74.08,75.52631705349269,-0.019149842199617906
74.96,73.7363170534927,0.01659539010633737
73.17,71.77631705349269,0.019417030626810217
71.21,71.54631705349269,-0.004700689949438508
70.98,72.2563170534927,-0.01766374353882183
71.69,72.3763170534927,-0.009482619196904518
71.81,71.74631705349269,0.0008876127601062933
71.18,70.4263170534927,0.010701723134760144
69.86,70.1763170534927,-0.0045074615878114566
69.61,68.65631705349269,0.013890680237978126
68.09,70.6163170534927,-0.03577525930131664
70.05,70.5063170534927,-0.0064720024043589675
69.94,70.24631705349269,-0.004360613713875305
69.68,70.5663170534927,-0.012560058261518958
70.0,71.0363170534927,-0.014588552679502098
70.47,73.21631705349269,-0.03750963124089124
72.65,72.05631705349269,0.008239151968682856
71.49,72.90631705349269,-0.0194265340883083
72.34,72.1463170534927,0.0026845853595507396
71.58,74.33631705349269,-0.037079010135910306
73.77,75.4863170534927,-0.022736796819434857
74.92,77.41631705349269,-0.032245360519640776
76.85,75.7363170534927,0.014704741263305676
75.17,78.19631705349269,-0.03870152927307868
77.63,77.40631705349269,0.002889724702348717
76.84,77.93974345853375,-0.014110175498830646
77.4,79.41974345853376,-0.02543125135613533
78.88,80.00974345853376,-0.014120073502288832
79.47,80.49974345853376,-0.01279188497121353
79.96,78.59974345853375,0.01730611935373383
78.06,81.25974345853376,-0.039376735913110084
80.72,81.28974345853375,-0.007008798826193652
80.75,80.39974345853376,0.004356438545688679
79.86,80.92974345853375,-0.01321817434256245
80.39,82.94974345853376,-0.030858967753328415
82.41,83.85974345853376,-0.017287716355233296
83.32,83.10974345853376,0.0025298663275401534
82.57,84.60974345853376,-0.02410766627053318
84.07,83.34974345853375,0.008641376824687796
82.81,82.51974345853375,0.00351741933870775
81.98,82.49974345853376,-0.00629994029975367
81.96,80.36974345853376,0.019786756471192657
79.83,80.26974345853375,-0.005478321464437275
79.73,80.76974345853375,-0.01287293253652022
80.23,83.49974345853376,-0.039158724603238104
82.96,83.10974345853376,-0.0018017557545280116
82.57,82.41974345853376,0.0018230649012129785
81.88,83.47974345853376,-0.019163253170853323
82.94,80.29974345853375,0.03288001216130487
79.76,79.20974345853375,0.00694682898139054
78.67,75.87974345853375,0.03677208717753566
75.34,77.54974345853375,-0.028494529575269434
77.01,78.86974345853376,-0.023579935435082633
78.33,80.12974345853375,-0.022460367160230588
79.59,79.95974345853375,-0.004624120120213848
79.42,77.73974345853375,0.021613867845634127
77.2,79.46974345853376,-0.028561102122068305
78.93,79.76974345853375,-0.010527092380211323
79.23,78.00974345853376,0.01564236065094704
77.47,79.06974345853375,-0.020232055759390466
78.53,81.15974345853375,-0.03240206716372074
80.62,81.91974345853376,-0.015866058701607844
81.38,79.76974345853375,0.02018630713414904
79.23,79.71974345853376,-0.006143314532722877
79.18,78.06974345853375,0.01422134225477456
77.53,78.34974345853375,-0.010462618284992842
77.81,79.49974345853376,-0.02125470328611956
78.96,79.56974345853375,-0.007663006464907252
79.03,78.19974345853376,0.010617126153444456
77.66,76.99974345853376,0.008574788847469428
76.46,78.79974345853375,-0.029692272535950415
78.26,79.36974345853376,-0.013981945892436176
78.83,80.52974345853376,-0.021107026864042977
79.99,81.96974345853376,-0.024152124613336823
81.43,81.57974345853376,-0.0018355470633449888
81.04,81.18974345853375,-0.0018443642282257589
80.65,80.42974345853375,0.0027384961333341007
79.89,81.28974345853375,-0.017219189026568493
80.75,79.92974345853375,0.010262219118616134
79.39,79.10974345853376,0.0035426298862053507
78.57,77.15974345853375,0.018277102518156063
76.62,79.34974345853375,-0.03440141504629113
78.81,80.42974345853375,-0.020138612767909958
79.89,78.49974345853376,0.01771033229173069
77.96,76.92974345853375,0.013392174406789303
76.39,75.78974345853375,0.007920023397290699
75.25,75.69974345853376,-0.005941149044713989
75.16,75.91974345853376,-0.010007192120567776
75.38,73.56542845702083,0.024666090866843682
72.82,73.87542845702082,-0.014286596762479009
73.13,70.95542845702082,0.030647007427999196
70.21,71.80542845702082,-0.022218772191795688
71.06,70.03542845702083,0.014629332118785143
69.29,71.60542845702082,-0.03233593467582685
70.86,71.63542845702082,-0.01082465022856749
70.89,72.05542845702082,-0.016174054918235203
71.31,74.08542845702083,-0.037462541755170276
73.34,71.43542845702082,0.02666144214596633
70.69,69.93542845702082,0.010789546294735386
69.19,67.01542845702082,0.032448819518833716
66.27,65.57542845702082,0.010591948223935832
64.83,66.71542845702082,-0.028260756179291358
65.97,66.98542845702082,-0.015158945466361207
66.24,67.03542845702083,-0.01186579209426275
66.29,64.64542845702083,0.02543987381988755
63.9,64.04542845702082,-0.0022707078479210496
63.3,65.73542845702082,-0.037048947792485354
64.99,68.39542845702083,-0.0497902935012795
67.65,68.42542845702083,-0.01133246038068847
67.68,68.04542845702082,-0.0053703601447909755
67.3,67.56542845702083,-0.003928465534554726
66.82,68.73542845702082,-0.027866683892405097
67.99,69.11542845702083,-0.016283317374219508
68.37,71.22542845702083,-0.04009001446363858
70.48,69.58542845702083,0.012855730902507911
68.84,70.93542845702082,-0.029539942206600167
70.19,71.61542845702083,-0.019903929749946037
70.87,73.22542845702083,-0.03216681017309886
72.48,72.41542845702082,0.0008916821229263405
71.67,74.64542845702083,-0.039860826289368934
73.9,72.95542845702082,0.012947241390483422
72.21,74.12542845702082,-0.025840369450699674
73.38,72.58542845702083,0.01094670872473591
71.84,70.97542845702083,0.012181279659378541
70.23,67.29542845702082,0.043607294139651476
66.55,62.49542845702082,0.06487789016067902
61.75,61.56542845702082,0.0029979738240273335
60.82,62.835428457020825,-0.03207471495796943
62.09,66.44542845702082,-0.06554895585989129
65.7,67.30542845702082,-0.02385288220913706
66.56,69.03542845702083,-0.03585736356459268
68.29,65.26542845702082,0.04634262908380293
64.52,68.19542845702082,-0.05389552555325927
67.45,67.72542845702083,-0.004066839639052411
66.98,66.74542845702082,0.0035144211132036585
66.0,68.05542845702082,-0.030202270467210357
67.31,65.79542845702082,0.02301940390841195
65.05,67.62542845702082,-0.03808372849951891
66.88,67.05542845702082,-0.002616170846380772
66.31,66.46542845702082,-0.002338485745583152
65.72,67.44542845702082,-0.02558258575109129
66.7,70.63542845702082,-0.05571465400560838
69.89,70.55542845702082,-0.009431286459073429
69.81,69.74542845702082,0.0009258175683726222
69.0,70.16542845702082,-0.01660972479822731
69.42,69.92542845702083,-0.007228106686989921
69.18,67.23542845702082,0.028921828678792894
66.49,67.41542845702082,-0.013727250248224965
66.67,66.75542845702083,-0.0012797229977458136
66.01,63.375428457020824,0.04157086756053818
62.63,63.74542845702082,-0.01749817177513957
63.0,65.34542845702082,-0.035892770349856384
64.6,66.27001344630389,-0.025200137429533642
65.56,70.07001344630389,-0.06436438676810019
69.36,72.92001344630388,-0.048820800738406
72.21,73.29001344630389,-0.014736161115527224
72.58,74.36001344630388,-0.02393777735918845
73.65,76.93001344630389,-0.042636330079329654
76.22,77.66001344630389,-0.018542534084153295
76.95,77.62001344630389,-0.008631967666011597
76.91,76.88001344630389,0.0003900435542594227
76.17,77.14001344630388,-0.012574711916262471
76.43,76.39001344630388,0.0005234526332977829
75.68,77.89001344630388,-0.02837351476165073
77.18,74.02001344630389,0.042690975137264164
73.31,74.07001344630389,-0.010260744003440014
73.36,71.98001344630389,0.019171801832540192
71.27,73.06001344630388,-0.024500590156878
72.35,72.63001344630389,-0.0038553406920530664
71.92,73.59001344630389,-0.022693479292845042
72.88,73.27001344630389,-0.0053229613038042745
72.56,76.21001344630389,-0.04789414515555257
75.5,76.11001344630388,-0.008014890796652518
75.4,74.5500134463039,0.011401561373403757
73.84,74.12001344630389,-0.0037778385794106084
73.41,77.97001344630388,-0.05848419468908084
77.26,76.79001344630389,0.006120412441713574
76.08,77.8000134463039,-0.02210813816235413
77.09,78.50001344630388,-0.017961951653274078
77.79,80.33001344630388,-0.03161973137228136
79.62,80.31001344630388,-0.008591873126322258
79.6,80.54001344630389,-0.011671384273241991
79.83,78.8000134463039,0.013070893121077454
78.09,77.43001344630389,0.008523652835909612
76.72,80.37001344630389,-0.04541511553612598
79.66,80.32001344630389,-0.008217297507614685
79.61,82.13001344630389,-0.030683222132326327
81.42,77.77001344630389,0.04693308374205474
77.06,78.18001344630389,-0.014326084083793877
77.47,80.45001344630388,-0.03704180171819216
79.74,80.65001344630389,-0.011283487843554707
79.94,79.41001344630389,0.00667405193243642
78.7,78.23001344630389,0.006007752434028513
77.52,78.73001344630389,-0.015369150763947848
78.02,78.91001344630389,-0.011278840383287081
78.2,77.50001344630388,0.009032082996748292
76.79,77.46001344630389,-0.008649797701989037
76.75,77.02001344630389,-0.003505756935398896
76.31,74.56001344630388,0.023470845468079427
73.85,75.65001344630389,-0.02379396069217532
74.94,77.73001344630389,-0.0358936442000134
77.02,79.8000134463039,-0.03483725536179916
79.09,77.27001344630389,0.023553594370225417
76.56,76.32001344630389,0.0031444773508191304
75.61,77.22001344630388,-0.020849691348777455
76.51,73.07001344630389,0.04707795156249728
72.36,69.46001344630389,0.04175044618927326
68.75,66.87001344630389,0.028114044798356774
66.16,62.910013446303886,0.05166087838258204
62.2,64.06001344630388,-0.029035483232656145
63.35,68.17001344630388,-0.0707057722689245
67.46,68.63001344630389,-0.017048130803869355
67.92,66.14001344630388,0.026912400844024686
65.43,67.15001344630389,-0.025614491465132505
66.44,66.73001344630389,-0.00434607204953219
66.02,67.61001344630388,-0.02351742538206536
66.9,66.42918945080055,0.007087404695012234
66.11,65.50918945080055,0.009171393421844698
65.19,62.51918945080055,0.0427198524590795
62.2,60.71918945080055,0.02438785106641328
60.4,61.079189450800556,-0.011119817681071953
60.76,57.91918945080055,0.04904782984942457
57.6,58.83918945080055,-0.021060613893002733
58.52,59.829189450800556,-0.02188211912643645
59.51,62.99918945080055,-0.05538467210797127
62.68,63.479189450800554,-0.012589786632672184
63.16,60.799189450800554,0.038829638528484534
60.48,61.229189450800554,-0.012235821795461677
60.91,64.41918945080056,-0.05447428756427719
64.1,66.48918945080055,-0.035933502431526376
66.17,62.39918945080055,0.06043044120264729
62.08,66.84918945080055,-0.07134251723890483
66.53,68.58918945080055,-0.030022070056355044
68.27,73.10918945080056,-0.06619126114176299
72.79,75.86918945080055,-0.04058550609397671
75.55,72.91918945080056,0.03607843928345478
72.6,71.56918945080055,0.014402993202935033
71.25,75.19918945080055,-0.05251638321692709
74.88,72.31918945080055,0.03540983477063975
72.0,67.62918945080055,0.06462905418050524
67.31,70.26918945080055,-0.04211218990753329
69.95,67.37918945080055,0.03815437036500158
67.06,67.64918945080055,-0.008709482782924494
67.33,68.21918945080056,-0.01303430102232217
67.9,69.44918945080055,-0.022306803910188466
69.13,68.28918945080055,0.012312498595479893
67.97,70.75918945080055,-0.039418052587217645
70.44,70.56918945080055,-0.0018306778327193962
70.25,72.39918945080055,-0.029685269505137835
72.08,74.01918945080055,-0.026198469142782344
73.7,70.30918945080055,0.04822713183988858
69.99,72.03918945080055,-0.028445481777665704
71.72,71.87918945080055,-0.0022146806609375513
71.56,72.91918945080056,-0.018639667569503304
72.6,71.56918945080055,0.014402993202935033
71.25,72.80918945080055,-0.021414734356494103
72.49,74.31918945080055,-0.024612613031947617
74.0,72.82918945080056,0.016076116705793897
72.51,76.30918945080055,-0.0497867881724785
75.99,76.55918945080055,-0.007434632666354579
76.24,74.70918945080055,0.020490257764174347
74.39,75.01918945080055,-0.00838704677305524
74.7,75.39918945080055,-0.009273169325736297
75.08,78.74918945080056,-0.0465933614858719
78.43,76.32918945080056,0.027523029712683833
76.01,77.29918945080055,-0.01667791680559716
76.98,77.42918945080055,-0.005801293465508506
77.11,77.80918945080055,-0.008985949548319772
77.49,77.93918945080055,-0.005763332335963156
77.62,78.36918945080055,-0.009559744793212088
78.05,78.33918945080055,-0.003691504250017408
78.02,77.01918945080055,0.012994301242792883
76.7,77.74918945080056,-0.01349453876254847
77.43,76.77918945080056,0.008476392546661105
76.46,77.47918945080055,-0.01315436387531832
77.16,79.34918945080055,-0.027589310816564017
79.03,77.49918945080056,0.01975260076973151
77.18,80.0900518120125,-0.0363347475269834
76.77,77.8300518120125,-0.013620083596666555
74.51,77.1200518120125,-0.03384401009447913
73.8,80.0100518120125,-0.07761589539528513
76.69,82.39005181201249,-0.0691837386510955
79.07,84.3700518120125,-0.06281911292198472
81.05,83.9000518120125,-0.03396960729414533
80.58,85.3700518120125,-0.0561092761494435
82.05,84.7200518120125,-0.0315161730299357
81.4,85.0500518120125,-0.042916514855044
81.73,83.43005181201251,-0.02037697178761344
80.11,85.14005181201249,-0.059079736328076726
81.82,85.6200518120125,-0.044382731983810375
82.3,86.7700518120125,-0.051516067106850194
83.45,85.8700518120125,-0.02818272215918194
82.55,87.00005181201252,-0.051149990365845666
83.68,87.8000518120125,-0.046925391579880626
84.48,89.8300518120125,-0.05955748331536703
86.51,91.75005181201252,-0.05711224907805934
88.43,90.2000518120125,-0.019623623007462232
86.88,89.9000518120125,-0.03359343794737357
86.58,90.93005181201251,-0.04783953957274478
87.61,88.2200518120125,-0.006915115095516566
84.9,87.4900518120125,-0.029603957917154533
84.17,91.00005181201252,-0.07505547168392834
87.68,88.7800518120125,-0.012390754336816578
85.46,89.0500518120125,-0.040314988469531965
85.73,90.7300518120125,-0.05510910345749964
87.41,89.8100518120125,-0.026723643552018173
86.49,90.46005181201251,-0.043887348420524774
87.14,88.8100518120125,-0.018804761149645133
85.49,89.9000518120125,-0.04905505306308666
86.58,90.2600518120125,-0.04077165632119362
86.94,90.25005181201252,-0.03667645331558622
86.93,90.25005181201252,-0.0367872565760744
86.93,90.3400518120125,-0.03774684366031178
87.02,90.1600518120125,-0.03482752892111951
86.84,91.2900518120125,-0.04874629517328133
87.97,93.0600518120125,-0.054696421427904984
89.74,95.2300518120125,-0.05765041294790085
91.91,96.18005181201251,-0.044396439090701345
92.86,94.2700518120125,-0.014957579686328493
90.95,94.85005181201251,-0.04111807782395516
91.53,95.7400518120125,-0.04397377829164972
92.42,93.43005181201251,-0.010810780818625632
90.11,94.1900518120125,-0.04331722653848413
90.87,97.9100518120125,-0.07190325897824468
94.59,96.4500518120125,-0.019285130252059024
93.13,95.50005181201252,-0.02481728299664021
92.18,92.6600518120125,-0.005180785059201276
89.34,92.0800518120125,-0.02975727921620297
88.76,93.18005181201251,-0.04743560156984894
89.86,92.4500518120125,-0.028015688052604903
89.13,90.57005181201251,-0.015899867375603227
87.25,90.8300518120125,-0.03941483837774307
87.51,92.3300518120125,-0.05220458255375293
89.01,94.2400518120125,-0.05549712369052229
90.92,94.1100518120125,-0.03389703597639837
90.79,94.7300518120125,-0.04159241694316129
91.41,90.60005181201251,0.008939820362002138
87.28,87.0900518120125,0.0021810549429630566
83.77,91.93005181201251,-0.08876370295862535
88.61,94.1100518120125,-0.05844276680453875
90.79,94.5300518120125,-0.03956468594188611
91.21,93.60553729624023,-0.025591833191009883
90.54,92.59553729624021,-0.022199096805971763
89.53,93.56553729624021,-0.04313059501238359
90.5,91.65553729624023,-0.01260739209356665
88.59,92.2255372962402,-0.039420071737423346
89.16,92.76553729624021,-0.0388672065222474
89.7,95.0255372962402,-0.05604322214604207
91.96,94.10553729624023,-0.022799267268260426
91.04,95.29553729624021,-0.044656207593554376
92.23,93.99553729624022,-0.01878320340545392
90.93,93.6355372962402,-0.028894342622080904
90.57,92.48553729624021,-0.020711749666378232
89.42,92.54553729624021,-0.033772966126235815
89.48,91.24553729624022,-0.019349300234905442
88.18,91.29553729624021,-0.03412584435678123
88.23,88.4155372962402,-0.002098469363122746
85.35,88.95553729624022,-0.0405319039806713
85.89,88.42553729624021,-0.0286742650796199
85.36,88.99553729624022,-0.04085078203571679
85.93,90.85553729624023,-0.054212846490359734
87.79,89.01553729624021,-0.013767678469003286
85.95,88.9155372962402,-0.03335229574511722
85.85,90.40553729624023,-0.05039002512990631
87.34,91.9755372962402,-0.050399676180306385
88.91,96.01553729624021,-0.0740040361834069
92.95,96.76553729624021,-0.039430745726748095
93.7,97.34553729624021,-0.0374494547720885
94.28,96.35553729624023,-0.021540404988445006
93.29,97.2255372962402,-0.04047843196020462
94.16,97.6455372962402,-0.03569581767639496
94.58,99.51553729624021,-0.04959564536689365
96.45,98.07553729624021,-0.016574339953195683
95.01,98.3655372962402,-0.034112936181445064
95.3,101.6155372962402,-0.062151295601857615
98.55,101.65553729624023,-0.030549612729803388
98.59,99.55553729624022,-0.009698479084765843
96.49,99.65553729624023,-0.031764790819703514
96.59,99.25553729624022,-0.02685530065979691
96.19,99.32553729624021,-0.03156828929994526
96.26,99.3955372962402,-0.03154605711215175
96.33,100.42553729624021,-0.04078183106114719
97.36,99.56553729624021,-0.022151613461171893
96.5,98.31553729624021,-0.01846643314138341
95.25,98.3355372962402,-0.0313776421126869
95.27,99.4455372962402,-0.04198818177030528
96.38,100.21553729624021,-0.038272880630298434
97.15,101.62553729624021,-0.044039494553361536
98.56,101.40553729624023,-0.028060965624859713
98.34,99.1155372962402,-0.007824578440434049
96.05,98.6955372962402,-0.026805034642037318
95.63,93.96553729624021,0.017713544259448266
90.9,91.62553729624021,-0.007918505229545625
88.56,92.9455372962402,-0.0471839468985199
89.88,92.75553729624022,-0.031001246718634246
89.69,92.35553729624023,-0.028861694428675477
89.29,91.4155372962402,-0.023251378913326293
88.35,92.45553729624022,-0.04440553174317208
89.39,94.06553729624021,-0.04970510380986348
91.0,91.98553729624021,-0.010714046199091887
88.92,93.37553729624021,-0.047716322981946724
90.31,91.59553729624021,-0.014034933733534372
88.53,96.4455372962402,-0.08207261339554772
93.38,98.59553729624021,-0.05289830999723255
95.53,99.60553729624023,-0.040916774376900666
96.54,94.811417154922,0.018231800525178254
92.53,93.871417154922,-0.014289942514750464
91.59,96.981417154922,-0.05559227028317737
94.7,97.321417154922,-0.026935665669038378
95.04,96.981417154922,-0.020018444892599296
94.7,107.491417154922,-0.11899942798676078
105.21,107.121417154922,-0.017843464040040335
104.84,106.821417154922,-0.018548875381875662
104.54,105.811417154922,-0.012015878712412165
103.53,103.181417154922,0.0033783490737930855
100.9,102.751417154922,-0.01801840992743231
100.47,101.991417154922,-0.014917109668267647
99.71,105.481417154922,-0.054715013417438674
103.2,104.531417154922,-0.012737004731780743
102.25,104.521417154922,-0.02173159546387804
102.24,101.881417154922,0.003519609906218024
99.6,99.721417154922,-0.0012175634721813822
97.44,98.331417154922,-0.009065435856757342
96.05,99.061417154922,-0.030399496003700954
96.78,96.271417154922,0.005282802103760087
93.99,93.571417154922,0.0044734049970085454
91.29,94.091417154922,-0.029773354888570136
91.81,93.561417154922,-0.018719438078005357
91.28,94.841417154922,-0.0375512857331568
92.56,93.971417154922,-0.01501964318144866
91.69,96.241417154922,-0.047291668072546034
93.96,96.021417154922,-0.021468305884260186
93.74,100.441417154922,-0.06671965952636505
98.16,99.651417154922,-0.014966341648743331
97.37,97.771417154922,-0.0041056698021052496
95.49,96.60141715492199,-0.011505184785639222
94.32,98.941417154922,-0.046708620998280326
96.66,99.871417154922,-0.03215551802915151
97.59,100.201417154922,-0.026061678857140946
97.92,99.381417154922,-0.014705134991623736
97.1,102.741417154922,-0.054908889824007545
100.46,101.481417154922,-0.010065065935793038
99.2,103.05141715492199,-0.03737374275146532
100.77,101.721417154922,-0.00935316456978752
99.44,99.031417154922,0.004125790146361608
96.75,97.681417154922,-0.009535254320120923
95.4,110.131417154922,-0.13376216828481646
107.85,112.281417154922,-0.039467057570245045
110.0,110.421417154922,-0.003816443999543506
108.14,109.21141715492202,-0.0098104866948312
106.93,108.571417154922,-0.015118317490319222
106.29,107.671417154922,-0.012829933806242644
105.39,109.541417154922,-0.03789815087977855
107.26,108.321417154922,-0.00979877463571166
106.04,107.271417154922,-0.0114794526592632
104.99,107.561417154922,-0.023906501261677926
105.28,103.791417154922,0.014342061086381586
101.51,103.46141715492202,-0.018861303165797372
101.18,104.231417154922,-0.02927540695706543
101.95,107.531417154922,-0.05190499021212347
105.25,104.941417154922,0.0029405248513316717
102.66,103.731417154922,-0.010328762339396613
101.45,105.011417154922,-0.03391457092392047
102.73,105.21141715492202,-0.023585055900047114
102.93,106.131417154922,-0.030164650965216366
103.85,105.221417154922,-0.01303363128917756
102.94,104.331417154922,-0.013336511597996203
102.05,103.341417154922,-0.012496607753946343
101.06,125.44819651824128,-0.19440850642037744
103.25,125.76819651824127,-0.17904523672624384
103.57,125.86819651824128,-0.17715512842046444
103.67,125.85819651824127,-0.1762952046990871
103.66,123.62819651824127,-0.1615181413351361
101.43,124.90819651824127,-0.18796361786243998
102.71,126.10819651824127,-0.18554064814380866
103.91,125.76819651824127,-0.1737974871498693
103.57,123.55819651824127,-0.16177151400304202
101.36,122.63819651824127,-0.1735038277008285
100.44,122.71819651824127,-0.18153947132795223
100.52,124.45819651824127,-0.19233925276052632
102.26,125.30819651824127,-0.1839320743466778
103.11,124.38819651824127,-0.1710628268102663
102.19,125.93819651824127,-0.1885702445707289
103.74,127.31819651824127,-0.185191097290348
105.12,128.89819651824126,-0.1844726858911191
106.7,128.87819651824128,-0.17208649032501167
106.68,124.69819651824128,-0.14449444355520813
102.5,127.36819651824128,-0.19524651520585623
105.17,127.95819651824127,-0.17809094796825042
105.76,126.82819651824127,-0.16611603016219745
104.63,126.61819651824128,-0.17365747675195753
104.42,127.63819651824127,-0.181906334871498
105.44,122.31819651824127,-0.13798598245130456
100.12,122.75819651824128,-0.18441291221541645
100.56,126.12819651824127,-0.20271594476135613
103.93,126.98819651824127,-0.18157747846217387
104.79,126.49819651824127,-0.17160874317374875
104.3,129.87819651824128,-0.19693988062614376
107.68,134.03819651824128,-0.19664690515777106
111.84,131.20819651824127,-0.14761422710012317
109.01,129.82819651824127,-0.16035188870020423
107.63,129.03819651824128,-0.16590588752699242
106.84,124.22819651824128,-0.13996980561243233
102.03,123.15819651824127,-0.1715533120453897
100.96,122.60819651824127,-0.1765640237194136
100.41,123.84819651824127,-0.18924939706158028
101.65,123.05819651824127,-0.17396806652426333
100.86,127.90819651824127,-0.21146570160876177
105.71,126.01819651824127,-0.16115288965670638
103.82,125.77819651824127,-0.17457871973110017
103.58,126.15819651824127,-0.17896733736976556
103.96,126.77819651824127,-0.17998517998288543
104.58,121.95819651824127,-0.1424930592151058
99.76,123.67819651824128,-0.19339056674159683
101.48,123.65819651824127,-0.1793508003731049
101.46,123.45819651824127,-0.1781833619689316
101.26,120.54819651824127,-0.16000402391190138
98.35,125.11819651824128,-0.2139432733458453
102.92,125.63819651824127,-0.18082237048780658
103.44,126.88819651824127,-0.18479415076933803
104.69,125.90819651824127,-0.16852116943131046
103.71,124.31819651824127,-0.16576975129475446
102.12,123.36819651824128,-0.17223398832047854
101.17,121.79819651824127,-0.1693637271152193
99.6,121.92819651824128,-0.18312578350079045
99.73,121.13819651824127,-0.17672540233845713
98.94,123.42819651824128,-0.1984003429445087
101.23,125.35819651824127,-0.19247402394410085
103.16,124.86819651824128,-0.1738488832508288
102.67,125.91819651824127,-0.18462936383363304
103.72,104.48101109635405,-0.0072837263763866344
104.08,107.17101109635405,-0.028841858117537256
106.77,103.34101109635405,0.03318129818227522
102.94,105.07101109635406,-0.020281627388165524
104.67,104.78101109635405,-0.0010594581517443524
104.38,105.02101109635406,-0.006103646210051772
104.62,106.36101109635406,-0.016368884409878826
105.96,106.72101109635406,-0.007130846011822234
106.32,105.44101109635406,0.008336309510942552
105.04,105.54101109635405,-0.004747075010458679
105.14,103.56101109635405,0.015246943680154335
103.16,100.95101109635405,0.021881790778078836
100.55,100.67101109635405,-0.001202045107486116
100.27,101.67101109635405,-0.013779848171533438
101.27,102.16101109635406,-0.008721635453604715
101.76,104.37101109635405,-0.025016631236269182
103.97,103.61101109635406,0.003464775604902659
103.21,100.85101109635406,0.02339083047359969
100.45,100.24101109635406,0.0020848642821953423
99.84,99.36101109635406,0.00482069272807073
98.96,98.78101109635405,0.0018119768329902808
98.38,100.68101109635406,-0.02285446949029879
100.28,95.61101109635406,0.048833171515576534
95.21,100.05101109635406,-0.04838542902571907
99.65,101.02101109635406,-0.013571543993421087
100.62,100.02101109635406,0.005988630759480307
99.62,102.78101109635405,-0.030754816114726635
102.38,101.78101109635405,0.005885075194221656
101.38,102.30101109635406,-0.009002952038143497
101.9,103.68101109635406,-0.017177794443949845
103.28,104.36101109635406,-0.010358380826302915
103.96,102.19101109635406,0.01731061161512515
101.79,102.02101109635406,-0.002264348234461977
101.62,103.52101109635406,-0.018363529067395357
103.12,102.65101109635405,0.004568770425512181
102.25,101.05101109635406,0.01186518462940156
100.65,99.77101109635406,0.008810063103370291
99.37,100.03101109635405,-0.006608061731149917
99.63,98.81101109635405,0.008288437640288082
98.41,94.68101109635406,0.03938476005342895
94.28,93.16101109635406,0.012011343484546355
92.76,94.37101109635405,-0.01707103778626662
93.97,92.24101109635406,0.018744253592795745
91.84,91.05101109635406,0.008665350270641081
90.65,93.16101109635406,-0.026953454742531524
92.76,89.00101109635405,0.0422353505577191
88.6,88.22101109635406,0.004295902970688159
87.82,90.55101109635406,-0.030159918296749133
90.15,91.06101109635405,-0.010004403480542101
90.66,92.84101109635405,-0.023491892974867756
92.44,89.80101109635406,0.02938707339068114
89.4,86.27101109635406,0.03626929676471802
85.87,85.27101109635406,0.007024531501908626
84.87,86.29101109635405,-0.016467660748201496
85.89,87.44101109635406,-0.017737799196362758
87.04,87.15101109635405,-0.0012737786395996542
86.75,86.38101109635406,0.004271643720798135
85.98,88.80101109635406,-0.0317677812620073
88.4,87.70101109635405,0.007970135063528616
87.3,88.39101109635405,-0.01234300957554102
87.99,87.00101109635405,0.011367556436219228
86.6,87.69101109635406,-0.012441538564942234
87.29,89.21101109635406,-0.021533340702519665
88.81,90.52292676570237,-0.018922573837408918
90.35,88.66292676570237,0.019027944326221347
88.49,86.13292676570236,0.027365530498102197
85.96,86.26292676570237,-0.003511668071791263
86.09,88.20292676570237,-0.02395529086370385
88.03,88.79292676570238,-0.00859220203108646
88.62,88.28292676570237,0.003818102170447979
88.11,89.59292676570237,-0.016551828578838856
89.42,90.65292676570238,-0.013600518038308307
90.48,90.64292676570237,-0.0017974570274358337
90.47,90.58292676570237,-0.0012466672223393482
90.41,94.10292676570238,-0.03924348468881356
93.93,92.55292676570237,0.014878764858335503
92.38,92.16292676570237,0.002355320538479422
91.99,93.38292676570236,-0.014916289454037113
93.21,95.89292676570237,-0.027978359365937844
95.72,96.65292676570238,-0.009652338495283241
96.48,96.74292676570238,-0.0027177880026221235
96.57,96.82292676570238,-0.0026122611054139044
96.65,96.05292676570237,0.006216085801883597
95.88,95.52292676570237,0.003738089340305173
95.35,96.01292676570237,-0.006904557417774626
95.84,89.86292676570237,0.06651322686029948
89.69,95.38292676570236,-0.059684966259070826
95.21,96.21292676570238,-0.010424033437260616
96.04,95.15292676570238,0.009322605877188472
94.98,94.75292676570237,0.00239647725984371
94.58,92.23292676570237,0.02544723795071424
92.06,93.04292676570238,-0.010564228790626351
92.87,90.92292676570237,0.021414546402746204
90.75,88.19292676570237,0.0289940852183177
88.02,88.23292676570237,-0.0024132347583549763
88.06,86.27292676570237,0.020714183479029424
86.1,87.43292676570238,-0.015245134928106419
87.26,87.25292676570237,8.106586861700293e-05
87.08,87.60292676570238,-0.0059692841895678805
87.43,89.03292676570237,-0.0180037523636688
88.86,89.29292676570238,-0.004848388124160663
89.12,88.91292676570237,0.0023289440785512205
88.74,88.20292676570237,0.006089063639852732
88.03,88.34292676570237,-0.0035421824605414987
88.17,88.64292676570237,-0.005335188976243854
88.47,90.96292676570238,-0.027405964763243973
90.79,92.09292676570237,-0.014147956976296339
91.92,91.91292676570237,7.695581618971659e-05
91.74,92.83292676570237,-0.011773050832069254
92.66,91.79292676570238,0.009445970020225847
91.62,89.07292676570238,0.028595369286533723
88.9,89.62292676570237,-0.008066315080205833
89.45,90.58292676570237,-0.012507067348715095
90.41,93.66292676570237,-0.03473014220279025
93.49,93.98292676570237,-0.005244854386491249
93.81,94.14292676570237,-0.0035363970203617923
93.97,95.32292676570238,-0.014193088815115606
95.15,94.45292676570237,0.007380112593300403
94.28,97.49292676570238,-0.03295548582128183
97.32,97.53292676570237,-0.0021831269988840107
97.36,95.91292676570237,0.015087363957025035
95.74,96.95292676570237,-0.012510470866274659
96.78,97.32292676570238,-0.005578611163322589
97.15,97.05292676570237,0.0010002092418293085
96.88,97.31292676570237,-0.004448810451922025
97.14,98.13292676570236,-0.010118181515904712
97.96,100.31218992889036,-0.023448694825203176
100.0,100.39218992889036,-0.003906578083097467
100.08,101.06218992889036,-0.009718668570129485
100.75,100.06218992889036,0.006873825883667362
99.75,99.40218992889037,0.0034990181942515797
99.09,100.25218992889036,-0.011592663758414723
99.94,101.07218992889035,-0.011201794773487261
100.76,101.83218992889036,-0.01052898822699444
101.52,101.43218992889035,0.0008657022112132928
101.12,101.68218992889035,-0.005528892810859998
101.37,102.91218992889036,-0.014985493263295235
102.6,102.92218992889036,-0.0031304224007764336
102.61,102.50218992889036,0.0010517831002871958
102.19,101.90218992889037,0.0028243757205852482
101.59,102.84218992889036,-0.01217583882408746
102.53,100.66218992889036,0.018555229847762034
100.35,99.98218992889036,0.0036787559001381087
99.67,101.20218992889036,-0.015139889067291468
100.89,101.19218992889036,-0.0029862969573315468
100.88,104.88218992889036,-0.0381589088824692
104.57,106.51218992889036,-0.01823443805058389
106.2,107.47218992889036,-0.011837387232288776
107.16,110.09218992889036,-0.026633950426313557
109.78,109.28218992889036,0.004555271736717215
108.97,111.46218992889035,-0.02235906122497955
111.15,114.00218992889036,-0.02501872929519533
113.69,112.11218992889036,0.014073492562320045
111.8,110.35218992889035,0.0131199033933318
110.04,111.34218992889036,-0.011695386355540571
111.03,112.17218992889036,-0.01018246973349124
111.86,111.28218992889036,0.005192296013215136
110.97,108.58218992889036,0.021990807817316993
108.27,106.93218992889035,0.012510826459266156
106.62,106.84218992889036,-0.0020796085239196405
106.53,107.85218992889035,-0.012259277533095081
107.54,108.28218992889036,-0.00685421978792411
107.97,109.46218992889035,-0.013632012385826786
109.15,109.56218992889036,-0.0037621548926494164
109.25,110.61218992889036,-0.012315007322123095
110.3,107.57218992889035,0.025357948675329922
107.26,108.54218992889035,-0.01181282531456529
108.23,108.46218992889035,-0.0021407453513762054
108.15,109.62218992889036,-0.01342967085263791
109.31,111.22218992889036,-0.01719252183501252
110.91,109.33218992889036,0.0144313405972738
109.02,109.37218992889036,-0.0032201049381872515
109.06,106.64218992889036,0.02267217198673288
106.33,109.26218992889036,-0.026836272738068767
108.95,111.08218992889036,-0.01919470556220837
110.77,111.61218992889036,-0.007545680533881938
111.3,111.84218992889036,-0.004847812164936127
111.53,111.90218992889037,-0.003326029000208841
111.59,111.34218992889036,0.0022256619100802233
111.03,109.83218992889036,0.010905819795500316
109.52,109.96218992889035,-0.004021290674333655
109.65,112.12218992889036,-0.02204906923828598
111.81,117.55218992889036,-0.04884800472338213
117.24,123.41218992889036,-0.05001280612917369
123.1,124.68218992889035,-0.012689782957716167
124.37,126.28218992889036,-0.01514219804049255
125.97,123.50218992889036,0.0199819134586241
123.19,125.83218992889036,-0.02099772665788857
125.52,126.56218992889036,-0.008234607266798477
126.25,129.0310728032102,-0.021553512210595316
127.88,130.3210728032102,-0.01873122090466761
129.17,131.2810728032102,-0.01608055722072521
130.13,131.1310728032102,-0.007634138742329433
129.98,132.14107280321022,-0.01635428529045313
130.99,128.64107280321022,0.01825954297180865
127.49,128.44107280321023,-0.007404740418724298
127.29,131.05107280321022,-0.02869929045798758
129.9,131.2910728032102,-0.010595334271472079
130.14,129.17107280321025,0.0075011159678597394
128.02,128.5910728032102,-0.004440998824888465
127.44,128.38107280321023,-0.007330307985919049
127.23,128.72107280321023,-0.011583750591403152
127.57,133.36107280321022,-0.04342401183106581
132.21,133.46107280321021,-0.009374065238145657
132.31,131.51107280321023,0.006074980454195522
130.36,128.0010728032102,0.018428964266701486
126.85,131.24107280321022,-0.03345806849502386
130.09,130.20107280321025,-0.0008530866975122731
129.05,127.42107280321022,0.012783813233981478
126.27,126.65107280321023,-0.003008839915650263
125.5,127.79107280321023,-0.017928269580601564
126.64,123.61107280321022,0.024503688286985792
122.46,121.42107280321022,0.008556399419016758
120.27,123.05107280321022,-0.02260096348495766
121.9,119.65107280321023,0.018795712767979866
118.5,112.48107280321022,0.05351057779578716
111.33,111.66107280321022,-0.002964979602100848
110.51,117.16107280321022,-0.0567686232643303
116.01,116.18107280321021,-0.001472467064407068
115.03,123.98107280321022,-0.07219709106258398
122.83,126.30107280321022,-0.027482528264969663
125.15,125.03107280321022,0.0009511811274063309
123.88,123.96107280321021,-0.0006540182444122467
122.81,122.13107280321022,0.005559004610429907
120.98,124.46107280321021,-0.02796916919328063
123.31,129.08107280321022,-0.044708900211950287
127.93,128.8710728032102,-0.0073024363244593715
127.72,127.32107280321021,0.00313323779015251
126.17,125.79107280321023,0.0030123536459742972
124.64,127.56107280321022,-0.022899406057180105
126.41,130.23107280321025,-0.02934071509173708
129.08,131.4010728032102,-0.01766403236818548
130.25,128.24107280321022,0.015665240105036782
127.09,127.42107280321022,-0.002598257854268149
126.27,126.35107280321022,-0.0006416471297912008
125.2,130.0910728032102,-0.03759729778390686
128.94,128.5610728032102,0.0029474489324603503
127.41,128.30107280321022,-0.0069451703227529915
127.15,126.96107280321021,0.0014880718366536705
125.81,125.75107280321022,0.00046860194093123475
124.6,126.66107280321022,-0.016272346014410077
125.51,123.78107280321022,0.013967621685897491
122.63,126.69107280321022,-0.0320549247342653
125.54,131.33107280321022,-0.04409522194254589
130.18,128.9310728032102,0.009686782011781192
127.78,129.11107280321022,-0.010309517025228532
127.96,134.3810728032102,-0.04778256840242179
133.23,130.33107280321022,0.02224279394344375
129.18,125.82107280321021,0.026696062288733557
124.67,127.67107280321022,-0.023506286407070642
126.52,122.9939043627049,0.028668864978029784
122.26,124.1739043627049,-0.015413096435419216
123.44,123.3139043627049,0.0010225581449778698
122.58,125.1439043627049,-0.020487648805282088
124.41,117.3539043627049,0.060126637248360204
116.62,114.0239043627049,0.02276799458679335
113.29,118.1139043627049,-0.0408411218707293
117.38,117.2739043627049,0.0009046824003315912
116.54,117.0739043627049,-0.004560404520641992
116.34,119.4339043627049,-0.025904741029893152
118.7,119.7739043627049,-0.008966096316380012
119.04,123.0339043627049,-0.0324618192309889
122.3,127.8339043627049,-0.04328980163981755
127.1,129.6139043627049,-0.019395329344219947
128.88,129.1339043627049,-0.0019662099117807585
128.4,128.9739043627049,-0.004449771180772721
128.24,126.4639043627049,0.014044289129340637
125.73,126.48390436270489,-0.005960476682811744
125.75,127.6039043627049,-0.014528586503398055
126.87,126.5839043627049,0.0022601265045147922
125.85,129.18390436270488,-0.02580742840334349
128.45,128.83390436270489,-0.0029798395430452596
128.1,129.65390436270488,-0.011985017885445703
128.92,127.2439043627049,0.013172305940231332
126.51,128.0339043627049,-0.011902350164905151
127.3,130.9739043627049,-0.028050659255990373
130.24,135.4539043627049,-0.03849209358147121
134.72,137.25390436270493,-0.018461437395681513
136.52,130.5239043627049,0.04593867817984454
129.79,124.5539043627049,0.04203879167085289
123.82,124.9739043627049,-0.009233162463709199
124.24,129.2639043627049,-0.03886548520620414
128.53,132.8639043627049,-0.03261912543886836
132.13,136.9939043627049,-0.03550453128065645
136.26,135.3139043627049,0.00699185824066606
134.58,137.4939043627049,-0.021192971253606308
136.76,132.96390436270488,0.028549820761429645
132.23,130.37390436270488,0.014236711298692084
129.64,125.7239043627049,0.031148377527295157
124.99,121.0839043627049,0.032259412659790376
120.35,121.73390436270489,-0.011368273858871514
121.0,123.5339043627049,-0.02051181313969619
122.8,121.4939043627049,0.010750297672514675
120.76,116.23390436270489,0.03893954747636763
115.5,112.4339043627049,0.027270205145629944
111.7,112.2839043627049,-0.005200249902414744
111.55,112.9539043627049,-0.012429002526524902
112.22,114.8539043627049,-0.022932649763364732
114.12,114.6939043627049,-0.005003791316493977
113.96,114.5639043627049,-0.0052713318917010366
113.83,119.6139043627049,-0.0483547827781492
118.88,119.0839043627049,-0.001712274751118792
118.35,116.6839043627049,0.014278710044841603
115.95,116.3139043627049,-0.003128640248977743
115.58,123.3139043627049,-0.06271721265070862
122.58,128.3139043627049,-0.044686539554566695
127.58,130.2939043627049,-0.02082909692498036
129.56,124.4639043627049,0.04094436586566008
123.73,126.2939043627049,-0.0203010935139164
125.56,122.3339043627049,0.02637123088731097
121.6,127.2739043627049,-0.0445802648321012
126.54,130.8639043627049,-0.03304122999968473
130.13,131.5739043627049,-0.010974093758930659
130.84,132.30390436270488,-0.0110647102196747
131.57,130.45287391216354,0.00856344559023392
129.3,131.20287391216354,-0.014503294443362957
130.05,133.15287391216353,-0.023303093812382714
132.0,136.12287391216353,-0.030287884715274993
134.97,137.82287391216352,-0.02069956772184056
136.67,135.11287391216354,0.011524631537692898
133.96,131.91287391216352,0.015518774075073294
130.76,131.43287391216353,-0.0051195252156870374
130.28,132.49287391216353,-0.016701833440721958
131.34,131.14287391216354,0.0015031399111209431
129.99,131.80287391216353,-0.01375443386288877
130.65,131.74287391216353,-0.008295506843824962
130.59,133.24287391216353,-0.0199100622365167
132.09,132.30287391216353,-0.0016089893278120604
131.15,132.32287391216352,-0.008863727619323525
131.17,134.60287391216352,-0.025503719292083504
133.45,135.83287391216354,-0.017542689361814134
134.68,135.70287391216354,-0.007537599482422275
134.55,133.49287391216353,0.007918970180625928
132.34,134.86287391216354,-0.018706956473481973
133.71,133.10287391216352,0.004561329669238612
131.95,134.03287391216352,-0.015540022767313921
132.88,135.64287391216354,-0.020368736170782276
134.49,131.95287391216354,0.019227516708164583
130.8,134.77287391216353,-0.02947829037728167
133.62,135.89287391216354,-0.016725482703623173
134.74,134.94287391216352,-0.0015034058952647644
133.79,132.30287391216353,0.011240315828844105
131.15,135.95287391216354,-0.03532749087206921
134.8,133.02287391216353,0.01335955265114741
131.87,134.90287391216353,-0.022481907347194463
133.75,118.85287391216353,0.12534089919311486
117.7,121.61287391216354,-0.03217483302787216
120.46,121.33287391216354,-0.007194042999388972
120.18,122.14287391216352,-0.0160703105248291
120.99,123.74287391216353,-0.02224672682256923
122.59,125.38287391216353,-0.022274763889365556
124.23,122.75287391216352,0.01203333201708534
121.6,122.90287391216353,-0.010600841710948772
121.75,123.88287391216353,-0.017216858511659994
122.73,122.27287391216353,0.0037385731864358895
121.12,123.06287391216352,-0.015787652688415643
121.91,122.67287391216352,-0.006218766120289709
121.52,122.23287391216353,-0.005832096467565662
121.08,121.47287391216354,-0.0032342522203567814
120.32,118.61287391216354,0.014392418221825132
117.46,115.64287391216352,0.015713256047378055
114.49,113.80287391216353,0.006037862351057965
112.65,113.26287391216353,-0.0054110750592362145
112.11,117.55287391216353,-0.04630149592285171
116.4,121.66287391216353,-0.043257846399084254
120.51,119.96287391216353,0.004560795102633852
118.81,122.88287391216353,-0.03314435756991507
121.73,123.84287391216353,-0.01706092442316942
122.69,125.90287391216353,-0.025518670164789148
124.75,129.73287391216354,-0.03840872218353253
128.58,127.87287391216353,0.005529914720789231
126.72,129.70287391216354,-0.022997747252567313
128.55,134.01287391216354,-0.04076379942231578
132.86,135.66287391216352,-0.02066058186249442
134.51,132.48287391216354,0.015301042527054776
131.33,135.21287391216353,-0.028716747154460265
134.06,136.34287391216353,-0.016743624706299087
135.19,141.94517304189438,-0.04759001589931222
136.8,142.19517304189438,-0.03794202662775903
137.05,145.06517304189433,-0.0552522212866321
139.92,140.39517304189437,-0.0033845397359394402
135.25,141.49517304189436,-0.04413700416511923
136.35,138.02517304189436,-0.012136721186257193
132.88,140.27517304189436,-0.05271904415819706
135.13,134.42517304189434,0.00524326613949011
129.28,129.77517304189436,-0.003815622281886699
124.63,131.26517304189434,-0.05054785582598276
126.12,133.07517304189435,-0.052264993408685845
127.93,135.96517304189436,-0.05909728838736161
130.82,134.65517304189436,-0.02848143859056307
129.51,132.10517304189435,-0.019644749574426967
126.96,132.24517304189436,-0.03996495993256455
127.1,129.70517304189434,-0.02008534417553942
124.56,124.25517304189435,0.0024532335406499683
119.11,118.04517304189436,0.009020504021182818
112.9,119.38517304189435,-0.05432142766688941
114.24,118.90517304189436,-0.039234399333077485
113.76,113.31517304189435,0.00392557277339356
108.17,115.02517304189435,-0.05959715478452321
109.88,117.50517304189435,-0.06489223278004741
112.36,120.59517304189436,-0.06828775011611354
115.45,119.46517304189436,-0.03360956954782379
114.32,121.13517304189435,-0.0562608932711669
115.99,118.51517304189436,-0.021306748976367196
113.37,121.01517304189436,-0.0631753262811735
115.87,115.79517304189436,0.0006462010128744922
110.65,118.99517304189435,-0.07013034922816808
113.85,115.37517304189436,-0.013219248142237294
110.23,112.99517304189435,-0.024471603232725014
107.85,113.85517304189435,-0.05274396306687512
108.71,117.38517304189435,-0.07390348216122844
112.24,119.45517304189435,-0.060400674647751895
114.31,118.95517304189435,-0.039049777517942696
113.81,113.87517304189436,-0.000572320025106543
108.73,114.37517304189436,-0.049356629518073736
109.23,110.02517304189435,-0.007227191922629994
104.88,114.45517304189435,-0.0836587179715288
109.31,114.98517304189436,-0.04935569423221753
109.84,114.94517304189435,-0.04441398370015637
109.8,117.14517304189435,-0.06270145709945318
112.0,115.52517304189435,-0.030514328168250948
110.38,117.31517304189435,-0.05911573807607773
112.17,110.22517304189435,0.01764412705767726
105.08,106.96517304189436,-0.017624176059211405
101.82,107.84517304189436,-0.05586873173780138
102.7,105.77517304189435,-0.029072729955982757
100.63,105.18517304189436,-0.04330622758095459
100.04,103.63517304189435,-0.03469066472674287
98.49,101.46517304189436,-0.02932211075682034
96.32,97.85517304189435,-0.015688215494106816
92.71,93.68517304189436,-0.010409043504229665
88.54,93.07517304189436,-0.04872591576975105
87.93,95.74517304189435,-0.08162472105486429
90.6,94.17517304189435,-0.03796301006321401
89.03,93.91517304189435,-0.05201686674969053
88.77,90.81517304189435,-0.02252016896946163
85.67,97.13517304189435,-0.11803317668409796
91.99,98.02517304189435,-0.06156758365848558
92.88,97.03517304189435,-0.042821308105468026
91.89,97.84517304189436,-0.060863227656049346
92.7,97.26439192215689,-0.046927676531508866
95.22,98.20439192215689,-0.030389597285246817
96.16,101.97439192215688,-0.05701815732910043
99.93,104.67439192215689,-0.04532523987036996
102.63,106.9943919221569,-0.04079084748041917
104.95,108.83439192215688,-0.03569084968045
106.79,108.17439192215689,-0.012797778638340751
106.13,106.14439192215688,-0.0001355881539878423
104.1,106.55439192215688,-0.02303416947796899
104.51,107.05439192215688,-0.023767282000041634
105.01,107.68439192215689,-0.024835464772742122
105.64,107.69439192215688,-0.019076127229000206
105.65,108.93439192215689,-0.030150183649107487
106.89,103.50439192215688,0.032709801149204853
101.46,103.37439192215689,-0.018519015072886447
101.33,103.60439192215689,-0.021952659341562986
101.56,104.25439192215688,-0.02584439727171106
102.21,102.34439192215689,-0.0013131342092403964
100.3,102.20439192215689,-0.018633171102934165
100.16,104.30439192215688,-0.039733628141467636
102.26,105.16439192215688,-0.0276176362461803
103.12,104.93439192215689,-0.017290726985894622
102.89,106.59439192215689,-0.0347522215320869
104.55,103.92439192215689,0.006019838714204084
101.88,103.69439192215688,-0.017497493244561846
101.65,100.00439192215688,0.016455358071914006
97.96,98.64439192215688,-0.00693797091574111
96.6,99.90439192215689,-0.03307554211161812
97.86,100.72439192215688,-0.0284379172462077
98.68,103.06439192215689,-0.042540317178297093
101.02,105.87439192215689,-0.045850482199000786
103.83,107.54439192215689,-0.034538220503821826
105.5,106.84439192215689,-0.012582709283762594
104.8,108.4943919221569,-0.03405145516468322
106.45,104.18439192215689,0.021746137171255953
102.14,106.07439192215689,-0.03709087415786616
104.03,107.33439192215688,-0.030785956513857737
105.29,107.55439192215688,-0.021053458456589458
105.51,107.53439192215689,-0.018825530009248692
105.49,104.97439192215688,0.0049117510318654745
102.93,106.83439192215688,-0.036546208125579516
104.79,106.71439192215689,-0.018033105821009032
104.67,104.66439192215688,5.358152605805522e-05
102.62,102.09439192215689,0.005148256118160388
100.05,99.80439192215688,0.0024608944868345084
97.76,97.54439192215689,0.0022103585208177456
95.5,99.62439192215689,-0.04139941878269682
97.58,102.54439192215689,-0.048412125023135744
100.5,105.46439192215689,-0.04707173512953167
103.42,106.25439192215688,-0.026675527202992155
104.21,104.43439192215689,-0.002148640098600385
102.39,106.58439192215688,-0.039352778080492534
104.54,105.22439192215688,-0.006504118576072915
103.18,107.22439192215688,-0.037718954145182115
105.18,107.95439192215689,-0.0256996669867533
105.91,103.41439192215688,0.024132115767036
101.37,103.02439192215688,-0.016058254664651606
100.98,104.65439192215689,-0.03510977279281258
102.61,104.39439192215688,-0.017092794826444768
102.35,104.58439192215688,-0.021364487387563247
102.54,103.57439192215689,-0.009986946608716796
101.53,104.45335415391885,-0.027987173581913827
103.69,103.25335415391885,0.004228878080127396
102.49,100.72335415391885,0.017539585143098835
99.96,100.60335415391886,-0.006394957298685666
99.84,103.21335415391886,-0.03268331100729738
102.45,105.11335415391885,-0.025337923761988068
104.35,103.60335415391886,0.007206772909802428
102.84,104.63335415391886,-0.017139411886584188
103.87,100.68335415391886,0.03165017567064354
99.92,107.04335415391886,-0.06654644008703336
106.28,106.72335415391885,-0.004154237443469322
105.96,107.63335415391886,-0.015546799289799296
106.87,109.00335415391885,-0.019571454204119543
108.24,108.04335415391886,0.001820064247551878
107.28,111.96335415391886,-0.041829348444496706
111.2,112.57335415391886,-0.01219963786493472
111.81,111.80335415391886,5.944227819854042e-05
111.04,110.37335415391885,0.006039916528689515
109.61,107.97335415391885,0.015157867965721161
107.21,107.66335415391886,-0.004210849248396431
106.9,107.15335415391885,-0.002364407123970347
106.39,102.13335415391886,0.04167733333878587
101.37,99.88335415391886,0.014883819818367838
99.12,101.23335415391885,-0.02087606571551137
100.47,101.46335415391886,-0.009790275141229321
100.7,98.99335415391886,0.017240004247432328
98.23,106.61335415391885,-0.07863324646756453
105.85,109.00335415391885,-0.028928964419444814
108.24,108.65335415391885,-0.003804338643179861
107.89,107.96335415391886,-0.0006794356704986626
107.2,109.87335415391885,-0.024331232758889043
109.11,109.82335415391886,-0.006495468649765357
109.06,111.39335415391885,-0.02094697813564994
110.63,111.78335415391885,-0.010317762985808776
111.02,110.42335415391885,0.005403257767822245
109.66,114.56335415391885,-0.04280037181288421
113.8,109.64335415391885,0.03791060459757545
108.88,104.79335415391886,0.03899718526118301
104.03,104.87335415391885,-0.008041643759015171
104.11,104.28335415391885,-0.0016623377271024475
103.52,102.07335415391886,0.014172610061385038
101.31,101.11335415391885,0.0019448058837194804
100.35,98.82335415391886,0.015448229410462755
98.06,98.93335415391886,-0.008827701854322134
98.17,99.89335415391885,-0.017251940016584588
99.13,96.88335415391886,0.023189183174974426
96.12,98.34335415391885,-0.022608077312870956
97.58,97.78335415391885,-0.0020796397881663875
97.02,98.36335415391885,-0.013657059231802715
97.6,100.52335415391886,-0.029081343121944547
99.76,98.97335415391885,0.007948056856371677
98.21,100.93335415391886,-0.02698170665928601
100.17,99.71335415391886,0.004579585652852991
98.95,102.34335415391885,-0.03315656577773907
101.58,105.30335415391886,-0.03535836236020118
104.54,104.88335415391886,-0.003273676330134978
104.12,108.35335415391886,-0.039069894854433906
107.59,110.55335415391886,-0.026804742168139883
109.79,108.40335415391885,0.01279154004877281
107.64,105.98335415391885,0.01563118906083316
105.22,107.99335415391886,-0.025680785411721696
107.23,108.25335415391885,-0.009453325136362989
107.49,109.73335415391885,-0.020443685251543386
108.97,111.3227327189219,-0.02113434211916354
109.35,106.14273271892189,0.03021655085488817
104.17,107.17273271892189,-0.028017692959244167
105.2,109.3827327189219,-0.03823942422128146
107.41,108.9327327189219,-0.013978651603747005
106.96,108.94273271892189,-0.018199770369607404
106.97,111.6527327189219,-0.04194015323127254
109.68,111.2927327189219,-0.014490907712680245
109.32,112.8027327189219,-0.03087454208755802
110.83,108.3827327189219,0.02257986322807337
106.41,106.08273271892189,0.003085019330575145
104.11,103.7627327189219,0.0033467437872785055
101.79,105.5527327189219,-0.03564789486731468
103.58,106.58273271892189,-0.028172787864621962
104.61,105.4627327189219,-0.008085630790495402
103.49,106.4127327189219,-0.027466005657819204
104.44,106.42273271892189,-0.018630725487557065
104.45,103.3727327189219,0.010421193797858441
101.4,103.9627327189219,-0.024650493998177314
101.99,101.7027327189219,0.0028245778004021282
99.73,104.8027327189219,-0.04840267603066062
102.83,105.4027327189219,-0.02440859598756917
103.43,99.3727327189219,0.04082877837881527
97.4,99.4627327189219,-0.0207387497058934
97.49,93.42273271892189,0.04353616258812676
91.45,93.03273271892189,-0.017012643535945227
91.06,94.7127327189219,-0.038566437838533085
92.74,97.17273271892189,-0.04561704291824176
95.2,98.39273271892189,-0.032448867215046806
96.42,98.8527327189219,-0.02460966583330715
96.88,101.9127327189219,-0.04938276685016696
99.94,98.28273271892189,0.016862242585558906
96.31,97.78273271892189,-0.015061275932584994
95.81,99.2327327189219,-0.034491972811197646
97.26,101.9327327189219,-0.04584133667648138
99.96,101.25273271892189,-0.012767385967848655
99.28,102.0727327189219,-0.02736022289725759
100.1,101.2027327189219,-0.01089627413505323
99.23,96.5727327189219,0.027515709727425453
94.6,95.47273271892189,-0.009141172500961914
93.5,94.3427327189219,-0.008932672338765824
92.37,98.6027327189219,-0.06321054748745147
96.63,100.5527327189219,-0.0390116967769264
98.58,100.0527327189219,-0.014719565162295445
98.08,98.97273271892189,-0.009019986559906434
97.0,99.7927327189219,-0.027985331625179133
97.82,99.6227327189219,-0.018095595952062227
97.65,97.5727327189219,0.000791894199588361
95.6,98.5127327189219,-0.029567068525370832
96.54,101.4327327189219,-0.0482362309263622
99.46,100.69273271892189,-0.012242519252734896
98.72,98.14273271892189,0.005881915706702268
96.17,98.7027327189219,-0.025660208680689855
96.73,107.0127327189219,-0.09608887146102851
105.04,102.42273271892189,0.0255535779177134
100.45,100.22273271892189,0.002267622074479725
98.25,99.3027327189219,-0.010601246210430904
97.33,98.7927327189219,-0.014806076101605226
96.82,100.2627327189219,-0.03433711236031556
98.29,96.4627327189219,0.01894272772058514
94.49,95.2127327189219,-0.007590715005055926
93.24,92.0927327189219,0.012457739576256177
90.12,91.9627327189219,-0.020037820369628312
89.99,91.8827327189219,-0.020599438685742544
89.91,85.60802840708718,0.050251964365490176
85.0,83.72802840708718,0.015191706016633555
83.12,86.49802840708718,-0.0390532416668401
85.89,86.02802840708718,-0.0016044585659225064
85.42,83.97802840708718,0.017170819799707582
83.37,81.42802840708718,0.023848932989071425
80.82,82.15802840708717,-0.016286033550578227
81.55,83.14802840708718,-0.019219077562048104
82.54,84.24802840708718,-0.020273808650262515
83.64,84.56802840708718,-0.010973750063320686
83.96,85.44802840708718,-0.01741442646280844
84.84,84.03802840708718,0.009542960587176186
83.43,84.64802840708718,-0.014389329911258741
84.04,82.57802840708717,0.01770412325304882
81.97,83.34802840708718,-0.016533425366184296
82.74,86.29802840708717,-0.041229544553476494
85.69,87.76802840708717,-0.023676371052210765
87.16,87.51802840708717,-0.0040909103370315725
86.91,88.06802840708718,-0.01314924868914169
87.46,87.20802840708718,0.0028893164713759134
86.6,88.52802840708718,-0.021778734280869072
87.92,84.98802840708719,0.03449864231311328
84.38,86.36802840708718,-0.023018105701299696
85.76,87.39802840708718,-0.01874216657906147
86.79,90.96802840708717,-0.045928536434693856
90.36,90.83802840708718,-0.005262426050738456
90.23,77.80802840708718,0.15964896999987932
77.2,76.16802840708718,0.013548618948062474
75.56,76.0380284070872,-0.006286701760965685
75.43,77.38802840708718,-0.02530143805689533
76.78,78.61802840708718,-0.023379222861832583
78.01,77.61802840708718,0.005050007078987173
77.01,76.89802840708718,0.0014561048603229931
76.29,77.69802840708718,-0.018121803550921745
77.09,76.33802840708718,0.009850550356144794
75.73,74.79802840708717,0.0124598416931605
74.19,75.8980284070872,-0.022504252652335133
75.29,76.17802840708718,-0.01165727737585498
75.57,75.93802840708717,-0.004846430896444431
75.33,77.73802840708719,-0.030976196032103775
77.13,77.70802840708718,-0.007438464453879634
77.1,79.12802840708719,-0.025629709824863345
78.52,77.94802840708718,0.007337858373090089
77.34,78.48802840708719,-0.014626796345715287
77.88,77.51802840708717,0.004669514954791287
76.91,81.16802840708718,-0.05245942880035992
80.56,80.54802840708717,0.00014862676529237007
79.94,83.83802840708718,-0.04649475281264681
83.23,84.38802840708718,-0.01372266219446261
83.78,84.06802840708718,-0.003426134911746037
83.46,84.43802840708717,-0.011582795400811308
83.83,86.87802840708719,-0.035083996068660084
86.27,85.69802840708718,0.006674267816241919
85.09,88.29802840708717,-0.03633182376730937
87.69,87.21802840708717,0.005411399472479594
86.61,87.68802840708717,-0.01229390632530225
87.08,88.08802840708718,-0.011443421147181443
87.48,88.62802840708719,-0.012953333473853745
88.02,89.63802840708718,-0.018050691607572777
89.03,90.78802840708718,-0.01936409940751549
90.18,91.91802840708718,-0.01890846047512873
91.31,91.37802840708719,-0.0007444722574240226
90.77,91.67802840708718,-0.009904536810665054
91.07,93.46802840708717,-0.02565613555731483
92.86,93.40071867580549,-0.0057892346383578985
92.65,95.1607186758055,-0.026383981865028105
94.41,95.65071867580549,-0.012971347136561895
94.9,97.1707186758055,-0.023368342920066176
96.42,94.0807186758055,0.02486462005307888
93.33,94.90071867580549,-0.01655117788065752
94.15,93.01071867580549,0.012248925074598738
92.26,91.23071867580549,0.011282179282749327
90.48,92.01071867580549,-0.016636308224032947
91.26,92.0607186758055,-0.008697723495134202
91.31,91.4907186758055,-0.0019752678569053828
90.74,90.2907186758055,0.004975941390030103
89.54,89.0707186758055,0.005268637450906555
88.32,86.1907186758055,0.024704299452513956
85.44,85.45071867580549,-0.0001254369298654412
84.7,83.59071867580549,0.013270388648011222
82.84,80.12071867580549,0.03393980195307056
79.37,79.87071867580549,-0.006269114440273116
79.12,78.3207186758055,0.01020523480514779
77.57,77.2407186758055,0.004263053604881106
76.49,75.15071867580549,0.0178212710110206
74.4,73.8307186758055,0.007710629591650697
73.08,73.9707186758055,-0.012041503607789661
73.22,78.15071867580549,-0.06309242908257462
77.4,76.98071867580549,0.005446575862200875
76.23,74.9907186758055,0.016525796072872412
74.24,72.7507186758055,0.020471018723967394
72.0,73.26071867580549,-0.017208658317760195
72.51,75.1007186758055,-0.034496589666326516
74.35,75.2907186758055,-0.012494483946369872
74.54,75.7207186758055,-0.01559307276071531
74.97,75.3107186758055,-0.0045241724125912874
74.56,80.0407186758055,-0.0684741312481767
79.29,79.23071867580549,0.0007482113653050071
78.48,77.15071867580549,0.0172296687187099
76.4,71.8307186758055,0.0636118001939685
71.08,67.9107186758055,0.04666835200675945
67.16,63.890718675805495,0.051169894343863875
63.14,60.2307186758055,0.048302284750308955
59.48,62.750718675805494,-0.05212240982773908
62.0,62.890718675805495,-0.014162959090943894
62.14,62.5107186758055,-0.005930481742309368
61.76,61.820718675805495,-0.000982173567471989
61.07,58.960718675805495,0.03577434894904097
58.21,49.3107186758055,0.18047356767811573
48.56,27.630718675805497,0.7574642400641203
26.88,30.430718675805497,-0.11668205124016884
29.68,26.950718675805497,0.10126933374302416
26.2,26.370718675805495,-0.006473796861748982
25.62,27.940718675805496,-0.08305866082875879
27.19,24.240718675805496,0.1216664144177444
23.49,20.980718675805498,0.11959939804579478
20.23,16.310718675805497,0.24028869616935822
15.56,19.440718675805496,-0.19961806662194825
18.69,19.340718675805498,-0.03364501013188925
18.59,21.120718675805495,-0.11982161756193077
20.37,24.870718675805495,-0.18096456055304277
24.12,24.920718675805496,-0.032130641424192974
24.17,26.700718675805497,-0.09478091981466674
25.95,24.620718675805495,0.053990354290542
23.87,24.340718675805498,-0.01933873366990546
23.59,27.14009867881434,-0.1308064027632132
26.2,26.01009867881434,0.00730106115823137
25.07,29.99009867881434,-0.16405743547252838
29.05,32.53009867881434,-0.10698088294090546
31.59,33.04009867881434,-0.043889054113030124
32.1,33.95009867881434,-0.054494648051460426
33.01,38.42009867881434,-0.14081428379562144
37.48,35.80009867881434,0.04692448856795428
34.86,34.02009867881434,0.024688385801440837
33.08,32.59009867881434,0.015032213495693503
31.65,31.17009867881434,0.015396207953356056
30.23,28.970098678814338,0.04348971452095962
28.03,32.46009867881434,-0.13647828747069468
31.52,31.80009867881434,-0.00880810722140768
30.86,32.34009867881434,-0.045766671694911665
31.4,35.18009867881434,-0.10744991687845207
34.24,38.04009867881434,-0.09989718246789736
37.1,36.72009867881434,0.01034586874367105
35.78,37.16009867881434,-0.03713926302357107
36.22,38.94009867881434,-0.06985341000931333
38.0,45.13009867881434,-0.15798987566055245
44.19,44.48009867881434,-0.0065219882021646525
43.54,41.22009867881434,0.05628082890490527
40.28,43.46009867881434,-0.073172836129904
42.52,41.27009867881434,0.030285881575255136
40.33,39.86009867881434,0.011788764623290149
38.92,41.31009867881434,-0.05785749139447316
40.37,43.02009867881434,-0.061601408648544353
42.08,41.96009867881434,0.0028575080841313216
41.02,41.81009867881434,-0.018897316767508388
40.87,38.73009867881434,0.055251636174017627
37.79,39.12009867881434,-0.03400039171002034
38.18,39.72009867881434,-0.03877378783139296
38.78,44.38009867881434,-0.12618490822526385
43.44,42.78009867881434,0.015425427747141951
41.84,44.60009867881434,-0.06188548367776192
43.66,43.83009867881434,-0.0038808646099753874
42.89,43.88009867881434,-0.022563729540844624
42.94,45.84009867881434,-0.06326554179419053
44.9,45.24009867881434,-0.007517637864340232
44.3,43.96009867881434,0.007732041815216917
43.02,43.52009867881434,-0.011491211968638892
42.58,44.67009867881434,-0.04678965886873254
43.73,46.55009867881434,-0.06058201290339715
45.61,48.52009867881434,-0.05997717972665617
47.58,48.62009867881434,-0.021392360506819585
47.68,53.15009867881434,-0.1029179402256637
52.21,51.11009867881434,0.021520234740646016
59.82,,
53.92,,
50.17,49.06009867881434,0.022623299811358688
44.36,,
46.96,,
48.12,50.91009867881434,-0.0548044248827082
49.970001,47.49009867881434,0.05221935498508379
46.549999,47.53009867881434,-0.02062061106662927
46.59,47.67009867881434,-0.02265778147621833
46.73,47.03009867881434,-0.0063809919018844585
46.09,47.25009867881434,-0.024552301714757974
46.310001,42.84009867881434,0.08099659963905781
41.900002,44.56009867881434,-0.05969683096952072
43.619999,42.07009867881434,0.036840900541223576
41.130001,42.37009867881434,-0.029268227299040994
41.43,42.76009867881434,-0.031106071312069772
41.82,40.54009867881434,0.03157124335897388
39.599998,42.50009867881434,-0.06823750459337163
41.560001,43.82009867881434,-0.051576736405366086
42.880001,41.06009867881434,0.04432289204713169
40.119999,41.17009867881434,-0.02550636778907478
40.23,38.44009867881434,0.046563390384118275
37.5,39.87009867881434,-0.059445518254353624
38.93,38.04009667881434,0.02339382385642752
37.099998,40.22009767881434,-0.07757563653202748
39.279999,40.84010067881433,-0.038200240765411064
39.900002,40.45009667881435,-0.013599341509175078
39.509998,39.96009867881434,-0.011263752935949722
39.02,39.52010067881433,-0.012654337165755702
38.580002,43.050099678814334,-0.10383478115415701
42.110001,42.64009967881434,-0.01243192869639842
41.700001,42.01009867881434,-0.0073815032234313405
41.07,41.67009867881434,-0.014401182090779119
40.73,40.990097678814344,-0.006345378360705367
40.049999,39.82009967881434,0.005773449163613664
38.880001,41.70009667881435,-0.0676280369452259
40.759998,40.45009667881435,0.007661324610577891
39.509998,40.800099678814334,-0.03162006193539335
39.860001,,
