date,NWS,dcf,Deviation
2013-06-19,15.53,,
2013-06-20,15.44,,
2013-06-21,15.8,,
2013-06-24,15.52,,
2013-06-25,15.66,,
2013-06-26,15.47,,
2013-06-27,15.37,,
2013-06-28,15.38,,
2013-07-01,14.87,,
2013-07-02,14.99,,
2013-07-03,14.97,,
2013-07-05,15.61,,
2013-07-08,16.02,,
2013-07-09,15.73,,
2013-07-10,15.45,,
2013-07-11,15.21,,
2013-07-12,14.99,,
2013-07-15,14.8,,
2013-07-16,15.39,,
2013-07-17,16.02,,
2013-07-18,15.6,,
2013-07-19,16.12,,
2013-07-22,15.9,,
2013-07-23,15.85,,
2013-07-24,15.92,,
2013-07-25,15.76,,
2013-07-26,16.09,,
2013-07-29,15.71,,
2013-07-30,16.14,,
2013-07-31,16.09,,
2013-08-01,16.39,,
2013-08-02,16.5,,
2013-08-05,16.21,,
2013-08-06,16.39,,
2013-08-07,16.16,,
2013-08-08,16.38,,
2013-08-09,16.24,,
2013-08-12,16.11,,
2013-08-13,16.05,,
2013-08-14,16.18,,
2013-08-15,16.32,,
2013-08-16,16.19,,
2013-08-19,15.89,,
2013-08-20,15.88,,
2013-08-21,15.94,,
2013-08-22,15.88,,
2013-08-23,15.92,,
2013-08-26,16.06,,
2013-08-27,15.94,,
2013-08-28,15.97,,
2013-08-29,15.96,,
2013-08-30,15.84,,
2013-09-03,16.0,,
2013-09-04,16.21,,
2013-09-05,16.39,,
2013-09-06,16.34,,
2013-09-09,16.49,,
2013-09-10,16.72,,
2013-09-11,17.2,,
2013-09-12,17.3,,
2013-09-13,17.11,,
2013-09-16,17.17,,
2013-09-17,17.22,,
2013-09-18,17.25,,
2013-09-19,17.13,,
2013-09-20,16.91,,
2013-09-23,16.79,,
2013-09-24,17.33,,
2013-09-25,17.09,,
2013-09-26,16.67,,
2013-09-27,16.56,,
2013-09-30,16.43,20.928481449525453,-0.21494543024417356
2013-10-01,16.29,21.128481449525452,-0.22900280179076127
2013-10-02,16.49,20.908481449525453,-0.21132483773113697
2013-10-03,16.27,20.908481449525453,-0.22184688355885984
2013-10-04,16.27,20.908481449525453,-0.22184688355885984
2013-10-07,16.27,20.868481449525454,-0.22035534596265616
2013-10-08,16.23,20.978481449525454,-0.22635010360260688
2013-10-09,16.34,21.288481449525452,-0.23244877570333977
2013-10-10,16.65,21.558481449525456,-0.22768215196499852
2013-10-11,16.92,21.698481449525453,-0.22022192938436969
2013-10-14,17.06,21.798481449525454,-0.21737667646700276
2013-10-15,17.16,21.898481449525452,-0.21638402007222912
2013-10-16,17.26,21.898481449525452,-0.2118174933826732
2013-10-17,17.26,21.958481449525454,-0.2139711464258377
2013-10-18,17.32,21.938481449525455,-0.21051965060349953
2013-10-21,17.3,22.088481449525453,-0.21678635810558755
2013-10-22,17.45,22.128481449525452,-0.21142352041629964
2013-10-23,17.49,22.358481449525453,-0.21774651648485654
2013-10-24,17.72,22.198481449525453,-0.20174719877612135
2013-10-25,17.56,22.318481449525454,-0.21320811903296544
2013-10-28,17.68,22.50848144952545,-0.21451831214616435
2013-10-29,17.87,22.388481449525454,-0.20182170281232836
2013-10-30,17.75,22.568481449525454,-0.213504903300739
2013-10-31,17.93,22.748481449525453,-0.21181552097078415
2013-11-01,18.11,22.768481449525453,-0.20460220238458404
2013-11-04,18.13,22.73848144952545,-0.20267322863029757
2013-11-05,18.1,22.408481449525453,-0.19227012143728706
2013-11-06,17.77,22.248481449525453,-0.20129380334049618
2013-11-07,17.61,22.57848144952545,-0.2200538358008075
2013-11-08,17.94,22.41848144952545,-0.19976738654706028
2013-11-11,17.78,22.128481449525452,-0.19651061277947313
2013-11-12,17.49,22.16848144952545,-0.21104203552136414
2013-11-13,17.53,22.148481449525452,-0.20852361639557937
2013-11-14,17.51,22.658481449525453,-0.22722093980544666
2013-11-15,18.02,22.32848144952545,-0.1929589998883252
2013-11-18,17.69,22.368481449525454,-0.20915507653402665
2013-11-19,17.73,22.48848144952545,-0.2115963881423334
2013-11-20,17.85,22.438481449525455,-0.20449162122878395
2013-11-21,17.8,22.348481449525455,-0.203525302593749
2013-11-22,17.71,22.248481449525453,-0.20399061661002738
2013-11-25,17.61,22.398481449525452,-0.21378598635430723
2013-11-26,17.76,22.528481449525454,-0.21166457491638424
2013-11-27,17.89,22.608481449525453,-0.20870404144832522
2013-11-29,17.97,22.298481449525454,-0.1941155257286622
2013-12-02,17.66,22.16848144952545,-0.20337349041208064
2013-12-03,17.53,22.138481449525454,-0.2081661047995791
2013-12-04,17.5,22.00848144952545,-0.20485200034656015
2013-12-05,17.37,21.998481449525453,-0.21040004330050233
2013-12-06,17.36,21.998481449525453,-0.21085462013222345
2013-12-09,17.36,22.138481449525454,-0.21584504160414686
2013-12-10,17.5,22.108481449525453,-0.20844857481717138
2013-12-11,17.47,21.98848144952545,-0.2054931105587089
2013-12-12,17.35,22.138481449525454,-0.21629674376912134
2013-12-13,17.5,22.268481449525453,-0.214135905959006
2013-12-16,17.63,21.848481449525455,-0.19307893133310094
2013-12-17,17.21,21.98848144952545,-0.21731748326934053
2013-12-18,17.35,21.848481449525455,-0.2058944673073908
2013-12-19,17.21,22.21848144952545,-0.2254196111873532
2013-12-20,17.58,22.41848144952545,-0.21582556608123304
2013-12-23,17.78,22.458481449525454,-0.20831690958447724
2013-12-24,17.82,22.338481449525453,-0.20227343831473565
2013-12-26,17.7,22.318481449525454,-0.2069352908248
2013-12-27,17.68,22.388481449525454,-0.21030820960951124
2013-12-30,17.75,22.46848144952545,-0.2100044660394753
2013-12-31,17.83,22.907253278122845,-0.22164391411220763
2014-01-02,17.89,22.747253278122844,-0.2135314193206045
2014-01-03,17.73,22.567253278122845,-0.2143483399821713
2014-01-06,17.55,22.337253278122844,-0.21431700749041915
2014-01-07,17.32,22.257253278122842,-0.2218267104403121
2014-01-08,17.24,22.317253278122845,-0.2275035021043551
2014-01-09,17.3,22.357253278122844,-0.22620190482305347
2014-01-10,17.34,22.09725327812284,-0.21528708651010076
2014-01-13,17.08,22.257253278122842,-0.2326097121432178
2014-01-14,17.24,22.167253278122843,-0.22227622052686224
2014-01-15,17.15,22.057253278122843,-0.2224779856424839
2014-01-16,17.04,22.037253278122844,-0.2267638899936678
2014-01-17,17.02,21.777253278122842,-0.21845056478733804
2014-01-21,16.76,21.687253278122846,-0.22719581935685895
2014-01-22,16.67,21.567253278122845,-0.22706893710431197
2014-01-23,16.55,21.167253278122843,-0.21813190485583445
2014-01-24,16.15,21.167253278122843,-0.23702901893786876
2014-01-27,16.15,21.027253278122842,-0.23194913827367225
2014-01-28,16.01,20.937253278122842,-0.23533427296651588
2014-01-29,15.92,20.817253278122845,-0.23524973312734965
2014-01-30,15.8,20.627253278122843,-0.2340230768021161
2014-01-31,15.61,20.087253278122844,-0.2228902685763937
2014-02-03,15.07,20.087253278122844,-0.24977298830533323
2014-02-04,15.07,20.327253278122843,-0.25863077545164204
2014-02-05,15.31,20.677253278122844,-0.2595728361949099
2014-02-06,15.66,22.017253278122844,-0.2887396169639219
2014-02-07,17.0,22.167253278122843,-0.2331030016796205
2014-02-10,17.15,22.517253278122844,-0.23836181135545176
2014-02-11,17.5,22.317253278122845,-0.21585332290175252
2014-02-12,17.3,22.277253278122842,-0.22342311307340135
2014-02-13,17.26,22.237253278122843,-0.2238250028396941
2014-02-14,17.22,22.307253278122843,-0.22805377312463715
2014-02-18,17.29,22.267253278122844,-0.2235234501514788
2014-02-19,17.25,22.127253278122843,-0.22041837804355824
2014-02-20,17.11,22.237253278122843,-0.23057044024259366
2014-02-21,17.22,22.517253278122844,-0.23525308405486178
2014-02-24,17.5,22.637253278122845,-0.22693801297384442
2014-02-25,17.62,22.607253278122844,-0.22060412279049546
2014-02-26,17.59,22.677253278122844,-0.22433286852383527
2014-02-27,17.66,22.907253278122845,-0.22906514431977487
2014-02-28,17.89,22.717253278122843,-0.21249282292290073
2014-03-03,17.7,22.907253278122845,-0.22731897250622968
2014-03-04,17.89,22.907253278122845,-0.21902465639188962
2014-03-05,17.89,22.877253278122843,-0.2180005273138308
2014-03-06,17.86,22.557253278122843,-0.2082369347104187
2014-03-07,17.54,22.497253278122844,-0.22034926739005334
2014-03-10,17.48,22.387253278122845,-0.21919854200775424
2014-03-11,17.37,22.517253278122844,-0.2285915255535974
2014-03-12,17.5,22.087253278122844,-0.20768781071870368
2014-03-13,17.07,22.067253278122845,-0.22645560891246252
2014-03-14,17.05,22.09725327812284,-0.22841088956154654
2014-03-17,17.08,22.367253278122842,-0.23638366375965558
2014-03-18,17.35,22.257253278122842,-0.22047883522744882
2014-03-19,17.24,22.127253278122843,-0.22087030941860553
2014-03-20,17.11,22.027253278122842,-0.22323497242420998
2014-03-21,17.01,21.977253278122845,-0.22601792932274534
2014-03-24,16.96,21.857253278122844,-0.2240562076033843
2014-03-25,16.84,21.537253278122844,-0.2180989942154894
2014-03-26,16.52,21.517253278122844,-0.2322440143047293
2014-03-27,16.5,21.557253278122843,-0.23459636591342292
2014-03-28,16.54,21.717253278122843,-0.2383935579615042
2014-03-31,16.7,22.46312629399586,-0.25655940400140465
2014-04-01,16.93,22.48312629399586,-0.24699084199330534
2014-04-02,16.95,22.223126293995858,-0.23728102987114497
2014-04-03,16.69,22.24312629399586,-0.249655836171502
2014-04-04,16.71,22.26312629399586,-0.24943155874264977
2014-04-07,16.73,22.18312629399586,-0.24582316404481797
2014-04-08,16.65,22.35312629399586,-0.25513774757885854
2014-04-09,16.82,22.01312629399586,-0.23591043928241573
2014-04-10,16.48,21.793126293995858,-0.24379826108104818
2014-04-11,16.26,21.93312629399586,-0.25865561607370413
2014-04-14,16.4,21.82312629399586,-0.24850363879752235
2014-04-15,16.29,21.94312629399586,-0.25762629345767774
2014-04-16,16.41,22.00312629399586,-0.2541968908991852
2014-04-17,16.47,22.19312629399586,-0.257878327648872
2014-04-21,16.66,22.293126293995858,-0.2526844472016925
2014-04-22,16.76,22.45312629399586,-0.2535560625033426
2014-04-23,16.92,22.48312629399586,-0.24743561999567187
2014-04-24,16.95,22.313126293995857,-0.240357457011257
2014-04-25,16.78,22.313126293995857,-0.2479762907757458
2014-04-28,16.78,22.34312629399586,-0.24898602911674028
2014-04-29,16.81,22.07312629399586,-0.23844045577845896
2014-04-30,16.54,22.293126293995858,-0.2580672723118844
2014-05-01,16.76,22.363126293995855,-0.2505520122873073
2014-05-02,16.83,22.37312629399586,-0.24775823553471987
2014-05-05,16.84,22.18312629399586,-0.24086444007858543
2014-05-06,16.65,22.07312629399586,-0.24568908915593946
2014-05-07,16.54,22.10312629399586,-0.25168956734898806
2014-05-08,16.57,22.93312629399586,-0.277464407269313
2014-05-09,17.4,22.98312629399586,-0.24292283924204006
2014-05-12,17.45,22.84312629399586,-0.23609405405307426
2014-05-13,17.31,22.34312629399586,-0.2252650872473645
2014-05-14,16.81,22.09312629399586,-0.23912986436109906
2014-05-15,16.56,22.23312629399586,-0.25516547780902543
2014-05-16,16.7,22.20312629399586,-0.24785366804331554
2014-05-19,16.67,21.96312629399586,-0.24100058539675473
2014-05-20,16.43,22.03312629399586,-0.25430464198458935
2014-05-21,16.5,22.30312629399586,-0.2601934014765498
2014-05-22,16.77,22.27312629399586,-0.24707471332748332
2014-05-23,16.74,22.39312629399586,-0.2524491765811012
2014-05-27,16.86,22.24312629399586,-0.24201302563520222
2014-05-28,16.71,22.17312629399586,-0.2463850257992347
2014-05-29,16.64,22.12312629399586,-0.24784590663770523
2014-05-30,16.59,22.313126293995857,-0.2564914579242923
2014-06-02,16.78,22.45312629399586,-0.2526653179478574
2014-06-03,16.92,22.543126293995858,-0.24943861914545196
2014-06-04,17.01,22.80312629399586,-0.2540496517585489
2014-06-05,17.27,22.80312629399586,-0.24264770640036104
2014-06-06,17.27,22.78312629399586,-0.24198287025467435
2014-06-09,17.25,22.71312629399586,-0.2405272714676896
2014-06-10,17.18,22.70312629399586,-0.24327602386004987
2014-06-11,17.17,22.383126293995858,-0.23290429699242887
2014-06-12,16.85,22.26312629399586,-0.2431431337410921
2014-06-13,16.73,22.26312629399586,-0.24853321231385583
2014-06-16,16.73,22.34312629399586,-0.25122385382139834
2014-06-17,16.81,22.60312629399586,-0.2562975678074545
2014-06-18,17.07,22.69312629399586,-0.24778984707292728
2014-06-19,17.16,22.64312629399586,-0.24215411877333326
2014-06-20,17.11,22.37312629399586,-0.235243221033812
2014-06-23,16.84,22.53312629399586,-0.25265585519364175
2014-06-24,17.0,22.73312629399586,-0.25219260298175794
2014-06-25,17.2,23.07312629399586,-0.25454401883650146
2014-06-26,17.54,23.08312629399586,-0.24013758896418125
2014-06-27,17.55,22.98312629399586,-0.23639631199412658
2014-06-30,17.45,23.025219941348972,-0.24213536094553978
2014-07-01,17.6,23.145219941348973,-0.23958380846675076
2014-07-02,17.72,23.195219941348974,-0.23604949447315093
2014-07-03,17.77,23.055219941348973,-0.2292417923053538
2014-07-07,17.63,23.00521994134897,-0.23365218654952713
2014-07-08,17.58,23.095219941348976,-0.2388035253768983
2014-07-09,17.67,22.935219941348972,-0.22956919335473736
2014-07-10,17.51,22.985219941348973,-0.23820611485641663
2014-07-11,17.56,23.015219941348974,-0.23702662652152928
2014-07-14,17.59,23.085219941348974,-0.23804061452783642
2014-07-15,17.66,23.055219941348973,-0.23401294609524748
2014-07-16,17.63,22.925219941348974,-0.23097793412216183
2014-07-17,17.5,23.075219941348973,-0.24161069560852244
2014-07-18,17.65,22.965219941348973,-0.23144650714966153
2014-07-21,17.54,22.935219941348972,-0.2352373317171531
2014-07-22,17.51,22.975219941348975,-0.23787454289014687
2014-07-23,17.55,23.155219941348975,-0.24207154825334065
2014-07-24,17.73,23.035219941348974,-0.23030906389679962
2014-07-25,17.61,22.915219941348973,-0.2315151220423619
2014-07-28,17.49,22.815219941348975,-0.2334064696741257
2014-07-29,17.39,22.805219941348973,-0.23745528239920377
2014-07-30,17.38,22.635219941348975,-0.23217004097888105
2014-07-31,17.21,22.785219941348974,-0.24468580754103086
2014-08-01,17.36,22.815219941348975,-0.23910442044269986
2014-08-04,17.39,22.645219941348973,-0.23206751601264952
2014-08-05,17.22,22.575219941348973,-0.23721673389061015
2014-08-06,17.15,22.425219941348974,-0.235236040277233
2014-08-07,17.0,22.175219941348974,-0.23337851687770694
2014-08-08,16.75,22.365219941348972,-0.2510692922347486
2014-08-11,16.94,22.25521994134897,-0.238830258939548
2014-08-12,16.83,22.185219941348972,-0.2413868312104437
2014-08-13,16.76,22.395219941348973,-0.2516260146632673
2014-08-14,16.97,22.235219941348973,-0.23679639577379152
2014-08-15,16.81,22.265219941348974,-0.24501082655905093
2014-08-18,16.84,22.175219941348974,-0.24059377789532843
2014-08-19,16.75,22.515219941348974,-0.25605878851581665
2014-08-20,17.09,22.615219941348972,-0.2443142253614271
2014-08-21,17.19,22.565219941348975,-0.23820817857393495
2014-08-22,17.14,22.735219941348973,-0.24610362054043033
2014-08-25,17.31,22.675219941348974,-0.23661159429661494
2014-08-26,17.25,22.715219941348973,-0.24059727158531818
2014-08-27,17.29,22.715219941348973,-0.2388363377223276
2014-08-28,17.29,22.685219941348972,-0.2378297391560642
2014-08-29,17.26,22.485219941348973,-0.2323846488928536
2014-09-02,17.06,22.675219941348974,-0.24763684567881283
2014-09-03,17.25,22.725219941348975,-0.24093143896868108
2014-09-04,17.3,22.815219941348975,-0.2417342438743495
2014-09-05,17.39,22.685219941348972,-0.23342158264453183
2014-09-08,17.26,22.395219941348973,-0.2292998217832931
2014-09-09,16.97,22.545219941348975,-0.2472905545323053
2014-09-10,17.12,22.375219941348973,-0.23486785627690876
2014-09-11,16.95,22.215219941348973,-0.2370095797048073
2014-09-12,16.79,22.145219941348973,-0.24182283831599471
2014-09-15,16.72,22.135219941348975,-0.24464269863581756
2014-09-16,16.71,22.095219941348976,-0.24372782690753303
2014-09-17,16.67,22.115219941348972,-0.24622047421594961
2014-09-18,16.69,22.265219941348974,-0.2504003982909314
2014-09-19,16.84,22.105219941348974,-0.23818898682388157
2014-09-22,16.68,22.085219941348974,-0.24474376780957796
2014-09-23,16.66,22.055219941348973,-0.24462326631502107
2014-09-24,16.63,21.845219941348976,-0.2387350621944312
2014-09-25,16.42,22.055219941348973,-0.25550504399115515
2014-09-26,16.63,21.925219941348974,-0.24151273991841105
2014-09-29,16.5,21.555219941348973,-0.23452416422119826
2014-09-30,16.13,20.536330401793414,-0.2145626952616917
2014-10-01,15.82,20.366330401793412,-0.22322776426101154
2014-10-02,15.65,20.476330401793412,-0.23570289730090987
2014-10-03,15.76,20.476330401793412,-0.23033084098800893
2014-10-06,15.76,20.046330401793412,-0.21382119898662066
2014-10-07,15.33,20.456330401793412,-0.2505987291515386
2014-10-08,15.74,19.976330401793412,-0.2120674977128476
2014-10-09,15.26,19.686330401793413,-0.22484283822596907
2014-10-10,14.97,19.24633040179341,-0.22218938948460187
2014-10-13,14.53,19.296330401793412,-0.24700708904478685
2014-10-14,14.58,19.196330401793414,-0.24047983677974905
2014-10-15,14.48,18.956330401793412,-0.23613907897331843
2014-10-16,14.24,18.976330401793412,-0.2495914806239773
2014-10-17,14.26,19.146330401793414,-0.25520976078714885
2014-10-20,14.43,19.726330401793412,-0.2684904031269748
2014-10-21,15.01,19.576330401793413,-0.23325773053846122
2014-10-22,14.86,19.81633040179341,-0.25011343176559353
2014-10-23,15.1,20.036330401793414,-0.24636898587735268
2014-10-24,15.32,19.786330401793414,-0.2257280815137197
2014-10-27,15.07,19.786330401793414,-0.2383630671287047
2014-10-28,15.07,19.856330401793414,-0.24104808415965495
2014-10-29,15.14,19.776330401793413,-0.23443835674251112
2014-10-30,15.06,19.76633040179341,-0.2380983372293728
2014-10-31,15.05,19.81633040179341,-0.24052538008561108
2014-11-03,15.1,19.456330401793412,-0.22390298231118966
2014-11-04,14.74,19.576330401793413,-0.24704989661138688
2014-11-05,14.86,19.706330401793412,-0.24592759296029887
2014-11-06,14.99,19.556330401793414,-0.2334962801290501
2014-11-07,14.84,19.65633040179341,-0.24502693551355736
2014-11-10,14.94,19.636330401793412,-0.23916537895311085
2014-11-11,14.92,19.716330401793414,-0.24326689115319022
2014-11-12,15.0,19.536330401793414,-0.2321997175773084
2014-11-13,14.82,19.696330401793414,-0.24757557891846738
2014-11-14,14.98,19.65633040179341,-0.23790454811274186
2014-11-17,14.94,19.626330401793414,-0.2387777188019411
2014-11-18,14.91,19.696330401793414,-0.24300619984307348
2014-11-19,14.98,19.476330401793412,-0.2308612715555176
2014-11-20,14.76,19.546330401793412,-0.24487104757802813
2014-11-21,14.83,19.76633040179341,-0.24973428559837973
2014-11-24,15.05,19.736330401793413,-0.23744689647917383
2014-11-25,15.02,19.916330401793413,-0.24584500774060825
2014-11-26,15.2,19.76633040179341,-0.23101558604823813
2014-11-28,15.05,19.76633040179341,-0.23860424802802516
2014-12-01,15.05,19.946330401793414,-0.24547524798612452
2014-12-02,15.23,19.966330401793414,-0.23721586823826113
2014-12-03,15.25,19.876330401793414,-0.23275576065972348
2014-12-04,15.16,19.946330401793414,-0.2399604491341959
2014-12-05,15.23,19.706330401793412,-0.22715190045661848
2014-12-08,14.99,19.826330401793413,-0.24393472235063418
2014-12-09,15.11,19.58633040179341,-0.2285435969865769
2014-12-10,14.87,19.49633040179341,-0.2372923676636014
2014-12-11,14.78,19.366330401793412,-0.23681979531696395
2014-12-12,14.65,18.966330401793414,-0.22757857267873338
2014-12-15,14.25,18.956330401793412,-0.24827222896200196
2014-12-16,14.24,19.08633040179341,-0.2539163002930115
2014-12-17,14.37,19.196330401793414,-0.25141942760802427
2014-12-18,14.48,19.306330401793414,-0.2499869369968455
2014-12-19,14.59,19.466330401793414,-0.25050075186970844
2014-12-22,14.75,19.706330401793412,-0.2515095555965281
2014-12-23,14.99,19.636330401793412,-0.23661907834719753
2014-12-24,14.92,19.756330401793413,-0.24479902408163756
2014-12-26,15.04,19.846330401793413,-0.24217728438901176
2014-12-29,15.13,19.896330401793414,-0.23955826554648418
2014-12-30,15.18,19.796330401793412,-0.23319121817522326
2014-12-31,15.08,18.28006882312457,-0.1750578104539975
2015-01-02,14.98,17.94006882312457,-0.16499762917905136
2015-01-05,14.64,17.77006882312457,-0.17614275185312422
2015-01-06,14.47,17.71006882312457,-0.18295066244428781
2015-01-07,14.41,18.04006882312457,-0.20122255955428425
2015-01-08,14.74,18.18006882312457,-0.18922199121429584
2015-01-09,14.88,18.02006882312457,-0.17425398614987653
2015-01-12,14.72,18.00006882312457,-0.18222534898925968
2015-01-13,14.7,17.93006882312457,-0.18014815531319783
2015-01-14,14.63,17.840068823124568,-0.17993589906803653
2015-01-15,14.54,17.840068823124568,-0.1849807226554513
2015-01-16,14.54,17.74006882312457,-0.18038649427071052
2015-01-20,14.44,17.75006882312457,-0.18648202754077503
2015-01-21,14.45,18.00006882312457,-0.1972252916368753
2015-01-22,14.7,17.96006882312457,-0.18151761305764336
2015-01-23,14.66,18.28006882312457,-0.19803365392941663
2015-01-26,14.98,18.21006882312457,-0.17737817767183695
2015-01-27,14.91,18.05006882312457,-0.1739643684406188
2015-01-28,14.75,17.76006882312457,-0.16948520037294545
2015-01-29,14.46,17.74006882312457,-0.18489605963923472
2015-01-30,14.44,17.78006882312457,-0.1878546622260827
2015-02-02,14.48,18.43006882312457,-0.214327404907373
2015-02-03,15.13,18.41006882312457,-0.1781671135853946
2015-02-04,15.11,18.52006882312457,-0.18412830188118323
2015-02-05,15.22,19.07006882312457,-0.20189066221176577
2015-02-06,15.77,19.470068823124574,-0.190038815822264
2015-02-09,16.17,19.60006882312457,-0.1750028968815508
2015-02-10,16.3,19.60006882312457,-0.16837026711003578
2015-02-11,16.3,19.66006882312457,-0.17090829403264285
2015-02-12,16.36,19.71006882312457,-0.16996738333019656
2015-02-13,16.41,19.86006882312457,-0.17371887549087428
2015-02-17,16.56,19.81006882312457,-0.16406146046957293
2015-02-18,16.51,19.85006882312457,-0.16826484849430423
2015-02-19,16.55,19.970068823124574,-0.17125974143685796
2015-02-20,16.67,20.20006882312457,-0.17475528692671727
2015-02-23,16.9,20.21006882312457,-0.1637831544312781
2015-02-24,16.91,20.31006882312457,-0.16740804045200142
2015-02-25,17.01,20.16006882312457,-0.15625288042227747
2015-02-26,16.86,20.12006882312457,-0.16203069938695636
2015-02-27,16.82,20.30006882312457,-0.17143138052617302
2015-03-02,17.0,20.02006882312457,-0.15085206998070766
2015-03-03,16.72,19.92006882312457,-0.16064547023099207
2015-03-04,16.62,19.95006882312457,-0.16692016717579505
2015-03-05,16.65,19.71006882312457,-0.155254091225414
2015-03-06,16.41,19.590068823124568,-0.16233066110368854
2015-03-09,16.29,19.23006882312457,-0.15288914720830715
2015-03-10,15.93,19.36006882312457,-0.17717234656870318
2015-03-11,16.06,19.74006882312457,-0.18642634208111486
2015-03-12,16.44,19.69006882312457,-0.16506132367133197
2015-03-13,16.39,19.880068823124567,-0.17555617408451352
2015-03-16,16.58,19.76006882312457,-0.16093409651504043
2015-03-17,16.46,19.89006882312457,-0.1724513300394771
2015-03-18,16.59,19.70006882312457,-0.1578709623325718
2015-03-19,16.4,19.840068823124568,-0.17338996420793673
2015-03-20,16.54,19.91006882312457,-0.16926454916169853
2015-03-23,16.61,19.86006882312457,-0.16364841693500443
2015-03-24,16.56,19.54006882312457,-0.15251066155907433
2015-03-25,16.24,19.32006882312457,-0.15942328421925578
2015-03-26,16.02,19.25006882312457,-0.16779518311354702
2015-03-27,15.95,19.340068823124568,-0.17528731950897325
2015-03-30,16.04,19.17006882312457,-0.16327895596017972
2015-03-31,15.87,19.413416394569513,-0.18252410202053404
2015-04-01,15.93,19.473416394569515,-0.18196172272871725
2015-04-02,15.99,19.573416394569513,-0.18307567377781342
2015-04-06,16.09,19.433416394569512,-0.17204470519675574
2015-04-07,15.95,19.373416394569514,-0.17670690212022278
2015-04-08,15.89,19.203416394569512,-0.1725430687170073
2015-04-09,15.72,19.213416394569514,-0.1818217188878961
2015-04-10,15.73,19.423416394569514,-0.19015276816091609
2015-04-13,15.94,19.333416394569515,-0.17552078356532363
2015-04-14,15.85,19.323416394569513,-0.17975167142522752
2015-04-15,15.84,19.183416394569512,-0.17428680719853296
2015-04-16,15.7,18.973416394569515,-0.17252646157633578
2015-04-17,15.49,18.963416394569514,-0.18316406296727117
2015-04-20,15.48,18.833416394569515,-0.17805672238715264
2015-04-21,15.35,18.893416394569513,-0.18754767907343584
2015-04-22,15.41,18.943416394569514,-0.1865247704517773
2015-04-23,15.46,18.913416394569513,-0.1825908298387101
2015-04-24,15.43,18.953416394569512,-0.18589874887036373
2015-04-27,15.47,19.343416394569513,-0.20024468871263812
2015-04-28,15.86,19.143416394569513,-0.17151674115498705
2015-04-29,15.66,19.053416394569513,-0.1781001540246968
2015-04-30,15.57,19.413416394569513,-0.19797733260615713
2015-05-01,15.93,19.553416394569513,-0.18530860906617985
2015-05-04,16.07,19.403416394569515,-0.1717953337074417
2015-05-05,15.92,18.393416394569513,-0.13447291908749304
2015-05-06,14.91,18.393416394569513,-0.18938387082880148
2015-05-07,14.91,18.573416394569513,-0.19723977090400135
2015-05-08,15.09,19.073416394569513,-0.20884650721009013
2015-05-11,15.59,18.663416394569513,-0.16467598051682453
2015-05-12,15.18,18.583416394569515,-0.18314266452986916
2015-05-13,15.1,18.623416394569514,-0.18919280544019423
2015-05-14,15.14,18.783416394569514,-0.19396984648771687
2015-05-15,15.3,18.833416394569515,-0.18761420235939508
2015-05-18,15.35,18.873416394569514,-0.1866867302087032
2015-05-19,15.39,18.813416394569515,-0.18196675833729392
2015-05-20,15.33,18.843416394569513,-0.18645325884652453
2015-05-21,15.36,18.733416394569513,-0.18007480982205726
2015-05-22,15.25,18.523416394569512,-0.17671774605947832
2015-05-26,15.04,18.613416394569512,-0.1919806831169404
2015-05-27,15.13,18.583416394569515,-0.18583323546356512
2015-05-28,15.1,18.433416394569512,-0.18083551758487582
2015-05-29,14.95,18.483416394569513,-0.19116684487006652
2015-06-01,15.0,18.393416394569513,-0.1844908157231404
2015-06-02,14.91,18.423416394569514,-0.19070384771877213
2015-06-03,14.94,18.203416394569512,-0.17927494069426786
2015-06-04,14.72,18.123416394569514,-0.1877911051908132
2015-06-05,14.64,18.053416394569513,-0.18907315490691678
2015-06-08,14.57,17.783416394569514,-0.1806973600163121
2015-06-09,14.3,17.773416394569512,-0.1954276160227011
2015-06-10,14.29,17.743416394569515,-0.1946308601328015
2015-06-11,14.26,17.663416394569513,-0.19268166013545762
2015-06-12,14.18,17.533416394569514,-0.19125858412899732
2015-06-15,14.05,17.473416394569515,-0.1959214109745283
2015-06-16,13.99,17.433416394569512,-0.19751816377437825
2015-06-17,13.95,17.713416394569514,-0.21246135193453042
2015-06-18,14.23,18.063416394569515,-0.2122198985415611
2015-06-19,14.58,18.163416394569513,-0.19728757612146586
2015-06-22,14.68,18.143416394569513,-0.1908910824317599
2015-06-23,14.66,17.953416394569512,-0.18344232218474543
2015-06-24,14.47,17.823416394569513,-0.18814666730174356
2015-06-25,14.34,18.103416394569514,-0.20788431932098894
2015-06-26,14.62,17.513416394569514,-0.1652114201696645
2015-06-29,14.03,17.723416394569515,-0.20839189873692665
2015-06-30,14.24,17.658003442340792,-0.19356681255056385
2015-07-01,14.3,17.568003442340792,-0.18602019592417363
2015-07-02,14.21,17.188003442340793,-0.17326057981841003
2015-07-06,13.83,17.388003442340793,-0.2046240359992596
2015-07-07,14.03,17.16800344234079,-0.18278208371054105
2015-07-08,13.81,17.10800344234079,-0.19277547222012625
2015-07-09,13.75,17.188003442340793,-0.20002343226623065
2015-07-10,13.83,17.35800344234079,-0.20324938026772432
2015-07-13,14.0,17.37800344234079,-0.19438386311458689
2015-07-14,14.02,17.458003442340793,-0.19692993266358416
2015-07-15,14.1,17.64800344234079,-0.2010427669018061
2015-07-16,14.29,17.708003442340793,-0.19302026078039736
2015-07-17,14.35,17.838003442340792,-0.1955377715681772
2015-07-20,14.48,17.59800344234079,-0.17717938586367554
2015-07-21,14.24,17.618003442340793,-0.191735882751762
2015-07-22,14.26,17.76800344234079,-0.19743374396142288
2015-07-23,14.41,17.78800344234079,-0.18990346236948263
2015-07-24,14.43,17.708003442340793,-0.18511423114493586
2015-07-27,14.35,17.64800344234079,-0.1868768585135402
2015-07-28,14.29,17.69800344234079,-0.19256428859017327
2015-07-29,14.34,17.64800344234079,-0.18744349484907086
2015-07-30,14.29,17.62800344234079,-0.18935799809995635
2015-07-31,14.27,17.41800344234079,-0.18073273740941076
2015-08-03,14.06,17.48800344234079,-0.19602028634333046
2015-08-04,14.13,17.55800344234079,-0.195238795435831
2015-08-05,14.2,17.068003442340792,-0.16803391515765131
2015-08-06,13.71,17.188003442340793,-0.20235063682691068
2015-08-07,13.83,17.37800344234079,-0.20416634477676687
2015-08-10,14.02,17.09800344234079,-0.18002122018051236
2015-08-11,13.74,17.208003442340793,-0.20153432988092446
2015-08-12,13.85,18.248003442340792,-0.24101285689897
2015-08-13,14.89,18.26800344234079,-0.18491366355402583
2015-08-14,14.91,18.41800344234079,-0.19046599992897761
2015-08-17,15.06,18.338003442340792,-0.17875465301594273
2015-08-18,14.98,18.248003442340792,-0.1790882741044454
2015-08-19,14.89,17.528003442340793,-0.1505022206903731
2015-08-20,14.17,17.228003442340793,-0.17750190569530655
2015-08-21,13.87,16.39800344234079,-0.15416531965186142
2015-08-24,13.04,16.528003442340793,-0.21103598232593312
2015-08-25,13.17,16.78800344234079,-0.21551124020000345
2015-08-26,13.43,17.16800344234079,-0.21773081854829412
2015-08-27,13.81,17.37800344234079,-0.2053172249723174
2015-08-28,14.02,17.188003442340793,-0.18431480148164037
2015-08-31,13.83,16.66800344234079,-0.17026655004951408
2015-09-01,13.31,16.688003442340793,-0.2024210657681268
2015-09-02,13.33,16.938003442340793,-0.21301232194354636
2015-09-03,13.58,16.44800344234079,-0.17436787707363421
2015-09-04,13.09,16.818003442340792,-0.22166742057830824
2015-09-08,13.46,16.688003442340793,-0.1934325728954911
2015-09-09,13.33,16.50800344234079,-0.19251288948666212
2015-09-10,13.15,16.50800344234079,-0.2034166914290777
2015-09-11,13.15,16.25800344234079,-0.19116759652335924
2015-09-14,12.9,16.338003442340792,-0.21042983951337813
2015-09-15,12.98,16.35800344234079,-0.20650462962962957
2015-09-16,13.0,16.50800344234079,-0.21250319304775744
2015-09-17,13.15,16.188003442340793,-0.1876700516627452
2015-09-18,12.83,16.25800344234079,-0.21085021014408356
2015-09-21,12.9,16.26800344234079,-0.20703237826805942
2015-09-22,12.91,16.188003442340793,-0.202495845396657
2015-09-23,12.83,16.23800344234079,-0.20987823130116967
2015-09-24,12.88,16.21800344234079,-0.2058208616250612
2015-09-25,12.86,15.798003442340791,-0.1859730853372613
2015-09-28,12.44,15.778003442340792,-0.2115605725742935
2015-09-29,12.42,16.178003442340792,-0.23229092858921085
2015-09-30,12.82,16.127250729363308,-0.2050721964247576
2015-10-01,12.87,16.397250729363307,-0.215112325083064
2015-10-02,13.14,16.737250729363307,-0.21492482771094557
2015-10-05,13.48,16.807250729363307,-0.1979651986478903
2015-10-06,13.55,16.947250729363308,-0.2004602860732526
2015-10-07,13.69,17.357250729363308,-0.21128062194546804
2015-10-08,14.1,17.36725072936331,-0.18812711236092627
2015-10-09,14.11,17.34725072936331,-0.1866146272898268
2015-10-12,14.09,17.287250729363308,-0.1849484790506688
2015-10-13,14.03,17.447250729363308,-0.1958618456495359
2015-10-14,14.19,17.70725072936331,-0.19863336116491404
2015-10-15,14.45,17.92725072936331,-0.1939645281843394
2015-10-16,14.67,18.017250729363308,-0.18578032684577028
2015-10-19,14.76,18.04725072936331,-0.18214689753353253
2015-10-20,14.79,17.67725072936331,-0.16333143504987224
2015-10-21,14.42,18.09725072936331,-0.20319388753325196
2015-10-22,14.84,18.40725072936331,-0.1937959547469421
2015-10-23,15.15,18.107250729363308,-0.16331859394688408
2015-10-26,14.85,17.987250729363307,-0.17441524425085708
2015-10-27,14.73,18.27725072936331,-0.1940801043815893
2015-10-28,15.02,18.42725072936331,-0.1849028256794677
2015-10-29,15.17,18.737250729363307,-0.19038282514803717
2015-10-30,15.48,18.947250729363308,-0.18299492516821825
2015-11-02,15.69,18.82725072936331,-0.16663350238760033
2015-11-03,15.57,18.86725072936331,-0.17476052958960053
2015-11-04,15.61,18.647250729363307,-0.16287927767178212
2015-11-05,15.39,18.397250729363307,-0.16346196361630938
2015-11-06,15.14,17.93725072936331,-0.1559464586612599
2015-11-09,14.68,17.897250729363307,-0.17976228740456168
2015-11-10,14.64,17.84725072936331,-0.1797055904014705
2015-11-11,14.59,17.537250729363308,-0.16805659991098887
2015-11-12,14.28,17.217250729363307,-0.17059928879086073
2015-11-13,13.96,17.517250729363308,-0.20307129151268366
2015-11-16,14.26,17.487250729363307,-0.18454877666643987
2015-11-17,14.23,17.61725072936331,-0.19226897439324375
2015-11-18,14.36,17.517250729363308,-0.18023665803167188
2015-11-19,14.26,17.67725072936331,-0.19331347287431888
2015-11-20,14.42,17.717250729363307,-0.1861039717578009
2015-11-23,14.46,17.857250729363308,-0.1902448916045676
2015-11-24,14.6,17.857250729363308,-0.18240493896450116
2015-11-25,14.6,17.627250729363308,-0.17173697565443613
2015-11-27,14.37,17.717250729363307,-0.1889260800388073
2015-11-30,14.46,18.037250729363308,-0.1983257195366147
2015-12-01,14.78,17.86725072936331,-0.17278823564554757
2015-12-02,14.61,17.29725072936331,-0.15535710104505285
2015-12-03,14.04,17.56725072936331,-0.20078558584398076
2015-12-04,14.31,17.42725072936331,-0.17887220295230088
2015-12-07,14.17,17.04725072936331,-0.16878092397663536
2015-12-08,13.79,17.07725072936331,-0.19249297099743812
2015-12-09,13.82,17.36725072936331,-0.20424941083886528
2015-12-10,14.11,16.91725072936331,-0.1659401266950994
2015-12-11,13.66,16.897250729363307,-0.1915844643139344
2015-12-14,13.64,17.06725072936331,-0.20080860026664415
2015-12-15,13.81,17.33725072936331,-0.2034492541190147
2015-12-16,14.08,17.00725072936331,-0.17211780880664984
2015-12-17,13.75,16.877250729363308,-0.1852938478849797
2015-12-18,13.62,17.08725072936331,-0.20291448778269916
2015-12-21,13.83,17.107250729363308,-0.19157085970208843
2015-12-22,13.85,17.50725072936331,-0.20889920330148348
2015-12-23,14.25,17.487250729363307,-0.18512062184409317
2015-12-24,14.23,17.31725072936331,-0.17827603108665135
2015-12-28,14.06,17.54725072936331,-0.1987348777964285
2015-12-29,14.29,17.357250729363308,-0.17671293554424683
2015-12-30,14.1,17.217250729363307,-0.1810539196044213
2015-12-31,13.96,16.90150849493736,-0.1740382224354975
2016-01-04,13.67,16.34150849493736,-0.16347991960258756
2016-01-05,13.11,16.46150849493736,-0.2035966810677221
2016-01-06,13.23,16.24150849493736,-0.1854204919374377
2016-01-07,13.01,16.24150849493736,-0.1989660317540488
2016-01-08,13.01,15.89150849493736,-0.18132378659051385
2016-01-11,12.66,16.06150849493736,-0.21178013858471179
2016-01-12,12.83,15.761508494937361,-0.18599161976653245
2016-01-13,12.53,16.321508494937362,-0.23230135229923266
2016-01-14,13.09,16.04150849493736,-0.18399195411509117
2016-01-15,12.81,15.96150849493736,-0.1974442763938602
2016-01-19,12.73,15.71150849493736,-0.18976589650179532
2016-01-20,12.48,15.951508494937361,-0.21762885284731137
2016-01-21,12.72,16.27150849493736,-0.21826547280741426
2016-01-22,13.04,16.06150849493736,-0.1881210906117411
2016-01-25,12.83,16.391508494937362,-0.21727765300169655
2016-01-26,13.16,16.29150849493736,-0.19221722137704356
2016-01-27,13.06,16.41150849493736,-0.20421696737818085
2016-01-28,13.18,16.58150849493736,-0.2051386637093907
2016-01-29,13.35,16.35150849493736,-0.18356156533610746
2016-02-01,13.12,15.80150849493736,-0.1696995255735545
2016-02-02,12.57,15.92150849493736,-0.21050194433542868
2016-02-03,12.69,16.01150849493736,-0.20744506965021936
2016-02-04,12.78,15.15150849493736,-0.15651962943028175
2016-02-05,11.92,14.49150849493736,-0.1774493315058071
2016-02-08,11.26,14.32150849493736,-0.21376997374400897
2016-02-09,11.09,14.361508494937361,-0.22779699612269944
2016-02-10,11.13,14.12150849493736,-0.2118405760977896
2016-02-11,10.89,14.50150849493736,-0.24904364233542864
2016-02-12,11.27,14.771508494937361,-0.23704474706408174
2016-02-16,11.54,14.83150849493736,-0.22192675115015414
2016-02-17,11.6,14.681508494937361,-0.20989045478534862
2016-02-18,11.45,14.82150849493736,-0.22747404530982662
2016-02-19,11.59,14.98150849493736,-0.22637963967937136
2016-02-22,11.75,14.851508494937361,-0.2088345770394041
2016-02-23,11.62,14.781508494937361,-0.2138826694190361
2016-02-24,11.55,14.72150849493736,-0.21543366265950414
2016-02-25,11.49,14.81150849493736,-0.22425187117656964
2016-02-26,11.58,14.64150849493736,-0.20909788742027147
2016-02-29,11.41,14.63150849493736,-0.22017610118956854
2016-03-01,11.4,14.80150849493736,-0.22980823178264542
2016-03-02,11.57,14.81150849493736,-0.21885066575395218
2016-03-03,11.58,14.96150849493736,-0.22601387394069172
2016-03-04,11.73,15.181508494937361,-0.2273495085213929
2016-03-07,11.95,14.82150849493736,-0.1937392874630941
2016-03-08,11.59,15.07150849493736,-0.23099933865988442
2016-03-09,11.84,14.96150849493736,-0.20863594710343614
2016-03-10,11.73,15.63150849493736,-0.24959257746627317
2016-03-11,12.4,15.38150849493736,-0.1938371971720907
2016-03-14,12.15,15.521508494937361,-0.21721525945993225
2016-03-15,12.29,16.01150849493736,-0.2324271005517098
2016-03-16,12.78,16.33150849493736,-0.21746359168464446
2016-03-17,13.1,16.141508494937362,-0.18842777277546918
2016-03-18,12.91,16.24150849493736,-0.20512309530705375
2016-03-21,13.01,16.43150849493736,-0.20822850780812652
2016-03-22,13.2,16.25150849493736,-0.18776770758775796
2016-03-23,13.02,16.28150849493736,-0.20031979812874878
2016-03-24,13.05,16.59150849493736,-0.21345307426494686
2016-03-28,13.36,16.63150849493736,-0.19670545795248884
2016-03-29,13.4,16.481508494937362,-0.186967624710075
2016-03-30,13.25,16.481508494937362,-0.19606873338869357
2016-03-31,13.25,16.915407725321888,-0.21669047443857214
2016-04-01,13.53,16.595407725321888,-0.1847142158878432
2016-04-04,13.21,16.435407725321888,-0.19624750290511683
2016-04-05,13.05,16.635407725321887,-0.21552869545026498
2016-04-06,13.25,16.37540772532189,-0.19085984164467285
2016-04-07,12.99,16.15540772532189,-0.1959348707962627
2016-04-08,12.77,16.10540772532189,-0.20709862067495266
2016-04-11,12.72,16.295407725321887,-0.21941198315436816
2016-04-12,12.91,16.475407725321887,-0.2164078598092617
2016-04-13,13.09,16.56540772532189,-0.2097991056392401
2016-04-14,13.18,16.48540772532189,-0.20050506365364085
2016-04-15,13.1,16.30540772532189,-0.19658556101875158
2016-04-18,12.92,16.365407725321887,-0.21052990448816455
2016-04-19,12.98,16.35540772532189,-0.2063786963926304
2016-04-20,12.97,16.595407725321888,-0.21845849076609947
2016-04-21,13.21,16.685407725321888,-0.20829024873318402
2016-04-22,13.3,16.46540772532189,-0.1922459363368122
2016-04-25,13.08,16.65540772532189,-0.21466948058473845
2016-04-26,13.27,16.575407725321888,-0.19941637515632804
2016-04-27,13.19,16.455407725321887,-0.1984397943720968
2016-04-28,13.07,16.345407725321888,-0.20038703104650668
2016-04-29,12.96,16.56540772532189,-0.21764678449843777
2016-05-02,13.18,16.21540772532189,-0.1871928092552254
2016-05-03,12.83,16.075407725321888,-0.20188649524638436
2016-05-04,12.69,16.115407725321887,-0.21255482850363128
2016-05-05,12.73,16.545407725321887,-0.2306022183716031
2016-05-06,13.16,16.10540772532189,-0.18288315176839276
2016-05-09,12.72,16.15540772532189,-0.21264754091828042
2016-05-10,12.77,16.01540772532189,-0.20264284125533627
2016-05-11,12.63,15.735407725321888,-0.19735158945545295
2016-05-12,12.35,15.435407725321888,-0.19989155973251393
2016-05-13,12.05,15.565407725321888,-0.22584745529042605
2016-05-16,12.18,15.475407725321888,-0.2129448079051076
2016-05-17,12.09,15.385407725321889,-0.21419047087703635
2016-05-18,12.0,15.325407725321888,-0.21698657451229686
2016-05-19,11.94,15.635407725321889,-0.23634866389426445
2016-05-20,12.25,15.505407725321888,-0.2099530552818344
2016-05-23,12.12,15.60540772532189,-0.2233461494034753
2016-05-24,12.22,15.795407725321889,-0.22635741903579298
2016-05-25,12.41,15.625407725321889,-0.20578072469181918
2016-05-26,12.24,15.685407725321888,-0.21965688018168383
2016-05-27,12.3,15.725407725321888,-0.2178263219087232
2016-05-31,12.34,15.77540772532189,-0.21776982155634217
2016-06-01,12.39,15.835407725321888,-0.21757619286382168
2016-06-02,12.45,15.715407725321889,-0.20778383751764906
2016-06-03,12.33,15.905407725321888,-0.224791956739954
2016-06-06,12.52,15.615407725321889,-0.1982277875653793
2016-06-07,12.23,15.615407725321889,-0.21679918865212355
2016-06-08,12.23,15.515407725321888,-0.21175129803130754
2016-06-09,12.13,15.225407725321888,-0.20330540772145045
2016-06-10,11.84,15.285407725321889,-0.2254050259722028
2016-06-13,11.9,15.165407725321888,-0.2153194813133571
2016-06-14,11.78,15.375407725321889,-0.23384145575538673
2016-06-15,11.99,15.10540772532189,-0.20624453056632086
2016-06-16,11.72,15.005407725321888,-0.21894824755595976
2016-06-17,11.62,15.155407725321888,-0.23327697871267927
2016-06-20,11.77,15.245407725321888,-0.22796423604659677
2016-06-21,11.86,15.445407725321889,-0.2321342232645508
2016-06-22,12.06,15.585407725321888,-0.22619926199261986
2016-06-23,12.2,14.885407725321889,-0.18040538592393973
2016-06-24,11.5,14.325407725321888,-0.19723052770970273
2016-06-27,10.94,14.405407725321888,-0.24056297408579275
2016-06-28,11.02,14.905407725321888,-0.2606710126232379
2016-06-29,11.52,15.055407725321889,-0.23482643511378576
2016-06-30,11.67,14.915064377682404,-0.2175695857228772
2016-07-01,11.77,14.795064377682403,-0.20446442816737975
2016-07-05,11.65,14.825064377682404,-0.2141686738616888
2016-07-06,11.68,14.925064377682403,-0.21742381108484732
2016-07-07,11.78,15.185064377682403,-0.2242377307722746
2016-07-08,12.04,15.395064377682404,-0.21793116906650323
2016-07-11,12.25,15.745064377682404,-0.22197841138308894
2016-07-12,12.6,15.885064377682404,-0.20680208147583778
2016-07-13,12.74,15.975064377682404,-0.20250712618109235
2016-07-14,12.83,15.945064377682403,-0.19536229543496986
2016-07-15,12.8,16.075064377682402,-0.20373569279319914
2016-07-18,12.93,16.125064377682403,-0.1981427362302176
2016-07-19,12.98,16.175064377682403,-0.1975302418017454
2016-07-20,13.03,16.045064377682404,-0.1879122642771166
2016-07-21,12.9,16.175064377682403,-0.20247612628987022
2016-07-22,13.03,16.205064377682405,-0.195930377299525
2016-07-25,13.06,16.385064377682404,-0.2029326404241275
2016-07-26,13.24,16.305064377682402,-0.18798235362245586
2016-07-27,13.16,16.305064377682402,-0.19288880465796976
2016-07-28,13.16,16.585064377682404,-0.2065149884067572
2016-07-29,13.44,16.455064377682405,-0.1832301781676201
2016-08-01,13.31,16.285064377682403,-0.1826866820225489
2016-08-02,13.14,16.2550643776824,-0.1916365450978631
2016-08-03,13.11,16.345064377682405,-0.1979230122886253
2016-08-04,13.2,16.425064377682403,-0.19635018186379039
2016-08-05,13.28,16.385064377682404,-0.18950577831794901
2016-08-08,13.24,16.915064377682402,-0.2172657635599219
2016-08-09,13.77,16.875064377682403,-0.1840031130067219
2016-08-10,13.73,17.035064377682403,-0.19401537349118325
2016-08-11,13.89,17.185064377682405,-0.1917400077919743
2016-08-12,14.04,17.315064377682404,-0.18914537689525857
2016-08-15,14.17,17.305064377682402,-0.18116456022697958
2016-08-16,14.16,17.325064377682402,-0.1826870197238365
2016-08-17,14.18,17.295064377682404,-0.18011291023016318
2016-08-18,14.15,17.2550643776824,-0.1799509007742952
2016-08-19,14.11,17.375064377682403,-0.18791667798803968
2016-08-22,14.23,17.365064377682405,-0.1805385980435288
2016-08-23,14.22,17.355064377682403,-0.18064262450757096
2016-08-24,14.21,17.375064377682403,-0.1821613036293439
2016-08-25,14.23,17.485064377682402,-0.18616256179400192
2016-08-26,14.34,17.525064377682405,-0.18174337674550745
2016-08-29,14.38,17.495064377682404,-0.17805389625522827
2016-08-30,14.35,17.575064377682402,-0.18350227961484644
2016-08-31,14.43,17.455064377682405,-0.17330582759409208
2016-09-01,14.31,17.395064377682402,-0.17735285772442966
2016-09-02,14.25,17.185064377682405,-0.1707915846677922
2016-09-06,14.04,17.235064377682402,-0.18538163291224352
2016-09-07,14.09,17.315064377682404,-0.18625771798106794
2016-09-08,14.17,16.885064377682404,-0.16079680343244662
2016-09-09,13.74,17.645064377682402,-0.22131199377325905
2016-09-12,14.5,17.395064377682402,-0.16643021921762613
2016-09-13,14.25,17.485064377682402,-0.18501872843039546
2016-09-14,14.34,17.315064377682404,-0.17181942341011458
2016-09-15,14.17,17.145064377682402,-0.17352308000400518
2016-09-16,14.0,17.145064377682402,-0.18343847001101432
2016-09-19,14.0,17.215064377682403,-0.18675877749550618
2016-09-20,14.07,17.425064377682403,-0.19254243800553683
2016-09-21,14.28,17.675064377682403,-0.19208215060134182
2016-09-22,14.53,17.615064377682405,-0.17513784290173018
2016-09-23,14.47,17.335064377682404,-0.1652756698943073
2016-09-26,14.19,17.465064377682403,-0.1875208878054534
2016-09-27,14.32,17.415064377682402,-0.17772339570841678
2016-09-28,14.27,17.275064377682405,-0.1739538743233071
2016-09-29,14.13,17.365064377682405,-0.1862972867431526
2016-09-30,14.22,17.510922865013775,-0.1879354326657977
2016-10-03,14.93,17.270922865013773,-0.13554127265288474
2016-10-04,14.69,17.750922865013774,-0.1724373931592429
2016-10-05,15.17,17.660922865013774,-0.14104148939737926
2016-10-06,15.08,17.100922865013775,-0.11817624586497111
2016-10-07,14.52,16.830922865013775,-0.1373022075822985
2016-10-10,14.25,16.580922865013775,-0.14057859649851512
2016-10-11,14.0,16.330922865013775,-0.14273062730627317
2016-10-12,13.75,16.430922865013773,-0.16316325546888422
2016-10-13,13.85,16.330922865013775,-0.15191565629942028
2016-10-14,13.75,16.380922865013773,-0.16060895266364228
2016-10-17,13.8,16.480922865013774,-0.16266824903992005
2016-10-18,13.9,16.580922865013775,-0.1616871923739902
2016-10-19,14.0,16.380922865013773,-0.1453472972575267
2016-10-20,13.8,16.280922865013775,-0.15238220127834723
2016-10-21,13.7,15.780922865013775,-0.13186319221084153
2016-10-24,13.2,15.580922865013774,-0.15281013105841268
2016-10-25,13.0,15.730922865013774,-0.17360220302697305
2016-10-26,13.15,15.180922865013773,-0.1337812518430137
2016-10-27,12.6,15.080922865013774,-0.1645073638543213
2016-10-28,12.5,14.980922865013774,-0.16560547620251653
2016-10-31,12.4,14.980922865013774,-0.17228063239289637
2016-11-01,12.4,14.680922865013773,-0.15536644977881187
2016-11-02,12.1,14.730922865013774,-0.178598645116951
2016-11-03,12.15,14.730922865013774,-0.17520442464222763
2016-11-04,12.15,15.080922865013774,-0.19434638657380976
2016-11-07,12.5,14.680922865013773,-0.1485548888899313
2016-11-08,12.1,14.930922865013773,-0.18960133212175445
2016-11-09,12.35,14.930922865013773,-0.1728575579920386
2016-11-10,12.35,14.930922865013773,-0.1728575579920386
2016-11-11,12.35,15.080922865013774,-0.1810845986984816
2016-11-14,12.5,14.930922865013773,-0.1628112935142091
2016-11-15,12.35,14.930922865013773,-0.1728575579920386
2016-11-16,12.35,14.930922865013773,-0.1728575579920386
2016-11-17,12.35,14.780922865013775,-0.16446353771101352
2016-11-18,12.2,14.630922865013774,-0.16614966037629275
2016-11-21,12.05,14.580922865013774,-0.17357768698486165
2016-11-22,12.0,14.680922865013773,-0.18261269333433405
2016-11-23,12.1,14.680922865013773,-0.1758011324454536
2016-11-25,12.1,14.680922865013773,-0.1758011324454536
2016-11-28,12.1,14.480922865013774,-0.16441789568302556
2016-11-29,11.9,14.530922865013775,-0.18105683234671
2016-11-30,11.95,14.580922865013774,-0.18043596344141888
2016-12-01,12.0,14.630922865013774,-0.17981933807504202
2016-12-02,12.05,14.630922865013774,-0.1764019186503547
2016-12-05,12.05,14.630922865013774,-0.1764019186503547
2016-12-06,12.05,14.730922865013774,-0.18199286559167427
2016-12-07,12.15,14.780922865013775,-0.17799449256589583
2016-12-08,12.2,14.980922865013774,-0.18563094477365616
2016-12-09,12.4,14.880922865013774,-0.16671834720994483
2016-12-12,12.3,14.830922865013774,-0.17065174487450363
2016-12-13,12.25,14.780922865013775,-0.17122901513845468
2016-12-14,12.2,14.630922865013774,-0.16614966037629275
2016-12-15,12.05,14.580922865013774,-0.17357768698486165
2016-12-16,12.0,14.730922865013774,-0.18538708606639764
2016-12-19,12.15,14.530922865013775,-0.16385214395063252
2016-12-20,11.95,14.630922865013774,-0.18323675749972945
2016-12-21,12.05,14.630922865013774,-0.1764019186503547
2016-12-22,12.05,14.630922865013774,-0.1764019186503547
2016-12-23,12.05,14.830922865013774,-0.18750841672664786
2016-12-27,12.25,14.630922865013774,-0.16273224095160543
2016-12-28,12.05,14.630922865013774,-0.1764019186503547
2016-12-29,12.05,14.380922865013774,-0.1620843729497009
2016-12-30,11.8,14.741447255205644,-0.1995358531820497
2017-01-03,12.05,14.941447255205645,-0.19351855317752142
2017-01-04,12.25,14.941447255205645,-0.18013296899789522
2017-01-05,12.25,14.941447255205645,-0.18013296899789522
2017-01-06,12.25,15.091447255205644,-0.18828195912260937
2017-01-09,12.4,15.191447255205645,-0.1837512389906828
2017-01-10,12.5,15.241447255205644,-0.17986790947751474
2017-01-11,12.55,15.141447255205644,-0.17114924429134093
2017-01-12,12.45,15.141447255205644,-0.17775363278304346
2017-01-13,12.45,15.391447255205644,-0.19110920541996457
2017-01-17,12.7,15.241447255205644,-0.16674579602915496
2017-01-18,12.55,15.141447255205644,-0.17114924429134093
2017-01-19,12.45,15.041447255205645,-0.17228709520014973
2017-01-20,12.35,15.091447255205644,-0.18165568940116128
2017-01-23,12.4,15.291447255205645,-0.18908918213881376
2017-01-24,12.6,15.391447255205644,-0.18136353319610865
2017-01-25,12.7,15.241447255205644,-0.16674579602915496
2017-01-26,12.55,15.341447255205644,-0.18195462323533085
2017-01-27,12.65,15.391447255205644,-0.17811497578815672
2017-01-30,12.7,15.341447255205644,-0.17217718845328311
2017-01-31,12.65,15.391447255205644,-0.17811497578815672
2017-02-01,12.7,15.291447255205645,-0.16947037202926907
2017-02-02,12.6,15.291447255205645,-0.17600997539911734
2017-02-03,12.6,15.241447255205644,-0.1733068527533349
2017-02-06,12.55,15.241447255205644,-0.1765873811154247
2017-02-07,12.55,15.141447255205644,-0.17114924429134093
2017-02-08,12.45,15.441447255205645,-0.19372842491801823
2017-02-09,12.75,16.291447255205643,-0.21738076425800879
2017-02-10,13.6,16.041447255205643,-0.15219619628854653
2017-02-13,13.35,16.041447255205643,-0.16778082503324232
2017-02-14,13.35,16.141447255205644,-0.17293661535246774
2017-02-15,13.45,16.091447255205644,-0.16415224891292024
2017-02-16,13.4,16.191447255205645,-0.1724025784235056
2017-02-17,13.5,16.341447255205644,-0.17387978009723026
2017-02-21,13.65,16.291447255205643,-0.1621370534997506
2017-02-22,13.6,16.191447255205645,-0.16005037810146838
2017-02-23,13.5,16.091447255205644,-0.1610450082025593
2017-02-24,13.4,16.091447255205644,-0.16725948962328108
2017-02-27,13.4,15.891447255205644,-0.15677912874735234
2017-02-28,13.2,16.091447255205644,-0.17968845246472476
2017-03-01,13.4,15.941447255205645,-0.15942387253301238
2017-03-02,13.25,15.941447255205645,-0.16883330679570252
2017-03-03,13.25,15.941447255205645,-0.16883330679570252
2017-03-06,13.25,15.691447255205645,-0.15559095445422944
2017-03-07,13.0,15.491447255205644,-0.16082727547411269
2017-03-08,12.8,15.491447255205644,-0.17373762508220314
2017-03-09,12.8,15.491447255205644,-0.17373762508220314
2017-03-10,12.8,15.241447255205644,-0.160184739304975
2017-03-13,12.55,15.391447255205644,-0.18461209060406059
2017-03-14,12.7,15.591447255205644,-0.18545085699085784
2017-03-15,12.9,15.591447255205644,-0.17262331143165865
2017-03-16,12.9,15.641447255205644,-0.17526813283171483
2017-03-17,12.95,15.591447255205644,-0.16941642504185894
2017-03-20,12.9,15.541447255205645,-0.16996147217376334
2017-03-21,12.85,15.641447255205644,-0.17846476797577804
2017-03-22,12.95,15.641447255205644,-0.17207149768765173
2017-03-23,12.95,15.641447255205644,-0.17207149768765173
2017-03-24,12.95,15.641447255205644,-0.17207149768765173
2017-03-27,12.95,15.941447255205645,-0.18765217532108291
2017-03-28,13.25,16.141447255205644,-0.17913184669814208
2017-03-29,13.45,16.391447255205644,-0.179450124775986
2017-03-30,13.7,16.191447255205645,-0.15387427794044972
2017-03-31,13.5,16.433069511355814,-0.1784857971500068
2017-04-03,13.25,16.333069511355816,-0.18876240679758727
2017-04-04,13.15,16.233069511355815,-0.18992523312975762
2017-04-05,13.05,16.133069511355817,-0.1911024749001231
2017-04-06,12.95,16.083069511355816,-0.19480544488995977
2017-04-07,12.9,16.083069511355816,-0.1979143041760988
2017-04-10,12.9,16.033069511355816,-0.19541295627370303
2017-04-11,12.85,16.133069511355817,-0.20349937183651978
2017-04-12,12.95,15.883069511355815,-0.1846664153461507
2017-04-13,12.7,16.033069511355816,-0.20788717400589374
2017-04-17,12.85,15.883069511355815,-0.19096242758285997
2017-04-18,12.7,16.033069511355816,-0.20788717400589374
2017-04-19,12.85,16.533069511355816,-0.22276985582296638
2017-04-20,13.35,16.483069511355815,-0.1900780379041248
2017-04-21,13.3,16.533069511355816,-0.19555167956773944
2017-04-24,13.35,16.633069511355817,-0.1973820592233071
2017-04-25,13.45,16.433069511355814,-0.1815284423457475
2017-04-26,13.25,16.383069511355817,-0.1912382480697009
2017-04-27,13.2,16.183069511355814,-0.18433273794335292
2017-04-28,13.0,16.183069511355814,-0.196691332822999
2017-05-01,13.0,16.083069511355816,-0.19169658560382052
2017-05-02,12.9,16.033069511355816,-0.19541295627370303
2017-05-03,12.85,16.033069511355816,-0.1985315107067508
2017-05-04,12.85,16.183069511355814,-0.2059602789827336
2017-05-05,13.0,16.283069511355816,-0.20162473107826517
2017-05-08,13.1,16.583069511355816,-0.21003768385404564
2017-05-09,13.4,16.233069511355815,-0.17452457216264283
2017-05-10,13.05,16.183069511355814,-0.19360168410308742
2017-05-11,13.0,16.233069511355815,-0.1991656297100266
2017-05-12,13.05,16.483069511355815,-0.20827853143436914
2017-05-15,13.3,16.483069511355815,-0.1931114534924988
2017-05-16,13.3,16.233069511355815,-0.18068483654948875
2017-05-17,13.05,16.233069511355815,-0.19608549751660365
2017-05-18,13.05,16.383069511355817,-0.20344597262713937
2017-05-19,13.2,16.733069511355815,-0.2111429411655833
2017-05-22,13.55,16.683069511355814,-0.18779934407293564
2017-05-23,13.5,16.833069511355816,-0.1980072326741883
2017-05-24,13.65,16.783069511355816,-0.18668036316216818
2017-05-25,13.6,16.983069511355815,-0.1992024768604821
2017-05-26,13.8,16.833069511355816,-0.1801851711780591
2017-05-30,13.65,16.883069511355817,-0.19149773145109683
2017-05-31,13.7,17.183069511355814,-0.20270356871069806
2017-06-01,14.0,17.133069511355817,-0.18286679507599124
2017-06-02,13.95,16.983069511355815,-0.17859371707380334
2017-06-05,13.8,17.083069511355816,-0.19218264663580653
2017-06-06,13.9,16.983069511355815,-0.1815378256147574
2017-06-07,13.8,17.133069511355817,-0.1945401265749056
2017-06-08,13.95,17.283069511355816,-0.19285171011814928
2017-06-09,14.1,17.233069511355815,-0.1818056562292204
2017-06-12,14.05,17.133069511355817,-0.1799484622012626
2017-06-13,13.95,17.183069511355814,-0.18815436376016337
2017-06-14,14.0,17.233069511355815,-0.18760845299355222
2017-06-15,14.05,17.333069511355816,-0.18941073935028663
2017-06-16,14.15,17.433069511355814,-0.18832423683145638
2017-06-19,14.25,17.183069511355814,-0.17069531781952174
2017-06-20,14.0,17.133069511355817,-0.18286679507599124
2017-06-21,13.95,17.133069511355817,-0.18578512795071989
2017-06-22,13.95,17.233069511355815,-0.19050985137571808
2017-06-23,14.05,17.283069511355816,-0.1870657008716844
2017-06-26,14.1,17.283069511355816,-0.184172696248452
2017-06-27,14.1,17.483069511355815,-0.1935054659113723
2017-06-28,14.3,17.233069511355815,-0.17020006270055688
2017-06-29,14.05,17.333069511355816,-0.18941073935028663
2017-06-30,14.15,17.76749226006192,-0.20360173552422944
2017-07-03,14.3,17.61749226006192,-0.18830672442425456
2017-07-05,14.15,17.11749226006192,-0.17336022210365432
2017-07-06,13.65,17.21749226006192,-0.20720161834120032
2017-07-07,13.75,17.01749226006192,-0.19200785933250264
2017-07-10,13.55,17.21749226006192,-0.21300966509327934
2017-07-11,13.75,17.06749226006192,-0.19437490930198809
2017-07-12,13.6,17.16749226006192,-0.2078050891778327
2017-07-13,13.7,17.46749226006192,-0.21568592697624966
2017-07-14,14.0,17.56749226006192,-0.20307350686428272
2017-07-17,14.1,17.51749226006192,-0.19509026802046614
2017-07-18,14.05,17.81749226006192,-0.21144907516007672
2017-07-19,14.35,17.81749226006192,-0.19461168886456237
2017-07-20,14.35,17.91749226006192,-0.19910667231116141
2017-07-21,14.45,17.91749226006192,-0.19352553413911378
2017-07-24,14.45,18.01749226006192,-0.1980015980342461
2017-07-25,14.55,18.06749226006192,-0.19468624695842895
2017-07-26,14.6,18.16749226006192,-0.19636679674852164
2017-07-27,14.7,18.26749226006192,-0.19529184462070381
2017-07-28,14.8,18.16749226006192,-0.18535812273137808
2017-07-31,14.7,18.31749226006192,-0.19748840117974154
2017-08-01,14.85,18.21749226006192,-0.1848493860729915
2017-08-02,14.75,18.11749226006192,-0.185869667375832
2017-08-03,14.65,18.06749226006192,-0.18915144453202637
2017-08-04,14.6,18.26749226006192,-0.20076604975933843
2017-08-07,14.8,18.06749226006192,-0.1808492408924225
2017-08-08,14.6,18.01749226006192,-0.189676355107266
2017-08-09,14.55,17.46749226006192,-0.16702410492733077
2017-08-10,14.0,17.26749226006192,-0.1892279556782731
2017-08-11,13.8,17.26749226006192,-0.20081041345429773
2017-08-14,13.8,17.16749226006192,-0.19615516401868316
2017-08-15,13.7,17.11749226006192,-0.19964911963392684
2017-08-16,13.65,17.11749226006192,-0.2025701082484016
2017-08-17,13.65,17.21749226006192,-0.20720161834120032
2017-08-18,13.75,17.21749226006192,-0.2013935715891212
2017-08-21,13.75,17.26749226006192,-0.20370602789830394
2017-08-22,13.8,16.96749226006192,-0.18668004744092692
2017-08-23,13.5,17.06749226006192,-0.2090226382237701
2017-08-24,13.6,17.21749226006192,-0.2101056417172399
2017-08-25,13.75,17.26749226006192,-0.20370602789830394
2017-08-28,13.8,17.16749226006192,-0.19615516401868316
2017-08-29,13.7,17.06749226006192,-0.19730445508634453
2017-08-30,13.6,17.16749226006192,-0.2078050891778327
2017-08-31,13.7,17.26749226006192,-0.20660164234231015
2017-09-01,13.8,17.01749226006192,-0.18906970609371165
2017-09-05,13.55,17.11749226006192,-0.20841208547735102
2017-09-06,13.65,17.26749226006192,-0.20949725678631625
2017-09-07,13.8,16.86749226006192,-0.18185822840571186
2017-09-08,13.4,17.11749226006192,-0.2171750513207752
2017-09-11,13.65,16.96749226006192,-0.1955204817078734
2017-09-12,13.5,16.76749226006192,-0.1948706586162965
2017-09-13,13.3,16.81749226006192,-0.20915676402094963
2017-09-14,13.35,16.91749226006192,-0.21087595047901397
2017-09-15,13.45,16.91749226006192,-0.20496490890956842
2017-09-18,13.45,16.96749226006192,-0.20730772739713543
2017-09-19,13.5,17.06749226006192,-0.2090226382237701
2017-09-20,13.6,16.91749226006192,-0.19609834655540004
2017-09-21,13.45,16.86749226006192,-0.20260820087368303
2017-09-22,13.4,17.06749226006192,-0.21488172979248288
2017-09-25,13.6,16.86749226006192,-0.19371535553026686
2017-09-26,13.4,17.01749226006192,-0.21257493200403887
2017-09-27,13.55,17.11749226006192,-0.20841208547735102
2017-09-28,13.65,17.11749226006192,-0.2025701082484016
2017-09-29,13.65,16.917346588961262,-0.19313587812247335
2017-10-02,13.7,16.917346588961262,-0.1901803318884897
2017-10-03,13.7,16.917346588961262,-0.1901803318884897
2017-10-04,13.7,16.917346588961262,-0.1901803318884897
2017-10-05,13.7,16.86734658896126,-0.18777977746862173
2017-10-06,13.65,16.76734658896126,-0.18591770453492962
2017-10-09,13.55,17.06734658896126,-0.20608631638360198
2017-10-10,13.85,16.967346588961263,-0.18372622805909844
2017-10-11,13.75,17.06734658896126,-0.19436803323059249
2017-10-12,13.85,17.26734658896126,-0.1979080324446557
2017-10-13,14.05,17.26734658896126,-0.18632547695649182
2017-10-16,14.05,17.167346588961262,-0.18158581309040145
2017-10-17,13.95,17.31734658896126,-0.1944493385093844
2017-10-18,14.1,17.11734658896126,-0.1762742007518331
2017-10-19,13.9,17.31734658896126,-0.19733661686598147
2017-10-20,14.1,17.217346588961263,-0.18105847918284457
2017-10-23,14.0,17.167346588961262,-0.18449831909363856
2017-10-24,13.95,17.217346588961263,-0.18977062302132497
2017-10-25,14.0,17.217346588961263,-0.1868665750751648
2017-10-26,14.0,17.167346588961262,-0.18449831909363856
2017-10-27,13.95,17.36734658896126,-0.19676849145933084
2017-10-30,14.15,17.11734658896126,-0.1733531872793218
2017-10-31,13.9,17.26734658896126,-0.19501239357261468
2017-11-01,14.05,17.26734658896126,-0.18632547695649182
2017-11-02,14.05,17.417346588961262,-0.19333292656043333
2017-11-03,14.2,17.76734658896126,-0.20078105479056907
2017-11-06,14.55,17.61734658896126,-0.17410945362698427
2017-11-07,14.4,17.667346588961262,-0.184937029027479
2017-11-08,14.45,17.967346588961263,-0.19576327375586122
2017-11-09,14.75,18.76734658896126,-0.21406044642049815
2017-11-10,15.55,18.81734658896126,-0.17363482005895403
2017-11-13,15.6,18.76734658896126,-0.16876901451930648
2017-11-14,15.55,18.76734658896126,-0.1714332163958472
2017-11-15,15.55,19.217346588961263,-0.19083522129261288
2017-11-16,16.0,19.417346588961262,-0.1759945198127132
2017-11-17,16.2,19.167346588961262,-0.1548125910484761
2017-11-20,15.95,19.167346588961262,-0.16785560661871568
2017-11-21,15.95,19.11734658896126,-0.1656791947680727
2017-11-22,15.9,19.11734658896126,-0.16829462048980282
2017-11-24,15.9,19.167346588961262,-0.17046420973276355
2017-11-27,15.95,19.56734658896126,-0.18486648521889804
2017-11-28,16.35,19.667346588961262,-0.1686728087063456
2017-11-29,16.45,19.61734658896126,-0.16145642197826782
2017-11-30,16.4,19.667346588961262,-0.1661305237176801
2017-12-01,16.45,19.967346588961263,-0.17615493241880176
2017-12-04,16.75,19.76734658896126,-0.15264297488699097
2017-12-05,16.55,19.76734658896126,-0.16276067070923583
2017-12-06,16.55,19.76734658896126,-0.16276067070923583
2017-12-07,16.55,20.01734658896126,-0.17321709316225542
2017-12-08,16.8,20.11734658896126,-0.16489980794890446
2017-12-11,16.9,19.76734658896126,-0.14505470302030732
2017-12-12,16.55,19.717346588961263,-0.16063756726447653
2017-12-13,16.5,19.667346588961262,-0.1610459537403488
2017-12-14,16.45,19.56734658896126,-0.15931371046086973
2017-12-15,16.35,19.81734658896126,-0.17496522924479985
2017-12-18,16.6,19.86734658896126,-0.16445812601752618
2017-12-19,16.65,19.81734658896126,-0.1598269765703927
2017-12-20,16.6,19.86734658896126,-0.16445812601752618
2017-12-21,16.65,20.01734658896126,-0.16822142605145352
2017-12-22,16.8,19.81734658896126,-0.15225785023318883
2017-12-26,16.6,19.86734658896126,-0.16445812601752618
2017-12-27,16.65,19.86734658896126,-0.16194143362601288
2017-12-28,16.65,19.81734658896126,-0.1598269765703927
2017-12-29,16.6,19.9862660944206,-0.1694296512626695
2018-01-02,16.8,20.0862660944206,-0.16360761522189693
2018-01-03,16.9,20.116266094420602,-0.1598838511741828
2018-01-04,16.93,20.386266094420602,-0.16953894736842112
2018-01-05,17.2,20.386266094420602,-0.15629473684210538
2018-01-08,17.2,20.4362660944206,-0.15835897220501294
2018-01-09,17.25,20.3362660944206,-0.15176168919560606
2018-01-10,17.15,20.6862660944206,-0.17094753003174334
2018-01-11,17.5,20.7362660944206,-0.15606792851155427
2018-01-12,17.55,20.4862660944206,-0.1433285148639305
2018-01-16,17.3,20.7362660944206,-0.16571286647142214
2018-01-17,17.55,20.5862660944206,-0.147489888671142
2018-01-18,17.4,20.7362660944206,-0.16089039749148826
2018-01-19,17.55,20.7362660944206,-0.15365669402158721
2018-01-22,17.55,20.5362660944206,-0.1454142676516995
2018-01-23,17.35,20.5862660944206,-0.15720510361506057
2018-01-24,17.4,20.4862660944206,-0.1506504933693671
2018-01-25,17.3,20.6862660944206,-0.16369634224776441
2018-01-26,17.5,20.5362660944206,-0.14784898483787712
2018-01-29,17.35,20.4862660944206,-0.15309115287117914
2018-01-30,17.3,20.636266094420602,-0.1616700462746321
2018-01-31,17.45,20.3362660944206,-0.14192704211381602
2018-02-01,17.15,19.9362660944206,-0.13975867302455247
2018-02-02,16.75,19.2862660944206,-0.13150633108574228
2018-02-05,16.1,19.6862660944206,-0.18217096513985465
2018-02-06,16.5,19.4862660944206,-0.1532497852564808
2018-02-07,16.3,19.0362660944206,-0.14373964310272913
2018-02-08,15.85,19.1862660944206,-0.17388824266284886
2018-02-09,16.0,19.3362660944206,-0.1725393143706926
2018-02-12,16.15,19.7362660944206,-0.18170945189244436
2018-02-13,16.55,19.886266094420602,-0.16776734649832736
2018-02-14,16.7,19.7862660944206,-0.15598021777797066
2018-02-15,16.6,19.636266094420602,-0.15462543030435494
2018-02-16,16.45,19.2862660944206,-0.1470614415737589
2018-02-20,16.1,19.3362660944206,-0.16736768508550937
2018-02-21,16.15,19.6862660944206,-0.17963112341668663
2018-02-22,16.5,19.9362660944206,-0.1723625717145839
2018-02-23,16.75,20.0862660944206,-0.16609687827183184
2018-02-26,16.9,19.886266094420602,-0.15016726017049753
2018-02-27,16.7,19.5862660944206,-0.14736173196599178
2018-02-28,16.4,19.2862660944206,-0.14965395998842834
2018-03-01,16.1,19.3362660944206,-0.16736768508550937
2018-03-02,16.15,19.5862660944206,-0.17544263300902807
2018-03-05,16.4,19.7862660944206,-0.17114224979393522
2018-03-06,16.6,19.6862660944206,-0.15677254790817308
2018-03-07,16.5,19.5862660944206,-0.15757296870891402
2018-03-08,16.4,19.9862660944206,-0.17943652293420376
2018-03-09,16.8,20.0362660944206,-0.16152041898274583
2018-03-12,16.85,19.8362660944206,-0.15054577712387895
2018-03-13,16.65,19.8362660944206,-0.16062831982864012
2018-03-14,16.65,19.9362660944206,-0.1648385950938075
2018-03-15,16.75,20.1862660944206,-0.1702279202279201
2018-03-16,17.0,19.9362660944206,-0.1472826496453289
2018-03-19,16.75,19.9362660944206,-0.1598226106799564
2018-03-20,16.75,20.0862660944206,-0.16609687827183184
2018-03-21,16.9,19.886266094420602,-0.15016726017049753
2018-03-22,16.7,19.1862660944206,-0.12958571939871144
2018-03-23,16.0,19.2862660944206,-0.17039410730578364
2018-03-26,16.1,19.136266094420602,-0.1586655452761424
2018-03-27,15.95,18.9862660944206,-0.1599190740991907
2018-03-28,15.8,19.2862660944206,-0.18076418096446134
2018-03-29,16.1,19.275128733264676,-0.164726719971789
2018-04-02,15.65,19.625128733264674,-0.20255300167926105
2018-04-03,16.0,19.625128733264674,-0.18471872376154486
2018-04-04,16.0,19.625128733264674,-0.18471872376154486
2018-04-05,16.0,19.425128733264675,-0.1763246349765133
2018-04-06,15.8,19.475128733264675,-0.1887088287630847
2018-04-09,15.85,19.825128733264677,-0.20050960509501203
2018-04-10,16.2,19.625128733264674,-0.1745277078085642
2018-04-11,16.0,19.725128733264675,-0.18885193519586907
2018-04-12,16.1,19.525128733264676,-0.17542156981681423
2018-04-13,15.9,19.825128733264677,-0.19798755337606888
2018-04-16,16.2,19.875128733264674,-0.184910939827709
2018-04-17,16.25,19.875128733264674,-0.18239523285186854
2018-04-18,16.25,20.025128733264676,-0.18851957375902573
2018-04-19,16.4,19.975128733264675,-0.17897900839612602
2018-04-20,16.35,19.975128733264675,-0.18148212117540596
2018-04-23,16.35,19.775128733264676,-0.1732038652928264
2018-04-24,16.15,19.775128733264676,-0.18331757947884697
2018-04-25,16.15,19.825128733264677,-0.185377294781353
2018-04-26,16.2,19.875128733264674,-0.184910939827709
2018-04-27,16.25,19.875128733264674,-0.18239523285186854
2018-04-30,16.25,19.825128733264677,-0.1803331913434666
2018-05-01,16.2,19.475128733264675,-0.16816981176974521
2018-05-02,15.85,19.825128733264677,-0.20050960509501203
2018-05-03,16.2,19.975128733264675,-0.18899145951324647
2018-05-04,16.35,20.225128733264675,-0.1915997067000702
2018-05-07,16.6,20.225128733264675,-0.17923884594624861
2018-05-08,16.6,20.275128733264676,-0.1812629049913268
2018-05-09,16.65,20.305128733264677,-0.18001012361358237
2018-05-10,16.68,19.125128733264674,-0.12784900783500708
2018-05-11,15.5,19.875128733264674,-0.2201308374894746
2018-05-14,16.25,19.875128733264674,-0.18239523285186854
2018-05-15,16.25,19.875128733264674,-0.18239523285186854
2018-05-16,16.25,19.825128733264677,-0.1803331913434666
2018-05-17,16.2,19.725128733264675,-0.1787125843858175
2018-05-18,16.1,19.825128733264677,-0.18789934650029605
2018-05-21,16.2,19.675128733264675,-0.17662546356757947
2018-05-22,16.05,19.625128733264674,-0.1821709697732996
2018-05-23,16.0,19.625128733264674,-0.18471872376154486
2018-05-24,16.0,19.675128733264675,-0.18679058130131299
2018-05-25,16.05,19.175128733264675,-0.16297824002835792
2018-05-29,15.55,19.505128733264677,-0.20277378259593193
2018-05-30,15.88,19.075128733264677,-0.1675023418160615
2018-05-31,15.45,19.225128733264675,-0.19636428892841074
2018-06-01,15.6,19.275128733264676,-0.1906668839478205
2018-06-04,15.65,19.675128733264675,-0.20457953733534673
2018-06-05,16.05,19.725128733264675,-0.18631709749335612
2018-06-06,16.1,19.725128733264675,-0.18378225979084317
2018-06-07,16.1,19.775128733264676,-0.1858460080253519
2018-06-08,16.15,19.825128733264677,-0.185377294781353
2018-06-11,16.2,20.025128733264676,-0.19101643660899803
2018-06-12,16.4,19.725128733264675,-0.1685732335757658
2018-06-13,16.1,19.775128733264676,-0.1858460080253519
2018-06-14,16.15,19.875128733264674,-0.18742664680354948
2018-06-15,16.25,19.925128733264675,-0.18444692541078078
2018-06-18,16.3,19.725128733264675,-0.1736429089807916
2018-06-19,16.1,19.775128733264676,-0.1858460080253519
2018-06-20,16.15,19.625128733264674,-0.17707546179680944
2018-06-21,16.0,19.675128733264675,-0.18679058130131299
2018-06-22,16.05,19.375128733264674,-0.17161840723957833
2018-06-25,15.75,19.325128733264677,-0.18499896081472134
2018-06-26,15.7,19.375128733264674,-0.18968280334338827
2018-06-27,15.75,19.425128733264675,-0.18919456255500533
2018-06-28,15.8,19.475128733264675,-0.1887088287630847
2018-06-29,15.85,18.940646988158573,-0.16317536513355657
2018-07-02,15.45,19.04064698815857,-0.18857799266966113
2018-07-03,15.55,18.990646988158574,-0.18117586990606238
2018-07-05,15.5,19.09064698815857,-0.18808409114608615
2018-07-06,15.6,19.190646988158573,-0.18710400907140612
2018-07-09,15.7,19.54064698815857,-0.1965465621729907
2018-07-10,16.05,19.29064698815857,-0.1679905806242693
2018-07-11,15.8,19.240646988158574,-0.178821792753439
2018-07-12,15.75,19.29064698815857,-0.183542158556526
2018-07-13,15.8,19.140646988158572,-0.17453156051753493
2018-07-16,15.65,19.04064698815857,-0.17807414791457576
2018-07-17,15.55,19.140646988158572,-0.187592770003017
2018-07-18,15.65,19.09064698815857,-0.18022684041524173
2018-07-19,15.6,18.990646988158574,-0.17854299488968317
2018-07-20,15.5,18.990646988158574,-0.1838087449224416
2018-07-23,15.5,18.740646988158574,-0.172920763632451
2018-07-24,15.25,18.890646988158572,-0.19272219688614578
2018-07-25,15.4,18.740646988158574,-0.17825675870579005
2018-07-26,15.25,18.59064698815857,-0.17969503644958762
2018-07-27,15.1,18.640646988158572,-0.18994227992235246
2018-07-30,15.15,18.79064698815857,-0.19374782520542377
2018-07-31,15.3,18.740646988158574,-0.18359275377912898
2018-08-01,15.25,18.690646988158573,-0.18408388914190021
2018-08-02,15.2,18.79064698815857,-0.19108692693877516
2018-08-03,15.3,18.84064698815857,-0.18792597676629064
2018-08-06,15.35,18.79064698815857,-0.18310423213882876
2018-08-07,15.3,18.79064698815857,-0.18576513040547749
2018-08-08,15.3,18.890646988158572,-0.19007538441691996
2018-08-09,15.4,16.940646988158573,-0.09094381042444699
2018-08-10,13.45,17.440646988158573,-0.22881301312205027
2018-08-13,13.95,17.640646988158572,-0.20921267743954908
2018-08-14,14.15,17.59064698815857,-0.19559524959341734
2018-08-15,14.1,17.79064698815857,-0.20744872238851464
2018-08-16,14.3,17.940646988158573,-0.20292729635455853
2018-08-17,14.45,17.54064698815857,-0.17619914420745264
2018-08-20,14.05,17.54064698815857,-0.19900332014634659
2018-08-21,14.05,17.690646988158573,-0.2057950164623984
2018-08-22,14.2,17.34064698815857,-0.18111475254084985
2018-08-23,13.85,17.34064698815857,-0.20129854385146262
2018-08-24,13.85,17.29064698815857,-0.1989889094673487
2018-08-27,13.8,17.240646988158574,-0.19956600181662087
2018-08-28,13.75,17.34064698815857,-0.20706534136878063
2018-08-29,13.85,17.190646988158573,-0.1943293344607513
2018-08-30,13.7,17.09064698815857,-0.19839196201921527
2018-08-31,13.6,16.890646988158572,-0.1948206596506059
2018-09-04,13.4,16.890646988158572,-0.20666153230280282
2018-09-05,13.4,16.640646988158572,-0.19474284806742226
2018-09-06,13.15,16.59064698815857,-0.20738473855867723
2018-09-07,13.1,16.54064698815857,-0.20801163283526491
2018-09-10,13.05,16.490646988158574,-0.20864232862598997
2018-09-11,13.0,16.390646988158572,-0.20686474369243302
2018-09-12,12.9,16.54064698815857,-0.22010305828816157
2018-09-13,13.05,16.34064698815857,-0.20137801095288177
2018-09-14,12.85,16.240646988158574,-0.2087753640991502
2018-09-17,12.75,16.390646988158572,-0.2221173447752708
2018-09-18,12.9,16.440646988158573,-0.21535934630241338
2018-09-19,12.95,16.59064698815857,-0.21943972352356433
2018-09-20,13.1,16.690646988158573,-0.2151292871214645
2018-09-21,13.2,16.740646988158574,-0.21150000896996612
2018-09-24,13.25,16.84064698815857,-0.2132131259970783
2018-09-25,13.35,16.890646988158572,-0.20962175046585207
2018-09-26,13.4,16.84064698815857,-0.20430610478195088
2018-09-27,13.35,17.09064698815857,-0.21887099948587774
2018-09-28,13.6,16.750628415300547,-0.18809016218297003
2018-10-01,13.53,16.610628415300546,-0.18546128046924992
2018-10-02,13.39,16.950628415300546,-0.21005878531833844
2018-10-03,13.73,16.880628415300546,-0.18664165443300829
2018-10-04,13.66,16.860628415300546,-0.189828536426084
2018-10-05,13.64,16.850628415300548,-0.19053463978739593
2018-10-08,13.63,16.950628415300546,-0.19590001821426084
2018-10-09,13.73,16.380628415300546,-0.16181481858319247
2018-10-10,13.16,16.240628415300545,-0.18968652791773977
2018-10-11,13.02,16.420628415300545,-0.20709490095591476
2018-10-12,13.2,16.510628415300545,-0.20051498537951207
2018-10-15,13.29,16.670628415300545,-0.20278950085635383
2018-10-16,13.45,16.730628415300547,-0.1960851878283506
2018-10-17,13.51,16.640628415300547,-0.1881316220258864
2018-10-18,13.42,16.600628415300548,-0.19159686824680755
2018-10-19,13.38,16.620628415300548,-0.1949762869565932
2018-10-22,13.4,16.450628415300546,-0.18544145173586135
2018-10-23,13.23,16.240628415300545,-0.18537634987474905
2018-10-24,13.02,16.250628415300547,-0.19880021453562957
2018-10-25,13.03,16.060628415300545,-0.18869924245388459
2018-10-26,12.84,15.910628415300547,-0.19299227756130988
2018-10-29,12.69,16.250628415300547,-0.21910712154048695
2018-10-30,13.03,16.560628415300545,-0.21319410874762212
2018-10-31,13.34,16.530628415300548,-0.19301313508126172
2018-11-01,13.31,16.580628415300545,-0.19725599858943943
2018-11-02,13.36,16.580628415300545,-0.19424043134146596
2018-11-05,13.36,16.690628415300548,-0.19955080973747585
2018-11-06,13.47,16.820628415300547,-0.19919757648606717
2018-11-07,13.6,17.530628415300548,-0.22421491815261663
2018-11-08,14.31,17.620628415300548,-0.18788367459277577
2018-11-09,14.4,17.110628415300546,-0.1584178178328428
2018-11-12,13.89,17.130628415300546,-0.18917160169127922
2018-11-13,13.91,17.280628415300548,-0.19505242137584178
2018-11-14,14.06,17.070628415300547,-0.17636306889570008
2018-11-15,13.85,17.100628415300548,-0.19008824332982377
2018-11-16,13.88,16.870628415300548,-0.17726834719376805
2018-11-19,13.65,16.170628415300545,-0.15587696102864756
2018-11-20,12.95,16.210628415300548,-0.20114139512463158
2018-11-21,12.99,16.180628415300546,-0.19718816435358344
2018-11-23,12.96,16.640628415300547,-0.22118325843489905
2018-11-26,13.42,16.490628415300545,-0.18620445127800678
2018-11-27,13.27,16.740628415300545,-0.20731769018470492
2018-11-28,13.52,16.820628415300547,-0.1962250359385026
2018-11-29,13.6,16.620628415300548,-0.18173972366290503
2018-11-30,13.4,16.910628415300547,-0.20759893299554555
2018-12-03,13.69,16.490628415300545,-0.16983151549895037
2018-12-04,13.27,16.080628415300545,-0.17478349369893176
2018-12-06,12.86,15.930628415300546,-0.1927499867080803
2018-12-07,12.71,16.010628415300545,-0.20615233391753074
2018-12-10,12.79,15.880628415300546,-0.19461625412271544
2018-12-11,12.66,16.190628415300548,-0.2180661753662394
2018-12-12,12.97,16.030628415300548,-0.19092379512579238
2018-12-13,12.81,15.680628415300546,-0.18306845486495293
2018-12-14,12.46,15.490628415300547,-0.19564270306213694
2018-12-17,12.27,15.380628415300546,-0.2022432589429255
2018-12-18,12.16,15.230628415300547,-0.20160878012202188
2018-12-19,12.01,14.790628415300546,-0.1879993423689864
2018-12-20,11.57,14.470628415300547,-0.20044937455746992
2018-12-21,11.25,14.280628415300546,-0.21221954154716827
2018-12-24,11.06,14.580628415300547,-0.2414593058009823
2018-12-26,11.36,14.600628415300546,-0.22195129710338846
2018-12-27,11.38,14.680628415300546,-0.22482882353050648
2018-12-28,11.46,14.770628415300546,-0.22413592179132635
2018-12-31,11.55,14.3696793450452,-0.19622423558236535
2019-01-02,11.61,14.2196793450452,-0.18352589265344688
2019-01-03,11.46,14.719679345045199,-0.22145043167278233
2019-01-04,11.96,14.959679345045199,-0.20051762312931676
2019-01-07,12.2,15.079679345045198,-0.1909642293548761
2019-01-08,12.32,15.129679345045199,-0.18570647010872288
2019-01-09,12.37,15.129679345045199,-0.18240170740624218
2019-01-10,12.37,15.239679345045198,-0.18830313158644008
2019-01-11,12.48,15.209679345045199,-0.1794698811934149
2019-01-14,12.45,15.2696793450452,-0.18465871360685426
2019-01-15,12.51,15.299679345045199,-0.18233580470094213
2019-01-16,12.54,15.3596793450452,-0.1835767063688596
2019-01-17,12.6,15.4396793450452,-0.18392087565966786
2019-01-18,12.68,15.259679345045198,-0.16905200212367621
2019-01-22,12.5,15.1196793450452,-0.1732628903868707
2019-01-23,12.36,15.319679345045198,-0.19319460142633071
2019-01-24,12.56,15.559679345045199,-0.19278542176387536
2019-01-25,12.8,15.539679345045199,-0.17630218000082098
2019-01-28,12.78,15.6196793450452,-0.18180138543919533
2019-01-29,12.86,15.589679345045198,-0.17509528481179193
2019-01-30,12.83,15.6896793450452,-0.18226499612615
2019-01-31,12.93,15.6196793450452,-0.1721981153152422
2019-02-01,12.86,15.749679345045198,-0.1834754398320041
2019-02-04,12.99,15.879679345045199,-0.18197340653146377
2019-02-05,13.12,15.829679345045198,-0.17117714680009277
2019-02-06,13.07,15.579679345045198,-0.16108671362632065
2019-02-07,12.82,15.429679345045198,-0.16913373808271792
2019-02-08,12.67,15.169679345045198,-0.16478129090195015
2019-02-11,12.41,15.389679345045199,-0.19361542747182214
2019-02-12,12.63,15.419679345045198,-0.18091681951490157
2019-02-13,12.66,15.4496793450452,-0.180565517428675
2019-02-14,12.69,15.6896793450452,-0.19118805930170257
2019-02-15,12.93,15.7796793450452,-0.18059171436458854
2019-02-19,13.02,15.909679345045198,-0.18163026937089977
2019-02-20,13.15,15.809679345045199,-0.16823107458398578
2019-02-21,13.05,15.969679345045199,-0.18282642262013027
2019-02-22,13.21,16.0296793450452,-0.17590366496736975
2019-02-25,13.27,16.0796793450452,-0.1747347869788819
2019-02-26,13.32,16.0796793450452,-0.17162527223501933
2019-02-27,13.32,16.0696793450452,-0.17110978296483637
2019-02-28,13.31,16.3196793450452,-0.18442025001912576
2019-03-01,13.56,16.3196793450452,-0.1691013215822198
2019-03-04,13.56,16.179679345045198,-0.1619116973320882
2019-03-05,13.42,16.1196793450452,-0.1674772361942184
2019-03-06,13.36,15.909679345045198,-0.16025963124387255
2019-03-07,13.15,15.809679345045199,-0.16823107458398578
2019-03-08,13.05,16.0496793450452,-0.18689964332348163
2019-03-11,13.29,15.819679345045198,-0.1599071188404022
2019-03-12,13.06,15.719679345045199,-0.1691942492378843
2019-03-13,12.96,15.539679345045199,-0.16600595725083123
2019-03-14,12.78,15.499679345045198,-0.1754668135063453
2019-03-15,12.74,15.489679345045198,-0.1775168667984569
2019-03-18,12.73,15.379679345045199,-0.17228443360874324
2019-03-19,12.62,15.3696793450452,-0.1789028439250835
2019-03-20,12.61,15.6096793450452,-0.19216790292347385
2019-03-21,12.85,15.399679345045199,-0.16556704122969612
2019-03-22,12.64,15.349679345045198,-0.17653002933379636
2019-03-25,12.59,15.259679345045198,-0.17494989800765637
2019-03-26,12.5,15.149679345045199,-0.1749000282248082
2019-03-27,12.39,15.209679345045199,-0.18538716570403935
2019-03-28,12.45,15.249679345045198,-0.1835893910749571
2019-03-29,12.49,15.416539509536785,-0.18983115554086605
2019-04-01,12.61,15.286539509536786,-0.1750912629942819
2019-04-02,12.48,15.356539509536784,-0.18731690871829443
2019-04-03,12.55,15.386539509536785,-0.18435201156040704
2019-04-04,12.58,15.446539509536784,-0.18557810361129534
2019-04-05,12.64,15.436539509536784,-0.18116362853274626
2019-04-08,12.63,15.436539509536784,-0.18181144211776779
2019-04-09,12.63,15.566539509536785,-0.18864433599630304
2019-04-10,12.76,15.446539509536784,-0.17392500811447764
2019-04-11,12.64,15.556539509536785,-0.18747996672067258
2019-04-12,12.75,15.456539509536785,-0.17510643361451206
2019-04-15,12.65,15.556539509536785,-0.18683715023864778
2019-04-16,12.75,15.516539509536784,-0.178296166347942
2019-04-17,12.71,15.436539509536784,-0.17662893343759534
2019-04-18,12.63,15.326539509536785,-0.1759392267157821
2019-04-22,12.52,15.406539509536785,-0.18735807010717698
2019-04-23,12.6,15.426539509536784,-0.18322576542778113
2019-04-24,12.62,15.266539509536784,-0.1733555602357385
2019-04-25,12.46,15.376539509536785,-0.18967463438232623
2019-04-26,12.57,15.326539509536785,-0.17985400473613466
2019-04-29,12.52,15.296539509536785,-0.1815142246915208
2019-04-30,12.49,15.246539509536785,-0.18079771529877686
2019-05-01,12.44,15.176539509536784,-0.18031379998168695
2019-05-02,12.37,15.236539509536785,-0.18813586298533036
2019-05-03,12.43,14.976539509536785,-0.17003524131293457
2019-05-06,12.17,14.546539509536785,-0.16337490493726803
2019-05-07,11.74,14.416539509536785,-0.18565755726373923
2019-05-08,11.61,14.466539509536785,-0.19745838371738234
2019-05-09,11.66,14.836539509536784,-0.21410245343902023
2019-05-10,12.03,14.386539509536785,-0.1638016917115227
2019-05-13,11.58,14.456539509536785,-0.19897842824966316
2019-05-14,11.65,14.536539509536786,-0.19857129736021795
2019-05-15,11.73,14.486539509536785,-0.1902828144514498
2019-05-16,11.68,14.366539509536786,-0.18699976481834124
2019-05-17,11.56,14.616539509536786,-0.20911512656894604
2019-05-20,11.81,14.816539509536785,-0.2029177938344916
2019-05-21,12.01,14.796539509536785,-0.18832372986540413
2019-05-22,11.99,14.806539509536785,-0.1902226720647774
2019-05-23,12.0,14.866539509536786,-0.19281820814439832
2019-05-24,12.06,14.796539509536785,-0.18494456138024762
2019-05-28,11.99,14.676539509536784,-0.18304992861505787
2019-05-29,11.87,14.576539509536785,-0.1856777809140514
2019-05-30,11.77,14.456539509536785,-0.18583558726239513
2019-05-31,11.65,14.526539509536784,-0.1980195976920941
2019-06-03,11.72,14.696539509536784,-0.20253335879546785
2019-06-04,11.89,14.776539509536784,-0.19534610980289469
2019-06-05,11.97,14.736539509536785,-0.18773332149969213
2019-06-06,11.93,14.876539509536785,-0.19806619057125963
2019-06-07,12.07,14.926539509536784,-0.19137319187154522
2019-06-10,12.12,14.936539509536784,-0.1885670712241253
2019-06-11,12.13,14.876539509536785,-0.18462220382475925
2019-06-12,12.07,14.966539509536785,-0.1935343509226758
2019-06-13,12.16,15.016539509536784,-0.19022621741331536
2019-06-14,12.21,15.416539509536785,-0.20799346750632297
2019-06-17,12.61,16.006539509536786,-0.21219699033092754
2019-06-18,13.2,16.526539509536786,-0.20128469772012325
2019-06-19,13.72,16.756539509536786,-0.1812151911084371
2019-06-20,13.95,16.726539509536785,-0.16599605124262062
2019-06-21,13.92,16.536539509536784,-0.15822775424252455
2019-06-24,13.73,16.466539509536783,-0.16618789320924932
2019-06-25,13.66,16.506539509536786,-0.17244919856716034
2019-06-26,13.7,16.666539509536786,-0.17799372856250684
2019-06-27,13.86,16.766539509536784,-0.1733535717303829
2019-06-28,13.96,16.784692974995746,-0.16828982092217637
2019-07-01,13.99,16.704692974995748,-0.16251079735851526
2019-07-02,13.91,16.694692974995746,-0.1668010893741192
2019-07-03,13.9,16.704692974995748,-0.16789850488086933
2019-07-05,13.91,16.50469297499575,-0.15720940576881082
2019-07-08,13.71,16.494692974995747,-0.16882357126725867
2019-07-09,13.7,16.48469297499575,-0.16892598359093602
2019-07-10,13.69,16.434692974995748,-0.16700603894283939
2019-07-11,13.64,16.524692974995748,-0.1745686276507954
2019-07-12,13.73,16.544692974995748,-0.1701266369372727
2019-07-15,13.75,16.674692974995747,-0.17539711102215916
2019-07-16,13.88,16.32469297499575,-0.14975430035592352
2019-07-17,13.53,16.454692974995748,-0.17774217844356366
2019-07-18,13.66,16.30469297499575,-0.16220440207316678
2019-07-19,13.51,16.384692974995748,-0.1754499140986494
2019-07-22,13.59,16.454692974995748,-0.17409580229475463
2019-07-23,13.66,16.624692974995746,-0.17833069034446358
2019-07-24,13.83,16.454692974995748,-0.15951029769951852
2019-07-25,13.66,16.494692974995747,-0.17185484927138983
2019-07-26,13.7,16.444692974995746,-0.16690448275130887
2019-07-29,13.65,16.474692974995747,-0.1714564865811392
2019-07-30,13.68,16.25469297499575,-0.15839689983417982
2019-07-31,13.46,16.134692974995748,-0.1657727840957849
2019-08-01,13.34,16.09469297499575,-0.17115536029642564
2019-08-02,13.3,15.884692974995748,-0.16271595422488416
2019-08-05,13.09,15.994692974995747,-0.18160354684748303
2019-08-06,13.2,15.914692974995747,-0.1705777786138204
2019-08-07,13.12,16.154692974995747,-0.18785209843931105
2019-08-08,13.36,16.864692974995748,-0.20781243869615318
2019-08-09,14.07,17.194692974995746,-0.18172426687348386
2019-08-12,14.4,17.25469297499575,-0.16544443758765004
2019-08-13,14.46,16.544692974995748,-0.12600372688368267
2019-08-14,13.75,16.784692974995746,-0.18080122046417801
2019-08-15,13.99,16.934692974995748,-0.17388522953109442
2019-08-16,14.14,17.154692974995747,-0.1757357581036214
2019-08-19,14.36,17.084692974995747,-0.15948152998613807
2019-08-20,14.29,17.25469297499575,-0.17181951480052227
2019-08-21,14.46,17.264692974995747,-0.16245252545514421
2019-08-22,14.47,16.744692974995747,-0.13584560662846812
2019-08-23,13.95,16.834692974995747,-0.17135405910166157
2019-08-26,14.04,16.714692974995746,-0.16002046696262617
2019-08-27,13.92,16.924692974995747,-0.17753308609112317
2019-08-28,14.13,16.98469297499575,-0.16807445263793253
2019-08-29,14.19,16.954692974995748,-0.1630635824000488
2019-08-30,14.16,16.724692974995747,-0.15334768649147057
2019-09-03,13.93,16.994692974995747,-0.18033235313546547
2019-09-04,14.2,17.134692974995748,-0.17127199064951304
2019-09-05,14.34,17.30469297499575,-0.17132306128051822
2019-09-06,14.51,17.544692974995748,-0.1729692836073401
2019-09-09,14.75,17.634692974995748,-0.16358056128824905
2019-09-10,14.84,17.66469297499575,-0.15990614606175624
2019-09-11,14.87,17.614692974995748,-0.15581838291997885
2019-09-12,14.82,17.694692974995746,-0.1624607434024402
2019-09-13,14.9,17.274692974995748,-0.13746658064678752
2019-09-16,14.48,17.41469297499575,-0.16851821500438857
2019-09-17,14.62,17.39469297499575,-0.1595137654331854
2019-09-18,14.6,17.14469297499575,-0.14842452872775225
2019-09-19,14.35,17.114692974995748,-0.1615391511279176
2019-09-20,14.32,17.184692974995748,-0.16670027094251627
2019-09-23,14.39,17.05469297499575,-0.15624397219595287
2019-09-24,14.26,17.16469297499575,-0.1692248721970786
2019-09-25,14.37,17.024692974995748,-0.1559319148306938
2019-09-26,14.23,16.964692974995746,-0.16119908441764363
2019-09-27,14.17,17.09469297499575,-0.17108777439136635
2019-09-30,14.3,16.706110448269985,-0.14402577163131058
2019-10-01,14.25,16.516110448269984,-0.13720606043218564
2019-10-02,14.06,16.426110448269984,-0.1440456921144826
2019-10-03,13.97,16.576110448269986,-0.15722086652372547
2019-10-04,14.12,16.396110448269983,-0.13882014612253024
2019-10-07,13.94,15.656110448269985,-0.10961282203138889
2019-10-08,13.2,15.816110448269985,-0.16540795265855923
2019-10-09,13.36,15.926110448269984,-0.16112599850447074
2019-10-10,13.47,16.216110448269983,-0.1693445821690831
2019-10-11,13.76,16.256110448269986,-0.1535490581349752
2019-10-14,13.8,16.096110448269986,-0.142650018192238
2019-10-15,13.64,16.326110448269986,-0.1645284991046121
2019-10-16,13.87,16.366110448269986,-0.15251702328171945
2019-10-17,13.91,16.246110448269985,-0.14379506132920272
2019-10-18,13.79,16.456110448269985,-0.162013402659817
2019-10-21,14.0,16.646110448269983,-0.15896268719909834
2019-10-22,14.19,16.706110448269985,-0.15061018877260823
2019-10-23,14.25,16.686110448269986,-0.14599630368157857
2019-10-24,14.23,16.666110448269986,-0.14617150509301136
2019-10-25,14.21,16.756110448269986,-0.15195116170488498
2019-10-28,14.3,16.786110448269984,-0.14810521209969807
2019-10-29,14.33,16.476110448269985,-0.13025589109809166
2019-10-30,14.02,16.576110448269986,-0.15420447735595066
2019-10-31,14.12,16.636110448269985,-0.15124391341917542
2019-11-01,14.18,16.686110448269986,-0.15019140955823052
2019-11-04,14.23,16.646110448269983,-0.14514564563165488
2019-11-05,14.19,16.436110448269986,-0.13665705492423275
2019-11-06,13.98,16.246110448269985,-0.13948633769822105
2019-11-07,13.79,15.686110448269984,-0.12087830533407384
2019-11-08,13.23,15.816110448269985,-0.16351115255096493
2019-11-11,13.36,15.766110448269984,-0.15261281190212694
2019-11-12,13.31,15.766110448269984,-0.1557841711390201
2019-11-13,13.31,15.656110448269985,-0.14985270166698594
2019-11-14,13.2,15.776110448269984,-0.16329186187666944
2019-11-15,13.32,15.716110448269985,-0.15246205199160756
2019-11-18,13.26,15.726110448269985,-0.1568162996426926
2019-11-19,13.27,15.596110448269984,-0.14914683093488934
2019-11-20,13.14,15.356110448269984,-0.1443145681802288
2019-11-21,12.9,15.436110448269984,-0.16429724682063418
2019-11-22,12.98,15.626110448269985,-0.16933903398608985
2019-11-25,13.17,15.776110448269984,-0.1651934712814952
2019-11-26,13.32,15.836110448269984,-0.1588843710385246
2019-11-27,13.38,15.626110448269985,-0.1437408532152451
2019-11-29,13.17,15.626110448269985,-0.1571798981199387
2019-12-02,13.17,15.366110448269986,-0.14291908519486385
2019-12-03,12.91,15.526110448269984,-0.16849747765136425
2019-12-04,13.07,15.736110448269985,-0.1694262668678138
2019-12-05,13.28,15.936110448269984,-0.16667244224316546
2019-12-06,13.48,15.946110448269984,-0.15465278860761533
2019-12-09,13.49,15.906110448269985,-0.15189825671886814
2019-12-10,13.45,15.996110448269985,-0.159170596908785
2019-12-11,13.54,16.486110448269983,-0.17870257860483652
2019-12-12,14.03,16.366110448269986,-0.1427407236223882
2019-12-13,13.91,16.546110448269985,-0.1593190409620171
2019-12-16,14.09,16.616110448269986,-0.152027783886872
2019-12-17,14.16,16.836110448269984,-0.15895063509428164
2019-12-18,14.38,16.766110448269984,-0.14231747164210018
2019-12-19,14.31,16.766110448269984,-0.14649256044495507
2019-12-20,14.31,16.766110448269984,-0.14649256044495507
2019-12-23,14.31,16.746110448269985,-0.14547321037893035
2019-12-24,14.29,16.986110448269983,-0.15872441524978897
2019-12-26,14.53,16.926110448269984,-0.1415629689758341
2019-12-27,14.47,16.916110448269986,-0.14460241648044747
2019-12-30,14.46,16.966110448269983,-0.1477127274345622
2019-12-31,14.51,16.97547497446374,-0.1452374662960867
2020-01-02,14.81,16.985474974463738,-0.12807854815566744
2020-01-03,14.82,16.935474974463737,-0.12491382601631007
2020-01-06,14.77,17.095474974463738,-0.13602868466289486
2020-01-07,14.93,17.13547497446374,-0.12870813197477537
2020-01-08,14.97,16.97547497446374,-0.11813954999672072
2020-01-09,14.81,16.88547497446374,-0.12291481155268202
2020-01-10,14.72,17.06547497446374,-0.1374397711152744
2020-01-13,14.9,17.21547497446374,-0.13449962768371804
2020-01-14,15.05,17.30547497446374,-0.13033302915938194
2020-01-15,15.14,17.415474974463738,-0.1306582207950262
2020-01-16,15.25,17.39547497446374,-0.12333523388198708
2020-01-17,15.23,17.005474974463738,-0.10440607963787418
2020-01-21,14.84,16.955474974463737,-0.12476648266414281
2020-01-22,14.79,16.87547497446374,-0.12358022382300449
2020-01-23,14.71,16.51547497446374,-0.10932019680059868
2020-01-24,14.35,16.26547497446374,-0.11776323639309472
2020-01-27,14.1,16.08547497446374,-0.12343278501976174
2020-01-28,13.92,15.955474974463739,-0.1275721956081819
2020-01-29,13.79,16.17547497446374,-0.14747480233067
2020-01-30,14.01,16.13547497446374,-0.13172683034292765
2020-01-31,13.97,16.185474974463737,-0.13688044236941777
2020-02-03,14.02,16.31547497446374,-0.14069311362718628
2020-02-04,14.15,16.56547497446374,-0.14581380722178383
2020-02-05,14.4,16.90547497446374,-0.14820494415260965
2020-02-06,14.74,16.60547497446374,-0.11234095846896919
2020-02-07,14.44,16.24547497446374,-0.11113709985714582
2020-02-10,14.08,16.64547497446374,-0.15412446796498758
2020-02-11,14.48,16.96547497446374,-0.1465019386845844
2020-02-12,14.8,16.97547497446374,-0.1281539973247472
2020-02-13,14.81,17.14547497446374,-0.1362152391778102
2020-02-14,14.98,17.08547497446374,-0.12323186669440678
2020-02-18,14.92,17.21547497446374,-0.13333788221752174
2020-02-19,15.05,17.14547497446374,-0.12221737674720079
2020-02-20,14.98,16.955474974463737,-0.11650956268927615
2020-02-21,14.79,16.19547497446374,-0.08678195463114402
2020-02-24,14.03,15.405474974463738,-0.08928481444056346
2020-02-25,13.24,14.895474974463738,-0.11113945525750768
2020-02-26,12.73,14.445474974463739,-0.11875517956289439
2020-02-27,12.28,14.605474974463739,-0.15921940084315012
2020-02-28,12.44,14.825474974463738,-0.16090378072693245
2020-03-02,12.66,14.255474974463738,-0.11192015540146927
2020-03-03,12.09,14.26547497446374,-0.15249930187098582
2020-03-04,12.1,13.495474974463738,-0.10340317603524651
2020-03-05,11.33,13.42547497446374,-0.1560819992178668
2020-03-06,11.26,12.655474974463738,-0.11026650341291278
2020-03-09,10.49,13.225474974463738,-0.2068337794858407
2020-03-10,11.06,12.51547497446374,-0.11629402619025275
2020-03-11,10.35,11.585474974463738,-0.10663999336988128
2020-03-12,9.42,12.775474974463739,-0.2626497238788249
2020-03-13,10.61,12.445474974463739,-0.14748131174019963
2020-03-16,10.28,12.885474974463738,-0.20220247834303617
2020-03-17,10.72,11.325474974463738,-0.05346133171711909
2020-03-18,9.16,11.485474974463738,-0.20247094522726217
2020-03-19,9.32,10.87547497446374,-0.14302593478593695
2020-03-20,8.71,10.305474974463738,-0.15481818920692303
2020-03-23,8.14,10.815474974463738,-0.24737470899620806
2020-03-24,8.65,10.775474974463739,-0.1972511633594617
2020-03-25,8.61,11.325474974463738,-0.2397669837765296
2020-03-26,9.16,10.585474974463738,-0.13466329833120716
2020-03-27,8.42,11.025474974463739,-0.23631407993744646
2020-03-30,8.86,10.854103121969827,-0.18371882960403763
2020-03-31,8.99,10.454103121969824,-0.14005057199913573
2020-04-01,8.59,10.034103121969824,-0.14391950176473056
2020-04-02,8.17,10.104103121969827,-0.19141759527022395
2020-04-03,8.24,10.844103121969825,-0.24014001828274678
2020-04-06,8.98,10.864103121969825,-0.173424635316625
2020-04-07,9.0,11.004103121969825,-0.18212325891136094
2020-04-08,9.14,11.554103121969824,-0.20893903200322572
2020-04-09,9.69,11.444103121969825,-0.15327571791994643
2020-04-13,9.58,11.534103121969826,-0.16941959867236722
2020-04-14,9.67,10.984103121969824,-0.11963681580350649
2020-04-15,9.12,10.564103121969826,-0.13669907471525633
2020-04-16,8.7,11.034103121969824,-0.21153537321238458
2020-04-17,9.17,10.884103121969826,-0.15748685057107437
2020-04-20,9.02,10.484103121969824,-0.13964982077501142
2020-04-21,8.62,10.514103121969827,-0.1801488058465005
2020-04-22,8.65,10.684103121969825,-0.1903859499247137
2020-04-23,8.82,10.854103121969827,-0.1874040719083082
2020-04-24,8.99,11.464103121969822,-0.21581305538227824
2020-04-27,9.6,11.774103121969825,-0.18465127232604828
2020-04-28,9.91,12.674103121969827,-0.21809062900698772
2020-04-29,10.81,12.084103121969825,-0.10543629999759008
2020-04-30,10.22,11.564103121969826,-0.11623064130379968
2020-05-01,9.7,11.774103121969825,-0.17615805641277793
2020-05-04,9.91,11.674103121969827,-0.15111251832698913
2020-05-05,9.81,11.854103121969827,-0.17243844607538328
2020-05-06,9.99,11.794103121969824,-0.15296653788020353
2020-05-07,9.93,13.114103121969825,-0.24279991489738662
2020-05-08,11.25,12.844103121969827,-0.12411167263544587
2020-05-11,10.98,12.664103121969823,-0.13298242329124932
2020-05-12,10.8,12.794103121969824,-0.15586111061943708
2020-05-13,10.93,12.864103121969825,-0.15034885087843297
2020-05-14,11.0,12.874103121969824,-0.14557154810820516
2020-05-15,11.01,13.144103121969826,-0.16236201908692882
2020-05-18,11.28,13.144103121969826,-0.14182048821985083
2020-05-19,11.28,13.514103121969825,-0.16531641810086917
2020-05-20,11.65,13.414103121969827,-0.13151107501779613
2020-05-21,11.55,13.494103121969825,-0.14407056952192843
2020-05-22,11.63,13.864103121969825,-0.16114299658010622
2020-05-26,12.0,14.164103121969827,-0.15278786827053692
2020-05-27,12.3,13.884103121969824,-0.1140947390014111
2020-05-28,12.02,14.124103121969824,-0.14897251201012007
2020-05-29,12.26,14.104103121969827,-0.13074940717763794
2020-06-01,12.24,14.184103121969825,-0.13706211138288993
2020-06-02,12.32,14.834103121969825,-0.16948130273183493
2020-06-03,12.97,14.704103121969824,-0.11793328077105569
2020-06-04,12.84,14.904103121969825,-0.13849227324032498
2020-06-05,13.04,15.284103121969826,-0.14682596054616293
2020-06-08,13.42,14.784103121969826,-0.0922682364101417
2020-06-09,12.92,14.304103121969824,-0.0967626638432133
2020-06-10,12.44,13.304103121969824,-0.06495012208247863
2020-06-11,11.44,13.614103121969825,-0.15969492095747062
2020-06-12,11.75,13.704103121969824,-0.14259255819792327
2020-06-15,11.84,13.984103121969824,-0.15332432142904573
2020-06-16,12.12,14.244103121969825,-0.14912157710327523
2020-06-17,12.38,13.844103121969827,-0.10575644439157461
2020-06-18,11.98,13.744103121969825,-0.1283534550282821
2020-06-19,11.88,13.854103121969827,-0.14249230748393193
2020-06-22,11.99,13.934103121969825,-0.13952122393184874
2020-06-23,12.07,13.554103121969824,-0.10949474919991153
2020-06-24,11.69,13.634103121969824,-0.14259119977148482
2020-06-25,11.77,13.404103121969825,-0.12191066474947287
2020-06-26,11.54,13.594103121969827,-0.15110251140070663
2020-06-29,11.73,13.814103121969824,-0.15086778371121934
2020-06-30,11.95,13.984103121969824,-0.14545824671259266
2020-07-01,12.12,13.964103121969826,-0.1320602623643251
2020-07-02,12.1,14.074103121969825,-0.14026493232724935
2020-07-06,12.21,13.894103121969826,-0.1212099195742159
2020-07-07,12.03,13.744103121969825,-0.12471553121788259
2020-07-08,11.88,13.594103121969827,-0.1260916668492542
2020-07-09,11.73,13.844103121969827,-0.15270784270704119
2020-07-10,11.98,13.824103121969825,-0.13339766823925825
2020-07-13,11.96,14.244103121969825,-0.16035429555735725
2020-07-14,12.38,14.584103121969825,-0.1511305222910494
2020-07-15,12.72,14.654103121969825,-0.131983725368369
2020-07-16,12.79,14.664103121969827,-0.12780209647885232
2020-07-17,12.8,14.594103121969827,-0.1229334277670685
2020-07-20,12.73,14.624103121969824,-0.12951926734736352
2020-07-21,12.76,14.714103121969826,-0.13280477279326175
2020-07-22,12.85,14.594103121969827,-0.1195073864692836
2020-07-23,12.73,14.574103121969825,-0.12653287180258244
2020-07-24,12.71,14.774103121969826,-0.13971089174952367
2020-07-27,12.91,14.594103121969827,-0.11539613691194173
2020-07-28,12.73,14.724103121969826,-0.1354312113580911
2020-07-29,12.86,14.784103121969826,-0.1301467600770807
2020-07-30,12.92,14.624103121969824,-0.11652701760627948
2020-07-31,12.76,,
