date,NWSA,dcf,Deviation
2013-06-19,15.8,,
2013-06-20,15.3,,
2013-06-21,15.62,,
2013-06-24,15.53,,
2013-06-25,15.72,,
2013-06-26,15.4,,
2013-06-27,15.5,,
2013-06-28,15.25,,
2013-07-01,14.79,,
2013-07-02,15.0,,
2013-07-03,14.87,,
2013-07-05,15.66,,
2013-07-08,15.96,,
2013-07-09,15.71,,
2013-07-10,15.39,,
2013-07-11,15.13,,
2013-07-12,14.93,,
2013-07-15,14.67,,
2013-07-16,15.28,,
2013-07-17,15.89,,
2013-07-18,15.47,,
2013-07-19,15.97,,
2013-07-22,15.73,,
2013-07-23,15.65,,
2013-07-24,15.71,,
2013-07-25,15.57,,
2013-07-26,15.89,,
2013-07-29,15.51,,
2013-07-30,15.95,,
2013-07-31,15.93,,
2013-08-01,16.21,,
2013-08-02,16.34,,
2013-08-05,16.0,,
2013-08-06,16.18,,
2013-08-07,15.95,,
2013-08-08,16.13,,
2013-08-09,15.98,,
2013-08-12,15.92,,
2013-08-13,15.83,,
2013-08-14,15.9,,
2013-08-15,16.1,,
2013-08-16,15.98,,
2013-08-19,15.7,,
2013-08-20,15.7,,
2013-08-21,15.76,,
2013-08-22,15.71,,
2013-08-23,15.75,,
2013-08-26,15.86,,
2013-08-27,15.73,,
2013-08-28,15.76,,
2013-08-29,15.77,,
2013-08-30,15.7,,
2013-09-03,15.78,,
2013-09-04,16.03,,
2013-09-05,16.24,,
2013-09-06,16.19,,
2013-09-09,16.34,,
2013-09-10,16.55,,
2013-09-11,17.05,,
2013-09-12,17.11,,
2013-09-13,16.89,,
2013-09-16,16.96,,
2013-09-17,17.0,,
2013-09-18,17.05,,
2013-09-19,16.87,,
2013-09-20,16.64,,
2013-09-23,16.53,,
2013-09-24,17.04,,
2013-09-25,16.8,,
2013-09-26,16.29,,
2013-09-27,16.17,,
2013-09-30,16.06,20.548481449525454,-0.21843373003259625
2013-10-01,15.91,20.778481449525454,-0.23430400635156334
2013-10-02,16.14,20.50848144952545,-0.2130085282168238
2013-10-03,15.87,20.478481449525454,-0.2250401945517423
2013-10-04,15.84,20.548481449525454,-0.22914011729242367
2013-10-07,15.91,20.438481449525455,-0.2215664339206863
2013-10-08,15.8,20.518481449525453,-0.2299625077583205
2013-10-09,15.88,20.858481449525453,-0.2386789978730075
2013-10-10,16.22,21.048481449525454,-0.2293980903612557
2013-10-11,16.41,21.198481449525453,-0.22588794678180346
2013-10-14,16.56,21.21848144952545,-0.21954829616846294
2013-10-15,16.58,21.41848144952545,-0.22590217055899897
2013-10-16,16.78,21.438481449525455,-0.21729530892816895
2013-10-17,16.8,21.48848144952545,-0.21818579691348972
2013-10-18,16.85,21.48848144952545,-0.21585896892811318
2013-10-21,16.85,21.638481449525454,-0.22129470872044332
2013-10-22,17.0,21.748481449525453,-0.2183362300740801
2013-10-23,17.11,21.928481449525453,-0.21973621204078997
2013-10-24,17.29,21.788481449525452,-0.20646144890576712
2013-10-25,17.15,21.928481449525453,-0.21791210032142305
2013-10-28,17.29,22.098481449525455,-0.21759329755342594
2013-10-29,17.46,21.98848144952545,-0.20594789412450232
2013-10-30,17.35,22.23848144952545,-0.21982082997082364
2013-10-31,17.6,22.408481449525453,-0.21458310150808013
2013-11-01,17.77,22.398481449525452,-0.20664264494696416
2013-11-04,17.76,22.318481449525454,-0.20424693587844334
2013-11-05,17.68,22.048481449525454,-0.19813071750660072
2013-11-06,17.41,21.898481449525452,-0.2049677033483397
2013-11-07,17.26,22.23848144952545,-0.22386786889316523
2013-11-08,17.6,22.058481449525456,-0.20212096012717007
2013-11-11,17.42,21.788481449525452,-0.20049499363438172
2013-11-12,17.15,21.858481449525453,-0.21540752775521266
2013-11-13,17.22,21.888481449525454,-0.21328484848484852
2013-11-14,17.25,22.398481449525452,-0.229858504520829
2013-11-15,17.76,22.058481449525456,-0.19486751431014426
2013-11-18,17.42,22.118481449525454,-0.2124233284390442
2013-11-19,17.48,22.308481449525456,-0.21644151173849469
2013-11-20,17.67,22.198481449525453,-0.2039996051001164
2013-11-21,17.56,22.188481449525455,-0.2085983874135039
2013-11-22,17.55,22.118481449525454,-0.20654589059157447
2013-11-25,17.48,22.32848144952545,-0.21714335838223764
2013-11-26,17.69,22.498481449525453,-0.21372471116831193
2013-11-27,17.86,22.598481449525455,-0.20968140979335403
2013-11-29,17.96,22.288481449525452,-0.19420261803513805
2013-12-02,17.65,22.138481449525454,-0.20274567881988437
2013-12-03,17.5,22.21848144952545,-0.21236741404873227
2013-12-04,17.58,22.098481449525455,-0.20447022388601666
2013-12-05,17.46,22.41848144952545,-0.2211782925926239
2013-12-06,17.78,22.158481449525453,-0.19759844371552016
2013-12-09,17.52,22.278481449525454,-0.21359092451190442
2013-12-10,17.64,22.23848144952545,-0.20678037122105652
2013-12-11,17.6,22.128481449525452,-0.20464492603592388
2013-12-12,17.49,22.298481449525454,-0.21564165525844758
2013-12-13,17.66,22.408481449525453,-0.21190554389958505
2013-12-16,17.77,21.98848144952545,-0.191849603584903
2013-12-17,17.35,22.138481449525454,-0.21629674376912134
2013-12-18,17.5,21.998481449525453,-0.20449054448812842
2013-12-19,17.36,22.388481449525454,-0.2246012736889772
2013-12-20,17.75,22.538481449525452,-0.2124580336190428
2013-12-23,17.9,22.538481449525452,-0.2058027493961052
2013-12-24,17.9,22.408481449525453,-0.20119531346560438
2013-12-26,17.77,22.368481449525454,-0.20557861560258084
2013-12-27,17.73,22.548481449525454,-0.2136942773867755
2013-12-30,17.91,22.658481449525453,-0.20956750610597086
2013-12-31,18.02,22.967253278122843,-0.21540465541150644
2014-01-02,17.95,22.837253278122844,-0.21400355019071549
2014-01-03,17.82,22.59725327812284,-0.2114085822433941
2014-01-06,17.58,22.417253278122843,-0.215782603609317
2014-01-07,17.4,22.307253278122843,-0.21998464880189816
2014-01-08,17.29,22.357253278122844,-0.22664918695899394
2014-01-09,17.34,22.417253278122843,-0.22648864315048667
2014-01-10,17.4,22.167253278122843,-0.2150583664250234
2014-01-13,17.15,22.317253278122845,-0.23153625644371756
2014-01-14,17.3,22.227253278122845,-0.22167621057220277
2014-01-15,17.21,22.09725327812284,-0.22117017063661093
2014-01-16,17.08,22.09725327812284,-0.22705325476312122
2014-01-17,17.08,21.777253278122842,-0.21569539639058366
2014-01-21,16.76,21.667253278122843,-0.2264824809648408
2014-01-22,16.65,21.54725327812284,-0.22727970080042992
2014-01-23,16.53,21.187253278122846,-0.21981392382427167
2014-01-24,16.17,21.407253278122845,-0.24464854085110754
2014-01-27,16.39,21.257253278122842,-0.22896905891091934
2014-01-28,16.24,21.237253278122843,-0.23530600745204044
2014-01-29,16.22,21.217253278122843,-0.23552781373805454
2014-01-30,16.2,20.977253278122845,-0.2277349286288609
2014-01-31,15.96,20.537253278122844,-0.22287563074458105
2014-02-03,15.52,20.537253278122844,-0.2443001121024999
2014-02-04,15.52,20.627253278122843,-0.24759735139043304
2014-02-05,15.61,21.037253278122844,-0.25798297935438075
2014-02-06,16.02,22.427253278122844,-0.2856905033650706
2014-02-07,17.41,22.527253278122842,-0.22715833195218793
2014-02-10,17.51,22.947253278122844,-0.23694571250958996
2014-02-11,17.93,22.667253278122843,-0.2089910594811667
2014-02-12,17.65,22.677253278122844,-0.22168704544887397
2014-02-13,17.66,22.697253278122844,-0.22193228477465554
2014-02-14,17.68,22.767253278122844,-0.22344607037034236
2014-02-18,17.75,22.607253278122844,-0.21485375593253664
2014-02-19,17.59,22.517253278122844,-0.21882123975174317
2014-02-20,17.5,22.697253278122844,-0.22898159589787503
2014-02-21,17.68,22.957253278122842,-0.22987302593171333
2014-02-24,17.94,22.977253278122845,-0.21922782576100708
2014-02-25,17.96,23.04725327812284,-0.22073143453288713
2014-02-26,18.03,23.037253278122844,-0.21735461331572647
2014-02-27,18.02,23.34725327812284,-0.22817473279028733
2014-02-28,18.33,23.137253278122845,-0.20777113083981702
2014-03-03,18.12,23.417253278122843,-0.22621155501066847
2014-03-04,18.4,23.317253278122845,-0.21088475642782523
2014-03-05,18.3,23.29725327812284,-0.21449967592598074
2014-03-06,18.28,22.927253278122844,-0.20269559644797253
2014-03-07,17.91,22.777253278122842,-0.21368921084078885
2014-03-10,17.76,22.727253278122845,-0.21855933127230553
2014-03-11,17.71,22.84725327812284,-0.22485211747715705
2014-03-12,17.83,22.357253278122844,-0.20249595161821066
2014-03-13,17.34,22.447253278122844,-0.22752241509656712
2014-03-14,17.43,22.407253278122845,-0.22212688080704424
2014-03-17,17.39,22.727253278122845,-0.23483934520413252
2014-03-18,17.71,22.567253278122845,-0.2152345798693882
2014-03-19,17.55,22.527253278122842,-0.22094363732113143
2014-03-20,17.51,22.59725327812284,-0.22512706369707236
2014-03-21,17.58,22.487253278122843,-0.21822377403900017
2014-03-24,17.47,22.377253278122843,-0.21929649797191275
2014-03-25,17.36,22.04725327812284,-0.21260032798615935
2014-03-26,17.03,22.037253278122844,-0.22721766705353064
2014-03-27,17.02,22.04725327812284,-0.2280217501338958
2014-03-28,17.03,22.237253278122843,-0.2341680068574734
2014-03-31,17.22,22.973126293995858,-0.25042853203220616
2014-04-01,17.44,22.973126293995858,-0.24085212535665934
2014-04-02,17.44,22.64312629399586,-0.2297883351635741
2014-04-03,17.11,22.65312629399586,-0.24469586325773718
2014-04-04,17.12,22.613126293995855,-0.2429175967347056
2014-04-07,17.08,22.58312629399586,-0.24368310314320696
2014-04-08,17.05,22.73312629399586,-0.24999316946111594
2014-04-09,17.2,22.363126293995855,-0.23087676678649682
2014-04-10,16.83,22.07312629399586,-0.23753437660627397
2014-04-11,16.54,22.30312629399586,-0.25839993093467484
2014-04-14,16.77,22.16312629399586,-0.24333779551023416
2014-04-15,16.63,22.32312629399586,-0.255032660704299
2014-04-16,16.79,22.41312629399586,-0.2508854061783523
2014-04-17,16.88,22.48312629399586,-0.24921473200513844
2014-04-21,16.95,22.543126293995858,-0.24810783655528446
2014-04-22,17.01,22.76312629399586,-0.252738847014759
2014-04-23,17.23,22.813126293995857,-0.24473306385303573
2014-04-24,17.28,22.66312629399586,-0.23752796609627547
2014-04-25,17.13,22.66312629399586,-0.2441466469461343
2014-04-28,17.13,22.74312629399586,-0.2468053961199571
2014-04-29,17.21,22.55312629399586,-0.23691288845477343
2014-04-30,17.02,22.83312629399586,-0.2545917812193973
2014-05-01,17.3,22.84312629399586,-0.24266058080906494
2014-05-02,17.31,22.93312629399586,-0.2451966740996867
2014-05-05,17.4,22.67312629399586,-0.23257164563989807
2014-05-06,17.14,22.613126293995855,-0.24203315467481634
2014-05-07,17.08,22.64312629399586,-0.2456871998046931
2014-05-08,17.11,23.53312629399586,-0.2729397791756478
2014-05-09,18.0,23.383126293995858,-0.23021413930343848
2014-05-12,17.85,23.25312629399586,-0.23236128448633542
2014-05-13,17.72,22.723126293995858,-0.22017772683496628
2014-05-14,17.19,22.40312629399586,-0.23269637574613866
2014-05-15,16.87,22.58312629399586,-0.2529820813832494
2014-05-16,17.05,22.563126293995857,-0.24434230532419277
2014-05-19,17.03,22.28312629399586,-0.23574458200738657
2014-05-20,16.75,22.44312629399586,-0.25366903966132937
2014-05-21,16.91,22.70312629399586,-0.25516865910788367
2014-05-22,17.17,22.62312629399586,-0.2410421187209263
2014-05-23,17.09,22.75312629399586,-0.24889442535596773
2014-05-27,17.22,22.64312629399586,-0.23950430799981348
2014-05-28,17.11,22.65312629399586,-0.24469586325773718
2014-05-29,17.12,22.59312629399586,-0.24224740847176807
2014-05-30,17.06,22.793126293995858,-0.2515287380961897
2014-06-02,17.26,22.90312629399586,-0.24639109183427177
2014-06-03,17.37,23.00312629399586,-0.2448852482919326
2014-06-04,17.47,23.25312629399586,-0.2487031731079149
2014-06-05,17.72,23.223126293995858,-0.23696750490560115
2014-06-06,17.69,23.19312629399586,-0.23727401921751645
2014-06-09,17.66,23.14312629399586,-0.2369224548292067
2014-06-10,17.61,23.16312629399586,-0.23973993076380595
2014-06-11,17.63,22.83312629399586,-0.22787621051104434
2014-06-12,17.3,22.76312629399586,-0.23999894493564566
2014-06-13,17.23,22.65312629399586,-0.23939858117655233
2014-06-16,17.12,22.78312629399586,-0.24856669014244492
2014-06-17,17.25,23.113126293995855,-0.2536708457098221
2014-06-18,17.58,23.20312629399586,-0.24234347659655364
2014-06-19,17.67,23.16312629399586,-0.23714960684817998
2014-06-20,17.63,22.90312629399586,-0.23023609206478646
2014-06-23,17.37,23.02312629399586,-0.24554121025128206
2014-06-24,17.49,23.24312629399586,-0.24751946968003202
2014-06-25,17.71,23.55312629399586,-0.24808283287154886
2014-06-26,18.02,23.51312629399586,-0.23361956318835175
2014-06-27,17.98,23.473126293995858,-0.2340176687670672
2014-06-30,17.94,23.525219941348972,-0.23741414342877787
2014-07-01,18.1,23.685219941348972,-0.2358103473465516
2014-07-02,18.26,23.705219941348975,-0.22970552286886337
2014-07-03,18.28,23.545219941348975,-0.22362160788748675
2014-07-07,18.12,23.565219941348975,-0.23107019390871286
2014-07-08,18.14,23.645219941348973,-0.2328259138635399
2014-07-09,18.22,23.415219941348973,-0.22187363408766136
2014-07-10,17.99,23.515219941348974,-0.2349635663680727
2014-07-11,18.09,23.605219941348974,-0.23364408190444486
2014-07-14,18.18,23.695219941348974,-0.23275664691023723
2014-07-15,18.27,23.655219941348975,-0.2276546130072412
2014-07-16,18.23,23.475219941348975,-0.22343645573731585
2014-07-17,18.05,23.645219941348973,-0.2366321800020339
2014-07-18,18.22,23.555219941348973,-0.2264984132873027
2014-07-21,18.13,23.525219941348972,-0.22933770459106717
2014-07-22,18.1,23.535219941348974,-0.23093984058333983
2014-07-23,18.11,23.715219941348973,-0.23635538507386644
2014-07-24,18.29,23.565219941348975,-0.2238561725491368
2014-07-25,18.14,23.485219941348973,-0.22759931372573494
2014-07-28,18.06,23.295219941348975,-0.22473365585428406
2014-07-29,17.87,23.275219941348972,-0.2322306708580859
2014-07-30,17.85,23.075219941348973,-0.2264429095206928
2014-07-31,17.65,23.195219941348974,-0.23906735764396803
2014-08-01,17.77,23.265219941348974,-0.2361989250564699
2014-08-04,17.84,23.075219941348973,-0.22687627483748796
2014-08-05,17.65,23.055219941348973,-0.2344466873488743
2014-08-06,17.63,22.845219941348976,-0.2282849521579623
2014-08-07,17.42,22.575219941348973,-0.22835746250722566
2014-08-08,17.15,22.765219941348974,-0.24665783839627775
2014-08-11,17.34,22.675219941348974,-0.23528856413075105
2014-08-12,17.25,22.535219941348974,-0.23453154462678816
2014-08-13,17.11,22.735219941348973,-0.2474231591275825
2014-08-14,17.31,22.675219941348974,-0.23661159429661494
2014-08-15,17.25,22.625219941348973,-0.23757647241808377
2014-08-18,17.2,22.575219941348973,-0.2381026610289485
2014-08-19,17.15,22.875219941348973,-0.25028043253914845
2014-08-20,17.45,23.00521994134897,-0.24147649774754665
2014-08-21,17.58,22.915219941348973,-0.2328242955993597
2014-08-22,17.49,23.085219941348974,-0.2423723904543411
2014-08-25,17.66,23.045219941348975,-0.23368056174141882
2014-08-26,17.62,23.105219941348974,-0.23740176268708235
2014-08-27,17.68,23.095219941348976,-0.23447362506618663
2014-08-28,17.67,23.055219941348973,-0.23357920484162076
2014-08-29,17.63,22.855219941348974,-0.22862260589738037
2014-09-02,17.43,23.025219941348972,-0.24300397371236426
2014-09-03,17.6,23.025219941348972,-0.23562076519435515
2014-09-04,17.6,23.175219941348974,-0.24056815665432918
2014-09-05,17.75,23.045219941348975,-0.2297751965407805
2014-09-08,17.62,22.715219941348973,-0.22430863335265538
2014-09-09,17.29,22.895219941348973,-0.24482053265738213
2014-09-10,17.47,22.705219941348975,-0.23057340800363724
2014-09-11,17.28,22.545219941348975,-0.2335404114506915
2014-09-12,17.12,22.475219941348975,-0.2382721929006204
2014-09-15,17.05,22.465219941348973,-0.24104905073205363
2014-09-16,17.04,22.465219941348973,-0.2414941832536185
2014-09-17,17.04,22.455219941348975,-0.24115639728726979
2014-09-18,17.03,22.645219941348973,-0.24796491073579185
2014-09-19,17.22,22.475219941348975,-0.23382284823298394
2014-09-22,17.05,22.345219941348976,-0.2369732746085158
2014-09-23,16.92,22.335219941348974,-0.24245205355349242
2014-09-24,16.91,22.135219941348975,-0.23605909293849725
2014-09-25,16.71,22.405219941348975,-0.25419165517042797
2014-09-26,16.98,22.225219941348975,-0.23600306117063385
2014-09-29,16.8,21.775219941348972,-0.22848081235227957
2014-09-30,16.35,20.696330401793414,-0.21000488093371306
2014-10-01,15.98,20.526330401793413,-0.22148773369623798
2014-10-02,15.81,20.626330401793414,-0.2335039877657853
2014-10-03,15.91,20.646330401793414,-0.22940301301106747
2014-10-06,15.93,20.186330401793413,-0.21085211215086763
2014-10-07,15.47,20.696330401793414,-0.25252449590486503
2014-10-08,15.98,20.196330401793414,-0.20876715313683958
2014-10-09,15.48,19.826330401793413,-0.2192201135415488
2014-10-10,15.11,19.356330401793414,-0.21937682988713503
2014-10-13,14.64,19.506330401793413,-0.24947441684603078
2014-10-14,14.79,19.416330401793413,-0.23827006988746424
2014-10-15,14.7,19.31633040179341,-0.23898588944020194
2014-10-16,14.6,19.42633040179341,-0.24844272191251582
2014-10-17,14.71,19.616330401793412,-0.25011458826900945
2014-10-20,14.9,20.126330401793414,-0.25967626971520386
2014-10-21,15.41,19.976330401793412,-0.2285870482690585
2014-10-22,15.26,20.226330401793412,-0.2455378856736693
2014-10-23,15.51,20.446330401793414,-0.24142867227463138
2014-10-24,15.73,20.17633040179341,-0.22037359188954353
2014-10-27,15.46,20.24633040179341,-0.23640483518778488
2014-10-28,15.53,20.24633040179341,-0.23294741852951495
2014-10-29,15.53,20.206330401793412,-0.23142897838483156
2014-10-30,15.49,20.196330401793414,-0.2330289863635573
2014-10-31,15.48,20.276330401793413,-0.23654824648986694
2014-11-03,15.56,19.866330401793412,-0.21676526639286453
2014-11-04,15.15,20.01633040179341,-0.2431180093508748
2014-11-05,15.3,20.046330401793412,-0.23676804216340708
2014-11-06,15.33,19.866330401793412,-0.2283426435605792
2014-11-07,15.15,19.956330401793412,-0.24084239461987877
2014-11-10,15.24,19.956330401793412,-0.23633254745920473
2014-11-11,15.24,19.986330401793413,-0.23747883210053988
2014-11-12,15.27,19.706330401793412,-0.22512209586162601
2014-11-13,14.99,19.916330401793413,-0.2473513093230172
2014-11-14,15.2,19.756330401793413,-0.23062635161131972
2014-11-17,15.04,19.726330401793412,-0.23756726701522535
2014-11-18,15.01,19.90633040179341,-0.24596850865854658
2014-11-19,15.19,19.856330401793414,-0.2350046714256907
2014-11-20,15.14,19.886330401793412,-0.23867301336627555
2014-11-21,15.17,20.17633040179341,-0.24812888677459477
2014-11-24,15.46,20.166330401793413,-0.23337564683433298
2014-11-25,15.45,20.396330401793414,-0.24251079995048974
2014-11-26,15.68,20.236330401793413,-0.22515596016309436
2014-11-28,15.52,20.276330401793413,-0.23457550294074525
2014-12-01,15.56,20.456330401793412,-0.23935526585766087
2014-12-02,15.74,20.506330401793413,-0.23243214697138426
2014-12-03,15.79,20.42633040179341,-0.22697813609175477
2014-12-04,15.71,20.536330401793414,-0.2350142555834579
2014-12-05,15.82,20.216330401793414,-0.21746431297954105
2014-12-08,15.5,20.40633040179341,-0.24043178294134737
2014-12-09,15.69,20.056330401793414,-0.2177033542189244
2014-12-10,15.34,20.046330401793412,-0.23477266449586043
2014-12-11,15.33,19.76633040179341,-0.22443874566575595
2014-12-12,15.05,19.476330401793412,-0.2272671653478331
2014-12-15,14.76,19.346330401793413,-0.23706461672794843
2014-12-16,14.63,19.606330401793414,-0.2538124319958529
2014-12-17,14.89,19.736330401793413,-0.24555377332723582
2014-12-18,15.02,19.936330401793413,-0.2466015712375611
2014-12-19,15.22,20.096330401793413,-0.24264780207625591
2014-12-22,15.38,20.326330401793413,-0.24334596083103088
2014-12-23,15.61,20.196330401793414,-0.2270873129202795
2014-12-24,15.48,20.286330401793414,-0.23692458451571452
2014-12-26,15.57,20.456330401793412,-0.23886641962749222
2014-12-29,15.74,20.486330401793413,-0.23168280061410662
2014-12-30,15.77,20.40633040179341,-0.22720059464419673
2014-12-31,15.69,18.89006882312457,-0.16940482605373863
2015-01-02,15.59,18.42006882312457,-0.15364051298069525
2015-01-05,15.12,18.21006882312457,-0.16969012325755517
2015-01-06,14.91,18.17006882312457,-0.1794197289432149
2015-01-07,14.87,18.64006882312457,-0.202256164336018
2015-01-08,15.34,18.71006882312457,-0.1801206000353862
2015-01-09,15.41,18.58006882312457,-0.17061663513211178
2015-01-12,15.28,18.53006882312457,-0.17539432012625078
2015-01-13,15.23,18.40006882312457,-0.17228570466761173
2015-01-14,15.1,18.31006882312457,-0.17531713584115194
2015-01-15,15.01,18.36006882312457,-0.1824649381981155
2015-01-16,15.06,18.23006882312457,-0.17389231241427805
2015-01-20,14.93,18.25006882312457,-0.1819208933019325
2015-01-21,14.95,18.50006882312457,-0.19189489817935612
2015-01-22,15.2,18.48006882312457,-0.17749224066850544
2015-01-23,15.18,18.840068823124568,-0.19427045927943465
2015-01-26,15.54,18.75006882312457,-0.1712030421544679
2015-01-27,15.45,18.44006882312457,-0.16215063250604067
2015-01-28,15.14,18.23006882312457,-0.16950395816415476
2015-01-29,14.93,18.19006882312457,-0.17922245676058834
2015-01-30,14.89,18.24006882312457,-0.18366536089367091
2015-02-02,14.94,18.91006882312457,-0.20994470513347308
2015-02-03,15.61,18.89006882312457,-0.17363985562134232
2015-02-04,15.59,19.03006882312457,-0.18077017246224236
2015-02-05,15.73,19.56006882312457,-0.1958106005535386
2015-02-06,16.26,20.02006882312457,-0.18781497987566498
2015-02-09,16.72,20.07006882312457,-0.1669186514828812
2015-02-10,16.77,20.06006882312457,-0.16401084423658063
2015-02-11,16.76,20.14006882312457,-0.1678280671634853
2015-02-12,16.84,20.19006882312457,-0.16592656778304737
2015-02-13,16.89,20.41006882312457,-0.1724672686618448
2015-02-17,17.11,20.26006882312457,-0.1554816447380043
2015-02-18,16.96,20.340068823124568,-0.1661778459314639
2015-02-19,17.04,20.44006882312457,-0.16634331579539263
2015-02-20,17.14,20.62006882312457,-0.1687709606100739
2015-02-23,17.32,20.590068823124568,-0.1588177704123055
2015-02-24,17.29,20.74006882312457,-0.1663479929863032
2015-02-25,17.44,20.630068823124567,-0.15463200101149288
2015-02-26,17.33,20.57006882312457,-0.1575137570508336
2015-02-27,17.27,20.74006882312457,-0.16731230994062785
2015-03-02,17.44,20.51006882312457,-0.14968593472797842
2015-03-03,17.21,20.39006882312457,-0.15596165224896263
2015-03-04,17.09,20.40006882312457,-0.16225772823729057
2015-03-05,17.1,20.130068823124567,-0.15052451383791354
2015-03-06,16.83,19.98006882312457,-0.15766055918079414
2015-03-09,16.68,19.53006882312457,-0.14593234918608922
2015-03-10,16.23,19.70006882312457,-0.17614501016622297
2015-03-11,16.4,20.05006882312457,-0.18204769546300992
2015-03-12,16.75,20.00006882312457,-0.162502881958424
2015-03-13,16.7,20.220068823124574,-0.17408787546256355
2015-03-16,16.92,20.05006882312457,-0.1561126223923247
2015-03-17,16.75,20.19006882312457,-0.17038420489109518
2015-03-18,16.89,19.99006882312457,-0.15508044772404195
2015-03-19,16.69,20.14006882312457,-0.17130372559418683
2015-03-20,16.84,20.18006882312457,-0.1655132523283146
2015-03-23,16.88,20.07006882312457,-0.15894658116214322
2015-03-24,16.77,19.720068823124574,-0.14959728840627584
2015-03-25,16.42,19.48006882312457,-0.15708716693505698
2015-03-26,16.18,19.45006882312457,-0.16812633687119516
2015-03-27,16.15,19.52006882312457,-0.17264635968558673
2015-03-30,16.22,19.31006882312457,-0.16002370843049984
2015-03-31,16.01,19.593416394569513,-0.18288879909491873
2015-04-01,16.11,19.663416394569513,-0.1807120554875128
2015-04-02,16.18,19.733416394569513,-0.18007101879973442
2015-04-06,16.25,19.603416394569514,-0.17106285593660442
2015-04-07,16.12,19.543416394569515,-0.17516980273319926
2015-04-08,16.06,19.423416394569514,-0.173162966094362
2015-04-09,15.94,19.403416394569515,-0.17849518477265847
2015-04-10,15.92,19.553416394569513,-0.18582002864617597
2015-04-13,16.07,19.463416394569514,-0.17434844560569085
2015-04-14,15.98,19.433416394569512,-0.1777050583619737
2015-04-15,15.95,19.373416394569514,-0.17670690212022278
2015-04-16,15.89,19.073416394569513,-0.16690331342401132
2015-04-17,15.59,19.133416394569515,-0.1851951748447399
2015-04-20,15.65,19.003416394569513,-0.17646386970333383
2015-04-21,15.52,19.043416394569515,-0.18502018343590199
2015-04-22,15.56,19.043416394569515,-0.1829197199911492
2015-04-23,15.56,19.013416394569514,-0.18163050358250477
2015-04-24,15.53,19.053416394569513,-0.18492307739486213
2015-04-27,15.57,19.453416394569512,-0.19962644688228548
2015-04-28,15.97,19.273416394569512,-0.17139755230423415
2015-04-29,15.79,19.263416394569514,-0.18031154616730882
2015-04-30,15.78,19.533416394569514,-0.19215360583891516
2015-05-01,16.05,19.65341639456952,-0.1833480918648417
2015-05-04,16.17,19.503416394569513,-0.17091448632033823
2015-05-05,16.02,18.473416394569515,-0.1328079409984353
2015-05-06,14.99,18.453416394569512,-0.187684292193652
2015-05-07,14.97,18.623416394569514,-0.1961732647311064
2015-05-08,15.14,19.193416394569514,-0.21118785271163953
2015-05-11,15.71,18.833416394569515,-0.16584438686706515
2015-05-12,15.35,18.743416394569515,-0.18104577752179063
2015-05-13,15.26,18.873416394569514,-0.19145534221399418
2015-05-14,15.39,19.033416394569514,-0.1914220925471387
2015-05-15,15.55,19.163416394569513,-0.1885580483234437
2015-05-18,15.68,19.163416394569513,-0.18177428924190342
2015-05-19,15.68,19.113416394569512,-0.17963384063275112
2015-05-20,15.63,19.113416394569512,-0.18224980415114156
2015-05-21,15.63,19.023416394569512,-0.17838101864490585
2015-05-22,15.54,18.823416394569513,-0.17443254326120983
2015-05-26,15.34,18.923416394569514,-0.1893641359388918
2015-05-27,15.44,18.833416394569515,-0.1801806068254288
2015-05-28,15.35,18.633416394569515,-0.17621118559484494
2015-05-29,15.15,18.713416394569514,-0.19042040851522912
2015-06-01,15.23,18.643416394569513,-0.1830896399204911
2015-06-02,15.16,18.703416394569512,-0.18945289565377654
2015-06-03,15.22,18.483416394569513,-0.1765591557807633
2015-06-04,15.0,18.483416394569513,-0.1884617172609362
2015-06-05,15.0,18.323416394569513,-0.18137536816302824
2015-06-08,14.84,18.043416394569515,-0.17753934867532295
2015-06-09,14.56,18.133416394569515,-0.19706250145116944
2015-06-10,14.65,18.063416394569515,-0.18896848303822
2015-06-11,14.58,17.893416394569513,-0.1851751684253603
2015-06-12,14.41,17.683416394569512,-0.18511221596154703
2015-06-15,14.2,17.683416394569512,-0.19698774924732598
2015-06-16,14.2,17.703416394569512,-0.1978949326212639
2015-06-17,14.22,18.023416394569512,-0.21102638430500265
2015-06-18,14.54,18.453416394569512,-0.21207002058010005
2015-06-19,14.97,18.533416394569514,-0.1922698070720319
2015-06-22,15.05,18.473416394569515,-0.18531582472075225
2015-06-23,14.99,18.313416394569515,-0.1814744077765309
2015-06-24,14.83,18.233416394569513,-0.1866581841230346
2015-06-25,14.75,18.683416394569512,-0.21052982556834687
2015-06-26,15.2,17.933416394569512,-0.15242028258470763
2015-06-29,14.45,18.073416394569513,-0.20048320226043348
2015-06-30,14.59,17.998003442340792,-0.18935452775408257
2015-07-01,14.64,17.958003442340793,-0.18476460665542094
2015-07-02,14.6,17.658003442340792,-0.17317945668807821
2015-07-06,14.3,17.708003442340793,-0.19245554437786427
2015-07-07,14.35,17.51800344234079,-0.18084272290321446
2015-07-08,14.16,17.53800344234079,-0.19261049032442945
2015-07-09,14.18,17.60800344234079,-0.19468439187703135
2015-07-10,14.25,17.78800344234079,-0.1988982886027153
2015-07-13,14.43,17.78800344234079,-0.18877910909032858
2015-07-14,14.43,17.78800344234079,-0.18877910909032858
2015-07-15,14.43,18.01800344234079,-0.19913435213966524
2015-07-16,14.66,18.16800344234079,-0.1930868988149429
2015-07-17,14.81,18.25800344234079,-0.18884887678051254
2015-07-20,14.9,17.938003442340793,-0.16936129219207874
2015-07-21,14.58,17.96800344234079,-0.18855759089833612
2015-07-22,14.61,18.07800344234079,-0.19183553390737407
2015-07-23,14.72,18.21800344234079,-0.19200805694278322
2015-07-24,14.86,18.188003442340793,-0.18297794218541674
2015-07-27,14.83,18.14800344234079,-0.18283021892092077
2015-07-28,14.79,18.188003442340793,-0.18682663290190538
2015-07-29,14.83,18.158003442340792,-0.18328025175832718
2015-07-30,14.8,18.088003442340792,-0.18177813006404908
2015-07-31,14.73,17.89800344234079,-0.17700317538471
2015-08-03,14.54,17.91800344234079,-0.1885256609761814
2015-08-04,14.56,17.958003442340793,-0.18921944487041864
2015-08-05,14.6,17.37800344234079,-0.1598574572480691
2015-08-06,14.02,17.46800344234079,-0.19738967041780842
2015-08-07,14.11,17.708003442340793,-0.20318515602599063
2015-08-10,14.35,17.318003442340792,-0.17138254142416443
2015-08-11,13.96,17.478003442340793,-0.20128176847810675
2015-08-12,14.12,18.548003442340793,-0.2387320800379349
2015-08-13,15.19,18.53800344234079,-0.18060215884381348
2015-08-14,15.18,18.60800344234079,-0.1842219909816164
2015-08-17,15.25,18.48800344234079,-0.17514078534435962
2015-08-18,15.13,18.388003442340793,-0.1771809241039629
2015-08-19,15.03,17.618003442340793,-0.14689538748307462
2015-08-20,14.26,17.26800344234079,-0.17419520747634487
2015-08-21,13.91,16.39800344234079,-0.1517259982954139
2015-08-24,13.04,16.298003442340793,-0.19990199743588133
2015-08-25,12.94,16.57800344234079,-0.21944762256769745
2015-08-26,13.22,16.978003442340793,-0.22134542822443137
2015-08-27,13.62,17.158003442340792,-0.206201348206404
2015-08-28,13.8,16.98800344234079,-0.1876620435804146
2015-08-31,13.63,16.428003442340792,-0.17031914146848448
2015-09-01,13.07,16.48800344234079,-0.20730244594463398
2015-09-02,13.13,16.678003442340792,-0.2127355024602886
2015-09-03,13.32,16.178003442340792,-0.1766598364579942
2015-09-04,12.82,16.708003442340793,-0.2327030549016983
2015-09-08,13.35,16.57800344234079,-0.1947160557402443
2015-09-09,13.22,16.368003442340793,-0.19232666057471182
2015-09-10,13.01,16.408003442340792,-0.2070942667876493
2015-09-11,13.05,16.16800344234079,-0.19285024607153145
2015-09-14,12.81,16.298003442340793,-0.21401415545656732
2015-09-15,12.94,16.39800344234079,-0.21087954118926366
2015-09-16,13.04,16.568003442340792,-0.2129407719293872
2015-09-17,13.21,16.278003442340793,-0.18847541427350933
2015-09-18,12.92,16.28800344234079,-0.20677816371192803
2015-09-21,12.93,16.14800344234079,-0.1992818154783793
2015-09-22,12.79,16.10800344234079,-0.2059847736075865
2015-09-23,12.75,16.188003442340793,-0.21237970788593163
2015-09-24,12.83,16.10800344234079,-0.20350153599572596
2015-09-25,12.75,15.648003442340793,-0.18519956574774876
2015-09-28,12.29,15.618003442340791,-0.21308763662572217
2015-09-29,12.26,15.978003442340793,-0.23269512087400712
2015-09-30,12.62,15.987250729363309,-0.2106209995930557
2015-10-01,12.73,16.29725072936331,-0.2188866569338639
2015-10-02,13.04,16.66725072936331,-0.21762741727842672
2015-10-05,13.41,16.75725072936331,-0.19974939704745276
2015-10-06,13.5,16.88725072936331,-0.20058035399886653
2015-10-07,13.63,17.307250729363307,-0.21246879627880588
2015-10-08,14.05,17.217250729363307,-0.18395798371929917
2015-10-09,13.96,17.16725072936331,-0.18682378325596105
2015-10-12,13.91,17.16725072936331,-0.1897363055222363
2015-10-13,13.91,17.237250729363307,-0.19302676404743613
2015-10-14,13.98,17.54725072936331,-0.2032939965571886
2015-10-15,14.29,17.84725072936331,-0.19931645401892184
2015-10-16,14.59,17.83725072936331,-0.1820488358117741
2015-10-19,14.58,17.82725072936331,-0.18215095410167514
2015-10-20,14.57,17.49725072936331,-0.16729775292360027
2015-10-21,14.24,17.947250729363308,-0.20656371191705225
2015-10-22,14.69,18.25725072936331,-0.19538816562485317
2015-10-23,15.0,17.967250729363307,-0.16514773317622955
2015-10-26,14.71,17.947250729363308,-0.18037585690307845
2015-10-27,14.69,18.25725072936331,-0.19538816562485317
2015-10-28,15.0,18.377250729363308,-0.18377344789485361
2015-10-29,15.12,18.65725072936331,-0.18959120937343055
2015-10-30,15.4,18.88725072936331,-0.18463516894715704
2015-11-02,15.63,18.66725072936331,-0.1627047696201862
2015-11-03,15.41,18.697250729363308,-0.17581465729615575
2015-11-04,15.44,18.607250729363308,-0.1702159429907184
2015-11-05,15.35,18.13725072936331,-0.15367548097302797
2015-11-06,14.88,17.67725072936331,-0.15824014560798494
2015-11-09,14.42,17.697250729363308,-0.1851841723599298
2015-11-10,14.44,17.63725072936331,-0.1812782943568625
2015-11-11,14.38,17.36725072936331,-0.17200481388298716
2015-11-12,14.11,17.037250729363308,-0.17181473559687999
2015-11-13,13.78,17.397250729363307,-0.20792082528638067
2015-11-16,14.14,17.397250729363307,-0.18722790054785354
2015-11-17,14.14,17.52725072936331,-0.1932562488929691
2015-11-18,14.27,17.447250729363308,-0.1821060967511673
2015-11-19,14.19,17.517250729363308,-0.18994137726110194
2015-11-20,14.26,17.57725072936331,-0.18872409459471085
2015-11-23,14.32,17.68725072936331,-0.19037728253454356
2015-11-24,14.43,17.68725072936331,-0.1841581136154653
2015-11-25,14.43,17.50725072936331,-0.1757700724650113
2015-11-27,14.25,17.607250729363308,-0.19067432962515152
2015-11-30,14.35,17.88725072936331,-0.19775262184683517
2015-12-01,14.63,17.66725072936331,-0.17191416909679902
2015-12-02,14.41,17.037250729363308,-0.15420626080446775
2015-12-03,13.78,17.31725072936331,-0.20426168013872492
2015-12-04,14.06,17.127250729363308,-0.17908599446756213
2015-12-07,13.87,16.75725072936331,-0.17229859336675402
2015-12-08,13.5,16.75725072936331,-0.19437858763166393
2015-12-09,13.5,17.00725072936331,-0.20622091043251223
2015-12-10,13.75,16.57725072936331,-0.17055003724805806
2015-12-11,13.32,16.517250729363308,-0.19357039387187125
2015-12-14,13.26,16.717250729363307,-0.20680737433044294
2015-12-15,13.46,16.92725072936331,-0.20483247898896828
2015-12-16,13.67,16.61725072936331,-0.17736091110158225
2015-12-17,13.36,16.43725072936331,-0.18721200887117617
2015-12-18,13.18,16.61725072936331,-0.2068483400379557
2015-12-21,13.36,16.56725072936331,-0.19358979843764135
2015-12-22,13.31,16.95725072936331,-0.21508502690519882
2015-12-23,13.7,16.877250729363308,-0.1882564157108526
2015-12-24,13.62,16.77725072936331,-0.1881864186387543
2015-12-28,13.52,16.97725072936331,-0.20364019972820213
2015-12-29,13.72,16.77725072936331,-0.18222596649953804
2015-12-30,13.52,16.61725072936331,-0.18638767506169662
2015-12-31,13.36,16.44150849493736,-0.18742249203509598
2016-01-04,13.21,16.00150849493736,-0.17445283335758954
2016-01-05,12.77,15.941508494937361,-0.19894657371631774
2016-01-06,12.71,15.65150849493736,-0.18793769916099912
2016-01-07,12.42,15.81150849493736,-0.21449620041144568
2016-01-08,12.58,15.441508494937361,-0.18531275593155505
2016-01-11,12.21,15.66150849493736,-0.2203816124132022
2016-01-12,12.43,15.42150849493736,-0.19398287112570245
2016-01-13,12.19,15.941508494937361,-0.23532957976522428
2016-01-14,12.71,15.74150849493736,-0.19258055833164434
2016-01-15,12.51,15.58150849493736,-0.19712523315283204
2016-01-19,12.35,15.38150849493736,-0.1970878536351064
2016-01-20,12.15,15.601508494937361,-0.22122915204368632
2016-01-21,12.37,15.931508494937361,-0.22355124099322554
2016-01-22,12.7,15.73150849493736,-0.19270297542749615
2016-01-25,12.5,16.03150849493736,-0.22028547694389367
2016-01-26,12.8,15.931508494937361,-0.19656070207868115
2016-01-27,12.7,16.071508494937362,-0.20978170754782677
2016-01-28,12.84,16.20150849493736,-0.20748120435746853
2016-01-29,12.97,15.931508494937361,-0.18589002390316367
2016-02-01,12.7,15.351508494937361,-0.17271973603192026
2016-02-02,12.12,15.47150849493736,-0.21662454543679777
2016-02-03,12.24,15.441508494937361,-0.20733133009556703
2016-02-04,12.21,14.33150849493736,-0.14803106704969593
2016-02-05,11.1,13.79150849493736,-0.19515693268255396
2016-02-08,10.56,13.72150849493736,-0.23040531557472843
2016-02-09,10.49,13.83150849493736,-0.24158670011737526
2016-02-10,10.6,13.63150849493736,-0.2223898034515579
2016-02-11,10.4,13.98150849493736,-0.2561603775611342
2016-02-12,10.75,14.17150849493736,-0.24143572973615768
2016-02-16,10.94,14.23150849493736,-0.23128317676993015
2016-02-17,11.0,14.08150849493736,-0.21883369214635184
2016-02-18,10.85,14.15150849493736,-0.23329728389863602
2016-02-19,10.92,14.33150849493736,-0.23804252679628835
2016-02-22,11.1,14.12150849493736,-0.21396499503014066
2016-02-23,10.89,14.02150849493736,-0.22333606231227043
2016-02-24,10.79,14.101508494937361,-0.23483363472257168
2016-02-25,10.87,14.15150849493736,-0.2318840070025967
2016-02-26,10.92,14.05150849493736,-0.2228592393525305
2016-02-29,10.82,14.00150849493736,-0.2272261232486288
2016-03-01,10.77,14.12150849493736,-0.23733360328600128
2016-03-02,10.89,14.14150849493736,-0.22992656661072586
2016-03-03,10.91,14.23150849493736,-0.23339117537110954
2016-03-04,11.0,14.54150849493736,-0.24354478052743567
2016-03-07,11.31,14.15150849493736,-0.20079191528973017
2016-03-08,10.92,14.32150849493736,-0.2375104896345095
2016-03-09,11.09,14.32150849493736,-0.22564023168925929
2016-03-10,11.09,14.98150849493736,-0.2597541159658523
2016-03-11,11.75,14.79150849493736,-0.20562530833000348
2016-03-14,11.56,14.80150849493736,-0.2189985227550334
2016-03-15,11.57,15.29150849493736,-0.24337092028359786
2016-03-16,12.06,15.67150849493736,-0.23045059740764895
2016-03-17,12.44,15.54150849493736,-0.19956289931235927
2016-03-18,12.31,15.611508494937361,-0.21147914668259016
2016-03-21,12.38,15.87150849493736,-0.21998592610469692
2016-03-22,12.64,15.771508494937361,-0.19855478605249277
2016-03-23,12.54,15.73150849493736,-0.20287364660321272
2016-03-24,12.5,16.08150849493736,-0.2227097349769681
2016-03-28,12.85,16.09150849493736,-0.20144217653411367
2016-03-29,12.86,15.98150849493736,-0.19532001600012883
2016-03-30,12.75,16.00150849493736,-0.20320012303628066
2016-03-31,12.77,16.415407725321888,-0.22207232292491874
2016-04-01,13.03,16.14540772532189,-0.1929593713781408
2016-04-04,12.76,15.995407725321888,-0.20227103809301494
2016-04-05,12.61,16.15540772532189,-0.21945640652354692
2016-04-06,12.77,15.975407725321888,-0.20064637976288668
2016-04-07,12.59,15.795407725321889,-0.20293288917026464
2016-04-08,12.41,15.675407725321888,-0.20831405361450228
2016-04-11,12.29,15.85540772532189,-0.2248701381313426
2016-04-12,12.47,16.08540772532189,-0.22476320072573974
2016-04-13,12.7,16.115407725321887,-0.21193430433381533
2016-04-14,12.73,16.08540772532189,-0.2085994823767977
2016-04-15,12.7,15.845407725321888,-0.19850595073646116
2016-04-18,12.46,15.925407725321888,-0.21760244918638927
2016-04-19,12.54,15.925407725321888,-0.21257902991952826
2016-04-20,12.54,16.12540772532189,-0.22234524462235383
2016-04-21,12.74,16.185407725321888,-0.21287123462028001
2016-04-22,12.8,16.005407725321888,-0.20027029491105464
2016-04-25,12.62,16.17540772532189,-0.21980328321220954
2016-04-26,12.79,16.05540772532189,-0.20338366867954594
2016-04-27,12.67,15.925407725321888,-0.20441597361087904
2016-04-28,12.54,15.805407725321889,-0.20660066365073082
2016-04-29,12.42,15.995407725321888,-0.223527138958875
2016-05-02,12.61,15.615407725321889,-0.19246424929707928
2016-05-03,12.23,15.535407725321889,-0.21276607500517997
2016-05-04,12.15,15.555407725321889,-0.21892114854555633
2016-05-05,12.17,16.08540772532189,-0.24341364497451912
2016-05-06,12.7,15.665407725321888,-0.18929655565418468
2016-05-09,12.28,15.705407725321889,-0.21810371212452462
2016-05-10,12.32,15.585407725321888,-0.2095169906922949
2016-05-11,12.2,15.325407725321888,-0.2039363507541685
2016-05-12,11.94,15.035407725321889,-0.20587454506529657
2016-05-13,11.65,15.135407725321889,-0.23028172009471015
2016-05-16,11.75,15.075407725321888,-0.22058492784485428
2016-05-17,11.69,14.995407725321888,-0.22042799941613023
2016-05-18,11.61,14.905407725321888,-0.22108806320832952
2016-05-19,11.52,15.235407725321888,-0.24386664225248955
2016-05-20,11.85,15.085407725321888,-0.2144726734757746
2016-05-23,11.7,15.195407725321889,-0.230030532151966
2016-05-24,11.81,15.415407725321888,-0.2338833840508493
2016-05-25,12.03,15.245407725321888,-0.2109099201054001
2016-05-26,11.86,15.295407725321889,-0.22460386718782888
2016-05-27,11.91,15.345407725321888,-0.22387203955832502
2016-05-31,11.96,15.405407725321888,-0.22364923971850914
2016-06-01,12.02,15.52540772532189,-0.22578522814602675
2016-06-02,12.14,15.35540772532189,-0.20939904578499136
2016-06-03,11.97,15.545407725321889,-0.22999768089053796
2016-06-06,12.16,15.255407725321888,-0.2029056044293025
2016-06-07,11.87,15.185407725321888,-0.218328528630377
2016-06-08,11.8,15.075407725321888,-0.21726826796334298
2016-06-09,11.69,14.895407725321888,-0.21519435952550403
2016-06-10,11.51,14.935407725321888,-0.22934812281785655
2016-06-13,11.55,14.835407725321888,-0.2214571912111437
2016-06-14,11.45,15.055407725321889,-0.23947592726153188
2016-06-15,11.67,14.785407725321889,-0.21070827285921634
2016-06-16,11.4,14.665407725321888,-0.22266054831081872
2016-06-17,11.28,14.795407725321889,-0.2376012740294663
2016-06-20,11.41,14.935407725321888,-0.23604362131639822
2016-06-21,11.55,15.045407725321889,-0.23232389504732454
2016-06-22,11.66,15.245407725321888,-0.2351795235601799
2016-06-23,11.86,14.515407725321888,-0.1829371778988732
2016-06-24,11.13,14.005407725321888,-0.20530696297567452
2016-06-27,10.62,14.115407725321889,-0.2476306595842367
2016-06-28,10.73,14.615407725321889,-0.26584326611636255
2016-06-29,11.23,14.735407725321888,-0.23789010732957605
2016-06-30,11.35,14.625064377682403,-0.2239350400863941
2016-07-01,11.48,14.385064377682404,-0.20195004355972457
2016-07-05,11.24,14.375064377682403,-0.21809045826254925
2016-07-06,11.23,14.505064377682404,-0.2257876485347725
2016-07-07,11.36,14.815064377682404,-0.23321291690687196
2016-07-08,11.67,14.995064377682404,-0.2217439214619975
2016-07-11,11.85,15.275064377682403,-0.22422585548553142
2016-07-12,12.13,15.405064377682404,-0.2125966044275056
2016-07-13,12.26,15.475064377682404,-0.2077577384633732
2016-07-14,12.33,15.445064377682403,-0.20168672020451828
2016-07-15,12.3,15.585064377682404,-0.21078285582102374
2016-07-18,12.44,15.645064377682404,-0.20486105395989362
2016-07-19,12.5,15.625064377682403,-0.20000329612375845
2016-07-20,12.48,15.545064377682403,-0.197172832689122
2016-07-21,12.4,15.765064377682403,-0.21345072224672357
2016-07-22,12.62,15.755064377682404,-0.19898772245725205
2016-07-25,12.61,15.945064377682403,-0.20915966838931954
2016-07-26,12.8,15.885064377682404,-0.19421163832466048
2016-07-27,12.74,15.925064377682403,-0.20000323403062625
2016-07-28,12.78,16.115064377682405,-0.20695321467664152
2016-07-29,12.97,16.0050643776824,-0.1896315007588798
2016-08-01,12.86,15.825064377682404,-0.18736507523242318
2016-08-02,12.68,15.805064377682404,-0.19772550766039032
2016-08-03,12.66,15.885064377682404,-0.20302494853048458
2016-08-04,12.74,15.975064377682404,-0.20250712618109235
2016-08-05,12.83,15.985064377682404,-0.19737576922663858
2016-08-08,12.84,16.465064377682403,-0.22016703333368082
2016-08-09,13.32,16.295064377682404,-0.1825745703562257
2016-08-10,13.15,16.535064377682403,-0.2047203627614096
2016-08-11,13.39,16.655064377682404,-0.1960403336571639
2016-08-12,13.51,16.795064377682404,-0.1955970101577973
2016-08-15,13.65,16.825064377682402,-0.1887103850784645
2016-08-16,13.68,16.905064377682404,-0.1907750426517183
2016-08-17,13.76,16.895064377682402,-0.18556096073973394
2016-08-18,13.75,16.885064377682404,-0.18567085724743404
2016-08-19,13.74,16.965064377682403,-0.19010033241754065
2016-08-22,13.82,16.995064377682404,-0.18682273318433784
2016-08-23,13.85,16.985064377682402,-0.1845777153368776
2016-08-24,13.84,17.035064377682403,-0.1875581040872525
2016-08-25,13.89,17.125064377682403,-0.18890815861097598
2016-08-26,13.98,17.185064377682405,-0.18650290201092878
2016-08-29,14.04,17.155064377682404,-0.181582785648703
2016-08-30,14.01,17.205064377682405,-0.18570487779324385
2016-08-31,14.06,17.115064377682405,-0.17850148327026616
2016-09-01,13.97,17.085064377682404,-0.18232675679885046
2016-09-02,13.94,16.905064377682404,-0.1753950361524088
2016-09-06,13.76,16.925064377682403,-0.18700456949847089
2016-09-07,13.78,16.955064377682405,-0.18726348110253566
2016-09-08,13.81,16.5050643776824,-0.16328711697281095
2016-09-09,13.36,17.045064377682404,-0.2161953921692057
2016-09-12,13.9,16.785064377682403,-0.17188283063831522
2016-09-13,13.64,16.855064377682403,-0.19074767711593155
2016-09-14,13.71,16.785064377682403,-0.18320241784541735
2016-09-15,13.64,16.785064377682403,-0.18737279207961288
2016-09-16,13.64,16.765064377682403,-0.18640336280739123
2016-09-19,13.62,16.855064377682403,-0.19193426409963255
2016-09-20,13.71,17.075064377682402,-0.19707476957338077
2016-09-21,13.93,17.285064377682403,-0.19410193126120445
2016-09-22,14.14,17.195064377682403,-0.17767100550362536
2016-09-23,14.05,16.965064377682403,-0.17182748693351135
2016-09-26,13.82,17.105064377682403,-0.19205214930196612
2016-09-27,13.96,17.165064377682402,-0.18672020722797567
2016-09-28,14.02,17.035064377682403,-0.1769916632444567
2016-09-29,13.89,17.125064377682403,-0.18890815861097598
2016-09-30,13.98,17.010922865013775,-0.1781750989681723
2016-10-03,14.43,16.860922865013773,-0.14417495913334089
2016-10-04,14.28,17.200922865013773,-0.16981198555077848
2016-10-05,14.62,17.100922865013775,-0.14507537894866573
2016-10-06,14.52,16.690922865013775,-0.1300660773865474
2016-10-07,14.11,16.500922865013774,-0.1448963118349671
2016-10-10,13.92,16.250922865013774,-0.143433261260009
2016-10-11,13.67,16.050922865013774,-0.14833557453593382
2016-10-12,13.47,16.120922865013775,-0.16443989511089996
2016-10-13,13.54,15.950922865013775,-0.15114629325315176
2016-10-14,13.37,15.960922865013774,-0.16232913891796685
2016-10-17,13.38,16.090922865013773,-0.1684752880711452
2016-10-18,13.51,16.230922865013774,-0.16763821057142736
2016-10-19,13.65,16.090922865013773,-0.1516956414178724
2016-10-20,13.51,15.990922865013774,-0.15514569646519505
2016-10-21,13.41,15.550922865013774,-0.13767175643513663
2016-10-24,12.97,15.230922865013774,-0.14844293317296164
2016-10-25,12.65,15.490922865013774,-0.18339274488481205
2016-10-26,12.91,14.800922865013774,-0.12775709205832786
2016-10-27,12.22,14.750922865013774,-0.17157725575371385
2016-10-28,12.17,14.700922865013775,-0.17216081522589521
2016-10-31,12.12,14.630922865013774,-0.1716175314557925
2016-11-01,12.05,14.420922865013774,-0.16440853939839084
2016-11-02,11.84,14.410922865013774,-0.17840098716060382
2016-11-03,11.83,14.470922865013774,-0.18249857936833525
2016-11-04,11.89,14.800922865013774,-0.19667171375472636
2016-11-07,12.22,14.230922865013774,-0.14130656768279992
2016-11-08,11.65,14.560922865013774,-0.19991334972373132
2016-11-09,11.98,14.530922865013775,-0.1755513320599652
2016-11-10,11.95,14.700922865013775,-0.1871258621158134
2016-11-11,12.12,14.750922865013774,-0.17835649261333986
2016-11-14,12.17,14.590922865013773,-0.16591979050336025
2016-11-15,12.01,14.600922865013773,-0.17744925365108621
2016-11-16,12.02,14.580922865013774,-0.17563516992182893
2016-11-17,12.0,14.450922865013775,-0.1696032072074477
2016-11-18,11.87,14.310922865013774,-0.1705636238862801
2016-11-21,11.73,14.260922865013773,-0.17747258637958618
2016-11-22,11.68,14.380922865013774,-0.18781290257697159
2016-11-23,11.8,14.380922865013774,-0.17946851458974855
2016-11-25,11.8,14.420922865013774,-0.18174446181751136
2016-11-28,11.84,14.120922865013773,-0.16152788927592154
2016-11-29,11.54,14.140922865013774,-0.183928792331422
2016-11-30,11.56,14.340922865013773,-0.19391519577851812
2016-12-01,11.76,14.240922865013774,-0.1742108210633423
2016-12-02,11.66,14.390922865013774,-0.18976704208824624
2016-12-05,11.81,14.370922865013773,-0.17820169860130397
2016-12-06,11.79,14.410922865013774,-0.18187057758644587
2016-12-07,11.83,14.500922865013774,-0.1841898539752861
2016-12-08,11.92,14.630922865013774,-0.18528720915454178
2016-12-09,12.05,14.590922865013773,-0.17414408180488827
2016-12-12,12.01,14.460922865013774,-0.1694859234014343
2016-12-13,11.88,14.460922865013774,-0.17847566777760526
2016-12-14,11.88,14.270922865013775,-0.16753806937568827
2016-12-15,11.69,14.190922865013775,-0.17623398342750052
2016-12-16,11.61,14.310922865013774,-0.18873156472786112
2016-12-19,11.73,14.230922865013774,-0.1757386283894634
2016-12-20,11.65,14.300922865013774,-0.18536725846547109
2016-12-21,11.72,14.320922865013774,-0.18161698722418695
2016-12-22,11.74,14.310922865013774,-0.17964759430707056
2016-12-23,11.73,14.490922865013774,-0.1905277455916642
2016-12-27,11.91,14.270922865013775,-0.1654358927832027
2016-12-28,11.69,14.240922865013774,-0.1791262328427271
2016-12-29,11.66,14.040922865013776,-0.16957025459817876
2016-12-30,11.46,14.381447255205645,-0.20314000415696476
2017-01-03,11.69,14.561447255205644,-0.19719518292930105
2017-01-04,11.87,14.581447255205644,-0.18595186113899942
2017-01-05,11.89,14.621447255205645,-0.1868110049251912
2017-01-06,11.93,14.691447255205645,-0.1879629152415312
2017-01-09,12.0,14.691447255205645,-0.1831982382982711
2017-01-10,12.0,14.731447255205643,-0.18541608355828265
2017-01-11,12.04,14.711447255205645,-0.1815896973875466
2017-01-12,12.02,14.741447255205644,-0.18461194536002024
2017-01-13,12.05,14.921447255205644,-0.19243758370716224
2017-01-17,12.23,14.831447255205644,-0.17540076908492996
2017-01-18,12.14,14.731447255205643,-0.17591260453312918
2017-01-19,12.04,14.661447255205644,-0.17879866902463415
2017-01-20,11.97,14.651447255205646,-0.18301586242635037
2017-01-23,11.96,14.801447255205645,-0.1919709070480463
2017-01-24,12.11,15.001447255205644,-0.19274455364313503
2017-01-25,12.31,14.911447255205644,-0.1744597429533521
2017-01-26,12.22,15.051447255205645,-0.1881179402350408
2017-01-27,12.36,15.021447255205645,-0.17717648705808475
2017-01-30,12.33,14.981447255205644,-0.17698205053482663
2017-01-31,12.29,15.051447255205645,-0.18346722467173915
2017-02-01,12.36,14.911447255205644,-0.1711066143707094
2017-02-02,12.22,14.961447255205645,-0.18323409550181002
2017-02-03,12.27,14.911447255205644,-0.17714224581946636
2017-02-06,12.22,14.891447255205644,-0.17939473641635328
2017-02-07,12.2,14.851447255205645,-0.1785312373698985
2017-02-08,12.16,15.081447255205644,-0.19371133325399204
2017-02-09,12.39,15.981447255205644,-0.2247260337474004
2017-02-10,13.29,15.771447255205645,-0.1573379547895708
2017-02-13,13.08,15.771447255205645,-0.17065315640689127
2017-02-14,13.08,15.791447255205645,-0.17170353111946834
2017-02-15,13.1,15.741447255205644,-0.16780205862787656
2017-02-16,13.05,15.771447255205645,-0.17255532806650842
2017-02-17,13.08,16.021447255205644,-0.18359435376538258
2017-02-21,13.33,15.981447255205644,-0.16590783130370046
2017-02-22,13.29,15.931447255205644,-0.16580083484521746
2017-02-23,13.24,15.791447255205645,-0.1615714642218471
2017-02-24,13.1,15.751447255205644,-0.16833038972526004
2017-02-27,13.06,15.511447255205644,-0.1580411688782255
2017-02-28,12.82,15.781447255205645,-0.1876537181486182
2017-03-01,13.09,15.531447255205645,-0.1571938026823193
2017-03-02,12.84,15.591447255205644,-0.17647157509941847
2017-03-03,12.9,15.641447255205644,-0.17526813283171483
2017-03-06,12.95,15.351447255205645,-0.1564313263292697
2017-03-07,12.66,15.181447255205644,-0.16608741003536742
2017-03-08,12.49,15.101447255205645,-0.17292695270020886
2017-03-09,12.41,15.071447255205644,-0.17658869849319792
2017-03-10,12.38,14.971447255205645,-0.173092635002577
2017-03-13,12.28,15.091447255205644,-0.18629407820617494
2017-03-14,12.4,15.291447255205645,-0.18908918213881376
2017-03-15,12.6,15.331447255205644,-0.17815977903052882
2017-03-16,12.64,15.341447255205644,-0.17608816236610214
2017-03-17,12.65,15.321447255205644,-0.17435998118898255
2017-03-20,12.63,15.211447255205645,-0.1697042504829528
2017-03-21,12.52,15.211447255205645,-0.17693564655950678
2017-03-22,12.52,15.241447255205644,-0.1785556981326788
2017-03-23,12.55,15.241447255205644,-0.1765873811154247
2017-03-24,12.55,15.271447255205645,-0.17820493432788254
2017-03-27,12.58,15.531447255205645,-0.19003040777261848
2017-03-28,12.84,15.691447255205645,-0.1817198381277212
2017-03-29,13.0,15.931447255205644,-0.1840038264099192
2017-03-30,13.24,15.691447255205645,-0.15622824429992432
2017-03-31,13.0,15.973069511355815,-0.1861301304199644
2017-04-03,12.79,15.953069511355816,-0.1982734112143284
2017-04-04,12.77,15.813069511355815,-0.1924401526958761
2017-04-05,12.63,15.753069511355816,-0.19825149054947722
2017-04-06,12.57,15.693069511355816,-0.19900947415646764
2017-04-07,12.51,15.713069511355815,-0.20384747289770222
2017-04-10,12.53,15.683069511355816,-0.2010492594624247
2017-04-11,12.5,15.673069511355816,-0.20245361057429057
2017-04-12,12.49,15.513069511355816,-0.1948724273518455
2017-04-13,12.33,15.593069511355816,-0.20926409062561102
2017-04-17,12.41,15.513069511355816,-0.2000293693704086
2017-04-18,12.33,15.613069511355816,-0.21027700600243593
2017-04-19,12.43,16.123069511355816,-0.22905498911077138
2017-04-20,12.94,16.073069511355815,-0.19492664479191513
2017-04-21,12.89,16.223069511355817,-0.20545245824304303
2017-04-24,13.04,16.253069511355815,-0.19769001228419558
2017-04-25,13.07,16.123069511355816,-0.1893603143747209
2017-04-26,12.94,16.143069511355815,-0.19841762491963633
2017-04-27,12.96,15.903069511355815,-0.1850629848064409
2017-04-28,12.72,15.923069511355816,-0.20115904845303167
2017-05-01,12.74,15.803069511355815,-0.19382750352105615
2017-05-02,12.62,15.753069511355816,-0.198886287469074
2017-05-03,12.57,15.753069511355816,-0.2020602720670569
2017-05-04,12.57,15.873069511355816,-0.20809267602543746
2017-05-05,12.69,15.973069511355815,-0.20553779654071913
2017-05-08,12.79,16.293069511355817,-0.21500365593568949
2017-05-09,13.11,15.893069511355815,-0.17511214616957882
2017-05-10,12.71,15.863069511355816,-0.19876793133249793
2017-05-11,12.68,15.893069511355815,-0.20216796441115625
2017-05-12,12.71,16.073069511355815,-0.20923629484584538
2017-05-15,12.89,16.113069511355814,-0.20002827574748128
2017-05-16,12.93,15.843069511355816,-0.18387027269354717
2017-05-17,12.66,15.883069511355815,-0.20292485083260747
2017-05-18,12.7,16.003069511355815,-0.2064022473321102
2017-05-19,12.82,16.303069511355815,-0.21364501383802004
2017-05-22,13.12,16.333069511355816,-0.1967217190327808
2017-05-23,13.15,16.403069511355817,-0.19832077826066163
2017-05-24,13.22,16.393069511355815,-0.19356164561845868
2017-05-25,13.21,16.603069511355816,-0.20436398878141748
2017-05-26,13.42,16.473069511355817,-0.18533701380007916
2017-05-30,13.29,16.563069511355817,-0.197612496229142
2017-05-31,13.38,16.753069511355815,-0.20134038774622343
2017-06-01,13.57,16.763069511355816,-0.19048238803715112
2017-06-02,13.58,16.623069511355816,-0.18306303232847487
2017-06-05,13.44,16.663069511355815,-0.1934259176653681
2017-06-06,13.48,16.543069511355817,-0.18515726535835475
2017-06-07,13.36,16.693069511355816,-0.19966786270724057
2017-06-08,13.51,16.833069511355816,-0.19741316395765063
2017-06-09,13.65,16.853069511355816,-0.19005852371270093
2017-06-12,13.67,16.743069511355817,-0.18354277925391982
2017-06-13,13.56,16.763069511355816,-0.19107893749327698
2017-06-14,13.58,16.793069511355817,-0.19133306803637495
2017-06-15,13.61,16.913069511355815,-0.19529686844472915
2017-06-16,13.73,16.963069511355815,-0.19059460371788595
2017-06-19,13.78,16.673069511355816,-0.17351751034117524
2017-06-20,13.49,16.713069511355815,-0.19284725101908284
2017-06-21,13.53,16.633069511355817,-0.18656024429148654
2017-06-22,13.45,16.773069511355814,-0.19811934298048484
2017-06-23,13.59,16.843069511355814,-0.19313994454292038
2017-06-26,13.66,16.843069511355814,-0.18898393248390666
2017-06-27,13.66,17.033069511355816,-0.19803063147878408
2017-06-28,13.85,16.783069511355816,-0.17476359192644908
2017-06-29,13.6,16.883069511355817,-0.19445927822233822
2017-06-30,13.7,17.35749226006192,-0.21071547694003545
2017-07-03,13.89,17.19749226006192,-0.1923241022612916
2017-07-05,13.73,16.70749226006192,-0.1782129965236856
2017-07-06,13.24,16.78749226006192,-0.21131758127457423
2017-07-07,13.32,16.61749226006192,-0.19843501103876138
2017-07-10,13.15,16.73749226006192,-0.2143386956851473
2017-07-11,13.27,16.66749226006192,-0.20383943829407836
2017-07-12,13.2,16.69749226006192,-0.20946212794045949
2017-07-13,13.23,17.03749226006192,-0.22347727012543817
2017-07-14,13.57,17.14749226006192,-0.20863063856831277
2017-07-17,13.68,17.09749226006192,-0.19988266162546242
2017-07-18,13.63,17.39749226006192,-0.21655375405515542
2017-07-19,13.93,17.427492260061918,-0.2006882119280592
2017-07-20,13.96,17.39749226006192,-0.1975855030528224
2017-07-21,13.93,17.44749226006192,-0.2016044602646775
2017-07-24,13.98,17.587492260061918,-0.20511692097536238
2017-07-25,14.12,17.69749226006192,-0.20214684699341712
2017-07-26,14.23,17.73749226006192,-0.1977445406958377
2017-07-27,14.27,17.85749226006192,-0.2008956357262608
2017-07-28,14.39,17.77749226006192,-0.19054949992424408
2017-07-31,14.31,17.89749226006192,-0.2004466440288606
2017-08-01,14.43,17.73749226006192,-0.18646898961636948
2017-08-02,14.27,17.71749226006192,-0.19458127648420787
2017-08-03,14.25,17.587492260061918,-0.1897651018525689
2017-08-04,14.12,17.80749226006192,-0.2070753257229886
2017-08-07,14.34,17.70749226006192,-0.19017330125604948
2017-08-08,14.24,17.63749226006192,-0.1926289865909765
2017-08-09,14.17,17.14749226006192,-0.1736400993745757
2017-08-10,13.68,16.89749226006192,-0.1904124121226335
2017-08-11,13.43,16.837492260061918,-0.2023752829359512
2017-08-14,13.37,16.77749226006192,-0.2030990214296391
2017-08-15,13.31,16.71749226006192,-0.20382795499791662
2017-08-16,13.25,16.69749226006192,-0.20646766630387026
2017-08-17,13.23,16.73749226006192,-0.209559007141787
2017-08-18,13.27,16.77749226006192,-0.20905938776150412
2017-08-21,13.31,16.85749226006192,-0.2104400942521263
2017-08-22,13.39,16.64749226006192,-0.1956746523244699
2017-08-23,13.18,16.66749226006192,-0.20923917081506804
2017-08-24,13.2,16.88749226006192,-0.2183564145152952
2017-08-25,13.42,16.89749226006192,-0.2057993107226419
2017-08-28,13.43,16.82749226006192,-0.20190128199467183
2017-08-29,13.36,16.76749226006192,-0.203220148082498
2017-08-30,13.3,16.837492260061918,-0.21009614765809004
2017-08-31,13.37,16.91749226006192,-0.20969374216512493
2017-09-01,13.45,16.747492260061918,-0.19689468780502228
2017-09-05,13.28,16.85749226006192,-0.21221971838228693
2017-09-06,13.39,16.997492260061918,-0.21223673497638507
2017-09-07,13.53,16.60749226006192,-0.18530746315400948
2017-09-08,13.14,16.80749226006192,-0.21820579794504147
2017-09-11,13.34,16.72749226006192,-0.20251046644629445
2017-09-12,13.26,16.46749226006192,-0.19477721376198542
2017-09-13,13.0,16.51749226006192,-0.21295558700317707
2017-09-14,13.05,16.55749226006192,-0.21183716742675396
2017-09-15,13.09,16.55749226006192,-0.20942134265258316
2017-09-18,13.09,16.51749226006192,-0.20750681799012216
2017-09-19,13.05,16.63749226006192,-0.2156269829602654
2017-09-20,13.17,16.54749226006192,-0.20410900981133206
2017-09-21,13.08,16.497492260061918,-0.2071522269075513
2017-09-22,13.03,16.66749226006192,-0.21823872501671748
2017-09-25,13.2,16.57749226006192,-0.20373963727908895
2017-09-26,13.11,16.72749226006192,-0.21626028599032388
2017-09-27,13.26,16.72749226006192,-0.20729301237465247
2017-09-28,13.26,16.72749226006192,-0.20729301237465247
2017-09-29,13.26,16.49734658896126,-0.19623438057168785
2017-10-02,13.28,16.58734658896126,-0.19938973187925502
2017-10-03,13.37,16.577346588961262,-0.1934776818322066
2017-10-04,13.36,16.647346588961263,-0.19746970313822143
2017-10-05,13.43,16.507346588961262,-0.1864228495098743
2017-10-06,13.29,16.397346588961263,-0.18950301331394293
2017-10-09,13.18,16.717346588961263,-0.21159737103835785
2017-10-10,13.5,16.697346588961263,-0.19148830455942334
2017-10-11,13.48,16.757346588961262,-0.19557670252641202
2017-10-12,13.54,16.897346588961263,-0.19869075723134888
2017-10-13,13.68,16.897346588961263,-0.1904054327123229
2017-10-16,13.68,16.83734658896126,-0.18752043692153075
2017-10-17,13.62,16.947346588961263,-0.19633436842134022
2017-10-18,13.73,16.83734658896126,-0.18455084787519127
2017-10-19,13.62,16.92734658896126,-0.19538482133508528
2017-10-20,13.71,16.967346588961263,-0.19197737088016165
2017-10-23,13.75,16.847346588961262,-0.18384773961917
2017-10-24,13.63,16.877346588961263,-0.19240859763377793
2017-10-25,13.66,16.897346588961263,-0.19158905050075514
2017-10-26,13.68,16.90734658896126,-0.19088427459506763
2017-10-27,13.69,17.02734658896126,-0.1959992164090233
2017-10-30,13.81,16.877346588961263,-0.18174341403686523
2017-10-31,13.66,16.92734658896126,-0.19302178116279467
2017-11-01,13.71,17.01734658896126,-0.19435148550753822
2017-11-02,13.8,17.08734658896126,-0.19238484874444728
2017-11-03,13.87,17.49734658896126,-0.20730838076041114
2017-11-06,14.28,17.36734658896126,-0.17776731598847628
2017-11-07,14.15,17.35734658896126,-0.18478323126882967
2017-11-08,14.14,17.577346588961262,-0.1955554879437803
2017-11-09,14.36,18.31734658896126,-0.21604365947555482
2017-11-10,15.1,18.447346588961263,-0.18145409546131086
2017-11-13,15.23,18.487346588961262,-0.17619329919990867
2017-11-14,15.27,18.40734658896126,-0.17043991505232492
2017-11-15,15.19,18.93734658896126,-0.19788129088505046
2017-11-16,15.72,19.057346588961263,-0.17512126220627056
2017-11-17,15.84,18.88734658896126,-0.1613432874018571
2017-11-20,15.67,19.007346588961262,-0.17558192951032237
2017-11-21,15.79,18.987346588961262,-0.1683935442996609
2017-11-22,15.77,18.987346588961262,-0.16944687736577912
2017-11-24,15.77,18.95734658896126,-0.16813252709201576
2017-11-27,15.74,19.36734658896126,-0.18729187151681004
2017-11-28,16.15,19.56734658896126,-0.1746453753156867
2017-11-29,16.35,19.377346588961263,-0.15623122469646367
2017-11-30,16.16,19.417346588961262,-0.16775446501084035
2017-12-01,16.2,19.757346588961262,-0.18005183909406175
2017-12-04,16.54,19.61734658896126,-0.15686864556355928
2017-12-05,16.4,19.60734658896126,-0.16357881850096767
2017-12-06,16.39,19.577346588961262,-0.16280789505756899
2017-12-07,16.36,19.76734658896126,-0.17237248174036857
2017-12-08,16.55,19.807346588961263,-0.16445143595238543
2017-12-11,16.59,19.43734658896126,-0.14648844048386267
2017-12-12,16.22,19.49734658896126,-0.1680919285097381
2017-12-13,16.28,19.43734658896126,-0.16243711941394112
2017-12-14,16.22,19.237346588961262,-0.15684837693222575
2017-12-15,16.02,19.547346588961258,-0.18045142714936124
2017-12-18,16.33,19.487346588961262,-0.16202034353664974
2017-12-19,16.27,19.45734658896126,-0.16381198609935532
2017-12-20,16.24,19.557346588961263,-0.16962150636700746
2017-12-21,16.34,19.637346588961265,-0.1679120228399289
2017-12-22,16.42,19.52734658896126,-0.15912794781436568
2017-12-26,16.31,19.467346588961263,-0.1621867969799028
2017-12-27,16.25,19.547346588961258,-0.16868512429320348
2017-12-28,16.33,19.42734658896126,-0.15943230202734915
2017-12-29,16.21,19.616266094420602,-0.17364497800065204
2018-01-02,16.43,19.6762660944206,-0.1649838479944684
2018-01-03,16.49,19.776266094420603,-0.16617222274065901
2018-01-04,16.59,19.9862660944206,-0.16992999484624627
2018-01-05,16.8,20.016266094420597,-0.1606826207869564
2018-01-08,16.83,20.0662660944206,-0.16127893845285157
2018-01-09,16.88,20.0362660944206,-0.15752765907313993
2018-01-10,16.85,20.266266094420597,-0.1685690930191186
2018-01-11,17.08,20.3362660944206,-0.16012113921512772
2018-01-12,17.15,20.1562660944206,-0.14914796621249005
2018-01-16,16.97,20.3962660944206,-0.16798496737389867
2018-01-17,17.21,20.1962660944206,-0.14786228704154292
2018-01-18,17.01,20.4062660944206,-0.16643251042135498
2018-01-19,17.22,20.366266094420602,-0.15448418869880776
2018-01-22,17.18,20.2562660944206,-0.15186738168234903
2018-01-23,17.07,20.276266094420603,-0.15812902037732024
2018-01-24,17.09,20.226266094420602,-0.155059074165238
2018-01-25,17.04,20.3262660944206,-0.16167583751757808
2018-01-26,17.14,20.2462660944206,-0.1534241464541758
2018-01-29,17.06,20.2362660944206,-0.15695909905515315
2018-01-30,17.05,20.296266094420602,-0.15994400543028908
2018-01-31,17.11,20.0062660944206,-0.14476794823939276
2018-02-01,16.82,19.5962660944206,-0.14167321881851003
2018-02-02,16.41,19.0162660944206,-0.1370545658900557
2018-02-05,15.83,19.476266094420602,-0.18721586965096737
2018-02-06,16.29,19.2462660944206,-0.15360205870153743
2018-02-07,16.06,18.8362660944206,-0.14738940724791239
2018-02-08,15.65,18.956266094420602,-0.17441547179978312
2018-02-09,15.77,18.9362660944206,-0.16720646396881333
2018-02-12,15.75,19.4062660944206,-0.18840647019015144
2018-02-13,16.22,19.526266094420603,-0.16932403145757247
2018-02-14,16.34,19.5562660944206,-0.16446217692538967
2018-02-15,16.37,19.4462660944206,-0.1581931502677124
2018-02-16,16.26,19.136266094420602,-0.1503044575273339
2018-02-20,15.95,19.1962660944206,-0.16910924647810177
2018-02-21,16.01,19.4062660944206,-0.17500873572979825
2018-02-22,16.22,19.6862660944206,-0.17607534500425126
2018-02-23,16.5,19.8262660944206,-0.16777067747298413
2018-02-26,16.64,19.5662660944206,-0.14955669519669046
2018-02-27,16.38,19.3162660944206,-0.15201002512948025
2018-02-28,16.13,18.9362660944206,-0.14819532427501325
2018-03-01,15.75,19.0562660944206,-0.1735002060759756
2018-03-02,15.87,19.3362660944206,-0.1792624324414308
2018-03-05,16.15,19.606266094420604,-0.1762837491736462
2018-03-06,16.42,19.4862660944206,-0.15735524084311592
2018-03-07,16.3,19.4062660944206,-0.1600651088317122
2018-03-08,16.22,19.6562660944206,-0.17481784576552828
2018-03-09,16.47,19.7362660944206,-0.1654956453664742
2018-03-12,16.55,19.5562660944206,-0.15372393072920432
2018-03-13,16.37,19.516266094420597,-0.16121250239153406
2018-03-14,16.33,19.606266094420604,-0.1671030107743432
2018-03-15,16.42,19.7862660944206,-0.17013144765953747
2018-03-16,16.6,19.526266094420603,-0.14986306548678796
2018-03-19,16.34,19.546266094420602,-0.16403471020666283
2018-03-20,16.36,19.6962660944206,-0.1693857139432977
2018-03-21,16.51,19.456266094420602,-0.1514301911848076
2018-03-22,16.27,18.7462660944206,-0.13209383041658662
2018-03-23,15.56,18.866266094420602,-0.1752475067336391
2018-03-26,15.68,18.7662660944206,-0.16445818677473512
2018-03-27,15.58,18.616266094420602,-0.16309748039810135
2018-03-28,15.43,18.9862660944206,-0.18730729237307286
2018-03-29,15.8,19.035128733264674,-0.16995570550627026
2018-04-02,15.41,19.265128733264675,-0.2001091602678008
2018-04-03,15.64,19.405128733264675,-0.19402750607938057
2018-04-04,15.78,19.375128733264674,-0.18555379851966036
2018-04-05,15.75,19.125128733264674,-0.17647613149888253
2018-04-06,15.5,19.275128733264676,-0.1958549167430268
2018-04-09,15.65,19.575128733264677,-0.20051611341868592
2018-04-10,15.95,19.425128733264675,-0.17889862049221172
2018-04-11,15.8,19.535128733264674,-0.19120062039337615
2018-04-12,15.91,19.345128733264676,-0.17757073528065204
2018-04-13,15.72,19.575128733264677,-0.19694014715282693
2018-04-16,15.95,19.725128733264675,-0.19138677289838202
2018-04-17,16.1,19.655128733264675,-0.18087537260684095
2018-04-18,16.03,19.815128733264675,-0.1910221621174928
2018-04-19,16.19,19.79512873326468,-0.18212201505951553
2018-04-20,16.17,19.805128733264677,-0.18354481721490234
2018-04-23,16.18,19.525128733264676,-0.17132428569168046
2018-04-24,15.9,19.505128733264677,-0.18482978413346096
2018-04-25,15.88,19.595128733264676,-0.1895945050341964
2018-04-26,15.97,19.635128733264676,-0.1866618132762955
2018-04-27,16.01,19.605128733264674,-0.1833769511120168
2018-04-30,15.98,19.635128733264676,-0.18615252198842847
2018-05-01,16.01,19.335128733264675,-0.17197344683534654
2018-05-02,15.71,19.505128733264677,-0.19457081187023084
2018-05-03,15.88,19.765128733264675,-0.19656480793499764
2018-05-04,16.14,20.015128733264675,-0.19360998297374432
2018-05-07,16.39,19.995128733264675,-0.1803003512183966
2018-05-08,16.37,20.135128733264676,-0.18699303009890433
2018-05-09,16.51,20.215128733264674,-0.183284943774202
2018-05-10,16.59,18.805128733264677,-0.11779386170041484
2018-05-11,15.18,19.445128733264674,-0.2193417586363593
2018-05-14,15.82,19.415128733264677,-0.1851715114875857
2018-05-15,15.79,19.515128733264675,-0.1908841486100461
2018-05-16,15.89,19.365128733264676,-0.17945291152623388
2018-05-17,15.74,19.255128733264677,-0.1825554522100924
2018-05-18,15.63,19.325128733264677,-0.19120849254184724
2018-05-21,15.7,19.235128733264677,-0.18378503114206501
2018-05-22,15.61,19.105128733264674,-0.18294190958154455
2018-05-23,15.48,19.145128733264677,-0.1914392315835679
2018-05-24,15.52,19.205128733264676,-0.19188253223638985
2018-05-25,15.58,18.705128733264676,-0.167073361420231
2018-05-29,15.08,19.025128733264676,-0.20736410189786403
2018-05-30,15.4,18.655128733264675,-0.17448974916267024
2018-05-31,15.03,18.835128733264675,-0.20202297457858343
2018-06-01,15.21,18.915128733264677,-0.19588176139392233
2018-06-04,15.29,19.245128733264675,-0.2055132386009112
2018-06-05,15.62,19.325128733264677,-0.19172595351910782
2018-06-06,15.7,19.285128733264674,-0.18590120827561452
2018-06-07,15.66,19.445128733264674,-0.19465691305964328
2018-06-08,15.82,19.495128733264675,-0.18851523288449878
2018-06-11,15.87,19.625128733264674,-0.19134288413098233
2018-06-12,16.0,19.475128733264675,-0.17843932026641496
2018-06-13,15.85,19.645128733264677,-0.19318421298194233
2018-06-14,16.02,19.605128733264674,-0.18286688050059408
2018-06-15,15.98,19.685128733264676,-0.18821968519838073
2018-06-18,16.06,19.575128733264677,-0.17957116814722662
2018-06-19,15.95,19.635128733264676,-0.18768039585202967
2018-06-20,16.01,19.415128733264677,-0.17538532862934553
2018-06-21,15.79,19.445128733264674,-0.18797143404928285
2018-06-22,15.82,19.165128733264677,-0.17454246093628256
2018-06-25,15.54,19.145128733264677,-0.1883052751168376
2018-06-26,15.52,19.065128733264675,-0.1859483239197418
2018-06-27,15.44,19.155128733264675,-0.1939495570610813
2018-06-28,15.53,19.125128733264674,-0.18797932204302514
2018-06-29,15.5,18.640646988158572,-0.16848379727128893
2018-07-02,15.15,18.77064698815857,-0.19288876885504525
2018-07-03,15.28,18.77064698815857,-0.18596306192112821
2018-07-05,15.28,18.890646988158572,-0.1911341094046103
2018-07-06,15.4,18.990646988158574,-0.1890744949552
2018-07-09,15.5,19.260646988158573,-0.19525029405661265
2018-07-10,15.77,19.04064698815857,-0.17177184106152465
2018-07-11,15.55,19.050646988158572,-0.18375475595839297
2018-07-12,15.56,19.080646988158573,-0.18451402566922825
2018-07-13,15.59,18.900646988158574,-0.17516051118423215
2018-07-16,15.41,18.870646988158573,-0.18338782927422392
2018-07-17,15.38,19.04064698815857,-0.1922543383339409
2018-07-18,15.55,18.980646988158572,-0.18074447042289143
2018-07-19,15.49,18.77064698815857,-0.17477538148941596
2018-07-20,15.28,18.760646988158573,-0.18552915527676117
2018-07-23,15.27,18.54064698815857,-0.17640414545659855
2018-07-24,15.05,18.66064698815857,-0.19348991438773633
2018-07-25,15.17,18.580646988158573,-0.18355910805109077
2018-07-26,15.09,18.38064698815857,-0.17902781062486628
2018-07-27,14.89,18.440646988158573,-0.19254459946218672
2018-07-30,14.95,18.560646988158574,-0.1945323883624378
2018-07-31,15.07,18.560646988158574,-0.1880670964964506
2018-08-01,15.07,18.50064698815857,-0.18543389268247612
2018-08-02,15.01,18.570646988158572,-0.1917352147412522
2018-08-03,15.08,18.61064698815857,-0.18971113634066683
2018-08-06,15.12,18.63064698815857,-0.18843398140654477
2018-08-07,15.14,18.63064698815857,-0.18736048138195016
2018-08-08,15.14,18.75064698815857,-0.19256119484510426
2018-08-09,15.26,16.690646988158573,-0.08571549018882052
2018-08-10,13.2,17.070646988158572,-0.22674284055217897
2018-08-13,13.58,17.18064698815857,-0.20957575058961675
2018-08-14,13.69,17.16064698815857,-0.20224453020643318
2018-08-15,13.67,17.390646988158572,-0.2139452885618338
2018-08-16,13.9,17.390646988158572,-0.20071978866199636
2018-08-17,13.9,17.060646988158574,-0.18525950336773922
2018-08-20,13.57,17.060646988158574,-0.2046022633597282
2018-08-21,13.57,17.140646988158572,-0.20831459807936736
2018-08-22,13.65,16.900646988158574,-0.19233861226946736
2018-08-23,13.41,16.890646988158572,-0.20606948867019292
2018-08-24,13.4,16.740646988158574,-0.1995530394089049
2018-08-27,13.25,16.70064698815857,-0.20661756341566995
2018-08-28,13.21,16.830646988158573,-0.21512227014837437
2018-08-29,13.34,16.710646988158572,-0.20170655214888245
2018-08-30,13.22,16.560646988158574,-0.2017220094448755
2018-08-31,13.07,16.41064698815857,-0.20356583080295865
2018-09-04,12.92,16.370646988158573,-0.21078256654453176
2018-09-05,12.88,16.190646988158573,-0.20447898040022083
2018-09-06,12.7,16.150646988158574,-0.21365379298355913
2018-09-07,12.66,16.11064698815857,-0.21418425906140326
2018-09-10,12.62,16.02064698815857,-0.2122665202392956
2018-09-11,12.53,15.850646988158573,-0.20949599033019317
2018-09-12,12.36,15.990646988158572,-0.22704816076842582
2018-09-13,12.5,15.930646988158573,-0.21534888009938402
2018-09-14,12.44,15.760646988158571,-0.21069230156943874
2018-09-17,12.27,15.910646988158572,-0.22881828695389372
2018-09-18,12.42,16.010646988158573,-0.22426620178523737
2018-09-19,12.52,16.11064698815857,-0.222874164569413
2018-09-20,12.62,16.300646988158572,-0.22579760121376402
2018-09-21,12.81,16.240646988158574,-0.21123832016421118
2018-09-24,12.75,16.400646988158574,-0.22259164475611093
2018-09-25,12.91,16.34064698815857,-0.2099456031725443
2018-09-26,12.85,16.370646988158573,-0.2150585123914267
2018-09-27,12.88,16.68064698815857,-0.227847696246831
2018-09-28,13.19,16.320628415300547,-0.19182033532272513
2018-10-01,13.1,16.290628415300546,-0.19585668115195798
2018-10-02,13.07,16.600628415300548,-0.21268040745050476
2018-10-03,13.38,16.550628415300547,-0.19157148210574282
2018-10-04,13.33,16.510628415300545,-0.19264126932643144
2018-10-05,13.29,16.540628415300546,-0.19652387646249425
2018-10-08,13.32,16.700628415300546,-0.20242522204753266
2018-10-09,13.48,15.990628415300547,-0.1570062382850611
2018-10-10,12.77,15.920628415300547,-0.19789598331888902
2018-10-11,12.7,16.040628415300546,-0.20826044521510445
2018-10-12,12.82,16.210628415300548,-0.20916082513496348
2018-10-15,12.99,16.360628415300546,-0.2060207181374718
2018-10-16,13.14,16.430628415300546,-0.20027404504116497
2018-10-17,13.21,16.360628415300546,-0.19257380189345663
2018-10-18,13.14,16.350628415300548,-0.1963611632379899
2018-10-19,13.13,16.410628415300547,-0.19990876231417398
2018-10-22,13.19,16.310628415300545,-0.1913248426635219
2018-10-23,13.09,16.070628415300547,-0.18547055773268617
2018-10-24,12.85,16.080628415300545,-0.20090187596317055
2018-10-25,12.86,15.890628415300547,-0.19071797137880708
2018-10-26,12.67,15.690628415300546,-0.19251162766400187
2018-10-29,12.47,16.040628415300546,-0.2225990355773505
2018-10-30,12.82,16.410628415300547,-0.21879895909121938
2018-10-31,13.19,16.350628415300548,-0.19330317679673426
2018-11-01,13.13,16.390628415300547,-0.19893248340965197
2018-11-02,13.17,16.380628415300546,-0.19600154120470836
2018-11-05,13.16,16.490628415300545,-0.2019709820282094
2018-11-06,13.27,16.650628415300545,-0.20303308265494824
2018-11-07,13.43,17.360628415300546,-0.22641049167530958
2018-11-08,14.14,17.460628415300548,-0.1901780586768984
2018-11-09,14.24,16.910628415300547,-0.1579260302878036
2018-11-12,13.69,16.880628415300546,-0.18901123446379353
2018-11-13,13.66,17.030628415300548,-0.1979156806845911
2018-11-14,13.81,16.790628415300546,-0.17751738300541697
2018-11-15,13.57,16.790628415300546,-0.1918110707736067
2018-11-16,13.57,16.520628415300546,-0.1786026742522595
2018-11-19,13.3,15.820628415300547,-0.1593254293781896
2018-11-20,12.6,15.810628415300547,-0.2030677295656067
2018-11-21,12.59,15.830628415300547,-0.2047062397199867
2018-11-23,12.61,16.250628415300547,-0.22403000808711904
2018-11-26,13.03,16.090628415300547,-0.19021186347142305
2018-11-27,12.87,16.350628415300548,-0.21287429002077107
2018-11-28,13.13,16.430628415300546,-0.2008826644893832
2018-11-29,13.21,16.200628415300546,-0.184599531489536
2018-11-30,12.98,16.520628415300546,-0.214315601458683
2018-12-03,13.3,16.110628415300546,-0.1744580250284491
2018-12-04,12.89,15.690628415300546,-0.17849051938350302
2018-12-06,12.47,15.580628415300547,-0.19964717291157752
2018-12-07,12.36,15.750628415300547,-0.2152694055055484
2018-12-10,12.53,15.680628415300546,-0.20092488208101955
2018-12-11,12.46,15.950628415300546,-0.21883955443110825
2018-12-12,12.73,15.820628415300547,-0.19535433954769577
2018-12-13,12.6,15.470628415300547,-0.1855534460682592
2018-12-14,12.25,15.290628415300546,-0.1988556868112723
2018-12-17,12.07,15.190628415300546,-0.20543115992208305
2018-12-18,11.97,15.060628415300547,-0.20521244732130062
2018-12-19,11.84,14.560628415300547,-0.18684828275966892
2018-12-20,11.34,14.260628415300545,-0.20480362647742356
2018-12-21,11.04,14.090628415300547,-0.216500522573427
2018-12-24,10.87,14.400628415300547,-0.24517182955358285
2018-12-26,11.18,14.430628415300548,-0.2252589645960229
2018-12-27,11.21,14.470628415300547,-0.22532735426008965
2018-12-28,11.25,14.570628415300547,-0.22789877832678584
2018-12-31,11.35,14.149679345045199,-0.1978616812984928
2019-01-02,11.39,14.039679345045199,-0.1887279103692855
2019-01-03,11.28,14.5296793450452,-0.22365802216780384
2019-01-04,11.77,14.739679345045198,-0.20147516615030492
2019-01-07,11.98,14.919679345045198,-0.19703368129164656
2019-01-08,12.16,14.969679345045199,-0.187691351316431
2019-01-09,12.21,14.9396793450452,-0.1827133823960222
2019-01-10,12.18,14.999679345045198,-0.18798264150737432
2019-01-11,12.24,15.049679345045199,-0.186693635168395
2019-01-14,12.29,15.139679345045199,-0.18822587190248663
2019-01-15,12.38,15.139679345045199,-0.18228122816540138
2019-01-16,12.38,15.1996793450452,-0.18550913351763298
2019-01-17,12.44,15.2796793450452,-0.18584678911904218
2019-01-18,12.52,15.1096793450452,-0.17139207827692338
2019-01-22,12.35,14.929679345045198,-0.17278866380350844
2019-01-23,12.17,15.1996793450452,-0.19932521445150198
2019-01-24,12.44,15.4496793450452,-0.19480529516688128
2019-01-25,12.69,15.389679345045199,-0.17542141616578755
2019-01-28,12.63,15.479679345045199,-0.1840916262879395
2019-01-29,12.72,15.429679345045198,-0.1756147541663161
2019-01-30,12.67,15.589679345045198,-0.18728283503619003
2019-01-31,12.83,15.499679345045198,-0.17224094031975046
2019-02-01,12.74,15.629679345045199,-0.18488410934426902
2019-02-04,12.87,15.739679345045198,-0.18232133464323497
2019-02-05,12.98,15.679679345045198,-0.17217694862480082
2019-02-06,12.92,15.469679345045199,-0.16481785356862222
2019-02-07,12.71,15.219679345045199,-0.16489699212107445
2019-02-08,12.46,14.979679345045199,-0.1682064940781678
2019-02-11,12.22,15.159679345045198,-0.19391434859115309
2019-02-12,12.4,15.1996793450452,-0.18419331628583602
2019-02-13,12.44,15.259679345045198,-0.1847797244809568
2019-02-14,12.5,15.509679345045198,-0.19405168076583645
2019-02-15,12.75,15.5196793450452,-0.17846240785441514
2019-02-19,12.76,15.639679345045199,-0.18412649527610103
2019-02-20,12.88,15.559679345045199,-0.17221944524830524
2019-02-21,12.8,15.739679345045198,-0.18676869335146906
2019-02-22,12.98,15.7796793450452,-0.17742308216955593
2019-02-25,13.02,15.7796793450452,-0.17488817641352994
2019-02-26,13.02,15.799679345045199,-0.17593264295689082
2019-02-27,13.04,15.7796793450452,-0.17362072353551694
2019-02-28,13.02,16.0096793450452,-0.18674198780692441
2019-03-01,13.25,15.999679345045198,-0.1718584032683581
2019-03-04,13.24,15.9396793450452,-0.16936848518752579
2019-03-05,13.18,15.879679345045199,-0.17000842941375627
2019-03-06,13.12,15.659679345045198,-0.1621795241834736
2019-03-07,12.9,15.559679345045199,-0.17093407171608221
2019-03-08,12.8,15.799679345045199,-0.18985697617881736
2019-03-11,13.04,15.629679345045199,-0.1656898576019834
2019-03-12,12.87,15.499679345045198,-0.16966024177047456
2019-03-13,12.74,15.399679345045199,-0.17271004710243798
2019-03-14,12.64,15.399679345045199,-0.17920368880493065
2019-03-15,12.64,15.379679345045199,-0.1781363111401818
2019-03-18,12.62,15.299679345045199,-0.17514611153684168
2019-03-19,12.54,15.3596793450452,-0.1835767063688596
2019-03-20,12.6,15.6096793450452,-0.19280853107341556
2019-03-21,12.85,15.389679345045199,-0.16502483827662495
2019-03-22,12.63,15.319679345045198,-0.1755702116516631
2019-03-25,12.56,15.179679345045198,-0.17257804236163177
2019-03-26,12.42,15.069679345045198,-0.175828515283996
2019-03-27,12.31,15.139679345045199,-0.186904839960912
2019-03-28,12.38,15.1996793450452,-0.18550913351763298
2019-03-29,12.44,15.326539509536785,-0.18833602378023195
2019-04-01,12.52,15.246539509536785,-0.1788300556878052
2019-04-02,12.44,15.296539509536785,-0.18674416574780506
2019-04-03,12.49,15.306539509536785,-0.1840089007565643
2019-04-04,12.5,15.356539509536784,-0.18601453196944562
2019-04-05,12.55,15.326539509536785,-0.1811589307429189
2019-04-08,12.52,15.326539509536785,-0.18311631975309517
2019-04-09,12.52,15.456539509536785,-0.18998686657676012
2019-04-10,12.65,15.346539509536784,-0.1757099382477122
2019-04-11,12.54,15.456539509536785,-0.18869291588439074
2019-04-12,12.65,15.346539509536784,-0.1757099382477122
2019-04-15,12.54,15.476539509536785,-0.18974135062474806
2019-04-16,12.67,15.396539509536785,-0.17708781300161225
2019-04-17,12.59,15.326539509536785,-0.17854907872935055
2019-04-18,12.52,15.246539509536785,-0.1788300556878052
2019-04-22,12.44,15.306539509536785,-0.1872754784156654
2019-04-23,12.5,15.316539509536785,-0.18388876337132665
2019-04-24,12.51,15.156539509536785,-0.1746137043928485
2019-04-25,12.35,15.266539509536784,-0.19104129706112283
2019-04-26,12.46,15.246539509536785,-0.18276537490974853
2019-04-29,12.44,15.226539509536785,-0.18300543651375956
2019-04-30,12.42,15.176539509536784,-0.1816316234543851
2019-05-01,12.37,15.066539509536785,-0.17897537173880806
2019-05-02,12.26,15.146539509536785,-0.19057419073969473
2019-05-03,12.34,14.836539509536784,-0.1682696634165961
2019-05-06,12.03,14.376539509536785,-0.16322005083213464
2019-05-07,11.57,14.226539509536785,-0.18673125026335247
2019-05-08,11.42,14.236539509536785,-0.19783877308457154
2019-05-09,11.43,14.706539509536785,-0.22279473069868272
2019-05-10,11.9,14.266539509536786,-0.1658804160570837
2019-05-13,11.46,14.326539509536785,-0.20008596686091618
2019-05-14,11.52,14.376539509536785,-0.19869451251755532
2019-05-15,11.57,14.336539509536784,-0.19297121928875927
2019-05-16,11.53,14.216539509536785,-0.18897281632668717
2019-05-17,11.41,14.396539509536785,-0.20744842936445895
2019-05-20,11.59,14.606539509536784,-0.2065197925605342
2019-05-21,11.8,14.566539509536785,-0.18992427870226258
2019-05-22,11.76,14.596539509536782,-0.19432958802896427
2019-05-23,11.79,14.586539509536784,-0.19172055906120755
2019-05-24,11.78,14.586539509536784,-0.19240612262434487
2019-05-28,11.78,14.416539509536785,-0.18288296631744883
2019-05-29,11.61,14.256539509536784,-0.1856368796766148
2019-05-30,11.45,14.196539509536784,-0.19346542216796891
2019-05-31,11.39,14.226539509536785,-0.19938365950731063
2019-06-03,11.42,14.386539509536785,-0.20620243718583453
2019-06-04,11.58,14.426539509536784,-0.1973127032754498
2019-06-05,11.62,14.406539509536785,-0.19342184899379644
2019-06-06,11.6,14.526539509536784,-0.2014615736676646
2019-06-07,11.72,14.576539509536785,-0.19596828915860842
2019-06-10,11.77,14.606539509536784,-0.1941965451628549
2019-06-11,11.8,14.546539509536785,-0.18881050766308638
2019-06-12,11.74,14.596539509536782,-0.1956997758044251
2019-06-13,11.79,14.636539509536785,-0.19448172894160232
2019-06-14,11.83,15.046539509536785,-0.2137727088343523
2019-06-17,12.24,15.696539509536784,-0.22021028949958588
2019-06-18,12.89,16.176539509536784,-0.203167031341853
2019-06-19,13.37,16.366539509536786,-0.18308937621118393
2019-06-20,13.56,16.336539509536784,-0.16995885254131837
2019-06-21,13.53,16.126539509536784,-0.16101033380417806
2019-06-24,13.32,16.056539509536783,-0.17043146239022522
2019-06-25,13.25,16.106539509536784,-0.17735277697890406
2019-06-26,13.3,16.236539509536783,-0.18085993679946155
2019-06-27,13.43,16.296539509536785,-0.17589866289461498
2019-06-28,13.49,16.39469297499575,-0.17717275824718526
2019-07-01,13.6,16.30469297499575,-0.16588432417240628
2019-07-02,13.51,16.244692974995747,-0.16834377720804317
2019-07-03,13.45,16.25469297499575,-0.17254665955919002
2019-07-05,13.46,16.084692974995747,-0.16317955083606062
2019-07-08,13.29,16.09469297499575,-0.17426197438826818
2019-07-09,13.3,16.09469297499575,-0.1736406515698996
2019-07-10,13.3,16.014692974995747,-0.16951264562076107
2019-07-11,13.22,16.104692974995746,-0.17912126480613688
2019-07-12,13.31,16.154692974995747,-0.17609081023073392
2019-07-15,13.36,16.374692974995746,-0.18410683971902253
2019-07-16,13.58,16.014692974995747,-0.15202870131804025
2019-07-17,13.22,16.07469297499575,-0.17758926901037764
2019-07-18,13.28,15.934692974995748,-0.16659831345112297
2019-07-19,13.14,16.05469297499575,-0.181547724365406
2019-07-22,13.26,16.174692974995747,-0.1802008223279128
2019-07-23,13.38,16.364692974995748,-0.1823861272286731
2019-07-24,13.57,16.16469297499575,-0.16051606912728456
2019-07-25,13.37,16.224692974995747,-0.1759474265180353
2019-07-26,13.43,16.174692974995747,-0.16969057646032193
2019-07-29,13.38,16.174692974995747,-0.17278182524490737
2019-07-30,13.38,15.954692974995748,-0.16137527553998154
2019-07-31,13.16,15.824692974995747,-0.16838828906230097
2019-08-01,13.03,15.774692974995748,-0.1739934323505582
2019-08-02,12.98,15.554692974995747,-0.16552515559995817
2019-08-05,12.76,15.694692974995748,-0.18698632586640607
2019-08-06,12.9,15.584692974995747,-0.17226473304947987
2019-08-07,12.79,15.824692974995747,-0.1917694693850175
2019-08-08,13.03,16.494692974995747,-0.21004895212344143
2019-08-09,13.7,16.82469297499575,-0.18572065354414224
2019-08-12,14.03,16.834692974995747,-0.16660196768432334
2019-08-13,14.04,16.174692974995747,-0.13197734128837824
2019-08-14,13.38,16.444692974995746,-0.18636364811770156
2019-08-15,13.65,16.55469297499575,-0.17546039539259384
2019-08-16,13.76,16.784692974995746,-0.18020543953360657
2019-08-19,13.99,16.714692974995746,-0.16301184706603555
2019-08-20,13.92,16.89469297499575,-0.17607262703135906
2019-08-21,14.1,16.944692974995746,-0.1678810574610875
2019-08-22,14.15,16.334692974995747,-0.13374557932248587
2019-08-23,13.54,16.454692974995748,-0.17713444908542886
2019-08-26,13.66,16.30469297499575,-0.16220440207316678
2019-08-27,13.51,16.514692974995747,-0.18194058948265257
2019-08-28,13.72,16.59469297499575,-0.17322965717577454
2019-08-29,13.8,16.544692974995748,-0.16589567295953112
2019-08-30,13.75,16.34469297499575,-0.15874834595945808
2019-09-03,13.55,16.684692974995748,-0.18787837329062662
2019-09-04,13.89,16.794692974995748,-0.17295302625182296
2019-09-05,14.0,16.904692974995747,-0.17182760901319938
2019-09-06,14.11,17.16469297499575,-0.17796374100285972
2019-09-09,14.37,17.30469297499575,-0.16958942751750672
2019-09-10,14.51,17.34469297499575,-0.1634328713158697
2019-09-11,14.55,17.214692974995746,-0.1547917804207254
2019-09-12,14.42,17.34469297499575,-0.16862177838558512
2019-09-13,14.55,16.874692974995746,-0.13776209015715923
2019-09-16,14.08,17.044692974995748,-0.17393642580390845
2019-09-17,14.25,17.034692974995746,-0.16347186175196926
2019-09-18,14.24,16.744692974995747,-0.14958130189283947
2019-09-19,13.95,16.73469297499575,-0.1664023940658198
2019-09-20,13.94,16.80469297499575,-0.17046981930929772
2019-09-23,14.01,16.724692974995747,-0.16231646099897612
2019-09-24,13.93,16.834692974995747,-0.17254208195599607
2019-09-25,14.04,16.724692974995747,-0.1605227060974751
2019-09-26,13.93,16.654692974995747,-0.16359911161895457
2019-09-27,13.86,16.714692974995746,-0.1707894353349002
2019-09-30,13.92,16.336110448269984,-0.14789998242977442
2019-10-01,13.88,16.206110448269985,-0.1435329257871557
2019-10-02,13.75,16.146110448269983,-0.1484017129665257
2019-10-03,13.69,16.316110448269985,-0.16095199015696993
2019-10-04,13.86,16.166110448269986,-0.1426509150515407
2019-10-07,13.71,15.426110448269984,-0.11124712571096895
2019-10-08,12.97,15.536110448269985,-0.16517071353311163
2019-10-09,13.08,15.636110448269985,-0.16347482685841475
2019-10-10,13.18,15.956110448269985,-0.17398415843699433
2019-10-11,13.5,15.986110448269985,-0.15551690677447005
2019-10-14,13.53,15.876110448269985,-0.14777614806311967
2019-10-15,13.42,16.116110448269986,-0.16729287484868316
2019-10-16,13.66,16.126110448269984,-0.15292655077496065
2019-10-17,13.67,15.926110448269984,-0.1416611077512061
2019-10-18,13.47,16.106110448269984,-0.16367144983493753
2019-10-21,13.65,16.296110448269985,-0.16237681112126356
2019-10-22,13.84,16.306110448269983,-0.1512384241535435
2019-10-23,13.85,16.266110448269984,-0.148536459035722
2019-10-24,13.81,16.256110448269986,-0.15047329163110523
2019-10-25,13.8,16.346110448269986,-0.15576246449132836
2019-10-28,13.89,16.416110448269986,-0.1538799617747577
2019-10-29,13.96,16.096110448269986,-0.13270972854809004
2019-10-30,13.64,16.166110448269986,-0.1562596306856432
2019-10-31,13.71,16.216110448269983,-0.1545444856375745
2019-11-01,13.76,16.266110448269984,-0.15406943511419025
2019-11-04,13.81,16.206110448269985,-0.14785228423059227
2019-11-05,13.75,16.006110448269986,-0.14095307261320544
2019-11-06,13.55,15.776110448269984,-0.141106418820369
2019-11-07,13.32,15.356110448269984,-0.13259284993612241
2019-11-08,12.9,15.606110448269984,-0.17340069822266124
2019-11-11,13.15,15.576110448269985,-0.1557584261056295
2019-11-12,13.12,15.566110448269985,-0.1571433311101712
2019-11-13,13.11,15.366110448269986,-0.14682378184545675
2019-11-14,12.91,15.446110448269984,-0.16419087878230443
2019-11-15,12.99,15.346110448269984,-0.15353144083070225
2019-11-18,12.89,15.336110448269984,-0.15950005423610658
2019-11-19,12.88,15.186110448269984,-0.15185655709047585
2019-11-20,12.73,15.026110448269984,-0.1528080374608416
2019-11-21,12.57,15.166110448269984,-0.17117839522038591
2019-11-22,12.71,15.316110448269985,-0.1701548481954408
2019-11-25,12.86,15.496110448269985,-0.17011433011335342
2019-11-26,13.04,15.526110448269984,-0.16012448555954995
2019-11-27,13.07,15.336110448269984,-0.1477630495629103
2019-11-29,12.88,15.336110448269984,-0.16015211005128416
2019-12-02,12.88,15.126110448269985,-0.14849226811819816
2019-12-03,12.67,15.296110448269985,-0.1716848513320589
2019-12-04,12.84,15.456110448269985,-0.1692605948324346
2019-12-05,13.0,15.666110448269984,-0.1701833047247796
2019-12-06,13.21,15.686110448269984,-0.15785369205678856
2019-12-09,13.23,15.666110448269984,-0.15550193242375643
2019-12-10,13.21,15.766110448269984,-0.16212688961280652
2019-12-11,13.31,16.246110448269985,-0.180726978166189
2019-12-12,13.79,16.046110448269985,-0.1406017025461288
2019-12-13,13.59,16.186110448269986,-0.16039124758026502
2019-12-16,13.73,16.246110448269985,-0.15487463638029864
2019-12-17,13.79,16.516110448269984,-0.16505765427086605
2019-12-18,14.06,16.376110448269984,-0.14143226840013545
2019-12-19,13.92,16.406110448269985,-0.15153564009634857
2019-12-20,13.95,16.456110448269985,-0.15229057049343342
2019-12-23,14.0,16.436110448269986,-0.1482169675080519
2019-12-24,13.98,16.626110448269984,-0.15915390773464533
2019-12-26,14.17,16.606110448269984,-0.14669964142769965
2019-12-27,14.15,16.526110448269986,-0.14377917028375697
2019-12-30,14.07,16.966666666666665,-0.17072691552062857
2019-12-31,14.14,17.266666666666666,-0.181081081081081
2020-01-02,14.44,17.226666666666667,-0.16176470588235292
2020-01-03,14.4,17.186666666666667,-0.16214119472459276
2020-01-06,14.36,17.326666666666668,-0.17121969988457109
2020-01-07,14.5,17.366666666666667,-0.1650671785028791
2020-01-08,14.54,17.256666666666668,-0.15742708132122862
2020-01-09,14.43,17.176666666666666,-0.15990685037842034
2020-01-10,14.35,17.39666666666667,-0.17512933512167095
2020-01-13,14.57,17.496666666666666,-0.16726995618212992
2020-01-14,14.67,17.616666666666667,-0.1672658467360454
2020-01-15,14.79,17.736666666666668,-0.16613418530351454
2020-01-16,14.91,17.736666666666668,-0.15936853974816767
2020-01-17,14.91,17.316666666666666,-0.13897978825794033
2020-01-21,14.49,17.276666666666667,-0.16129654640169788
2020-01-22,14.45,17.176666666666666,-0.15874248010867453
2020-01-23,14.35,16.766666666666666,-0.1441351888667992
2020-01-24,13.94,16.486666666666668,-0.15446825717751733
2020-01-27,13.66,16.336666666666666,-0.1638441134462354
2020-01-28,13.51,16.196666666666665,-0.16587775262399662
2020-01-29,13.37,16.476666666666667,-0.18854946388832694
2020-01-30,13.65,16.446666666666665,-0.1700445885691122
2020-01-31,13.62,16.466666666666665,-0.1728744939271255
2020-02-03,13.64,16.636666666666667,-0.18012422360248448
2020-02-04,13.81,16.916666666666668,-0.18364532019704438
2020-02-05,14.09,17.296666666666667,-0.18539217575640776
2020-02-06,14.47,17.016666666666666,-0.14965719882468165
2020-02-07,14.19,16.586666666666666,-0.14449356913183276
2020-02-10,13.76,16.956666666666667,-0.18851975624139972
2020-02-11,14.13,17.266666666666666,-0.1816602316602316
2020-02-12,14.44,17.226666666666667,-0.16176470588235292
2020-02-13,14.4,17.426666666666666,-0.17368018362662585
2020-02-14,14.6,17.326666666666668,-0.15736821854559457
2020-02-18,14.5,17.436666666666667,-0.16841904033645583
2020-02-19,14.61,17.376666666666665,-0.15921734126222897
2020-02-20,14.55,17.166666666666668,-0.15242718446601944
2020-02-21,14.34,16.436666666666667,-0.12756033258973842
2020-02-24,13.61,15.686666666666667,-0.1323841903952402
2020-02-25,12.86,15.156666666666666,-0.1515284803166923
2020-02-26,12.33,14.756666666666666,-0.1644454483849107
2020-02-27,11.93,14.906666666666666,-0.1996869409660107
2020-02-28,12.08,15.256666666666666,-0.20821498798339522
2020-03-02,12.43,14.666666666666666,-0.15249999999999997
2020-03-03,11.84,14.596666666666666,-0.1888559031742406
2020-03-04,11.77,13.896666666666667,-0.15303430079155678
2020-03-05,11.07,13.846666666666666,-0.2005296100144438
2020-03-06,11.02,12.966666666666667,-0.15012853470437026
2020-03-09,10.14,13.626666666666667,-0.2558708414872798
2020-03-10,10.8,12.916666666666666,-0.16387096774193544
2020-03-11,10.09,12.046666666666667,-0.16242390702822362
2020-03-12,9.22,13.296666666666667,-0.306593131110554
2020-03-13,10.47,12.966666666666667,-0.19254498714652957
2020-03-16,10.14,13.706666666666667,-0.26021400778210113
2020-03-17,10.88,12.706666666666667,-0.14375655823714584
2020-03-18,9.88,12.496666666666666,-0.20938917044545202
2020-03-19,9.67,11.846666666666666,-0.18373663477771518
2020-03-20,9.02,11.056666666666667,-0.18420259270425088
2020-03-23,8.23,11.506666666666666,-0.2847624565469292
2020-03-24,8.68,11.546666666666667,-0.24826789838337182
2020-03-25,8.72,11.986666666666666,-0.27252502780867627
2020-03-26,9.16,11.356666666666667,-0.1934253008511888
2020-03-27,8.53,11.646666666666667,-0.2676016027475673
2020-03-30,8.82,11.806666666666667,-0.25296442687747034
2020-03-31,8.98,11.466666666666667,-0.216860465116279
2020-04-01,8.64,11.026666666666667,-0.21644498186215233
2020-04-02,8.2,11.006666666666666,-0.25499697153240464
2020-04-03,8.18,11.756666666666666,-0.304224553444854
2020-04-06,8.93,11.616666666666667,-0.2312769010043042
2020-04-07,8.79,11.776666666666667,-0.25360883102179466
2020-04-08,8.95,12.316666666666666,-0.2733423545331529
2020-04-09,9.49,12.216666666666667,-0.2231923601637108
2020-04-13,9.39,12.236666666666666,-0.23263415962952871
2020-04-14,9.41,11.756666666666666,-0.19960306209242973
2020-04-15,8.93,11.266666666666667,-0.20739644970414206
2020-04-16,8.44,11.726666666666667,-0.28027288231949976
2020-04-17,8.9,11.596666666666666,-0.2325380856567978
2020-04-20,8.77,11.266666666666667,-0.22159763313609482
2020-04-21,8.44,11.266666666666667,-0.2508875739644971
2020-04-22,8.44,11.506666666666666,-0.2665121668597914
2020-04-23,8.68,11.656666666666666,-0.25536173863311407
2020-04-24,8.83,12.286666666666667,-0.281334780249593
2020-04-27,9.46,12.636666666666667,-0.2513848588762859
2020-04-28,9.81,13.326666666666666,-0.26388194097048523
2020-04-29,10.5,12.736666666666666,-0.17560847945563984
2020-04-30,9.91,12.306666666666667,-0.19474539544962077
2020-05-01,9.48,12.466666666666667,-0.23957219251336892
2020-05-04,9.64,12.376666666666667,-0.22111500134662
2020-05-05,9.55,12.496666666666666,-0.23579621232328607
2020-05-06,9.67,12.476666666666667,-0.22495324605931066
2020-05-07,9.65,13.756666666666666,-0.2985219287618124
2020-05-08,10.93,13.526666666666667,-0.19196648595367183
2020-05-11,10.7,13.416666666666666,-0.20248447204968945
2020-05-12,10.59,13.436666666666667,-0.2118580997271149
2020-05-13,10.61,13.556666666666667,-0.21735923284976644
2020-05-14,10.73,13.696666666666667,-0.21659771233876857
2020-05-15,10.87,13.986666666666666,-0.22283126787416596
2020-05-18,11.16,13.926666666666666,-0.19865964576352313
2020-05-19,11.1,14.276666666666667,-0.22250758813915483
2020-05-20,11.45,14.206666666666667,-0.19404035664007513
2020-05-21,11.38,14.346666666666666,-0.2067843866171003
2020-05-22,11.52,14.706666666666667,-0.21668177697189483
2020-05-26,11.88,14.916666666666666,-0.20357541899441334
2020-05-27,12.09,14.706666666666667,-0.17792384406165007
2020-05-28,11.88,15.076666666666666,-0.21202741543223513
2020-05-29,12.25,15.016666666666667,-0.1842397336293008
2020-06-01,12.19,15.076666666666666,-0.19146584125580368
2020-06-02,12.25,15.736666666666666,-0.22156322812963358
2020-06-03,12.91,15.616666666666667,-0.1733191035218784
2020-06-04,12.79,15.786666666666667,-0.1898226351351352
2020-06-05,12.96,15.216666666666667,-0.14830230010952894
2020-06-08,13.36,,
2020-06-09,12.88,,
2020-06-10,12.39,14.616666666666667,-0.1523375142531357
2020-06-11,11.41,,
2020-06-12,11.72,,
2020-06-15,11.79,14.766666666666667,-0.20158013544018072
2020-06-16,11.94,15.126666666666667,-0.21066549140590574
2020-06-17,12.3,14.756666666666666,-0.1664784278292296
2020-06-18,11.93,14.686666666666667,-0.18769859282796197
2020-06-19,11.86,14.786666666666667,-0.19792605951307485
2020-06-22,11.96,14.826666666666666,-0.1933453237410071
2020-06-23,12.0,14.496666666666666,-0.1722234996550931
2020-06-24,11.67,14.586666666666666,-0.19995429616087745
2020-06-25,11.76,14.306666666666667,-0.17800559179869524
2020-06-26,11.48,14.476666666666667,-0.20699976974441625
2020-06-29,11.65,14.686666666666667,-0.2067635043123014
2020-06-30,11.86,14.906666666666666,-0.2043828264758497
2020-07-01,12.08,14.856666666666667,-0.18689701592999775
2020-07-02,12.03,14.996666666666666,-0.19782173816403648
2020-07-06,12.17,14.826666666666666,-0.17918165467625902
2020-07-07,12.0,14.676666666666666,-0.18237565296388825
2020-07-08,11.85,14.556666666666667,-0.1859400045798031
2020-07-09,11.73,14.786666666666667,-0.20671776375112716
2020-07-10,11.96,14.756666666666666,-0.1895188615315111
2020-07-13,11.93,15.256666666666666,-0.21804675551671393
2020-07-14,12.43,15.476666666666667,-0.19685548136980402
2020-07-15,12.65,15.586666666666666,-0.18840889649272874
2020-07-16,12.76,15.646666666666667,-0.1844908393694078
2020-07-17,12.82,,
2020-07-20,12.66,,
2020-07-21,12.75,,
2020-07-22,12.85,,
2020-07-23,12.72,,
2020-07-24,12.71,,
2020-07-27,12.88,,
2020-07-28,12.71,,
2020-07-29,12.87,,
2020-07-30,12.9,,
2020-07-31,12.72,,
2020-08-03,13.0,,
2020-08-04,13.39,,
2020-08-05,13.29,,
2020-08-06,13.51,,
