date,PAYC,dcf,Deviation
2014-04-15,15.35,15.891339317848614,-0.03406505310981556
2014-04-16,15.62,16.521339317848614,-0.054556068397848656
2014-04-17,16.25,16.371339317848616,-0.007411691584470859
2014-04-21,16.1,16.251339317848615,-0.00931242126502152
2014-04-22,15.98,16.341339317848615,-0.02211197692063993
2014-04-23,16.07,16.021339317848614,0.0030372418426451997
2014-04-24,15.75,15.571339317848615,0.011473687555353385
2014-04-25,15.3,15.241339317848615,0.0038487878872095482
2014-04-28,14.97,15.551339317848612,-0.03738194543677631
2014-04-29,15.28,15.681339317848613,-0.02559343368023459
2014-04-30,15.41,15.941339317848614,-0.033330908228877854
2014-05-01,15.67,16.071339317848615,-0.02497236290710958
2014-05-02,15.8,15.951339317848612,-0.009487561817412504
2014-05-05,15.68,15.581339317848613,0.00633197699753385
2014-05-06,15.31,15.321339317848615,-0.0007400996488214906
2014-05-07,15.05,15.451339317848612,-0.025974403227622123
2014-05-08,15.18,14.781339317848612,0.0269705385675032
2014-05-09,14.51,14.361339317848614,0.01035144974024993
2014-05-12,14.09,14.141339317848614,-0.0036304423997389756
2014-05-13,13.87,14.341339317848615,-0.03286578104054805
2014-05-14,14.07,14.561339317848613,-0.033742728407293754
2014-05-15,14.29,14.081339317848613,0.014818241180148295
2014-05-16,13.81,13.511339317848615,0.022104446874252615
2014-05-19,13.24,14.271339317848614,-0.07226647022250798
2014-05-20,14.0,14.271339317848614,-0.019012883921080914
2014-05-21,14.0,15.651339317848613,-0.10550786001843593
2014-05-22,15.38,14.801339317848612,0.03909515684527243
2014-05-23,14.53,14.301339317848612,0.015988760008372793
2014-05-27,14.03,13.521339317848614,0.03761910489739262
2014-05-28,13.25,13.751339317848613,-0.03645749015864208
2014-05-29,13.48,13.621339317848612,-0.010376315760918575
2014-05-30,13.35,13.811339317848613,-0.03340293850086051
2014-06-02,13.54,14.301339317848612,-0.05323552577334012
2014-06-03,14.03,14.571339317848615,-0.037150965058203145
2014-06-04,14.3,14.441339317848614,-0.009787133640293821
2014-06-05,14.17,14.721339317848612,-0.037451709110471465
2014-06-06,14.45,14.911339317848615,-0.03093882501194245
2014-06-09,14.64,14.701339317848612,-0.004172362566595589
2014-06-10,14.43,14.731339317848613,-0.020455663354621678
2014-06-11,14.46,14.241339317848615,0.01535394089496478
2014-06-12,13.97,14.271339317848614,-0.021114999169821402
2014-06-13,14.0,14.711339317848614,-0.04835313104263572
2014-06-16,14.44,14.271339317848614,0.011818139727113541
2014-06-17,14.0,14.441339317848614,-0.03056083013735056
2014-06-18,14.17,14.561339317848613,-0.026875228253827488
2014-06-19,14.29,14.391339317848614,-0.007041687754726911
2014-06-20,14.12,14.911339317848615,-0.053069633852500186
2014-06-23,14.64,14.971339317848612,-0.02213157492553741
2014-06-24,14.7,14.991339317848615,-0.01943384187840702
2014-06-25,14.72,14.991339317848615,-0.01809973826191491
2014-06-26,14.72,14.251339317848613,0.03288537811772052
2014-06-27,13.98,14.861339317848614,-0.05930416492072932
2014-06-30,14.59,14.877522788042247,-0.01932598539007735
2014-07-01,14.6,14.52752278804225,0.004988958751963368
2014-07-02,14.25,14.95752278804225,-0.047302136728675226
2014-07-03,14.68,14.297522788042247,0.02675129234818474
2014-07-07,14.02,13.70752278804225,0.022796038116408512
2014-07-08,13.43,13.69752278804225,-0.019530742323407124
2014-07-09,13.42,13.577522788042248,-0.011601732547337651
2014-07-10,13.3,13.307522788042247,-0.0005653034123680456
2014-07-11,13.03,13.567522788042247,-0.03961834422095045
2014-07-14,13.29,13.24752278804225,0.0032064267891722675
2014-07-15,12.97,13.127522788042247,-0.011999429792324046
2014-07-16,12.85,12.68752278804225,0.012806062670553953
2014-07-17,12.41,12.75752278804225,-0.027240616678967378
2014-07-18,12.48,13.057522788042247,-0.04422912350351227
2014-07-21,12.78,12.897522788042249,-0.009112043450018814
2014-07-22,12.62,13.117522788042248,-0.03792810548770564
2014-07-23,12.84,13.27752278804225,-0.03295213987026879
2014-07-24,13.0,13.27752278804225,-0.02090169924559926
2014-07-25,13.0,13.23752278804225,-0.01794314478965886
2014-07-28,12.96,13.157522788042249,-0.015012156256477005
2014-07-29,12.88,13.27752278804225,-0.0299395297141013
2014-07-30,13.0,13.057522788042247,-0.004405336982825303
2014-07-31,12.78,12.92752278804225,-0.011411527982662428
2014-08-01,12.65,12.967522788042249,-0.024486001932076507
2014-08-04,12.69,12.76752278804225,-0.006071873873203959
2014-08-05,12.49,14.107522788042248,-0.11465675528897845
2014-08-06,13.83,14.097522788042248,-0.018976581351524024
2014-08-07,13.82,13.857522788042248,-0.002707755824484459
2014-08-08,13.58,14.18752278804225,-0.04282092068632948
2014-08-11,13.91,14.167522788042248,-0.018176980682861776
2014-08-12,13.89,15.02752278804225,-0.07569596160901537
2014-08-13,14.75,15.53752278804225,-0.050685221755448095
2014-08-14,15.26,17.117522788042248,-0.10851586476869501
2014-08-15,16.84,16.727522788042247,0.006724080629449736
2014-08-18,16.45,16.467522788042253,-0.0010640816027883693
2014-08-19,16.19,16.047522788042247,0.008878455188355838
2014-08-20,15.77,16.817522788042247,-0.06228757952313091
2014-08-21,16.54,17.727522788042247,-0.06698752004105546
2014-08-22,17.45,17.527522788042248,-0.00442291754400892
2014-08-25,17.25,18.32752278804225,-0.05879260391618646
2014-08-26,18.05,18.257522788042248,-0.011366426346632541
2014-08-27,17.98,18.15752278804225,-0.009776817582140551
2014-08-28,17.88,18.19752278804225,-0.017448681984940095
2014-08-29,17.92,18.35752278804225,-0.023833432925233322
2014-09-02,18.08,17.62752278804225,0.02566879177513748
2014-09-03,17.35,16.927522788042246,0.024958005802018235
2014-09-04,16.65,16.707522788042247,-0.0034429274029431634
2014-09-05,16.43,16.66752278804225,-0.01425063526612691
2014-09-08,16.39,16.38752278804225,0.0001511645164304909
2014-09-09,16.11,16.63752278804225,-0.03170681084935267
2014-09-10,16.36,16.977522788042247,-0.03637296181261418
2014-09-11,16.7,18.017522788042246,-0.07312452458318253
2014-09-12,17.74,17.43752278804225,0.017346340740851618
2014-09-15,17.16,18.16752278804225,-0.05545735650351813
2014-09-16,17.89,18.007522788042248,-0.0065263162193685
2014-09-17,17.73,18.32752278804225,-0.03260248506863683
2014-09-18,18.05,19.267522788042246,-0.06319041640360024
2014-09-19,18.99,18.55752278804225,0.023304684407361886
2014-09-22,18.28,18.57752278804225,-0.016015202426975517
2014-09-23,18.3,18.69752278804225,-0.02126071953748221
2014-09-24,18.42,17.267522788042246,0.06674247522961685
2014-09-25,16.99,17.497522788042247,-0.029005408033478175
2014-09-26,17.22,17.18752278804225,0.0018895807358778605
2014-09-29,16.91,16.837522788042246,0.004304505649086687
2014-09-30,16.56,16.460638437603325,0.006036312793900267
2014-10-01,16.1,16.660638437603325,-0.03365047742335936
2014-10-02,16.3,16.930638437603324,-0.037248355395899435
2014-10-03,16.57,16.510638437603323,0.0035953523312266533
2014-10-06,16.15,16.120638437603322,0.0018213647375271425
2014-10-07,15.76,16.040638437603324,-0.017495465576073066
2014-10-08,15.68,15.240638437603323,0.028828291163488062
2014-10-09,14.88,15.240638437603323,-0.023662948181587762
2014-10-10,14.88,15.340638437603324,-0.03002733161836313
2014-10-13,14.98,15.400638437603321,-0.02731305194311029
2014-10-14,15.04,16.620638437603326,-0.0951009459436416
2014-10-15,16.26,17.120638437603326,-0.050269062146248045
2014-10-16,16.76,16.790638437603324,-0.001824733330848538
2014-10-17,16.43,16.70063843760332,-0.016205274942899695
2014-10-20,16.34,17.030638437603326,-0.04055270388915133
2014-10-21,16.67,16.840638437603324,-0.010132539703619825
2014-10-22,16.48,16.890638437603325,-0.024311599536055883
2014-10-23,16.53,16.870638437603326,-0.02019120016490117
2014-10-24,16.51,16.930638437603324,-0.02484480660038635
2014-10-27,16.57,17.270638437603324,-0.04056818398084372
2014-10-28,16.91,17.13063843760332,-0.012879755673261939
2014-10-29,16.77,17.790638437603324,-0.057369410388670716
2014-10-30,17.43,18.110638437603324,-0.03758224426755197
2014-10-31,17.75,18.040638437603324,-0.016110207995606585
2014-11-03,17.68,18.090638437603324,-0.022698946696638855
2014-11-04,17.73,21.51063843760332,-0.1757566819120665
2014-11-05,21.15,21.95063843760332,-0.036474494346905195
2014-11-06,21.59,21.780638437603326,-0.008752656087169464
2014-11-07,21.42,22.430638437603324,-0.045056160145181656
2014-11-10,22.07,22.860638437603324,-0.03458514248240796
2014-11-11,22.5,22.710638437603325,-0.009274879620053245
2014-11-12,22.35,22.960638437603325,-0.02659501125209407
2014-11-13,22.6,24.050638437603325,-0.06031600538866533
2014-11-14,23.69,25.210638437603325,-0.060317331564883836
2014-11-17,24.85,25.20063843760332,-0.01391387120891796
2014-11-18,24.84,26.050638437603325,-0.04647250548208459
2014-11-19,25.69,26.460638437603325,-0.029123954791210438
2014-11-20,26.1,27.29063843760332,-0.04362809028178538
2014-11-21,26.93,27.830638437603323,-0.03236140053425529
2014-11-24,27.47,28.04063843760332,-0.02035040817180822
2014-11-25,27.68,28.65063843760332,-0.03387842262982099
2014-11-26,28.29,29.110638437603324,-0.028190327716869135
2014-11-28,28.75,28.740638437603323,0.0003257256242585882
2014-12-01,28.38,27.960638437603325,0.01499828279431159
2014-12-02,27.6,27.280638437603326,0.011706528171146813
2014-12-03,26.92,27.630638437603324,-0.025719218873936467
2014-12-04,27.27,27.690638437603322,-0.01519063702887058
2014-12-05,27.33,26.780638437603326,0.0205133855817754
2014-12-08,26.42,27.750638437603325,-0.04794983151811927
2014-12-09,27.39,26.95063843760332,0.016302454704882008
2014-12-10,26.59,26.000638437603325,0.02266719580025045
2014-12-11,25.64,24.820638437603325,0.03301130083565229
2014-12-12,24.46,24.600638437603322,-0.005716861290410602
2014-12-15,24.24,26.95063843760332,-0.1005778933170377
2014-12-16,26.59,27.67063843760332,-0.03905361417808029
2014-12-17,27.31,27.940638437603322,-0.022570652385472734
2014-12-18,27.58,27.570638437603325,0.00033954826319537723
2014-12-19,27.21,28.79063843760332,-0.05490112492742971
2014-12-22,28.43,27.73063843760332,0.025219814681523234
2014-12-23,27.37,26.850638437603322,0.019342615022119203
2014-12-24,26.49,27.04063843760332,-0.020363366747938594
2014-12-26,26.68,26.600638437603322,0.002983445776417515
2014-12-29,26.24,26.430638437603324,-0.007212782167686949
2014-12-30,26.07,26.690638437603322,-0.023253038291093486
2014-12-31,26.33,26.544868969965254,-0.008094557566223903
2015-01-02,26.06,25.664868969965255,0.015395793779315659
2015-01-05,25.18,25.044868969965254,0.005395557477134272
2015-01-06,24.56,25.824868969965255,-0.04897871781794205
2015-01-07,25.34,26.904868969965257,-0.05816303999518335
2015-01-08,26.42,25.914868969965255,0.01949193841651997
2015-01-09,25.43,25.164868969965255,0.010535760402773597
2015-01-12,24.68,24.094868969965255,0.024284466156015316
2015-01-13,23.61,23.664868969965255,-0.002318583298935417
2015-01-14,23.18,24.094868969965255,-0.03796945196529844
2015-01-15,23.61,23.974868969965254,-0.015218809763771657
2015-01-16,23.49,23.724868969965254,-0.009899695136887376
2015-01-20,23.24,25.74486896996526,-0.09729585234586036
2015-01-21,25.26,26.764868969965256,-0.056225530999384876
2015-01-22,26.28,27.524868969965254,-0.04522706252747788
2015-01-23,27.04,27.894868969965255,-0.030646100932960274
2015-01-26,27.41,28.60486896996526,-0.04177152397446238
2015-01-27,28.12,29.24486896996526,-0.03846380611657074
2015-01-28,28.76,27.884868969965254,0.03138372394639366
2015-01-29,27.4,26.654868969965257,0.027954781202427004
2015-01-30,26.17,26.574868969965255,-0.015235031654260767
2015-02-02,26.09,28.064868969965257,-0.07036800963078582
2015-02-03,27.58,27.564868969965257,0.0005489244317187225
2015-02-04,27.08,28.484868969965255,-0.049319832625755344
2015-02-05,28.0,28.534868969965256,-0.018744399020308777
2015-02-06,28.05,30.24486896996526,-0.07256996127656823
2015-02-09,29.76,32.18486896996526,-0.0753418934912592
2015-02-10,31.7,31.934868969965255,-0.0073546245073418115
2015-02-11,31.45,33.564868969965254,-0.06300840834080701
2015-02-12,33.08,32.85486896996525,0.006852288171977028
2015-02-13,32.37,34.04486896996526,-0.049195929390794424
2015-02-17,33.56,33.11486896996526,0.013442029030477975
2015-02-18,32.63,33.874868969965256,-0.03674904162932713
2015-02-19,33.39,34.25486896996526,-0.025248059501368325
2015-02-20,33.77,33.39486896996525,0.011233193649363926
2015-02-23,32.91,33.67486896996525,-0.02271334658042612
2015-02-24,33.19,33.42486896996525,-0.007026773094497507
2015-02-25,32.94,33.32486896996526,-0.011549001747377718
2015-02-26,32.84,32.36486896996525,0.014680455850931251
2015-02-27,31.88,32.35486896996526,-0.01467689362012492
2015-03-02,31.87,32.40486896996526,-0.016505821099323192
2015-03-03,31.92,32.124868969965256,-0.0063772702125818315
2015-03-04,31.64,32.83486896996526,-0.036390246328018794
2015-03-05,32.35,32.64486896996525,-0.00903262838140173
2015-03-06,32.16,31.134868969965254,0.032925496844828706
2015-03-09,30.65,31.364868969965254,-0.022792027942147852
2015-03-10,30.88,31.974868969965254,-0.03424154672826618
2015-03-11,31.49,32.35486896996526,-0.026730720831171118
2015-03-12,31.87,31.884868969965254,-0.00046633310550092677
2015-03-13,31.4,32.43486896996526,-0.031906062914067834
2015-03-16,31.95,33.15486896996526,-0.03634063434413626
2015-03-17,32.67,34.704868969965254,-0.05863352982909387
2015-03-18,34.22,35.594868969965255,-0.038625481979589926
2015-03-19,35.11,34.25486896996526,0.02496378050035819
2015-03-20,33.77,33.67486896996525,0.002824985900304444
2015-03-23,33.19,32.10486896996526,0.03379957822129409
2015-03-24,31.62,30.954868969965258,0.021487121482572036
2015-03-25,30.47,32.314868969965254,-0.05709040540068255
2015-03-26,31.83,32.32486896996525,-0.015309233594266503
2015-03-27,31.84,32.57486896996526,-0.022559383758161022
2015-03-30,32.09,32.54486896996526,-0.013976672340731855
2015-03-31,32.06,32.290681077751984,-0.007143890127202068
2015-04-01,31.66,32.13068107775198,-0.014648960493958807
2015-04-02,31.5,32.60068107775198,-0.03376251787890183
2015-04-06,31.97,32.99068107775198,-0.030938466391356223
2015-04-07,32.36,32.91068107775199,-0.016732594395448608
2015-04-08,32.28,32.60068107775198,-0.009836637369236567
2015-04-09,31.97,32.40068107775198,-0.01329234643921462
2015-04-10,31.77,32.10068107775198,-0.010301372639135775
2015-04-13,31.47,31.12068107775198,0.011224655442960252
2015-04-14,30.49,31.730681077751985,-0.039100360774225296
2015-04-15,31.1,31.45068107775198,-0.011150190257725456
2015-04-16,30.82,30.740681077751983,0.00258025910510562
2015-04-17,30.11,32.83068107775198,-0.082870077270364
2015-04-20,32.2,33.74068107775198,-0.04566241784514169
2015-04-21,33.11,33.58068107775198,-0.01401642440372719
2015-04-22,32.95,33.680681077751984,-0.021694367642542622
2015-04-23,33.05,33.54068107775198,-0.014629430947287969
2015-04-24,32.91,32.84068107775198,0.002110763844510366
2015-04-27,32.21,33.54068107775198,-0.039673645107780375
2015-04-28,32.91,33.01068107775198,-0.0030499545742436185
2015-04-29,32.38,32.24068107775198,0.004321215234629916
2015-04-30,31.61,32.56068107775198,-0.02919721106207329
2015-05-01,31.93,33.59068107775198,-0.049438743856012324
2015-05-04,32.96,31.96068107775198,0.031267134759016546
2015-05-05,31.33,33.680681077751984,-0.06979315745799286
2015-05-06,33.05,35.96068107775198,-0.08094065491859526
2015-05-07,35.33,36.33068107775198,-0.027543691669594805
2015-05-08,35.7,38.920681077751986,-0.08274986430268316
2015-05-11,38.29,39.58068107775199,-0.03260886479483738
2015-05-12,38.95,38.780681077751986,0.004366063657019081
2015-05-13,38.15,39.87068107775199,-0.04315655091009063
2015-05-14,39.24,35.920681077751986,0.09240690384080397
2015-05-15,35.29,35.98068107775198,-0.019195886710967613
2015-05-18,35.35,36.30068107775198,-0.02618906999887216
2015-05-19,35.67,36.430681077751984,-0.020880232135339516
2015-05-20,35.8,36.84068107775198,-0.02824814979819823
2015-05-21,36.21,36.30068107775198,-0.0024980544458037546
2015-05-22,35.67,35.80068107775198,-0.0036502399903556304
2015-05-26,35.17,35.82068107775198,-0.018164955499858193
2015-05-27,35.19,35.34068107775198,-0.004263672152228004
2015-05-28,34.71,35.39068107775198,-0.019233342140450693
2015-05-29,34.76,35.38068107775198,-0.017542937525368285
2015-06-01,34.75,36.01068107775198,-0.03500853191390629
2015-06-02,35.38,35.96068107775198,-0.016147666294096696
2015-06-03,35.33,35.86068107775198,-0.014798410454095245
2015-06-04,35.23,36.03068107775198,-0.0222222021289068
2015-06-05,35.4,36.930681077751984,-0.04144740993347418
2015-06-08,36.3,36.69068107775198,-0.010647964722270586
2015-06-09,36.06,36.66068107775199,-0.016384885934825566
2015-06-10,36.03,36.39068107775198,-0.0099113582672814
2015-06-11,35.76,36.55068107775198,-0.021632458122189724
2015-06-12,35.92,37.12068107775198,-0.03234534073437567
2015-06-15,36.49,38.87068107775199,-0.061246188946110114
2015-06-16,38.24,38.780681077751986,-0.013942021200400334
2015-06-17,38.15,38.99068107775198,-0.021561077019289887
2015-06-18,38.36,38.34068107775198,0.0005038753017674313
2015-06-19,37.71,38.98068107775198,-0.03259771360119246
2015-06-22,38.35,38.72068107775198,-0.00957320655098104
2015-06-23,38.09,37.38068107775198,0.01897554837945936
2015-06-24,36.75,38.00068107775198,-0.032912070054560316
2015-06-25,37.37,36.38068107775198,0.027193523951178022
2015-06-26,35.75,35.01068107775198,0.02111695344075515
2015-06-29,34.38,34.78068107775198,-0.011520219424578149
2015-06-30,34.15,35.22242319259965,-0.030447172437158443
2015-07-01,34.48,34.772423192599646,-0.008409629406037067
2015-07-02,34.03,35.21242319259965,-0.03357971662819703
2015-07-06,34.47,34.26242319259965,0.006058439189589704
2015-07-07,33.52,34.07242319259964,-0.016213205309084766
2015-07-08,33.33,34.94242319259965,-0.04614514522110014
2015-07-09,34.2,35.202423192599646,-0.02847597130217938
2015-07-10,34.46,35.302423192599655,-0.023863041582263045
2015-07-13,34.56,35.842423192599654,-0.03577947801432224
2015-07-14,35.1,35.562423192599645,-0.013003140705436289
2015-07-15,34.82,35.86242319259964,-0.029067282681967566
2015-07-16,35.12,35.812423192599645,-0.019334720492824142
2015-07-17,35.07,36.47242319259965,-0.0384516045230634
2015-07-20,35.73,36.302423192599655,-0.015768181357005084
2015-07-21,35.56,36.46242319259965,-0.02474940263385461
2015-07-22,35.72,36.69242319259965,-0.026502016165445674
2015-07-23,35.95,34.492423192599645,0.04225788368829586
2015-07-24,33.75,32.342423192599654,0.043521068258188356
2015-07-27,31.6,32.01242319259965,-0.012883223182398318
2015-07-28,31.27,32.702423192599646,-0.04380174472587084
2015-07-29,31.96,32.96242319259965,-0.03041108921945712
2015-07-30,32.22,32.742423192599645,-0.01595554457062065
2015-07-31,32.0,32.18242319259965,-0.0056684107193518685
2015-08-03,31.44,32.79242319259965,-0.04124194130627268
2015-08-04,32.05,38.592423192599654,-0.16952610516186006
2015-08-05,37.85,37.702423192599646,0.003914252583884892
2015-08-06,36.96,38.15242319259964,-0.03125419286161968
2015-08-07,37.41,38.492423192599645,-0.028120422223970265
2015-08-10,37.75,38.75242319259964,-0.025867368025416004
2015-08-11,38.01,38.282423192599644,-0.007116142863503705
2015-08-12,37.54,38.62242319259965,-0.028025771122694554
2015-08-13,37.88,39.092423192599654,-0.031014275749198572
2015-08-14,38.35,41.65242319259964,-0.07928525976338341
2015-08-17,40.91,40.742423192599645,0.004113079052960877
2015-08-18,40.0,40.81242319259965,-0.019906271890931637
2015-08-19,40.07,39.15242319259964,0.023436015770635477
2015-08-20,38.41,38.672423192599645,-0.006785796465163418
2015-08-21,37.93,38.20242319259965,-0.007131044835198441
2015-08-24,37.46,37.662423192599654,-0.005374672563273286
2015-08-25,36.92,38.942423192599655,-0.051933676099128356
2015-08-26,38.2,39.172423192599645,-0.02482417765729006
2015-08-27,38.43,39.05242319259965,-0.015938145234419054
2015-08-28,38.31,39.282423192599644,-0.02475466413647398
2015-08-31,38.54,37.992423192599645,0.01441278974558835
2015-09-01,37.25,38.772423192599646,-0.03926561889199187
2015-09-02,38.03,38.332423192599656,-0.007889487995062061
2015-09-03,37.59,37.492423192599645,0.0026025740427366717
2015-09-04,36.75,38.732423192599654,-0.05118252433476511
2015-09-08,37.99,38.60242319259965,-0.015864889868288268
2015-09-09,37.86,38.492423192599645,-0.016429809820890484
2015-09-10,37.75,39.15242319259964,-0.035819575858710095
2015-09-11,38.41,39.50242319259964,-0.027654586840746065
2015-09-14,38.76,41.342423192599654,-0.06246424358265268
2015-09-15,40.6,38.742423192599645,0.04794684106788605
2015-09-16,38.0,38.68242319259965,-0.017641686747540852
2015-09-17,37.94,38.57242319259965,-0.016395734056993017
2015-09-18,37.83,38.772423192599646,-0.024306533226417626
2015-09-21,38.03,38.492423192599645,-0.012013356246393658
2015-09-22,37.75,38.79242319259964,-0.02687182461956905
2015-09-23,38.05,36.772423192599646,0.034742796271785004
2015-09-24,36.03,35.052423192599655,0.027888993637585013
2015-09-25,34.31,34.76242319259965,-0.013014719661314067
2015-09-28,34.02,35.29242319259965,-0.03605372137967722
2015-09-29,34.55,36.65242319259965,-0.05736109674255163
2015-09-30,35.91,36.820325225092986,-0.024723443357110964
2015-10-01,35.98,37.89032522509299,-0.050417229563072485
2015-10-02,37.05,39.18032522509299,-0.054372321129397605
2015-10-05,38.34,39.010325225092984,-0.017183277022817522
2015-10-06,38.17,40.24032522509299,-0.05144901820529957
2015-10-07,39.4,40.20032522509299,-0.019908426626196296
2015-10-08,39.36,41.17032522509299,-0.04397160370230957
2015-10-09,40.33,41.34032522509299,-0.024439218114320482
2015-10-12,40.5,40.220325225092985,0.006953568210645189
2015-10-13,39.38,40.59032522509299,-0.029818071631137477
2015-10-14,39.75,41.23032522509298,-0.03590379695069812
2015-10-15,40.39,42.70032522509299,-0.05410556507272968
2015-10-16,41.86,41.68032522509299,0.004310781500304506
2015-10-19,40.84,39.41032522509298,0.036276655083189446
2015-10-20,38.57,39.13032522509298,-0.014319462510719472
2015-10-21,38.29,39.470325225092985,-0.029904117038858424
2015-10-22,38.63,38.52032522509299,0.0028471923397876964
2015-10-23,37.68,38.260325225092984,-0.015167806903857106
2015-10-26,37.42,37.00032522509298,0.011342461785238678
2015-10-27,36.16,39.80032522509299,-0.0914647105144224
2015-10-28,38.96,39.73032522509298,-0.019388847705844037
2015-10-29,38.89,38.85032522509298,0.0010212211783853231
2015-10-30,38.01,39.82032522509298,-0.045462341526839034
2015-11-02,38.98,39.99032522509299,-0.025264241273512678
2015-11-03,39.15,46.57032522509298,-0.1593359116396028
2015-11-04,45.73,45.14032522509299,0.01306314856985602
2015-11-05,44.3,45.720325225092985,-0.031065510100821925
2015-11-06,44.88,44.30032522509299,0.013085113302478968
2015-11-09,43.46,43.96032522509299,-0.011381290346036743
2015-11-10,43.12,44.37032522509299,-0.028179311707769328
2015-11-11,43.53,45.190325225092984,-0.03674072308227272
2015-11-12,44.35,41.88032522509298,0.058969808893157616
2015-11-13,41.04,42.06032522509299,-0.024258614730926276
2015-11-16,41.22,42.42032522509299,-0.028295992987412477
2015-11-17,41.58,42.84032522509299,-0.0294191329890926
2015-11-18,42.0,43.470325225092985,-0.03382365366441398
2015-11-19,42.63,43.03032522509298,-0.009303327897218105
2015-11-20,42.19,42.57032522509298,-0.008934045560657355
2015-11-23,41.73,43.60032522509298,-0.042897047566438085
2015-11-24,42.76,44.06032522509299,-0.029512383725039726
2015-11-25,43.22,44.52032522509299,-0.02920745117019241
2015-11-27,43.68,44.440325225092984,-0.01710890325941339
2015-11-30,43.6,44.98032522509298,-0.03068731091172605
2015-12-01,44.14,42.260325225092984,0.044478473956251596
2015-12-02,41.42,40.95032522509299,0.011469378382841455
2015-12-03,40.11,41.00032522509298,-0.02171507714158527
2015-12-04,40.16,40.32032522509298,-0.003976287993659455
2015-12-07,39.48,39.84032522509299,-0.00904423402814103
2015-12-08,39.0,38.71032522509299,0.00748313978822468
2015-12-09,37.87,39.52032522509299,-0.04175889787579823
2015-12-10,38.68,38.56032522509299,0.0031035727579686867
2015-12-11,37.72,38.30032522509299,-0.01515196598677404
2015-12-14,37.46,39.50032522509298,-0.05165337787641411
2015-12-15,38.66,39.49032522509299,-0.02102604170414346
2015-12-16,38.65,38.75032522509298,-0.002589016337545824
2015-12-17,37.91,38.61032522509299,-0.01813828868340772
2015-12-18,37.77,39.37032522509299,-0.04064800623168352
2015-12-21,38.53,39.34032522509299,-0.02059782730459303
2015-12-22,38.5,40.09032522509299,-0.039668553850932264
2015-12-23,39.25,39.34032522509299,-0.0022959958916500822
2015-12-24,38.5,39.34032522509299,-0.021360403613465584
2015-12-28,38.5,39.56032522509299,-0.026802742875845387
2015-12-29,38.72,39.16032522509298,-0.011244166706022019
2015-12-30,38.32,38.470325225092985,-0.003907563146748005
2015-12-31,37.63,36.84559155175182,0.021289071913703106
2016-01-04,35.97,35.745591551751815,0.006277933543868963
2016-01-05,34.87,35.86559155175182,-0.027758960850129744
2016-01-06,34.99,36.415591551751824,-0.0391478345127485
2016-01-07,35.54,34.13559155175182,0.041142056850516306
2016-01-08,33.26,33.83559155175182,-0.017011422746117777
2016-01-11,32.96,34.105591551751814,-0.03358955231764538
2016-01-12,33.23,31.775591551751823,0.04577124696103385
2016-01-13,30.9,32.68559155175182,-0.054629317291830404
2016-01-14,31.81,32.89559155175183,-0.033001125699288925
2016-01-15,32.02,31.91559155175182,0.0032713931709171806
2016-01-19,31.04,31.69559155175182,-0.020683997983801272
2016-01-20,30.82,32.29559155175182,-0.04569018497113664
2016-01-21,31.42,33.175591551751815,-0.052918168739002014
2016-01-22,32.3,32.11559155175182,0.0057420224675299725
2016-01-25,31.24,31.37559155175182,-0.004321561603967683
2016-01-26,30.5,29.655591551751822,0.028473835929881952
2016-01-27,28.78,30.095591551751824,-0.04371376284428752
2016-01-28,29.22,31.025591551751823,-0.05819684529592395
2016-01-29,30.15,32.21559155175182,-0.06411775951509724
2016-02-01,31.34,31.775591551751823,-0.013708369552849708
2016-02-02,30.9,31.14559155175182,-0.00788527491422808
2016-02-03,30.27,31.845591551751824,-0.04947597061248976
2016-02-04,30.97,27.385591551751823,0.13088665408138267
2016-02-05,26.51,25.115591551751823,0.055519633904498544
2016-02-08,24.24,23.37559155175182,0.036979104735571866
2016-02-09,22.5,24.455591551751823,-0.07996500708696774
2016-02-10,23.58,25.23559155175182,-0.06560541877358506
2016-02-11,24.36,25.205591551751823,-0.03354777649299223
2016-02-12,24.33,26.91559155175182,-0.09606296583823504
2016-02-16,26.04,28.135591551751823,-0.07448187282279994
2016-02-17,27.26,28.685591551751823,-0.049697129277599394
2016-02-18,27.81,28.82559155175182,-0.03523228829245317
2016-02-19,27.95,30.14559155175182,-0.07283292311522849
2016-02-22,29.27,30.185591551751823,-0.0303320725115519
2016-02-23,29.31,31.085591551751822,-0.057119439042869424
2016-02-24,30.21,31.135591551751823,-0.02972776509524011
2016-02-25,30.26,32.71559155175182,-0.07505875441278176
2016-02-26,31.84,32.75559155175182,-0.027952221540717415
2016-02-29,31.88,34.015591551751825,-0.06278272563635134
2016-03-01,33.14,34.13559155175182,-0.0291657916706215
2016-03-02,33.26,33.50559155175183,-0.007329867654253919
2016-03-03,32.63,33.58559155175182,-0.028452425805254977
2016-03-04,32.71,33.93559155175183,-0.03611522580600357
2016-03-07,33.06,32.75559155175182,0.009293327759544168
2016-03-08,31.88,33.18559155175183,-0.03934212080311428
2016-03-09,32.31,32.45559155175182,-0.004485869608004789
2016-03-10,31.58,32.925591551751815,-0.04086765000521986
2016-03-11,32.05,33.61559155175182,-0.046573375016815244
2016-03-14,32.74,32.50559155175182,0.007211326945857355
2016-03-15,31.63,33.25559155175183,-0.048881751185273825
2016-03-16,32.38,34.34559155175182,-0.05722980629959673
2016-03-17,33.47,34.77559155175182,-0.03754333121289655
2016-03-18,33.9,34.925591551751815,-0.029365044547123076
2016-03-21,34.05,34.815591551751815,-0.02198990502900977
2016-03-22,33.94,34.46559155175183,-0.015249747011091608
2016-03-23,33.59,34.57559155175183,-0.028505414007931495
2016-03-24,33.7,34.95559155175182,-0.03591961960915224
2016-03-28,34.08,35.89559155175183,-0.05057979192609863
2016-03-29,35.02,36.11559155175182,-0.030335694493108023
2016-03-30,35.24,36.47559155175182,-0.033874476031423684
2016-03-31,35.6,36.664963685299554,-0.029045813175768598
2016-04-01,35.43,37.03496368529955,-0.0433364454988413
2016-04-04,35.8,35.664963685299554,0.003786245680550193
2016-04-05,34.43,36.75496368529956,-0.0632557742460631
2016-04-06,35.52,35.38496368529955,0.003816206112331022
2016-04-07,34.15,35.53496368529955,-0.03897467569025537
2016-04-08,34.3,34.374963685299555,-0.0021807640579883936
2016-04-11,33.14,34.79496368529956,-0.047563311181116674
2016-04-12,33.56,36.054963685299555,-0.06919889608200624
2016-04-13,34.82,36.28496368529955,-0.04037385011613126
2016-04-14,35.05,35.93496368529956,-0.02462681451551274
2016-04-15,34.7,36.764963685299556,-0.05616661838633141
2016-04-18,35.53,37.89496368529955,-0.062408390332274744
2016-04-19,36.66,38.094963685299554,-0.03766806807203482
2016-04-20,36.86,38.704963685299546,-0.047667366395186095
2016-04-21,37.47,38.64496368529955,-0.030404057172047638
2016-04-22,37.41,37.82496368529956,-0.010970630104288337
2016-04-25,36.59,38.344963685299554,-0.04576777539034038
2016-04-26,37.11,39.18496368529956,-0.05295305877948253
2016-04-27,37.95,39.49496368529955,-0.03911799229922075
2016-04-28,38.26,39.444963685299555,-0.030040937412275315
2016-04-29,38.21,40.18496368529956,-0.04914683265029396
2016-05-02,38.95,39.51496368529956,-0.014297461837469383
2016-05-03,38.28,41.28496368529955,-0.07278591082713093
2016-05-04,40.05,39.92496368529955,0.0031317828035115625
2016-05-05,38.69,38.694963685299555,-0.00012827729572062463
2016-05-06,37.46,39.774963685299554,-0.05820152856997185
2016-05-09,38.54,40.88496368529955,-0.05735516126048801
2016-05-10,39.65,40.804963685299555,-0.02830448996859769
2016-05-11,39.57,40.07496368529956,-0.012600477676409927
2016-05-12,38.84,40.51496368529956,-0.04134185330412388
2016-05-13,39.28,41.194963685299555,-0.04648538350290887
2016-05-16,39.96,40.63496368529955,-0.016610416845130205
2016-05-17,39.4,41.97496368529955,-0.061345227231282995
2016-05-18,40.74,41.344963685299554,-0.014632101019710131
2016-05-19,40.11,42.11496368529956,-0.047606919485470245
2016-05-20,40.88,42.024963685299554,-0.02724484651250425
2016-05-23,40.79,42.88496368529955,-0.048850774380337914
2016-05-24,41.65,41.04496368529956,0.014740817395756167
2016-05-25,39.81,42.484963685299554,-0.06296259789966896
2016-05-26,41.25,42.07496368529956,-0.0196069969654612
2016-05-27,40.84,41.67496368529955,-0.02003513888109454
2016-05-31,40.44,42.304963685299555,-0.044083803006492284
2016-06-01,41.07,42.334963685299556,-0.029879881194720403
2016-06-02,41.1,42.18496368529956,-0.02571920396550298
2016-06-03,40.95,42.03496368529955,-0.02581098186315267
2016-06-06,40.8,42.554963685299555,-0.04123992910152108
2016-06-07,41.32,42.844963685299554,-0.0355926007196683
2016-06-08,41.61,42.64496368529955,-0.02426930628753987
2016-06-09,41.41,42.304963685299555,-0.021155051496015043
2016-06-10,41.07,42.414963685299554,-0.031709650756242436
2016-06-13,41.18,42.63496368529955,-0.034126068361147066
2016-06-14,41.4,43.344963685299554,-0.0448717341055056
2016-06-15,42.11,43.21496368529955,-0.0255690064521662
2016-06-16,41.98,43.094963685299554,-0.025872250257398144
2016-06-17,41.86,43.664963685299554,-0.04133665834027067
2016-06-20,42.43,43.834963685299556,-0.03205121134321198
2016-06-21,42.6,42.984963685299554,-0.008955775515316011
2016-06-22,41.75,44.39496368529955,-0.05957801213779068
2016-06-23,43.16,42.10496368529955,0.025057290693467626
2016-06-24,40.87,40.554963685299555,0.007768132087235369
2016-06-27,39.32,41.624963685299555,-0.055374551260295446
2016-06-28,40.39,42.88496368529955,-0.058178052886046716
2016-06-29,41.65,44.444963685299555,-0.06288594822778559
2016-06-30,43.21,44.95790564167984,-0.038878715917304185
2016-07-01,43.58,44.77790564167984,-0.02675215878262993
2016-07-05,43.4,45.41790564167984,-0.044429737857133
2016-07-06,44.04,46.22790564167984,-0.0473286775879197
2016-07-07,44.85,46.857905641679835,-0.04285094722402216
2016-07-08,45.48,47.427905641679835,-0.04107087621360217
2016-07-11,46.05,47.86790564167984,-0.03797754711242152
2016-07-12,46.49,47.02790564167984,-0.011438009716577713
2016-07-13,45.65,47.62790564167984,-0.04152829344544906
2016-07-14,46.25,47.57790564167985,-0.027910132313948677
2016-07-15,46.2,48.08790564167984,-0.03925946901799582
2016-07-18,46.71,47.66790564167984,-0.0200954002233793
2016-07-19,46.29,48.76790564167984,-0.050810171342729915
2016-07-20,47.39,46.70790564167984,0.014603402763396334
2016-07-21,45.33,48.18790564167984,-0.05930752963058672
2016-07-22,46.81,48.427905641679835,-0.033408540390963526
2016-07-25,47.05,48.677905641679835,-0.033442392810876465
2016-07-26,47.3,48.65790564167984,-0.027907194602241003
2016-07-27,47.28,49.057905641679845,-0.036240960930246646
2016-07-28,47.68,48.58790564167984,-0.01868583610858532
2016-07-29,47.21,49.19790564167984,-0.04040630623909547
2016-08-01,47.82,48.71790564167984,-0.018430711046651616
2016-08-02,47.34,52.36790564167984,-0.09601120342834768
2016-08-03,50.99,52.66790564167984,-0.03185821842044145
2016-08-04,51.29,52.87790564167984,-0.03002966215114633
2016-08-05,51.5,52.11790564167984,-0.011855918500026763
2016-08-08,50.74,51.787905641679835,-0.020234563045091747
2016-08-09,50.41,51.48790564167984,-0.02093512307883172
2016-08-10,50.11,51.75790564167984,-0.03183872340369209
2016-08-11,50.38,52.15790564167984,-0.03408698297615498
2016-08-12,50.78,52.597905641679844,-0.03456231991562975
2016-08-15,51.22,52.08790564167984,-0.016662325562680325
2016-08-16,50.71,50.76790564167984,-0.001140595440129788
2016-08-17,49.39,50.807905641679845,-0.02790718538330539
2016-08-18,49.43,50.357905641679835,-0.01842621590108051
2016-08-19,48.98,50.52790564167984,-0.03063466854646335
2016-08-22,49.15,51.347905641679844,-0.04280419258026702
2016-08-23,49.97,51.847905641679844,-0.03621950816409103
2016-08-24,50.47,52.48790564167984,-0.03844515449817165
2016-08-25,51.11,52.65790564167984,-0.0293955033497314
2016-08-26,51.28,52.557905641679845,-0.024314242093133043
2016-08-29,51.18,52.83790564167984,-0.03137720205874406
2016-08-30,51.46,52.71790564167984,-0.02386107009314342
2016-08-31,51.34,52.72790564167984,-0.026322032418877983
2016-09-01,51.35,53.47790564167984,-0.03979036980126949
2016-09-02,52.1,53.37790564167984,-0.02394072278253634
2016-09-06,52.0,53.79790564167984,-0.03341962145617272
2016-09-07,52.42,53.40790564167984,-0.018497367193310632
2016-09-08,52.03,50.87790564167984,0.022644296061124614
2016-09-09,49.5,51.44790564167984,-0.037861709186890025
2016-09-12,50.07,49.50790564167984,0.011353628295011964
2016-09-13,48.13,49.44790564167984,-0.026652405689938208
2016-09-14,48.07,50.21790564167984,-0.04277170890012438
2016-09-15,48.84,49.93790564167984,-0.021985416239873046
2016-09-16,48.56,48.537905641679835,0.0004551980154083868
2016-09-19,47.16,47.89790564167984,-0.015405801815220332
2016-09-20,46.52,49.29790564167984,-0.05634936424826953
2016-09-21,47.92,51.61790564167984,-0.07163997833135438
2016-09-22,50.24,51.36790564167984,-0.021957399812007505
2016-09-23,49.99,51.807905641679845,-0.0350893482213519
2016-09-26,50.43,52.45790564167984,-0.038657769822754595
2016-09-27,51.08,51.847905641679844,-0.014810735982024648
2016-09-28,50.47,51.36790564167984,-0.017479895870064044
2016-09-29,49.99,51.50790564167984,-0.029469372182191034
2016-09-30,50.13,51.17707929632808,-0.02045992680170805
2016-10-03,49.91,50.60707929632809,-0.01377434355075835
2016-10-04,49.34,50.097079296328076,-0.015112244205892522
2016-10-05,48.83,51.17707929632808,-0.04586192351341323
2016-10-06,49.91,50.907079296328085,-0.019586260105871167
2016-10-07,49.64,51.77707929632808,-0.04127462045700281
2016-10-10,50.51,50.597079296328076,-0.0017210340505642296
2016-10-11,49.33,50.91707929632808,-0.03116988087811501
2016-10-12,49.65,51.19707929632808,-0.03021811629865845
2016-10-13,49.93,50.96707929632809,-0.020348022893334705
2016-10-14,49.7,51.087079296328085,-0.027151274166260286
2016-10-17,49.82,51.27707929632808,-0.028415801296085563
2016-10-18,50.01,50.407079296328085,-0.007877450982505363
2016-10-19,49.14,50.017079296328085,-0.017535596013749544
2016-10-20,48.75,51.23707929632808,-0.04854061415062594
2016-10-21,49.97,53.70707929632808,-0.06958262011808158
2016-10-24,52.44,53.227079296328085,-0.014787196794064705
2016-10-25,51.96,52.997079296328074,-0.019568612272562125
2016-10-26,51.73,51.91707929632808,-0.0036034249010867825
2016-10-27,50.65,52.907079296328085,-0.04266119631526766
2016-10-28,51.64,52.997079296328074,-0.025606680865186804
2016-10-31,51.73,53.267079296328085,-0.02885608365679715
2016-11-01,52.0,44.96707929632809,0.1564015456135308
2016-11-02,43.7,44.39707929632809,-0.015701016989776106
2016-11-03,43.13,44.247079296328074,-0.025246396238876145
2016-11-04,42.98,45.877079296328084,-0.06314873005788679
2016-11-07,44.61,46.94707929632808,-0.049781143605899913
2016-11-08,45.68,43.57707929632809,0.04825749539963109
2016-11-09,42.31,40.627079296328084,0.041423620226227253
2016-11-10,39.36,42.78707929632809,-0.08009612604294292
2016-11-11,41.52,43.03707929632809,-0.035250517022364924
2016-11-14,41.77,42.847079296328076,-0.02513775300479759
2016-11-15,41.58,44.48707929632808,-0.06534659821032651
2016-11-16,43.22,44.657079296328085,-0.03218032435108786
2016-11-17,43.39,45.057079296328084,-0.03699927563800043
2016-11-18,43.79,44.977079296328085,-0.026392983157201066
2016-11-21,43.71,44.407079296328085,-0.01569748128843329
2016-11-22,43.14,44.547079296328086,-0.031586342327140304
2016-11-23,43.28,44.587079296328085,-0.02931520334940907
2016-11-25,43.32,44.03707929632809,-0.016283534416595136
2016-11-28,42.77,44.98707929632808,-0.04928257915398926
2016-11-29,43.72,46.13707929632808,-0.052389083426883754
2016-11-30,44.87,43.877079296328084,0.022629598861084732
2016-12-01,42.61,44.807079296328084,-0.049034200194078115
2016-12-02,43.54,45.66707929632808,-0.046577957887907084
2016-12-05,44.4,47.20707929632808,-0.05946310041143399
2016-12-06,45.94,47.977079296328085,-0.042459427005678396
2016-12-07,46.71,48.10707929632809,-0.029041033393908844
2016-12-08,46.84,48.187079296328086,-0.02795519703620497
2016-12-09,46.92,47.297079296328086,-0.007972570440673232
2016-12-12,46.03,46.767079296328085,-0.015760644184293904
2016-12-13,45.5,46.627079296328084,-0.024172204507281747
2016-12-14,45.36,45.95707929632808,-0.012992107102328121
2016-12-15,44.69,47.187079296328086,-0.05291870854406544
2016-12-16,45.92,47.70707929632808,-0.03745941530454644
2016-12-19,46.44,47.56707929632808,-0.023694523880827933
2016-12-20,46.3,47.00707929632809,-0.015041974675149006
2016-12-21,45.74,45.847079296328076,-0.002335575089439823
2016-12-22,44.58,46.96707929632809,-0.05082452075138322
2016-12-23,45.7,48.16707929632808,-0.05121920059031171
2016-12-27,46.9,47.377079296328084,-0.010069833417634566
2016-12-28,46.11,47.39707929632809,-0.027155244910371468
2016-12-29,46.13,46.75707929632809,-0.013411430007291503
2016-12-30,45.49,47.49017872409283,-0.042117734189071165
2017-01-03,46.47,48.36017872409284,-0.03908543710884105
2017-01-04,47.34,48.02017872409284,-0.014164435497020955
2017-01-05,47.0,48.51017872409284,-0.031131172133628926
2017-01-06,47.49,49.420178724092835,-0.03905649016100887
2017-01-09,48.4,49.23017872409284,-0.016863207601693242
2017-01-10,48.21,49.810178724092836,-0.03212553668912732
2017-01-11,48.79,49.11017872409284,-0.0065196000587097735
2017-01-12,48.09,49.74017872409283,-0.03317597094385838
2017-01-13,48.72,48.920178724092835,-0.004091945886417037
2017-01-17,47.9,49.09017872409283,-0.0242447421261619
2017-01-18,48.07,48.90017872409284,-0.016977007973261515
2017-01-19,47.88,50.210178724092835,-0.04640849292525462
2017-01-20,49.19,50.91017872409284,-0.03378850295174429
2017-01-23,49.89,51.34017872409283,-0.028246468168453998
2017-01-24,50.32,51.030178724092835,-0.013916837876124077
2017-01-25,50.01,49.64017872409283,0.007450039170138645
2017-01-26,48.62,50.23017872409284,-0.03205600228773464
2017-01-27,49.21,48.08017872409284,0.023498691267156424
2017-01-30,47.06,47.26017872409284,-0.004235674292759062
2017-01-31,46.24,44.95017872409284,0.02869446379344054
2017-02-01,43.93,45.34017872409283,-0.03110218715003632
2017-02-02,44.32,47.01017872409284,-0.05722545195758033
2017-02-03,45.99,45.62017872409284,0.008106528432161753
2017-02-06,44.6,46.420178724092835,-0.03921093744406745
2017-02-07,45.4,46.280178724092835,-0.019018481526187903
2017-02-08,45.26,52.34017872409283,-0.13527234519804454
2017-02-09,51.32,53.350178724092835,-0.03805383173301369
2017-02-10,52.33,52.86017872409284,-0.010029832227018032
2017-02-13,51.84,53.22017872409284,-0.025933372588770154
2017-02-14,52.2,53.810178724092836,-0.02992331120751135
2017-02-15,52.79,53.44017872409283,-0.01216647735123888
2017-02-16,52.42,54.40017872409284,-0.036400224604700715
2017-02-17,53.38,54.130178724092836,-0.013858788974567604
2017-02-21,53.11,54.570178724092834,-0.026757814583593498
2017-02-22,53.55,55.08017872409284,-0.0277809324431898
2017-02-23,54.06,56.320178724092834,-0.040130886927139064
2017-02-24,55.3,55.73017872409284,-0.007718954683826773
2017-02-27,54.71,54.850178724092835,-0.002555665767252302
2017-02-28,53.83,56.73017872409284,-0.05112232658736815
2017-03-01,55.71,56.22017872409284,-0.009074654966797602
2017-03-02,55.2,57.52017872409284,-0.040336778771534076
2017-03-03,56.5,57.69017872409283,-0.02063052586099523
2017-03-06,56.67,57.77017872409284,-0.019044059554449877
2017-03-07,56.75,57.05017872409284,-0.0052616614146744345
2017-03-08,56.03,56.87017872409284,-0.014773625526464218
2017-03-09,55.85,57.20017872409284,-0.02360444939526274
2017-03-10,56.18,57.48017872409284,-0.022619601277402923
2017-03-13,56.46,57.08017872409284,-0.010865045239093929
2017-03-14,56.06,57.33017872409284,-0.022155499116890853
2017-03-15,56.31,57.61017872409284,-0.022568559113827158
2017-03-16,56.59,57.49017872409283,-0.015657956612258328
2017-03-17,56.47,57.460178724092835,-0.017232433766824595
2017-03-20,56.44,55.89017872409283,0.009837529391727662
2017-03-21,54.87,56.30017872409284,-0.025402738614767828
2017-03-22,55.28,55.11017872409284,0.0030814865754176246
2017-03-23,54.09,55.960178724092835,-0.033419813280325616
2017-03-24,54.94,56.89017872409283,-0.03427970816458226
2017-03-27,55.87,57.500178724092834,-0.028350846210670744
2017-03-28,56.48,57.99017872409283,-0.0260419739569695
2017-03-29,56.97,58.210178724092835,-0.021305186674844045
2017-03-30,57.19,58.530178724092835,-0.02289722589794818
2017-03-31,57.51,59.377585547478226,-0.031452702737212346
2017-04-03,57.79,59.60758554747824,-0.030492520889484842
2017-04-04,58.02,58.827585547478236,-0.013728007701870548
2017-04-05,57.24,59.48758554747823,-0.037782430179224336
2017-04-06,57.9,59.43758554747823,-0.025868909938308593
2017-04-07,57.85,58.98758554747823,-0.019285168852395285
2017-04-10,57.4,59.547585547478235,-0.03606503148252638
2017-04-11,57.96,59.45758554747823,-0.02518745982852555
2017-04-12,57.87,59.327585547478236,-0.02456842856535557
2017-04-13,57.74,59.91758554747823,-0.03634301228230785
2017-04-17,58.33,60.627585547478226,-0.03789670208256868
2017-04-18,59.04,61.027585547478225,-0.032568641371727325
2017-04-19,59.44,61.077585547478236,-0.02681156324041778
2017-04-20,59.49,60.867585547478235,-0.022632498645829835
2017-04-21,59.28,61.60758554747824,-0.037780827260053385
2017-04-24,60.02,62.087585547478234,-0.03330111050778661
2017-04-25,60.5,61.557585547478226,-0.01718042606889658
2017-04-26,59.97,62.03758554747823,-0.03332794997148747
2017-04-27,60.45,61.837585547478234,-0.022439193496855747
2017-04-28,60.25,62.347585547478225,-0.033643412636739534
2017-05-01,60.76,62.10758554747824,-0.021697599988781957
2017-05-02,60.52,64.88758554747822,-0.067310033354261
2017-05-03,63.3,65.16758554747824,-0.02865819765744737
2017-05-04,63.58,66.30758554747823,-0.041135347109346854
2017-05-05,64.72,66.70758554747823,-0.02979549523739833
2017-05-08,65.12,66.05758554747823,-0.014193457718861713
2017-05-09,64.47,66.03758554747823,-0.023737778031742263
2017-05-10,64.45,65.66758554747824,-0.018541652435171585
2017-05-11,64.08,66.59758554747823,-0.03780295526905275
2017-05-12,65.01,66.99758554747822,-0.029666525013348544
2017-05-15,65.41,67.15758554747822,-0.02602216165503357
2017-05-16,65.57,64.78758554747823,0.01207661075667632
2017-05-17,63.2,65.80758554747823,-0.03962439171388421
2017-05-18,64.22,66.47758554747823,-0.03396010142194261
2017-05-19,64.89,66.58758554747823,-0.025494024652205072
2017-05-22,65.0,66.18758554747822,-0.017942723513102554
2017-05-23,64.6,66.67758554747823,-0.031158679943485312
2017-05-24,65.09,67.49758554747822,-0.035669209912474686
2017-05-25,65.91,67.54758554747822,-0.02424343570840426
2017-05-26,65.96,67.66758554747824,-0.025234911718257425
2017-05-30,66.08,67.02758554747822,-0.01413724722050469
2017-05-31,65.44,68.69758554747824,-0.047419214540325605
2017-06-01,67.11,69.45758554747823,-0.03379883606627132
2017-06-02,67.87,69.90758554747822,-0.029146844816924422
2017-06-05,68.32,69.73758554747823,-0.020327425108704555
2017-06-06,68.15,70.22758554747823,-0.029583610646469416
2017-06-07,68.64,70.59758554747823,-0.02772878891391717
2017-06-08,69.01,67.14758554747823,0.027736134327643214
2017-06-09,65.56,68.15758554747822,-0.03811146663446219
2017-06-12,66.57,69.08758554747823,-0.036440491117584406
2017-06-13,67.5,68.16758554747824,-0.009793299001521372
2017-06-14,66.58,69.62758554747823,-0.0437698007695545
2017-06-15,68.04,70.94758554747824,-0.04098216345265859
2017-06-16,69.36,72.42758554747823,-0.042353828645403935
2017-06-19,70.84,71.93758554747822,-0.015257469918194877
2017-06-20,70.35,73.16758554747824,-0.03850865825892158
2017-06-21,71.58,73.37758554747823,-0.024497747289805916
2017-06-22,71.79,74.61758554747823,-0.03789435863854196
2017-06-23,73.03,73.35758554747822,-0.004465598820263872
2017-06-26,71.77,70.99758554747822,0.010879446766612011
2017-06-27,69.41,71.30758554747823,-0.026611271899183442
2017-06-28,69.72,69.12758554747823,0.008569870447954209
2017-06-29,67.54,69.99758554747822,-0.035109575969749396
2017-06-30,68.41,67.14811398713583,0.018792575664983158
2017-07-03,65.99,67.87811398713583,-0.027816241145027565
2017-07-05,66.72,67.57811398713584,-0.012698105000373161
2017-07-06,66.42,68.79811398713584,-0.03456655785041585
2017-07-07,67.64,68.24811398713584,-0.008910341276983313
2017-07-10,67.09,69.38811398713584,-0.033119706749226374
2017-07-11,68.23,70.95811398713583,-0.03844682212988937
2017-07-12,69.8,69.63811398713584,0.002324675434117296
2017-07-13,68.48,69.89811398713583,-0.02028830116069824
2017-07-14,68.74,70.15811398713583,-0.02021311444312579
2017-07-17,69.0,70.52811398713584,-0.0216667354441743
2017-07-18,69.37,70.74811398713584,-0.019479162192032606
2017-07-19,69.59,71.20811398713583,-0.022723730436508216
2017-07-20,70.05,70.79811398713584,-0.01056686322564715
2017-07-21,69.64,72.85811398713584,-0.044169603233265686
2017-07-24,71.7,72.13811398713584,-0.006073266445723369
2017-07-25,70.98,71.92811398713583,-0.013181410363483081
2017-07-26,70.77,70.41811398713584,0.004997095107211136
2017-07-27,69.26,71.61811398713583,-0.032926222932363025
2017-07-28,70.46,71.24811398713584,-0.011061541745205239
2017-07-31,70.09,72.34811398713583,-0.03121178787794443
2017-08-01,71.19,69.26811398713583,0.027745609086759382
2017-08-02,68.11,70.54811398713584,-0.0345595913106963
2017-08-03,69.39,70.63811398713584,-0.01766912954900146
2017-08-04,69.48,71.14811398713583,-0.02344565292956935
2017-08-07,69.99,71.05811398713584,-0.015031555542400321
2017-08-08,69.9,70.68811398713584,-0.011149172649863814
2017-08-09,69.53,69.27811398713584,0.0036358670634557555
2017-08-10,68.12,70.11811398713583,-0.028496402334814763
2017-08-11,68.96,72.18811398713584,-0.04471808181207093
2017-08-14,71.03,72.68811398713584,-0.022811349699199512
2017-08-15,71.53,72.56811398713583,-0.014305373670312815
2017-08-16,71.41,71.60811398713584,-0.0027666416011379313
2017-08-17,70.45,71.40811398713583,-0.01341743863041156
2017-08-18,70.25,72.42811398713583,-0.030072769636424468
2017-08-21,71.27,74.99811398713584,-0.049709436530301465
2017-08-22,73.84,75.13811398713584,-0.017276371714068817
2017-08-23,73.98,74.61811398713583,-0.008551730311031958
2017-08-24,73.46,73.92811398713583,-0.006332015817653525
2017-08-25,72.77,73.89811398713583,-0.01526580214661788
2017-08-28,72.74,73.08811398713583,-0.004762935697001369
2017-08-29,71.93,74.50811398713583,-0.03460178830430394
2017-08-30,73.35,75.76811398713583,-0.0319146651524993
2017-08-31,74.61,75.92811398713583,-0.017360025396642276
2017-09-01,74.77,75.80811398713584,-0.013693969319854116
2017-09-05,74.65,74.44811398713584,0.0027117679958830188
2017-09-06,73.29,75.01811398713583,-0.02303595618829024
2017-09-07,73.86,74.78811398713583,-0.012409912988252003
2017-09-08,73.63,76.42811398713583,-0.03661105633990658
2017-09-11,75.27,75.88811398713584,-0.008145069822668383
2017-09-12,74.73,76.07811398713584,-0.017720128910711286
2017-09-13,74.92,76.11811398713583,-0.01574019539341598
2017-09-14,74.96,75.94811398713584,-0.013010382157787603
2017-09-15,74.79,76.23811398713583,-0.01899461976958372
2017-09-18,75.08,75.93811398713584,-0.011300175130517509
2017-09-19,74.78,75.97811398713581,-0.01576919884242811
2017-09-20,74.82,76.94811398713584,-0.027656480150918594
2017-09-21,75.79,77.23811398713583,-0.018748696885284022
2017-09-22,76.08,75.37811398713583,0.009311535878755883
2017-09-25,74.22,74.60811398713584,-0.0052020345562248105
2017-09-26,73.45,76.16811398713584,-0.03568571997981862
2017-09-27,75.01,75.90811398713583,-0.01183159401494327
2017-09-28,74.75,76.11811398713583,-0.017973566546420794
2017-09-29,74.96,75.95205743101889,-0.013061626828475337
2017-10-02,74.82,76.18205743101889,-0.01787897934171978
2017-10-03,75.05,75.59205743101889,-0.007170825208899001
2017-10-04,74.46,77.1620574310189,-0.03501795469145541
2017-10-05,76.03,78.9220574310189,-0.03664447589378517
2017-10-06,77.79,79.34205743101889,-0.019561597988157264
2017-10-09,78.21,79.54205743101889,-0.01674658003627949
2017-10-10,78.41,79.93205743101889,-0.019041889824147562
2017-10-11,78.8,80.3820574310189,-0.019681723528619077
2017-10-12,79.25,81.02205743101888,-0.021871296375404747
2017-10-13,79.89,80.12205743101889,-0.0028962989526158944
2017-10-16,78.99,80.01205743101889,-0.01277379264868983
2017-10-17,78.88,80.7120574310189,-0.02269868331116065
2017-10-18,79.58,80.37205743101889,-0.009854885595017793
2017-10-19,79.24,81.20205743101889,-0.024162656625857815
2017-10-20,80.07,80.6120574310189,-0.006724272376781193
2017-10-23,79.48,81.20205743101889,-0.021207066489439264
2017-10-24,80.07,80.90205743101889,-0.010284749948767935
2017-10-25,79.77,82.1120574310189,-0.028522698179696993
2017-10-26,80.98,83.1420574310189,-0.026004377301015236
2017-10-27,82.01,81.26205743101889,0.009204081125019803
2017-10-30,80.13,83.3320574310189,-0.03842527749503266
2017-10-31,82.2,78.43205743101889,0.048040848250028745
2017-11-01,77.3,80.40205743101889,-0.03858181656209869
2017-11-02,79.27,81.4220574310189,-0.026430889846306482
2017-11-03,80.29,83.0020574310189,-0.032674580787022345
2017-11-06,81.87,81.0020574310189,0.010715068190956023
2017-11-07,79.87,80.54205743101889,-0.008344180077526242
2017-11-08,79.41,79.6120574310189,-0.0025380254893422327
2017-11-09,78.48,80.0320574310189,-0.019392946787062715
2017-11-10,78.9,80.6120574310189,-0.021238230180192663
2017-11-13,79.48,81.02205743101888,-0.01903256322923874
2017-11-14,79.89,79.6320574310189,0.0032391800149651484
2017-11-15,78.5,82.5620574310189,-0.04920005093638535
2017-11-16,81.43,83.12205743101889,-0.020356298716776577
2017-11-17,81.99,84.57205743101889,-0.030530857465835504
2017-11-20,83.44,86.27205743101888,-0.03282705333975988
2017-11-21,85.14,85.9120574310189,-0.008986601579630382
2017-11-22,84.78,86.7220574310189,-0.022394042398771075
2017-11-24,85.59,85.26205743101889,0.003846289649372281
2017-11-27,84.13,85.6620574310189,-0.01788490116820529
2017-11-28,84.53,81.98205743101889,0.031079270865152386
2017-11-29,80.85,83.1320574310189,-0.02745099185007538
2017-11-30,82.0,81.6620574310189,0.004138305837647627
2017-12-01,80.53,77.79205743101889,0.03519565697833538
2017-12-04,76.66,77.3920574310189,-0.009459077007629602
2017-12-05,76.26,78.18205743101889,-0.024584380280791907
2017-12-06,77.05,79.40205743101889,-0.029622121984209993
2017-12-07,78.27,79.79205743101889,-0.01907529997374402
2017-12-08,78.66,80.6720574310189,-0.024941193953549212
2017-12-11,79.54,79.0520574310189,0.006172420868449713
2017-12-12,77.92,80.5820574310189,-0.0330353619141297
2017-12-13,79.45,80.70205743101889,-0.015514566429599363
2017-12-14,79.57,82.4720574310189,-0.03518837193368474
2017-12-15,81.34,83.90205743101889,-0.030536288494776298
2017-12-18,82.77,83.6420574310189,-0.010426063846386224
2017-12-19,82.51,83.4620574310189,-0.011407068796569941
2017-12-20,82.33,82.79205743101889,-0.005580939106433869
2017-12-21,81.66,81.85205743101889,-0.002346397110185694
2017-12-22,80.72,81.84205743101889,-0.01371003450108299
2017-12-26,80.71,82.4120574310189,-0.02065301466892233
2017-12-27,81.28,81.8820574310189,-0.007352739414567044
2017-12-28,80.75,81.4620574310189,-0.008740970379024215
2017-12-29,80.33,81.22375548747483,-0.011003621811265019
2018-01-02,80.44,81.81375548747484,-0.016791253246957405
2018-01-03,81.03,83.89375548747483,-0.034135502348591196
2018-01-04,83.11,84.66375548747483,-0.01835207378326953
2018-01-05,83.88,85.42375548747484,-0.018071735182623616
2018-01-08,84.64,85.50375548747485,-0.010101959645519631
2018-01-09,84.72,85.16375548747483,-0.005210614362116672
2018-01-10,84.38,85.28375548747483,-0.010597041397966689
2018-01-11,84.5,89.53375548747483,-0.05622187363936748
2018-01-12,88.75,87.73375548747484,0.011583278373057171
2018-01-16,86.95,89.13375548747483,-0.02449975854301001
2018-01-17,88.35,89.90375548747485,-0.017282431407343424
2018-01-18,89.12,91.97375548747483,-0.03102793261348835
2018-01-19,91.19,93.09375548747484,-0.020449873114539607
2018-01-22,92.31,92.76375548747484,-0.004891517005648827
2018-01-23,91.98,91.35375548747484,0.0068551589278782465
2018-01-24,90.57,90.67375548747484,-0.0011442725286610056
2018-01-25,89.89,93.72375548747483,-0.04090484282810425
2018-01-26,92.94,93.43375548747484,-0.005284551443948238
2018-01-29,92.65,92.18375548747484,0.005057773032348667
2018-01-30,91.4,92.42375548747484,-0.011076757074793053
2018-01-31,91.64,90.95375548747485,0.007544982709588588
2018-02-01,90.17,89.33375548747483,0.009360901799795318
2018-02-02,88.55,84.85375548747484,0.04356017587307326
2018-02-05,84.07,87.39375548747483,-0.038031956275768386
2018-02-06,86.61,85.28375548747483,0.015550962840982674
2018-02-07,84.5,83.68375548747484,0.009753918281635077
2018-02-08,82.9,84.13375548747483,-0.014664215098047051
2018-02-09,83.35,85.29375548747485,-0.022788954201463096
2018-02-12,84.51,89.68375548747484,-0.05768888088319846
2018-02-13,88.9,92.86375548747483,-0.04268355793568401
2018-02-14,92.08,95.79375548747485,-0.03876824192324768
2018-02-15,95.01,95.68375548747484,-0.007041482475706462
2018-02-16,94.9,96.54375548747485,-0.01702601560479078
2018-02-20,95.76,96.40375548747485,-0.006677701342853726
2018-02-21,95.62,96.89375548747483,-0.013145898629550845
2018-02-22,96.11,99.20375548747485,-0.031185870658550385
2018-02-23,98.42,100.27375548747483,-0.01848694584602828
2018-02-26,99.49,100.40375548747485,-0.009100809855552172
2018-02-27,99.62,99.70375548747485,-0.0008400434573938576
2018-02-28,98.92,99.54375548747485,-0.006266143812037828
2018-03-01,98.76,103.29375548747485,-0.043891864189453345
2018-03-02,102.51,105.10375548747484,-0.02467804766294901
2018-03-05,104.32,106.64375548747483,-0.021789887995343205
2018-03-06,105.86,108.28375548747483,-0.022383371139683028
2018-03-07,107.5,110.12375548747484,-0.023825517717412592
2018-03-08,109.34,110.74375548747483,-0.012675707820235416
2018-03-09,109.96,110.98375548747484,-0.009224372368534461
2018-03-12,110.2,110.30375548747485,-0.0009406342242501697
2018-03-13,109.52,112.03375548747483,-0.022437483029441707
2018-03-14,111.25,110.60375548747484,0.005842880376682569
2018-03-15,109.82,110.76375548747484,-0.008520435979453289
2018-03-16,109.98,108.82375548747484,0.010624927501773573
2018-03-19,108.04,111.88375548747483,-0.03435490228878779
2018-03-20,111.1,113.79375548747485,-0.023672261065075362
2018-03-21,113.01,111.51375548747484,0.013417578001784891
2018-03-22,110.73,107.57375548747484,0.02934028377295661
2018-03-23,106.79,114.64375548747483,-0.06850574158252232
2018-03-26,113.86,108.40375548747485,0.05033261521235377
2018-03-27,107.62,105.96375548747484,0.015630292687398573
2018-03-28,105.18,108.17375548747484,-0.02767543267758199
2018-03-29,107.39,105.03972881403024,0.022375069057259722
2018-04-02,103.88,105.92972881403023,-0.01934989201783688
2018-04-03,104.77,109.02972881403024,-0.03906942501247501
2018-04-04,107.87,109.75972881403024,-0.01721695957569347
2018-04-05,108.6,108.33972881403024,0.0024023614312023156
2018-04-06,107.18,108.94972881403025,-0.016243535741617632
2018-04-09,107.79,112.19972881403025,-0.03930249084059123
2018-04-10,111.04,113.42972881403023,-0.021067923189239224
2018-04-11,112.27,112.61972881403022,-0.003105395632835739
2018-04-12,111.46,111.11972881403022,0.003062203171313005
2018-04-13,109.96,113.16972881403025,-0.028362079220890846
2018-04-16,112.01,117.18972881403023,-0.04419951190645721
2018-04-17,116.03,118.77972881403024,-0.02314981555763107
2018-04-18,117.62,117.91972881403025,-0.002541803793519093
2018-04-19,116.76,116.91972881403025,-0.0013661408185807744
2018-04-20,115.76,115.22972881403024,0.004601860921026546
2018-04-23,114.07,111.70972881403023,0.02112860903904834
2018-04-24,110.55,111.93972881403023,-0.012414973921716754
2018-04-25,110.78,114.55972881403024,-0.032993520962030454
2018-04-26,113.4,114.64972881403023,-0.010900407937792567
2018-04-27,113.49,115.36972881403022,-0.016293085138999075
2018-04-30,114.21,113.74972881403023,0.004046349743147548
2018-05-01,112.59,105.53972881403024,0.06680205895159097
2018-05-02,104.38,106.27972881403024,-0.017874799223042914
2018-05-03,105.12,108.44972881403025,-0.030702970403366114
2018-05-04,107.29,109.47972881403024,-0.02000122614251132
2018-05-07,108.32,110.12972881403024,-0.0164327001756831
2018-05-08,108.97,110.15972881403023,-0.010800033976469892
2018-05-09,109.0,110.67972881403023,-0.015176481113832407
2018-05-10,109.52,108.53972881403024,0.009031450480674552
2018-05-11,107.38,103.16972881403025,0.04080917178292687
2018-05-14,102.01,102.72972881403024,-0.007006042187974071
2018-05-15,101.57,102.82972881403025,-0.012250628573653999
2018-05-16,101.67,102.84972881403024,-0.011470412490473314
2018-05-17,101.69,104.67972881403023,-0.02856072372275309
2018-05-18,103.52,103.85972881403025,-0.003271035057664795
2018-05-21,102.7,102.08972881403024,0.005977792213371913
2018-05-22,100.93,102.93972881403023,-0.019523354463668485
2018-05-23,101.78,104.20972881403023,-0.02331575795928087
2018-05-24,103.05,105.17972881403023,-0.020248472191783606
2018-05-25,104.02,105.20972881403023,-0.011308163488694123
2018-05-29,104.05,106.17972881403023,-0.02005777221149596
2018-05-30,105.02,106.62972881403024,-0.01509643541190775
2018-05-31,105.47,106.72972881403024,-0.011802979619907394
2018-06-01,105.57,109.07972881403025,-0.032175811694709844
2018-06-04,107.92,111.01972881403023,-0.027920522299442863
2018-06-05,109.86,110.59972881403024,-0.006688342023641658
2018-06-06,109.44,104.19972881403025,0.050290641306008466
2018-06-07,103.04,106.62972881403024,-0.033665365690753846
2018-06-08,105.47,107.79972881403025,-0.02161163891283402
2018-06-11,106.64,111.60972881403025,-0.044527738458275956
2018-06-12,110.45,112.87972881403024,-0.021524934898038528
2018-06-13,111.72,114.82972881403025,-0.027081217086792342
2018-06-14,113.67,113.77972881403024,-0.0009643968672976566
2018-06-15,112.62,115.28972881403024,-0.023156692634230036
2018-06-18,114.13,114.83972881403024,-0.006180167972876016
2018-06-19,113.68,113.80972881403024,-0.0011398745553836687
2018-06-20,112.65,110.98972881403023,0.014958782255893865
2018-06-21,109.83,108.37972881403024,0.013381387846598924
2018-06-22,107.22,101.59972881403024,0.05531777743479216
2018-06-25,100.44,102.81972881403024,-0.023144671178178755
2018-06-26,101.66,98.42972881403023,0.03281804415079659
2018-06-27,97.27,101.18972881403023,-0.03873642967493307
2018-06-28,100.03,99.98972881403023,0.00040275322723060114
2018-06-29,98.83,102.1696048832112,-0.03268687284274685
2018-07-02,101.24,101.59960488321123,-0.0035394319064980806
2018-07-03,100.67,102.29960488321123,-0.01592972802848691
2018-07-05,101.37,104.40960488321123,-0.029112310946978637
2018-07-06,103.48,105.79960488321123,-0.021924513666868317
2018-07-09,104.87,106.46960488321123,-0.01502405202842505
2018-07-10,105.54,107.86960488321121,-0.021596490371253663
2018-07-11,106.94,111.43960488321123,-0.04037707140048474
2018-07-12,110.51,111.11960488321121,-0.0054860245755185
2018-07-13,110.19,110.74960488321122,-0.005052883789529949
2018-07-16,109.82,111.65960488321123,-0.016475115464857137
2018-07-17,110.73,112.05960488321121,-0.011865157695290063
2018-07-18,111.13,112.48960488321123,-0.0120864935442061
2018-07-19,111.56,112.68960488321123,-0.010024038014703529
2018-07-20,111.76,113.67960488321121,-0.016886097424276936
2018-07-23,112.75,110.80960488321121,0.01751107333009516
2018-07-24,109.88,113.53960488321121,-0.0322319677523587
2018-07-25,112.61,113.60960488321122,-0.008798594839219742
2018-07-26,112.68,108.93960488321123,0.03433457575689447
2018-07-27,108.01,104.04960488321123,0.03806256757278459
2018-07-30,103.12,107.17960488321121,-0.03787665468290147
2018-07-31,106.25,126.86960488321121,-0.16252596437257305
2018-08-01,125.94,135.95960488321123,-0.07369545455665327
2018-08-02,135.03,133.74960488321122,0.009573075882405746
2018-08-03,132.82,135.40960488321122,-0.019124233361767162
2018-08-06,134.48,135.32960488321123,-0.006278041555980662
2018-08-07,134.4,135.76960488321123,-0.010087713552597855
2018-08-08,134.84,134.7796048832112,0.0004481027885572253
2018-08-09,133.85,136.68960488321122,-0.020774109967158116
2018-08-10,135.76,135.5296048832112,0.0016999615470534302
2018-08-13,134.6,138.82960488321123,-0.030466159482117283
2018-08-14,137.9,136.50960488321124,0.010185328116496306
2018-08-15,135.58,139.18960488321122,-0.025933006177005002
2018-08-16,138.26,140.79960488321123,-0.01803701711604777
2018-08-17,139.87,142.53960488321124,-0.01872886406131513
2018-08-20,141.61,144.97960488321124,-0.02324192348244858
2018-08-21,144.05,146.2796048832112,-0.015242076193679122
2018-08-22,145.35,147.17960488321123,-0.012431103376470132
2018-08-23,146.25,151.86960488321122,-0.03700282810067712
2018-08-24,150.94,152.39960488321123,-0.0095774846944634
2018-08-27,151.47,153.26960488321123,-0.011741433564616433
2018-08-28,152.34,154.85960488321123,-0.01627025256270942
2018-08-29,153.93,153.7196048832112,0.001368694103453194
2018-08-30,152.79,156.04960488321123,-0.020888261047829926
2018-08-31,155.12,157.14960488321123,-0.012915112861528133
2018-09-04,156.22,149.34960488321119,0.04600209771000974
2018-09-05,148.42,152.9696048832112,-0.029741888178927534
2018-09-06,152.04,156.82960488321123,-0.03054018332047692
2018-09-07,155.9,157.9096048832112,-0.0127262992311169
2018-09-10,156.98,159.92960488321123,-0.018443144940958223
2018-09-11,159.0,159.7896048832112,-0.004941528479204482
2018-09-12,158.86,163.01960488321123,-0.025515979419721946
2018-09-13,162.09,164.2496048832112,-0.013148310979175681
2018-09-14,163.32,158.32960488321123,0.03151902716153332
2018-09-17,157.4,158.61960488321122,-0.007688865976618664
2018-09-18,157.69,154.55960488321122,0.02025364337049229
2018-09-19,153.63,154.4096048832112,-0.005048940341508268
2018-09-20,153.48,154.57960488321123,-0.00711351852685882
2018-09-21,153.65,155.89960488321123,-0.014429830562408763
2018-09-24,154.97,159.94960488321124,-0.031132336255829784
2018-09-25,159.02,155.69960488321124,0.02132564895896416
2018-09-26,154.77,155.9096048832112,-0.007309394979641115
2018-09-27,154.98,156.33960488321122,-0.00869648406894008
2018-09-28,155.41,152.24826084388886,0.02076699686805017
2018-10-01,150.8,148.3682608438888,0.016389887852563456
2018-10-02,146.92,149.0482608438888,-0.014279004879620416
2018-10-03,147.6,142.1482608438888,0.038352485804229675
2018-10-04,140.7,140.49826084388883,0.00143588365364411
2018-10-05,139.05,136.21826084388883,0.020788249230082823
2018-10-08,134.77,136.24826084388883,-0.010849759363773415
2018-10-09,134.8,130.00826084388882,0.036857189881687624
2018-10-10,128.56,127.56826084388884,0.007774184186180921
2018-10-11,126.12,132.3282608438888,-0.04691560823286922
2018-10-12,130.88,131.28826084388885,-0.003109652312131006
2018-10-15,129.84,137.50826084388882,-0.05576581942661962
2018-10-16,136.06,137.95826084388884,-0.013759675080543876
2018-10-17,136.51,135.0882608438888,0.010524520393035308
2018-10-18,133.64,132.3682608438888,0.009607583781817919
2018-10-19,130.92,135.20826084388884,-0.03171596777537189
2018-10-22,133.76,133.24826084388883,0.0038404940737704063
2018-10-23,131.8,124.92826084388884,0.055005481623554786
2018-10-24,123.48,128.8282608438888,-0.041514655315961435
2018-10-25,127.38,125.50826084388883,0.01491327458070102
2018-10-26,124.06,125.31826084388884,-0.010040522709266364
2018-10-29,123.87,131.03826084388885,-0.054703571290744435
2018-10-30,129.59,126.64826084388883,0.023227631682501082
2018-10-31,125.2,126.93826084388881,-0.013693750271453253
2018-11-01,125.49,126.56826084388884,-0.008519204077701459
2018-11-02,125.12,125.67826084388884,-0.004441984159712975
2018-11-05,124.23,124.60826084388881,-0.003035600058351684
2018-11-06,123.16,129.67826084388884,-0.050264869388831124
2018-11-07,128.23,128.77826084388883,-0.004257402144555056
2018-11-08,127.33,128.41826084388882,-0.008474346535589317
2018-11-09,126.97,124.03826084388884,0.023635764772621082
2018-11-12,122.59,125.14826084388883,-0.020441840954386392
2018-11-13,123.7,124.36826084388883,-0.005373242653345933
2018-11-14,122.92,126.14826084388883,-0.025591005554043034
2018-11-15,124.7,125.06826084388884,-0.0029444788102435115
2018-11-16,123.62,114.62826084388882,0.07844260298389205
2018-11-19,113.18,115.44826084388883,-0.019647423246643814
2018-11-20,114.0,121.48826084388884,-0.06163773184234789
2018-11-21,120.04,120.59826084388884,-0.004629095311842746
2018-11-23,119.15,124.27826084388883,-0.041264343490698296
2018-11-26,122.83,122.93826084388881,-0.0008806114804754683
2018-11-27,121.49,131.49826084388883,-0.07610945406928515
2018-11-28,130.05,132.81826084388885,-0.0208424717075808
2018-11-29,131.37,134.21826084388883,-0.02122111273071614
2018-11-30,132.77,136.17826084388884,-0.025027936344377055
2018-12-03,134.73,132.44826084388882,0.017227399903729568
2018-12-04,131.0,135.01826084388884,-0.029760869520714994
2018-12-06,133.57,131.0882608438888,0.018931818456777494
2018-12-07,129.64,133.16826084388882,-0.02649475799661416
2018-12-10,131.72,133.06826084388885,-0.010132099385221416
2018-12-11,131.62,136.03826084388885,-0.03247807503919087
2018-12-12,134.59,134.80826084388883,-0.0016190465074064075
2018-12-13,133.36,132.06826084388885,0.009780844752987683
2018-12-14,130.62,124.79826084388881,0.046649201012453734
2018-12-17,123.35,126.31826084388884,-0.02349827193676446
2018-12-18,124.87,125.09826084388884,-0.0018246524160210331
2018-12-19,123.65,121.00826084388883,0.021831064571031567
2018-12-20,119.56,116.45826084388884,0.02663391273092275
2018-12-21,115.01,112.98826084388884,0.017893355831934743
2018-12-24,111.54,121.66826084388883,-0.08324488879547876
2018-12-26,120.22,123.19826084388883,-0.02417453642192846
2018-12-27,121.75,122.68826084388881,-0.0076475193097950145
2018-12-28,121.24,123.89826084388883,-0.021455190942819113
2018-12-31,122.45,120.48040389067818,0.016347854470250667
2019-01-02,119.7,117.28040389067817,0.020630864398942794
2019-01-03,116.5,121.80040389067817,-0.04351712901900995
2019-01-04,121.02,124.89040389067819,-0.03099040254578822
2019-01-07,124.11,127.92040389067817,-0.02978730346985592
2019-01-08,127.14,129.25040389067817,-0.016328025500509713
2019-01-09,128.47,129.3904038906782,-0.007113386024019452
2019-01-10,128.61,128.08040389067818,0.004134872261754019
2019-01-11,127.3,125.35040389067817,0.015553169745046391
2019-01-14,124.57,131.55040389067818,-0.05306258045759471
2019-01-15,130.77,132.16040389067817,-0.010520578401290948
2019-01-16,131.38,133.00040389067817,-0.012183450901473103
2019-01-17,132.22,137.02040389067818,-0.03503422668720335
2019-01-18,136.24,137.32040389067816,-0.007867759342874314
2019-01-22,136.54,137.80040389067818,-0.009146590685453426
2019-01-23,137.02,139.27040389067818,-0.01615852203921697
2019-01-24,138.49,143.83040389067818,-0.03712986785976957
2019-01-25,143.05,144.78040389067817,-0.01195192059268435
2019-01-28,144.0,142.45040389067816,0.01087814472264359
2019-01-29,141.67,146.34040389067818,-0.03191465765098722
2019-01-30,145.56,149.0204038906782,-0.023221007327404397
2019-01-31,148.24,151.6304038906782,-0.022359657454467885
2019-02-01,150.85,156.7404038906782,-0.037580634887138586
2019-02-04,155.96,157.7404038906782,-0.011286923621116829
2019-02-05,156.96,169.92040389067816,-0.07627338208904266
2019-02-06,169.14,168.95040389067816,0.001122199799205692
2019-02-07,168.17,176.7404038906782,-0.04849148073679521
2019-02-08,175.96,172.9904038906782,0.017166247621448694
2019-02-11,172.21,174.12040389067818,-0.010971740519724604
2019-02-12,173.34,173.84040389067818,-0.0028785246667561992
2019-02-13,173.06,179.1604038906782,-0.03404995611865558
2019-02-14,178.38,183.25040389067817,-0.026577861697831273
2019-02-15,182.47,180.34040389067818,0.011808757568341655
2019-02-19,179.56,177.82040389067816,0.009782882454767883
2019-02-20,177.04,179.71040389067818,-0.014859484108124654
2019-02-21,178.93,185.06040389067817,-0.03312650227597913
2019-02-22,184.28,182.11040389067819,0.011913630758977556
2019-02-25,181.33,181.21040389067818,0.0006599847842840845
2019-02-26,180.43,183.50040389067817,-0.01673240944203802
2019-02-27,182.72,182.51040389067816,0.0011484063639866093
2019-02-28,181.73,182.5804038906782,-0.004657695308788012
2019-03-01,181.8,178.20040389067816,0.02019970791721737
2019-03-04,177.42,179.3504038906782,-0.010763309414429156
2019-03-05,178.57,176.42040389067816,0.012184509625393858
2019-03-06,175.64,177.01040389067816,-0.007741939798773245
2019-03-07,176.23,178.86040389067819,-0.014706462880884064
2019-03-08,178.08,181.9404038906782,-0.0212179582331683
2019-03-11,181.16,183.07040389067816,-0.010435350827209477
2019-03-12,182.29,181.81040389067817,0.002637891446576335
2019-03-13,181.03,184.1304038906782,-0.01683808770939843
2019-03-14,183.35,182.72040389067817,0.003445680372393012
2019-03-15,181.94,182.47040389067817,-0.002906794084787334
2019-03-18,181.69,183.90040389067818,-0.012019570614930086
2019-03-19,183.12,182.75040389067817,0.0020224092612288747
2019-03-20,181.97,190.8304038906782,-0.04643077680511598
2019-03-21,190.05,181.9404038906782,0.04457281580068706
2019-03-22,181.16,184.59040389067818,-0.01858386903313669
2019-03-25,183.81,186.4904038906782,-0.014372878361341712
2019-03-26,185.71,183.75040389067817,0.01066444518123455
2019-03-27,182.97,187.47040389067817,-0.02400594332373951
2019-03-28,186.69,189.9104038906782,-0.016957490609793124
2019-03-29,189.13,191.84572396732474,-0.0141557701217635
2019-04-01,190.28,192.2857239673247,-0.01043095621423018
2019-04-02,190.72,191.87572396732472,-0.006023294366938936
2019-04-03,190.31,185.25572396732474,0.027282698339548883
2019-04-04,183.69,185.04572396732473,-0.007326426886600901
2019-04-05,183.48,185.81572396732474,-0.012570109339807511
2019-04-08,184.25,185.90572396732475,-0.008906255988200606
2019-04-09,184.34,189.15572396732475,-0.025459044359432803
2019-04-10,187.59,190.14572396732476,-0.013440870054821419
2019-04-11,188.58,190.3257239673247,-0.009172296476457342
2019-04-12,188.76,191.7257239673247,-0.015468576182454008
2019-04-15,190.16,190.45572396732473,-0.0015527176666817466
2019-04-16,188.89,188.50572396732474,0.0020385377408584926
2019-04-17,186.94,190.51572396732473,-0.018768655378482046
2019-04-18,188.95,191.75572396732474,-0.014631761228691365
2019-04-22,190.19,196.18572396732472,-0.030561469234750893
2019-04-23,194.62,194.16572396732474,0.002339630411553495
2019-04-24,192.6,198.10572396732474,-0.027791846984859703
2019-04-25,196.54,201.6357239673247,-0.025271930325949987
2019-04-26,200.07,199.60572396732474,0.0023259655256742118
2019-04-29,198.04,204.09572396732474,-0.029670998733389742
2019-04-30,202.53,203.02572396732472,-0.002441680579375771
2019-05-01,201.46,203.0357239673247,-0.007760821280782593
2019-05-02,201.47,208.45572396732473,-0.0335117877042308
2019-05-03,206.89,209.02572396732472,-0.010217517379146113
2019-05-06,207.46,203.46572396732475,0.01963119858613971
2019-05-07,201.9,206.31572396732474,-0.021402750514663005
2019-05-08,204.75,209.45572396732473,-0.022466437670898065
2019-05-09,207.89,209.95572396732473,-0.009838855203805896
2019-05-10,208.39,198.81572396732474,0.048156533304422044
2019-05-13,197.25,204.84572396732474,-0.03708021734706235
2019-05-14,203.28,205.95572396732473,-0.012991743641702524
2019-05-15,204.39,213.61572396732475,-0.04318841233211823
2019-05-16,212.05,212.31572396732474,-0.0012515510502916216
2019-05-17,210.75,208.85572396732474,0.009069782703066354
2019-05-20,207.29,215.11572396732475,-0.036379135020894404
2019-05-21,213.55,214.6357239673247,-0.005058449484811711
2019-05-22,213.07,208.33572396732472,0.02272426419492901
2019-05-23,206.77,209.79572396732473,-0.014422238499941842
2019-05-24,208.23,209.75572396732474,-0.00727381326462595
2019-05-28,208.19,207.61572396732475,0.0027660526943789066
2019-05-29,206.05,210.70572396732473,-0.02209585900023625
2019-05-30,209.14,213.66572396732474,-0.021181328868718596
2019-05-31,212.1,198.90572396732475,0.0663343204484288
2019-06-03,197.34,210.58572396732472,-0.06289943932467135
2019-06-04,209.02,218.33572396732472,-0.042666970837621054
2019-06-05,216.77,220.77572396732472,-0.018143860635318587
2019-06-06,219.21,224.01572396732473,-0.02145261896002304
2019-06-07,222.45,223.4757239673247,-0.004589867521694213
2019-06-10,221.91,215.39572396732476,0.030243293193988663
2019-06-11,213.83,215.56572396732474,-0.008051947848572771
2019-06-12,214.0,220.3257239673247,-0.028710782624106312
2019-06-13,218.76,215.90572396732475,0.01322001093915981
2019-06-14,214.34,221.08572396732472,-0.030511802599799243
2019-06-17,219.52,223.9857239673247,-0.01993753837622325
2019-06-18,222.42,227.45572396732473,-0.02213935916621801
2019-06-19,225.89,231.71572396732475,-0.02514168597443256
2019-06-20,230.15,229.81572396732474,0.001454539432309554
2019-06-21,228.25,227.31572396732474,0.004110036984549037
2019-06-24,225.75,219.91572396732474,0.026529599282050897
2019-06-25,218.35,218.3857239673247,-0.0001635819717320519
2019-06-26,216.82,226.12572396732472,-0.04115287639131848
2019-06-27,224.56,228.2857239673247,-0.016320442218533016
2019-06-28,226.72,228.62363860538392,-0.008326516964720754
2019-07-01,227.0,234.54363860538393,-0.03216304927406699
2019-07-02,232.92,237.36363860538393,-0.0187208058971976
2019-07-03,235.74,240.92363860538393,-0.02151569117663188
2019-07-05,239.3,240.68363860538392,-0.005748785473749907
2019-07-08,239.06,241.54363860538393,-0.010282359824186904
2019-07-09,239.92,246.09363860538394,-0.025086542831298075
2019-07-10,244.47,245.49363860538392,-0.004169715399547913
2019-07-11,243.87,245.26363860538393,-0.005682206352757513
2019-07-12,243.64,245.00363860538394,-0.005565789198667015
2019-07-15,243.38,241.59363860538394,0.007394074632626646
2019-07-16,239.97,244.03363860538394,-0.016651960887880235
2019-07-17,242.41,243.67363860538393,-0.005185782970271613
2019-07-18,242.05,234.43363860538392,0.032488346979234084
2019-07-19,232.81,235.55363860538392,-0.011647617169608937
2019-07-22,233.93,233.51363860538393,0.001783028165304179
2019-07-23,231.89,236.75363860538394,-0.02054303635641508
2019-07-24,235.13,236.74363860538392,-0.006815974506810818
2019-07-25,235.12,236.82363860538393,-0.007193701673601449
2019-07-26,235.2,231.23363860538393,0.01715304666975781
2019-07-29,229.61,230.24363860538392,-0.002752035231991412
2019-07-30,228.62,242.37363860538392,-0.05674560436738185
2019-07-31,240.75,239.50363860538394,0.005203935112942482
2019-08-01,237.88,238.14363860538393,-0.0011070570976736693
2019-08-02,236.52,222.79363860538393,0.06161020341756007
2019-08-05,221.17,226.93363860538392,-0.025397903284873347
2019-08-06,225.31,232.82363860538393,-0.03227180302820931
2019-08-07,231.2,242.09363860538394,-0.044997624341301834
2019-08-08,240.47,242.24363860538392,-0.007321713856326184
2019-08-09,240.62,240.72363860538394,-0.00043052940701782116
2019-08-12,239.1,245.20363860538393,-0.024892120851464083
2019-08-13,243.58,233.92363860538393,0.04127997261065963
2019-08-14,232.3,236.76363860538393,-0.018852720086902863
2019-08-15,235.14,243.04363860538393,-0.03251942182373524
2019-08-16,241.42,245.28363860538394,-0.015751717592545345
2019-08-19,243.66,248.59363860538394,-0.019846198129050197
2019-08-20,246.97,253.52363860538392,-0.025850207268383496
2019-08-21,251.9,250.22363860538394,0.006699452553560636
2019-08-22,248.6,250.53363860538394,-0.0077180797602577345
2019-08-23,248.91,254.30363860538392,-0.021209443305502673
2019-08-26,252.68,256.72363860538394,-0.015750939910911366
2019-08-27,255.1,254.85363860538394,0.0009666779566663841
2019-08-28,253.23,255.72363860538394,-0.00975130269138702
2019-08-29,254.1,251.74363860538392,0.009360162614912237
2019-08-30,250.12,245.89363860538393,0.017187762231615222
2019-09-03,244.27,249.50363860538394,-0.020976201528112637
2019-09-04,247.88,254.31363860538394,-0.02529804787767187
2019-09-05,252.69,251.24363860538392,0.005756808023656301
2019-09-06,249.62,230.34363860538394,0.08368523442333742
2019-09-09,228.72,212.94363860538394,0.0740870283702253
2019-09-10,211.32,208.32363860538393,0.014383204012156758
2019-09-11,206.7,214.13363860538394,-0.034714950223598606
2019-09-12,212.51,211.28363860538394,0.00580433678022052
2019-09-13,209.66,212.91363860538394,-0.01528149453785943
2019-09-16,211.29,217.09363860538394,-0.026733342545947947
2019-09-17,215.47,217.69363860538394,-0.010214531851409525
2019-09-18,216.07,220.94363860538394,-0.02205828887469574
2019-09-19,219.32,217.58363860538392,0.007980202030563488
2019-09-20,215.96,219.06363860538394,-0.01416774881099625
2019-09-23,217.44,210.55363860538392,0.03270597193298741
2019-09-24,208.93,212.88363860538394,-0.018571829339654733
2019-09-25,211.26,213.92363860538393,-0.012451352373906821
2019-09-26,212.3,208.02363860538392,0.020557093526895942
2019-09-27,206.4,211.11363860538393,-0.022327494502592082
2019-09-30,209.49,209.79139462013939,-0.0014366395756369998
2019-10-01,207.94,206.42139462013938,0.007356821625273735
2019-10-02,204.57,210.98139462013938,-0.03038843605941066
2019-10-03,209.13,216.14139462013938,-0.032438925604517665
2019-10-04,214.29,216.15139462013937,-0.00861153185437713
2019-10-07,214.3,209.45139462013938,0.023149071834322577
2019-10-08,207.6,217.1613946201394,-0.04402897962993957
2019-10-09,215.31,216.03139462013937,-0.003339304555283862
2019-10-10,214.18,221.8813946201394,-0.034709510607341176
2019-10-11,220.03,222.25139462013937,-0.009994963693865988
2019-10-14,220.4,222.73139462013938,-0.010467292337101752
2019-10-15,220.88,213.96139462013937,0.03233576502033797
2019-10-16,212.11,212.04139462013939,0.0003235471073161911
2019-10-17,210.19,204.83139462013938,0.026161054997444033
2019-10-18,202.98,207.8813946201394,-0.02357784172602695
2019-10-21,206.03,192.45139462013938,0.07055602484285495
2019-10-22,190.6,196.46139462013937,-0.029834841758465847
2019-10-23,194.61,205.3513946201394,-0.052307385786246496
2019-10-24,203.5,211.52139462013938,-0.03792237959921074
2019-10-25,209.67,210.93139462013937,-0.005980117954517805
2019-10-28,209.08,211.01139462013938,-0.009153034714624031
2019-10-29,209.16,214.8513946201394,-0.026489912388988013
2019-10-30,213.0,213.3813946201394,-0.0017873846068835464
2019-10-31,211.53,216.1613946201394,-0.02142563258475516
2019-11-01,214.31,213.90139462013937,0.0019102511256938737
2019-11-04,212.05,214.65139462013937,-0.012119160114207328
2019-11-05,212.8,215.4113946201394,-0.01212282490786698
2019-11-06,213.56,214.8513946201394,-0.0060106410871690885
2019-11-07,213.0,220.27139462013938,-0.03301107087771871
2019-11-08,218.42,222.01139462013938,-0.016176622944440555
2019-11-11,220.16,223.8513946201394,-0.01649038026501215
2019-11-12,222.0,228.47139462013936,-0.028324747747519252
2019-11-13,226.62,232.65139462013937,-0.02592460118275719
2019-11-14,230.8,234.6013946201394,-0.016203631808303975
2019-11-15,232.75,237.11139462013938,-0.01839386347132954
2019-11-18,235.26,241.34139462013937,-0.025198307276342757
2019-11-19,239.49,262.7813946201394,-0.08863410841474528
2019-11-20,260.93,263.31139462013937,-0.0090440241812354
2019-11-21,261.46,265.1613946201394,-0.013959025315287255
2019-11-22,263.31,269.0913946201394,-0.021484873673870752
2019-11-25,267.24,275.9513946201394,-0.03156858341713065
2019-11-26,274.1,281.5113946201394,-0.026327156775092675
2019-11-27,279.66,278.6613946201394,0.0035835799258161494
2019-11-29,276.81,270.8913946201394,0.021848628259897307
2019-12-02,269.04,272.2813946201394,-0.011904576236879683
2019-12-03,270.43,271.7613946201394,-0.004899130805537721
2019-12-04,269.91,270.38139462013936,-0.0017434432602199124
2019-12-05,268.53,270.6413946201394,-0.007801447458186894
2019-12-06,268.79,270.6513946201394,-0.006877461772372695
2019-12-09,268.8,267.3513946201394,0.0054183572968409255
2019-12-10,265.5,263.9213946201394,0.005981346764754258
2019-12-11,262.07,256.33139462013935,0.022387446486470175
2019-12-12,254.48,258.8413946201394,-0.01684967980697194
2019-12-13,256.99,261.3313946201394,-0.016612602655145525
2019-12-16,259.48,258.3613946201394,0.004329615039837087
2019-12-17,256.51,261.19139462013936,-0.01792323451906863
2019-12-18,259.34,263.6113946201394,-0.016203376285362836
2019-12-19,261.76,265.3913946201394,-0.01368316642420575
2019-12-20,263.54,266.87139462013937,-0.012483146141913037
2019-12-23,265.02,266.4913946201394,-0.005521358850017477
2019-12-24,264.64,270.5713946201394,-0.021921735771316953
2019-12-26,268.72,270.7413946201394,-0.0074661454077809
2019-12-27,268.89,264.2713946201394,0.01747675107439961
2019-12-30,262.42,266.6113946201394,-0.015720988317514117
2019-12-31,264.76,273.6513946201394,-0.032491683926850534
2020-01-02,271.8,274.56139462013937,-0.010057475938887173
2020-01-03,272.71,279.94139462013936,-0.025831816084048165
2020-01-06,278.09,281.3413946201394,-0.011556758736229966
2020-01-07,279.49,284.9713946201394,-0.019234894181031637
2020-01-08,283.12,287.1413946201394,-0.014004928218236623
2020-01-09,285.29,287.4313946201394,-0.00745010691323178
2020-01-10,285.58,297.2813946201394,-0.03936134192014007
2020-01-13,295.43,288.3613946201394,0.024513008716621654
2020-01-14,286.51,290.94139462013936,-0.015231227670181147
2020-01-15,289.09,296.1613946201394,-0.023876827799279132
2020-01-16,294.31,298.0913946201394,-0.012685353178202519
2020-01-17,296.24,301.63139462013936,-0.017874116276686114
2020-01-21,299.78,305.13139462013936,-0.01753800072523304
2020-01-22,303.28,316.70139462013935,-0.04237870387731446
2020-01-23,314.85,316.6613946201394,-0.005720288771898674
2020-01-24,314.81,314.38139462013936,0.0013633293419876846
2020-01-27,312.53,320.44139462013936,-0.024689053140334094
2020-01-28,318.59,323.9013946201394,-0.01639818385582581
2020-01-29,322.05,327.4713946201394,-0.016555322721937604
2020-01-30,325.62,320.01139462013936,0.017526267733429357
2020-01-31,318.16,325.32139462013936,-0.022013291282306557
2020-02-03,323.47,339.5913946201394,-0.04747291855900082
2020-02-04,337.74,324.3513946201394,0.041278087906915006
2020-02-05,322.5,292.56139462013937,0.10233272718272612
2020-02-06,290.71,295.38139462013936,-0.015814789642207505
2020-02-07,293.53,299.8413946201394,-0.021049110407637905
2020-02-10,297.99,296.6113946201394,0.004647850368749928
2020-02-11,294.76,298.2113946201394,-0.01157365104890029
2020-02-12,296.36,305.14139462013935,-0.028778116555018718
2020-02-13,303.29,316.2813946201394,-0.0410754310595548
2020-02-14,314.43,320.01139462013936,-0.017441237137085674
2020-02-18,318.16,326.33139462013935,-0.0250401731333606
2020-02-19,324.48,312.1813946201394,0.03939570260048808
2020-02-20,310.33,302.2413946201394,0.02676207006663156
2020-02-21,300.39,297.62139462013937,0.009302440717994243
2020-02-24,295.77,290.7613946201394,0.017225826648699316
2020-02-25,288.91,293.7713946201394,-0.016548223241494964
2020-02-26,291.92,283.2113946201394,0.03074948799832411
2020-02-27,281.36,284.50139462013937,-0.011041754731408893
2020-02-28,282.65,293.81139462013937,-0.037988297338058086
2020-03-02,291.96,284.1513946201394,0.02748044010235917
2020-03-03,282.3,295.5413946201394,-0.04480385780529528
2020-03-04,293.69,284.1113946201394,0.033714259833426796
2020-03-05,282.26,269.56139462013937,0.047108397690831305
2020-03-06,267.71,242.69139462013936,0.10308814376801356
2020-03-09,240.84,241.33139462013938,-0.0020361819104093293
2020-03-10,239.48,222.53139462013937,0.07616276080411866
2020-03-11,220.68,193.83139462013938,0.1385152566872725
2020-03-12,191.98,228.47139462013936,-0.1597197525791385
2020-03-13,226.62,198.12139462013937,0.14384415895366254
2020-03-16,196.27,218.6013946201394,-0.10215577379524199
2020-03-17,216.75,194.24139462013937,0.11587954989655369
2020-03-18,192.39,199.40139462013937,-0.03516221455469826
2020-03-19,197.55,194.6613946201394,0.014839128146068248
2020-03-20,192.81,180.79139462013939,0.06647775136152312
2020-03-23,178.94,203.47139462013936,-0.12056434107574199
2020-03-24,201.62,212.50139462013937,-0.05120622685601939
2020-03-25,210.65,231.06139462013937,-0.0883375375349712
2020-03-26,229.21,210.79139462013939,0.0873783553311187
2020-03-27,208.94,214.97139462013936,-0.028056731132981683
2020-03-30,213.12,205.12134496919919,0.03899474738722053
2020-03-31,202.01,190.5513449691992,0.060134212291458766
2020-04-01,187.44,184.37134496919919,0.016643882656024678
2020-04-02,181.26,168.12134496919919,0.07814983298645317
2020-04-03,165.01,184.9613449691992,-0.10786764646700431
2020-04-06,181.85,189.13134496919918,-0.038498880079264386
2020-04-07,186.02,205.69134496919918,-0.09563525860626176
2020-04-08,202.58,225.10134496919918,-0.10004980188937018
2020-04-09,221.99,219.4613449691992,0.011522097575569434
2020-04-13,216.35,231.62134496919919,-0.06593237325009904
2020-04-14,228.51,229.51134496919917,-0.004362943231993932
2020-04-15,226.4,209.82134496919917,0.07901319588450129
2020-04-16,206.71,228.10134496919918,-0.0937800036737515
2020-04-17,224.99,225.47134496919918,-0.002134838771928771
2020-04-20,222.36,211.31134496919918,0.052286142196536156
2020-04-21,208.2,220.85134496919918,-0.05728443705408992
2020-04-22,217.74,214.78134496919918,0.01377519556563489
2020-04-23,211.67,214.91134496919918,-0.015082242259773393
2020-04-24,211.8,229.2113449691992,-0.07596196851224302
2020-04-27,226.1,239.8013449691992,-0.05713623070362284
2020-04-28,236.69,273.1113449691992,-0.13335712939096944
2020-04-29,270.0,264.1313449691991,0.022218699683239862
2020-04-30,261.02,244.7713449691992,0.06638299525152935
2020-05-01,241.66,251.23134496919917,-0.0380977340640859
2020-05-04,248.12,260.0913449691992,-0.04602746381513345
2020-05-05,256.98,258.15134496919916,-0.004537435082272778
2020-05-06,255.04,271.9313449691992,-0.06211621161625347
2020-05-07,268.82,275.14134496919917,-0.02297490030045035
2020-05-08,272.03,277.4013449691992,-0.019363081926641823
2020-05-11,274.29,266.5613449691992,0.02899390769390764
2020-05-12,263.45,246.42134496919917,0.06910381498375995
2020-05-13,243.31,255.92134496919917,-0.049278206828418214
2020-05-14,252.81,264.7913449691992,-0.04524824997808319
2020-05-15,261.68,287.0113449691992,-0.08825903718864359
2020-05-18,283.9,282.8013449691992,0.0038849003031453666
2020-05-19,279.69,276.5813449691992,0.011239568710416759
2020-05-20,273.47,277.39134496919917,-0.014136508006890258
2020-05-21,274.28,272.4613449691992,0.006674910273992696
2020-05-22,269.35,283.4113449691992,-0.049614615712463284
2020-05-26,280.3,290.1713449691992,-0.03401902062468298
2020-05-27,287.06,290.3213449691992,-0.011233569373086172
2020-05-28,287.21,300.34134496919916,-0.043721402960840594
2020-05-29,297.23,308.72134496919915,-0.03722238567710834
2020-06-01,305.61,309.95134496919917,-0.014006536960278648
2020-06-02,306.84,310.09134496919916,-0.010485120020109373
2020-06-03,306.98,306.28134496919915,0.0022810890779885185
2020-06-04,303.17,332.89134496919917,-0.08928242028025424
2020-06-05,329.78,330.71134496919916,-0.002816186935727716
2020-06-08,331.02,,
2020-06-09,327.6,310.83134496919917,0.05394776074614516
2020-06-10,331.5,,
2020-06-11,295.68,,
2020-06-12,302.8,,
2020-06-15,307.720001,315.7513449691992,-0.02543566036110656
2020-06-16,312.640015,312.1313449691992,0.0016296666099042678
2020-06-17,309.019989,319.4113449691992,-0.0325328330783029
2020-06-18,316.299988,321.27134496919916,-0.015474013001924525
2020-06-19,318.160004,325.77134496919916,-0.023364059137610083
2020-06-22,322.660004,332.7513449691992,-0.03032697274336571
2020-06-23,329.640015,315.6813449691992,0.04421759553819293
2020-06-24,312.570007,320.15134496919916,-0.023680481398347886
2020-06-25,317.040009,309.4813449691992,0.024423649934548042
2020-06-26,306.369995,303.47134496919915,0.009551643273255639
2020-06-29,300.359985,324.6113449691992,-0.07470891065591156
2020-06-30,309.730011,,
2020-07-01,320.26001,,
2020-07-02,321.5,324.52134496919916,-0.009310157917304052
2020-07-06,321.410004,316.84134496919916,0.014419390345805416
2020-07-07,313.730011,322.2513449691992,-0.02644312925990633
2020-07-08,319.140015,317.1213449691992,0.006365607559456032
2020-07-09,314.01001,312.1113449691992,0.006083293867412021
2020-07-10,309.0,293.3613449691992,0.05330850604207149
2020-07-13,290.25,289.5513469691992,0.0024128813010673156
2020-07-14,286.440002,297.3013469691992,-0.036533117256022485
2020-07-15,294.190002,293.4113329691992,0.002653847835122791
2020-07-16,290.299988,298.18135196919917,-0.02643144488127913
2020-07-17,295.070007,294.31135696919915,0.0025777123880414976
2020-07-20,302.799988,,
2020-07-21,293.899994,,
2020-07-22,298.059998,,
2020-07-23,291.200012,290.08134596919916,0.0038563873421892936
2020-07-24,286.970001,293.40135396919914,-0.021919983947566446
2020-07-27,290.290009,289.90135396919914,0.001340645793748818
2020-07-28,286.790009,297.5313579691991,-0.0361015694026815
2020-07-29,294.420013,289.64134396919917,0.01649857359904039
2020-07-30,286.529999,287.4813399691992,-0.0033092268503449596
2020-07-31,284.369995,,
2020-08-03,288.079987,,
2020-08-04,285.5,,
2020-08-05,302.049988,,
