date,QRVO,dcf,Deviation
2015-01-02,70.4,69.22406341535844,0.016987396096436846
2015-01-05,67.63,66.26406341535845,0.02061353491227269
2015-01-06,64.67,68.24406341535845,-0.05237178498011452
2015-01-07,66.65,69.28406341535845,-0.03801831598079364
2015-01-08,67.69,68.70406341535845,-0.014759875398166922
2015-01-09,67.11,67.11406341535844,-6.054491639551074e-05
2015-01-12,65.52,66.61406341535844,-0.01642391049674663
2015-01-13,65.02,66.18406341535845,-0.017588273600746107
2015-01-14,64.59,65.98406341535845,-0.021127274423568765
2015-01-15,64.39,67.40406341535845,-0.044716345909075805
2015-01-16,65.81,69.55406341535846,-0.0538295425387284
2015-01-20,67.96,70.43406341535845,-0.035125950362519864
2015-01-21,68.84,72.20406341535845,-0.046591053968894514
2015-01-22,70.61,74.96406341535845,-0.05808200912527384
2015-01-23,73.37,74.74406341535845,-0.01838357927803136
2015-01-26,73.15,75.34406341535845,-0.029120587819413957
2015-01-27,73.75,77.09406341535845,-0.04337640626544348
2015-01-28,75.5,77.35406341535845,-0.02396853291859946
2015-01-29,75.76,75.46406341535845,0.0039215564501569045
2015-01-30,73.87,70.31406341535845,0.05057219582995742
2015-02-02,68.72,70.11406341535844,-0.019882793086744344
2015-02-03,68.52,69.92406341535845,-0.020079831559818295
2015-02-04,68.33,68.98406341535845,-0.009481369797257111
2015-02-05,67.39,67.48406341535845,-0.001393861166591237
2015-02-06,65.89,65.33406341535844,0.008509138351111112
2015-02-09,63.74,66.61406341535844,-0.04314499473538802
2015-02-10,65.02,66.34406341535845,-0.019957526675279502
2015-02-11,64.75,67.79406341535845,-0.044901622089063786
2015-02-12,66.2,71.62406341535845,-0.07572962432895647
2015-02-13,70.03,71.03406341535845,-0.014134956766972073
2015-02-17,69.44,69.13406341535845,0.004425265484591545
2015-02-18,67.54,66.89406341535845,0.00965611224169205
2015-02-19,65.3,66.76406341535845,-0.021928914156259416
2015-02-20,65.17,66.64406341535845,-0.02211845046379235
2015-02-23,65.05,70.93406341535845,-0.0829511680573547
2015-02-24,69.34,68.80406341535846,0.00778931589267029
2015-02-25,67.21,73.12406341535845,-0.08087711676750597
2015-02-26,71.53,70.99406341535845,0.0075490338045025585
2015-02-27,69.4,70.94406341535844,-0.02176451898897247
2015-03-02,69.35,72.43406341535845,-0.04257752871978926
2015-03-03,70.84,73.61406341535844,-0.03768387841472798
2015-03-04,72.02,76.10406341535845,-0.05366419652349674
2015-03-05,74.51,74.57406341535845,-0.0008590575922037269
2015-03-06,72.98,76.42406341535845,-0.045065170071371896
2015-03-09,74.83,73.74406341535845,0.014725749224382634
2015-03-10,72.15,74.54406341535845,-0.0321160841745205
2015-03-11,72.95,75.01406341535845,-0.02751568601116261
2015-03-12,73.42,74.16406341535844,-0.010032667859516953
2015-03-13,72.57,77.92406341535845,-0.06870872976451059
2015-03-16,76.33,79.30406341535846,-0.03750203063091073
2015-03-17,77.71,81.55406341535846,-0.047135154943543145
2015-03-18,79.96,81.97406341535844,-0.02456952030245585
2015-03-19,80.38,82.39406341535845,-0.024444278287445442
2015-03-20,80.8,85.68406341535845,-0.05700083797009803
2015-03-23,84.09,84.80406341535846,-0.008420155669440876
2015-03-24,83.21,78.72406341535844,0.056983041652374666
2015-03-25,77.13,78.78406341535845,-0.020994898506796256
2015-03-26,77.19,80.87406341535845,-0.045553089084167664
2015-03-27,79.28,84.61650878115245,-0.0630669931674267
2015-03-30,81.4,82.91650878115244,-0.018289587965589216
2015-03-31,79.7,82.01650878115244,-0.028244420734045872
2015-04-01,78.8,81.00650878115245,-0.027238660378680946
2015-04-02,77.79,79.72650878115245,-0.024289396472484626
2015-04-06,76.51,76.44650878115245,0.0008305313069210118
2015-04-07,73.23,76.05650878115244,-0.03716327276190834
2015-04-08,72.84,77.84650878115244,-0.06431256660754159
2015-04-09,74.63,76.79650878115244,-0.02821103218801735
2015-04-10,73.58,75.84650878115244,-0.029882835974589517
2015-04-13,72.63,73.71650878115244,-0.014739015711908499
2015-04-14,70.5,74.12650878115244,-0.048923237324708935
2015-04-15,70.91,74.67650878115244,-0.050437665641153595
2015-04-16,71.46,73.28650878115243,-0.024922851579773697
2015-04-17,70.07,75.22650878115245,-0.06854643216467315
2015-04-20,72.01,77.28650878115243,-0.06827205503736233
2015-04-21,74.07,77.69650878115245,-0.04667531190323149
2015-04-22,74.48,76.48650878115244,-0.026233499386062564
2015-04-23,73.27,73.33650878115245,-0.0009068986546785229
2015-04-24,70.12,72.58650878115245,-0.03398026468787663
2015-04-27,69.37,71.07650878115244,-0.02400946262578607
2015-04-28,67.86,71.86650878115245,-0.05574931701987984
2015-04-29,68.65,69.12650878115244,-0.0068932857966400585
2015-04-30,65.91,72.81650878115244,-0.09484811750464062
2015-05-01,69.6,72.20650878115242,-0.03609797544778659
2015-05-04,68.99,70.28650878115243,-0.01844605463602289
2015-05-05,67.07,72.27650878115244,-0.0720359750208377
2015-05-06,69.06,78.77650878115244,-0.12334271893345383
2015-05-07,75.56,79.77650878115244,-0.052854014866950516
2015-05-08,76.56,77.77650878115244,-0.01564108238099826
2015-05-11,74.56,77.96650878115244,-0.043691949715413236
2015-05-12,74.75,78.17650878115244,-0.04383041446305325
2015-05-13,74.96,80.19650878115245,-0.0652959693724613
2015-05-14,76.98,79.75650878115245,-0.03481231592986389
2015-05-15,76.54,83.51650878115244,-0.08353448776736772
2015-05-18,80.3,83.31650878115244,-0.03620541505256669
2015-05-19,80.1,84.36650878115245,-0.05057111930777913
2015-05-20,81.15,84.47650878115245,-0.039377914986640894
2015-05-21,81.26,87.24650878115244,-0.06861602675894907
2015-05-22,84.03,85.67650878115244,-0.01921773896457646
2015-05-26,82.46,89.61650878115245,-0.07985703614753581
2015-05-27,86.4,85.51650878115244,0.010331235821477769
2015-05-28,82.3,85.36650878115245,-0.03592168433423726
2015-05-29,82.15,84.15650878115244,-0.023842585798922844
2015-06-01,80.94,84.07650878115244,-0.03730541178055624
2015-06-02,80.86,84.76650878115244,-0.046085521715164
2015-06-03,81.55,84.53650878115243,-0.03532803547499097
2015-06-04,81.32,86.91650878115244,-0.06438947973904396
2015-06-05,83.7,83.45650878115242,0.002917582132342611
2015-06-08,80.24,83.26650878115244,-0.03634725203991618
2015-06-09,80.05,85.71650878115244,-0.06610755456244632
2015-06-10,82.5,85.21650878115244,-0.0318777290927138
2015-06-11,82.0,86.72650878115245,-0.054499008983278974
2015-06-12,83.51,85.39650878115245,-0.022091169862541338
2015-06-15,82.18,87.96650878115244,-0.06578081660087709
2015-06-16,84.75,87.77650878115244,-0.034479712433063914
2015-06-17,84.56,87.86650878115245,-0.0376310476769699
2015-06-18,84.65,88.46650878115244,-0.043140718829468905
2015-06-19,85.25,91.02650878115244,-0.06345963234776397
2015-06-22,87.81,88.52650878115244,-0.008093720073427235
2015-06-23,85.31,87.80650878115244,-0.028431933074286153
2015-06-24,84.59,88.19650878115245,-0.04089174085225411
2015-06-25,84.98,83.62650878115244,0.016184954251643013
2015-06-26,80.41,81.16798842426243,-0.009338514345094473
2015-06-29,79.06,82.37798842426244,-0.04027760919791046
2015-06-30,80.27,82.46798842426243,-0.026652625658270312
2015-07-01,80.36,83.46798842426243,-0.03723569338300958
2015-07-02,81.36,82.09798842426244,-0.008989117010379077
2015-07-06,79.99,82.05798842426243,-0.02520154909928296
2015-07-07,79.95,76.78798842426245,0.04117846606772768
2015-07-08,74.68,76.73798842426244,-0.026818378570003687
2015-07-09,74.63,78.26798842426244,-0.04648117956657105
2015-07-10,76.16,78.71798842426243,-0.03249560202778268
2015-07-13,76.61,80.06798842426242,-0.04318815162358414
2015-07-14,77.96,79.98798842426244,-0.025353662021175505
2015-07-15,77.88,82.34798842426244,-0.05425740822281
2015-07-16,80.24,80.96798842426243,-0.008991064721132314
2015-07-17,78.86,78.80798842426243,0.0006599784714407253
2015-07-20,76.7,79.55798842426243,-0.03592333693785099
2015-07-21,77.45,76.27798842426243,0.015365003717963566
2015-07-22,74.17,77.34798842426244,-0.041086891708557616
2015-07-23,75.24,74.38798842426243,0.011453617630822643
2015-07-24,72.28,72.04798842426244,0.0032202366896258994
2015-07-27,69.94,72.85798842426243,-0.04005035669212509
2015-07-28,70.75,72.57798842426243,-0.025186540216252995
2015-07-29,70.47,62.59798842426243,0.1257550246245045
2015-07-30,60.49,60.05798842426243,0.007193240850588367
2015-07-31,57.95,59.62798842426243,-0.028140953075983077
2015-08-03,57.52,57.16798842426243,0.006157494525173446
2015-08-04,55.06,56.937988424262436,-0.032983048334426
2015-08-05,54.83,53.937988424262436,0.016537724186546088
2015-08-06,51.83,54.30798842426243,-0.045628433240870625
2015-08-07,52.2,56.63798842426244,-0.07835709826094917
2015-08-10,54.53,55.96798842426244,-0.02569305177384329
2015-08-11,53.86,59.06798842426244,-0.0881693885841427
2015-08-12,56.96,60.42798842426244,-0.05739043305419722
2015-08-13,58.32,60.34798842426243,-0.03360490510479208
2015-08-14,58.24,60.38798842426244,-0.035569795919869196
2015-08-17,58.28,58.03798842426244,0.00416988221522141
2015-08-18,55.93,57.697988424262434,-0.03064211548004303
2015-08-19,55.59,54.46798842426244,0.0205994678378425
2015-08-20,52.36,52.09798842426243,0.005029207147190906
2015-08-21,49.99,50.60798842426244,-0.012211282121740274
2015-08-24,48.5,51.91798842426243,-0.06583437702422867
2015-08-25,49.81,54.85798842426244,-0.09201920393475138
2015-08-26,52.75,56.84798842426243,-0.0720867798114283
2015-08-27,54.74,57.89798842426244,-0.054544009389781545
2015-08-28,55.79,57.617988424262435,-0.031726002143675824
2015-08-31,55.51,55.55798842426243,-0.0008637538115306986
2015-09-01,53.45,56.92798842426244,-0.06109452521565184
2015-09-02,54.82,58.67798842426244,-0.06574847788523064
2015-09-03,56.57,57.89798842426244,-0.0229366936642299
2015-09-04,55.79,60.297988424262435,-0.07476183770084988
2015-09-08,58.19,58.657988424262435,-0.007978255593723449
2015-09-09,56.55,56.087988424262434,0.00823726414010073
2015-09-10,53.98,55.62798842426243,-0.029625166592284313
2015-09-11,53.52,55.59798842426243,-0.03737524473737286
2015-09-14,53.49,54.83798842426243,-0.024581288683193647
2015-09-15,52.73,53.84798842426243,-0.020761934790468395
2015-09-16,51.74,53.49798842426244,-0.03286083226757652
2015-09-17,51.39,52.83798842426243,-0.027404306398567058
2015-09-18,50.73,52.007988424262436,-0.02457292548669776
2015-09-21,49.9,49.477988424262435,0.008529279163876025
2015-09-22,47.37,50.16798842426243,-0.055772386179814615
2015-09-23,48.06,48.87798842426244,-0.016735312778469402
2015-09-24,46.77,49.78798842426244,-0.060616797741354866
2015-09-25,47.68,45.35798842426244,0.05119300163883578
2015-09-28,43.25,45.67798842426244,-0.053154451586418405
2015-09-29,43.57,47.157988424262435,-0.07608442480588173
2015-09-30,45.05,45.73798842426243,-0.01504194757934485
2015-10-01,43.63,47.06798842426244,-0.07304302859244849
2015-10-02,44.96,45.8816595220304,-0.020087754707038274
2015-10-05,44.77,45.39165952203039,-0.0136954570195581
2015-10-06,44.28,46.66165952203039,-0.05104103768332402
2015-10-07,45.55,46.371659522030384,-0.0177190018752732
2015-10-08,45.26,46.77165952203038,-0.03231998901639066
2015-10-09,45.66,47.541659522030386,-0.039579172055583034
2015-10-12,46.43,45.25165952203039,0.026039718552110624
2015-10-13,44.14,47.611659522030386,-0.0729161629080376
2015-10-14,46.5,49.42165952203039,-0.05911698535189858
2015-10-15,48.31,48.43165952203039,-0.0025119833437680095
2015-10-16,47.32,47.96165952203039,-0.013378592993339877
2015-10-19,46.85,49.31165952203039,-0.049920435570224964
2015-10-20,48.2,49.611659522030386,-0.028454188705449912
2015-10-21,48.5,50.66165952203039,-0.042668549400565636
2015-10-22,49.55,52.611659522030386,-0.058193555380026796
2015-10-23,51.5,47.871659522030384,0.07579307912440059
2015-10-26,46.76,47.00165952203039,-0.005141510416608153
2015-10-27,45.89,46.28165952203039,-0.008462521138507428
2015-10-28,45.17,44.92165952203039,0.005528301505598243
2015-10-29,43.81,45.041659522030386,-0.027344896593518353
2015-10-30,43.93,46.3816595220304,-0.05285838297497536
2015-11-02,45.27,46.82165952203039,-0.03313978056032596
2015-11-03,45.71,47.68165952203039,-0.04135048028518007
2015-11-04,46.57,46.191659522030385,0.00819066649443867
2015-11-05,45.08,56.66165952203039,-0.2044002879500445
2015-11-06,55.55,55.2016595220304,0.006310326192830784
2015-11-09,54.09,53.401659522030386,0.012889870542050375
2015-11-10,52.29,53.31165952203039,-0.019163903941279536
2015-11-11,52.2,52.081659522030385,0.0022722101994381294
2015-11-12,50.97,52.111659522030386,-0.021907947904590275
2015-11-13,51.0,52.9516595220304,-0.03685738161272201
2015-11-16,51.84,55.85165952203039,-0.07182704249724237
2015-11-17,54.74,57.45165952203039,-0.047198976401901405
2015-11-18,56.34,56.88165952203039,-0.00952256890150327
2015-11-19,55.77,55.89165952203039,-0.0021767026255935518
2015-11-20,54.78,55.96165952203039,-0.02111551966333669
2015-11-23,54.85,56.861659522030386,-0.03537813596965089
2015-11-24,55.75,58.45165952203039,-0.046220407497791216
2015-11-25,57.34,58.621659522030384,-0.02186324188841371
2015-11-27,57.51,59.18165952203039,-0.028246242763910856
2015-11-30,58.07,59.151659522030386,-0.018286207534507715
2015-12-01,58.04,59.59165952203039,-0.026038199547988028
2015-12-02,58.48,59.20165952203039,-0.012189852917245392
2015-12-03,58.09,60.651659522030386,-0.042235604799896964
2015-12-04,59.54,58.74165952203039,0.013590703505238944
2015-12-07,57.63,58.39165952203039,-0.013043977997286071
2015-12-08,57.28,57.261659522030385,0.0003202924631020565
2015-12-09,56.15,58.611659522030386,-0.041999485121302915
2015-12-10,57.5,57.301659522030384,0.003461339158831178
2015-12-11,56.19,53.59165952203038,0.04848404585981325
2015-12-14,52.48,52.801659522030384,-0.006091844933324153
2015-12-15,51.69,54.34165952203038,-0.04879607184162993
2015-12-16,53.23,53.861659522030386,-0.011727442630541818
2015-12-17,52.75,52.74165952203039,0.00015813833021560697
2015-12-18,51.63,54.46165952203039,-0.05199363271119095
2015-12-21,53.35,53.52165952203038,-0.0032072907223611447
2015-12-22,52.41,55.52165952203038,-0.056044065483952465
2015-12-23,54.41,55.32165952203039,-0.0164792511632329
2015-12-24,54.21,54.00165952203039,0.0038580384346267316
2015-12-28,52.89,54.10165952203039,-0.022395976994698197
2015-12-29,52.99,52.77165952203038,0.00413745711139657
2015-12-30,51.66,52.011659522030385,-0.006761167116412392
2015-12-31,50.9,56.59567616051223,-0.10063800888885222
2016-01-04,50.72,53.40567616051223,-0.05028821566532282
2016-01-05,47.53,50.495676160512225,-0.058731289211478854
2016-01-06,44.62,51.51567616051223,-0.1338558798884193
2016-01-07,45.64,50.36567616051222,-0.0938273149644967
2016-01-08,44.49,50.09567616051223,-0.11189940110900998
2016-01-11,44.22,50.65567616051223,-0.1270474830919156
2016-01-12,44.78,46.26567616051223,-0.032111843677759766
2016-01-13,40.39,45.29567616051223,-0.10830340942760641
2016-01-14,39.42,42.47567616051223,-0.07193943538332548
2016-01-15,36.6,42.16567616051223,-0.13199542061949499
2016-01-19,36.29,42.925676160512225,-0.15458524487067848
2016-01-20,37.05,43.71567616051223,-0.15247793802931608
2016-01-21,37.84,46.93567616051222,-0.19379024453395577
2016-01-22,41.06,45.635676160512226,-0.10026533066845356
2016-01-25,39.76,45.635676160512226,-0.1287518155717905
2016-01-26,39.76,42.895676160512224,-0.07310005206069659
2016-01-27,37.02,42.54567616051223,-0.12987632725980158
2016-01-28,36.67,45.47567616051223,-0.19363485942312253
2016-01-29,39.6,45.84567616051223,-0.13623261087142058
2016-02-01,39.97,43.025676160512226,-0.07101982892988545
2016-02-02,37.15,42.93567616051222,-0.13475218461409233
2016-02-03,37.06,44.65567616051223,-0.1700943040971994
2016-02-04,38.78,43.12567616051223,-0.10076772232713005
2016-02-05,37.25,42.29567616051223,-0.11929531854187347
2016-02-08,36.42,41.01567616051223,-0.11204682186701842
2016-02-09,35.14,41.23567616051223,-0.14782529906347253
2016-02-10,35.36,40.40567616051223,-0.1248754293943305
2016-02-11,34.53,43.425676160512225,-0.20484830512785956
2016-02-12,37.55,46.65567616051223,-0.19516759609667744
2016-02-16,40.78,47.46567616051223,-0.14085285834554684
2016-02-17,41.59,46.28567616051222,-0.10144987715483011
2016-02-18,40.41,47.72567616051223,-0.15328596154212593
2016-02-19,41.85,47.83567616051223,-0.12512995824345285
2016-02-22,41.96,47.36567616051222,-0.11412644342273359
2016-02-23,41.49,48.04567616051223,-0.13644674577189542
2016-02-24,42.17,48.54567616051223,-0.13133355356781073
2016-02-25,42.67,49.33567616051223,-0.13510864103343057
2016-02-26,43.46,50.955676160512226,-0.14710188786231737
2016-02-29,45.08,53.23567616051223,-0.15319944722636458
2016-03-01,47.36,53.525676160512226,-0.115190999960891
2016-03-02,47.65,54.98567616051223,-0.13341067479279844
2016-03-03,49.11,55.775676160512226,-0.11950865716678405
2016-03-04,49.9,54.93567616051222,-0.09166495276764919
2016-03-07,49.06,52.96567616051223,-0.0737397583422913
2016-03-08,47.09,54.05567616051223,-0.1288611419793998
2016-03-09,48.18,53.275676160512226,-0.09564732965865441
2016-03-10,47.4,54.51567616051223,-0.1305253215526727
2016-03-11,48.64,54.605676160512225,-0.10925011061077694
2016-03-14,48.73,55.145676160512224,-0.11634051130025413
2016-03-15,49.27,54.86567616051222,-0.10198864849750133
2016-03-16,48.99,55.075676160512224,-0.11049662182587039
2016-03-17,49.2,56.565676160512226,-0.130214587015829
2016-03-18,50.69,56.51567616051223,-0.10308071240210448
2016-03-21,50.64,57.62567616051223,-0.12122506191604798
2016-03-22,51.75,55.395676160512224,-0.06581156532774624
2016-03-23,49.52,55.11567616051222,-0.10152603669809024
2016-03-24,49.24,54.97567616051223,-0.10433116172624779
2016-03-28,49.1,56.455676160512226,-0.1302911710701843
2016-03-29,50.58,57.105676160512225,-0.11427368694785967
2016-03-30,51.23,56.28567616051222,-0.08982171851493326
2016-03-31,50.41,56.69567616051223,-0.110866940588498
2016-04-01,50.82,53.62049317655016,-0.052228038398104526
2016-04-04,50.62,52.86049317655016,-0.04238502219544338
2016-04-05,49.86,53.50049317655016,-0.06804597416581992
2016-04-06,50.5,51.73049317655016,-0.023786612131274865
2016-04-07,48.73,52.24049317655016,-0.06719869899938014
2016-04-08,49.24,50.99049317655016,-0.03432979497745248
2016-04-11,47.99,50.68049317655016,-0.053087351916201286
2016-04-12,47.68,53.04049317655016,-0.10106416542371244
2016-04-13,50.04,52.63049317655016,-0.0492203857535648
2016-04-14,49.63,50.74049317655016,-0.021885738727178472
2016-04-15,47.74,50.160493176550155,-0.04825497165729076
2016-04-18,47.16,48.24049317655016,-0.022398054111838817
2016-04-19,45.24,48.94049317655016,-0.07561209412420167
2016-04-20,45.94,48.35049317655016,-0.049854572687569654
2016-04-21,45.35,48.70049317655016,-0.06879793115038635
2016-04-22,45.7,48.05049317655016,-0.048917149880518984
2016-04-25,45.05,49.30049317655016,-0.08621603766373509
2016-04-26,46.3,49.62049317655016,-0.06691777860280068
2016-04-27,46.62,48.830493176550156,-0.0452687047119914
2016-04-28,45.83,48.03049317655016,-0.04581450305874657
2016-04-29,45.03,47.71049317655016,-0.05618246633148671
2016-05-02,44.71,48.04049317655016,-0.06932678988765795
2016-05-03,45.04,47.510493176550156,-0.0519988956412164
2016-05-04,44.51,49.660493176550155,-0.10371409639931317
2016-05-05,46.66,49.11049317655016,-0.0498975477143091
2016-05-06,46.11,48.62049317655016,-0.051634465480102976
2016-05-09,45.62,49.64049317655016,-0.0809922085635002
2016-05-10,46.64,48.99049317655016,-0.04797855714739463
2016-05-11,45.99,48.18049317655016,-0.045464316202065924
2016-05-12,45.18,47.99049317655016,-0.05856354020390575
2016-05-13,44.99,48.56049317655016,-0.07352670747327472
2016-05-16,45.56,48.830493176550156,-0.06697645188070189
2016-05-17,45.83,50.22049317655016,-0.08742433414812112
2016-05-18,47.22,50.17049317655016,-0.0588093317354359
2016-05-19,47.17,52.40049317655016,-0.09981763261134469
2016-05-20,49.4,53.40049317655016,-0.07491491067926881
2016-05-23,50.4,53.98049317655016,-0.06632938985643755
2016-05-24,50.98,53.65049317655016,-0.049775743305140674
2016-05-25,50.65,53.53049317655016,-0.05381032390361018
2016-05-26,50.53,53.53049317655016,-0.05605203685783655
2016-05-27,50.53,53.97049317655016,-0.06374766977384283
2016-05-31,50.97,55.14049317655016,-0.0756339476906196
2016-06-01,52.14,56.49049317655016,-0.07701283759292965
2016-06-02,53.49,56.67049317655016,-0.05612256040620134
2016-06-03,53.67,57.81049317655016,-0.071621827613636
2016-06-06,54.81,58.49049317655016,-0.06292463914504542
2016-06-07,55.49,59.04049317655016,-0.060136577212067555
2016-06-08,56.04,59.07049317655016,-0.05130299433073304
2016-06-09,56.07,57.03049317655016,-0.016841747687096897
2016-06-10,54.03,56.69049317655016,-0.04693014696952158
2016-06-13,53.69,57.43049317655016,-0.06513078627152491
2016-06-14,54.43,57.94049317655016,-0.060587906386184165
2016-06-15,54.94,57.81049317655016,-0.049653497467731844
2016-06-16,54.81,57.50049317655016,-0.04679078435534867
2016-06-17,54.5,58.98049317655016,-0.07596567840045709
2016-06-20,55.98,59.330493176550156,-0.05647168929777935
2016-06-21,56.33,58.64049317655016,-0.03940098473581921
2016-06-22,55.64,61.28049317655016,-0.09204386068336301
2016-06-23,58.28,57.94049317655016,0.005859577729435683
2016-06-24,54.94,53.69049317655016,0.023272403539693398
2016-06-27,50.69,55.75049317655016,-0.0907703750803538
2016-06-28,52.75,57.65049317655016,-0.0850034909769597
2016-06-29,54.65,58.260493176550156,-0.06197155189896986
2016-06-30,55.26,57.50049317655016,-0.038964764522469775
2016-07-01,54.5,55.21525329109855,-0.01295390763359694
2016-07-05,51.82,55.96525329109855,-0.07406833789418166
2016-07-06,52.57,57.765253291098546,-0.08993734113685814
2016-07-07,54.37,59.41525329109855,-0.08491511878910762
2016-07-08,56.02,61.12525329109855,-0.08352118013786636
2016-07-11,57.73,61.39525329109855,-0.05969929423892384
2016-07-12,58.0,60.06525329109855,-0.0343834942489889
2016-07-13,56.67,62.70525329109855,-0.09624796925834755
2016-07-14,59.31,62.81525329109855,-0.05580258149807171
2016-07-15,59.42,64.05525329109855,-0.07236335902121382
2016-07-18,60.66,63.79525329109855,-0.04914555753532868
2016-07-19,60.4,64.19525329109855,-0.05912046602400134
2016-07-20,60.8,63.49525329109855,-0.042448106770154426
2016-07-21,60.1,63.95525329109855,-0.06028047881463294
2016-07-22,60.56,64.01525329109855,-0.053975468555695016
2016-07-25,60.62,63.77525329109855,-0.049474570907567794
2016-07-26,60.38,66.40525329109855,-0.09073458788999478
2016-07-27,63.01,66.49525329109855,-0.05241356515841877
2016-07-28,63.1,66.62525329109855,-0.05291166812824011
2016-07-29,63.23,66.86525329109855,-0.05436685142389941
2016-08-01,63.47,64.84525329109854,-0.02120823377657044
2016-08-02,61.45,58.515253291098546,0.05015353337533779
2016-08-03,55.12,56.80525329109855,-0.029667208461556793
2016-08-04,53.41,58.445253291098545,-0.08615333166612249
2016-08-05,55.05,57.695253291098545,-0.04584871614571229
2016-08-08,54.3,57.88525329109855,-0.061937248042583715
2016-08-09,54.49,57.53525329109855,-0.05292847631505404
2016-08-10,54.14,57.87525329109855,-0.06453973120966106
2016-08-11,54.48,57.98525329109855,-0.06045077139702093
2016-08-12,54.59,59.16525329109855,-0.07733007190196373
2016-08-15,55.77,58.67525329109855,-0.04951411588604582
2016-08-16,55.28,57.95525329109855,-0.04616066946789521
2016-08-17,54.56,58.59525329109855,-0.068866555982813
2016-08-18,55.2,59.62525329109855,-0.07421776926454071
2016-08-19,56.23,59.37525329109855,-0.05297246102982245
2016-08-22,55.98,59.42525329109855,-0.0579762491582787
2016-08-23,56.03,60.70525329109855,-0.07701562941644291
2016-08-24,57.31,61.335253291098546,-0.06562707537856893
2016-08-25,57.94,61.015253291098546,-0.05040138531305893
2016-08-26,57.62,61.265253291098546,-0.059499522082742784
2016-08-29,57.87,61.085253291098546,-0.05263550722752064
2016-08-30,57.69,60.82525329109855,-0.051545256640260884
2016-08-31,57.43,61.14525329109855,-0.06076110721810368
2016-09-01,57.75,60.99525329109855,-0.053205013767393505
2016-09-02,57.6,59.41525329109855,-0.03055197429193668
2016-09-06,56.02,59.32525329109855,-0.05571410331583837
2016-09-07,55.93,58.82525329109855,-0.04921786357249158
2016-09-08,55.43,55.87525329109855,-0.007968702867061306
2016-09-09,52.48,57.155253291098546,-0.08179918768423478
2016-09-12,53.76,57.31525329109855,-0.06202979289024113
2016-09-13,53.92,58.50525329109855,-0.0783733602226141
2016-09-14,55.11,59.92525329109855,-0.08035432520756358
2016-09-15,56.53,59.155253291098546,-0.044379038970214
2016-09-16,55.76,59.72525329109855,-0.06639156927090895
2016-09-19,56.33,58.14525329109855,-0.031219285983856038
2016-09-20,54.75,59.46525329109855,-0.07929426059981792
2016-09-21,56.07,59.91525329109855,-0.06417820304316113
2016-09-22,56.52,58.265253291098546,-0.029953586271720067
2016-09-23,54.87,57.38525329109855,-0.04383100442790433
2016-09-26,53.99,57.99525329109855,-0.06906174322568737
2016-09-27,54.6,58.015253291098546,-0.05886819581674663
2016-09-28,54.62,57.07525329109855,-0.04301782558153744
2016-09-29,53.68,59.13525329109855,-0.09225044262928206
2016-09-30,55.74,57.692318116275736,-0.03384017456779853
2016-10-03,54.15,57.79231811627574,-0.06302426057642374
2016-10-04,54.25,58.04231811627574,-0.06533712365999256
2016-10-05,54.5,58.882318116275734,-0.07442502701102749
2016-10-06,55.34,60.18231811627573,-0.08046081088003432
2016-10-07,56.64,59.56231811627573,-0.04906320319116653
2016-10-10,56.02,59.06231811627573,-0.05151030662708378
2016-10-11,55.52,58.75231811627573,-0.055016009919450326
2016-10-12,55.21,56.452318116275734,-0.022006503146902
2016-10-13,52.91,56.54231811627574,-0.06424070036898921
2016-10-14,53.0,56.192318116275736,-0.056810578799579736
2016-10-17,52.65,57.132318116275734,-0.0784550367298823
2016-10-18,53.59,57.89231811627573,-0.07431587223083025
2016-10-19,54.35,58.42231811627573,-0.06970483622664114
2016-10-20,54.88,58.24231811627573,-0.0577298127035939
2016-10-21,54.7,60.83231811627574,-0.1008069116247442
2016-10-24,57.29,59.872318116275736,-0.04313041815519347
2016-10-25,56.33,60.192318116275736,-0.064166296250873
2016-10-26,56.65,59.132318116275734,-0.04197904285427456
2016-10-27,55.59,57.72231811627574,-0.03694096470589414
2016-10-28,54.18,59.192318116275736,-0.08467852376434526
2016-10-31,55.65,59.552318116275735,-0.06552756029843321
2016-11-01,56.01,59.60231811627573,-0.06027144966522324
2016-11-02,56.06,60.28231811627573,-0.07004239797367284
2016-11-03,56.74,54.622318116275736,0.038769535178208914
2016-11-04,51.08,54.012318116275736,-0.054289803114229485
2016-11-07,50.47,54.50231811627573,-0.07398434150402833
2016-11-08,50.96,55.32231811627573,-0.07885277162658055
2016-11-09,51.78,55.10231811627573,-0.060293617942988265
2016-11-10,51.56,57.06231811627573,-0.09642647368555324
2016-11-11,53.52,56.28231811627573,-0.049079679173287705
2016-11-14,52.74,57.842318116275734,-0.0882108166207819
2016-11-15,54.3,57.942318116275736,-0.06286110453790472
2016-11-16,54.4,59.092318116275734,-0.07940656697614534
2016-11-17,55.55,58.82231811627573,-0.055630553522342474
2016-11-18,55.28,58.49231811627573,-0.05491863239015471
2016-11-21,54.95,58.842318116275734,-0.06614827968851078
2016-11-22,55.3,58.15231811627574,-0.049049087098686606
2016-11-23,54.61,58.442318116275736,-0.06557436870746691
2016-11-25,54.9,58.40231811627574,-0.05996882023249184
2016-11-28,54.86,57.82231811627573,-0.051231396678333874
2016-11-29,54.28,56.952318116275734,-0.046922025383055344
2016-11-30,53.41,53.57231811627573,-0.0030298878596859424
2016-12-01,50.03,54.08231811627574,-0.0749287060433198
2016-12-02,50.54,56.022318116275734,-0.09785953706694261
2016-12-05,52.48,57.60231811627573,-0.0889255551475524
2016-12-06,54.06,58.68231811627573,-0.07876849900709215
2016-12-07,55.14,61.35231811627573,-0.10125645300805197
2016-12-08,57.81,60.022318116275734,-0.036858258489617324
2016-12-09,56.48,58.33231811627574,-0.03175457749824806
2016-12-12,54.79,58.32231811627573,-0.06056546156538978
2016-12-13,54.78,57.132318116275734,-0.04117316072294308
2016-12-14,53.59,59.232318116275735,-0.09525742526570724
2016-12-15,55.69,58.232318116275735,-0.04365819872050003
2016-12-16,54.69,58.99231811627573,-0.07293014164650602
2016-12-19,55.45,58.28231811627573,-0.04859652477489196
2016-12-20,54.74,58.53231811627573,-0.06479015761416129
2016-12-21,54.99,58.64231811627573,-0.06228127116383653
2016-12-22,55.1,59.07231811627573,-0.06724500143124179
2016-12-23,55.53,59.08231811627574,-0.06012489403825805
2016-12-27,55.54,58.24231811627573,-0.04639784616540832
2016-12-28,54.7,57.15231811627574,-0.04290846280786931
2016-12-29,53.61,56.272318116275734,-0.047311328294217025
2016-12-30,52.73,56.79442554962965,-0.0715638112419672
2017-01-03,52.9,58.40442554962965,-0.09424672013856583
2017-01-04,54.51,57.25442554962965,-0.047933858794037
2017-01-05,53.36,57.75442554962965,-0.07608811805864857
2017-01-06,53.86,58.26442554962965,-0.07559373508073053
2017-01-09,54.37,60.29442554962965,-0.09825826344017707
2017-01-10,56.4,60.694425549629656,-0.07075485945769633
2017-01-11,56.8,60.734425549629655,-0.06478081440672567
2017-01-12,56.84,62.46442554962965,-0.09004205994275727
2017-01-13,58.57,61.15442554962965,-0.042260646329385754
2017-01-17,57.26,63.064425549629654,-0.09203961661494497
2017-01-18,59.17,62.204425549629654,-0.04878150586261176
2017-01-19,58.31,64.91442554962966,-0.10174049132700569
2017-01-20,61.02,65.74442554962965,-0.07186047349464242
2017-01-23,61.85,66.39442554962966,-0.06844589002781132
2017-01-24,62.5,67.93442554962965,-0.0799951645378898
2017-01-25,64.04,67.23442554962965,-0.04751175493083748
2017-01-26,63.34,67.54442554962965,-0.06224681778573071
2017-01-27,63.65,68.18442554962965,-0.06650236491805839
2017-01-30,64.29,68.10442554962965,-0.056008482838607376
2017-01-31,64.21,68.44442554962966,-0.061866624135215265
2017-02-01,64.55,67.24442554962965,-0.04006912881783842
2017-02-02,63.35,67.85442554962965,-0.06638366640264393
2017-02-03,63.96,68.25442554962966,-0.06291790627564597
2017-02-06,64.36,68.64442554962966,-0.062414762966179094
2017-02-07,64.75,70.09442554962965,-0.07624608530168464
2017-02-08,66.2,70.17442554962965,-0.05663638168037155
2017-02-09,66.28,70.16442554962966,-0.05536175232963414
2017-02-10,66.27,70.42442554962965,-0.058991259313885824
2017-02-13,66.53,70.33442554962966,-0.054090518546215494
2017-02-14,66.44,71.06442554962965,-0.06507370620198805
2017-02-15,67.17,71.04442554962965,-0.05453525057955577
2017-02-16,67.15,71.01442554962965,-0.05441747250252593
2017-02-17,67.12,71.46442554962965,-0.06079144296224126
2017-02-21,67.57,71.44442554962966,-0.054229920946571974
2017-02-22,67.55,71.09442554962965,-0.04985518234696695
2017-02-23,67.2,70.08442554962966,-0.041156441349256334
2017-02-24,66.19,71.51442554962965,-0.07445246897683044
2017-02-27,67.62,69.99442554962965,-0.03392306645828613
2017-02-28,66.1,71.74442554962965,-0.07867406431075386
2017-03-01,67.85,70.00442554962966,-0.03077556215502808
2017-03-02,66.11,70.10442554962965,-0.05697822239199213
2017-03-03,66.21,70.31442554962965,-0.05837245369703903
2017-03-06,66.42,70.78442554962966,-0.06165799207580758
2017-03-07,66.89,70.29442554962965,-0.048430946309192646
2017-03-08,66.4,70.54442554962965,-0.05874915724863261
2017-03-09,66.65,71.00442554962966,-0.061326114758664674
2017-03-10,67.11,71.57442554962965,-0.062374591417908354
2017-03-13,67.68,71.74442554962965,-0.056651447391101506
2017-03-14,67.85,72.84442554962965,-0.06856290665957554
2017-03-15,68.95,72.11442554962966,-0.04388061785851538
2017-03-16,68.22,71.31442554962965,-0.043391298826016
2017-03-17,67.42,71.47442554962966,-0.05672554229644544
2017-03-20,67.58,69.42442554962965,-0.026567386550589767
2017-03-21,65.53,70.42442554962965,-0.06949897725726473
2017-03-22,66.53,70.72442554962966,-0.05930660471305338
2017-03-23,66.83,71.53442554962966,-0.06576449749171176
2017-03-24,67.64,72.26442554962965,-0.06399311299380206
2017-03-27,68.37,72.14442554962966,-0.052317632594262586
2017-03-28,68.25,71.74442554962965,-0.04870657926186006
2017-03-29,67.85,72.97442554962966,-0.07022221156293396
2017-03-30,69.08,72.45442554962965,-0.046573077131337404
2017-03-31,68.56,72.34089607539273,-0.05226498813965941
2017-04-03,68.05,72.61089607539273,-0.06281283281034156
2017-04-04,68.32,72.89089607539273,-0.06270873759961682
2017-04-05,68.6,73.58089607539273,-0.06769278903982345
2017-04-06,69.29,75.62089607539274,-0.08371887142253553
2017-04-07,71.33,74.93089607539274,-0.048056225989472345
2017-04-10,70.64,74.49089607539274,-0.051696197499023544
2017-04-11,70.2,73.05089607539274,-0.039026161601774856
2017-04-12,68.76,72.77089607539274,-0.05511676084402384
2017-04-13,68.48,73.36089607539273,-0.06653266708161043
2017-04-17,69.07,73.83089607539273,-0.06448379104773605
2017-04-18,69.54,74.28089607539273,-0.06382389451226955
2017-04-19,69.99,75.32089607539274,-0.0707757920200095
2017-04-20,71.03,74.45089607539273,-0.04594835328682356
2017-04-21,70.16,75.23089607539274,-0.06740443541056507
2017-04-24,70.94,75.60089607539274,-0.06165133374536569
2017-04-25,71.31,75.26089607539274,-0.05249600099678475
2017-04-26,70.97,75.41089607539274,-0.05888931582185308
2017-04-27,71.12,72.32089607539274,-0.01660510503272572
2017-04-28,68.03,72.90089607539274,-0.06681531143808361
2017-05-01,68.61,72.63089607539274,-0.05536068385028525
2017-05-02,68.34,72.34089607539273,-0.05530614482882612
2017-05-03,68.05,71.31089607539273,-0.04572787967697367
2017-05-04,67.02,71.19089607539274,-0.058587492296426125
2017-05-05,66.9,69.94089607539274,-0.04347808286749433
2017-05-08,65.65,70.45089607539273,-0.06814528051218927
2017-05-09,66.16,71.08089607539273,-0.06922951660841936
2017-05-10,66.79,71.31089607539273,-0.06339698873806121
2017-05-11,67.02,72.09089607539273,-0.0703403113492942
2017-05-12,67.8,75.83089607539273,-0.10590533003076008
2017-05-15,71.54,79.13089607539274,-0.0959283472306498
2017-05-16,74.84,76.83089607539273,-0.02591270149236702
2017-05-17,72.54,79.84089607539273,-0.09144306281956793
2017-05-18,75.55,79.80089607539274,-0.05326877622247084
2017-05-19,75.51,82.36089607539273,-0.0831814174183031
2017-05-22,78.07,82.84089607539273,-0.057591072784277886
2017-05-23,78.55,82.68089607539274,-0.049961917099035524
2017-05-24,78.39,83.12089607539274,-0.05691584545842354
2017-05-25,78.83,82.13089607539274,-0.04019067407182142
2017-05-26,77.84,82.94089607539274,-0.06150037335931435
2017-05-30,78.65,82.24089607539274,-0.043663143846351726
2017-05-31,77.95,83.35089607539274,-0.06479709672836043
2017-06-01,79.06,83.24089607539274,-0.050226466466747666
2017-06-02,78.95,81.59089607539273,-0.032367533663957504
2017-06-05,77.3,81.79089607539274,-0.05490704089185117
2017-06-06,77.5,81.96089607539274,-0.05442712670307226
2017-06-07,77.67,82.37089607539274,-0.057069866899227106
2017-06-08,78.08,79.56089607539273,-0.0186133659679929
2017-06-09,75.27,78.92089607539273,-0.04626019542283266
2017-06-12,74.63,78.94089607539274,-0.054609160646917565
2017-06-13,74.65,76.42089607539273,-0.023172930001313485
2017-06-14,72.13,75.97089607539273,-0.05055746705397646
2017-06-15,71.68,76.01089607539274,-0.05697730587331917
2017-06-16,71.72,76.75089607539273,-0.06554836923924456
2017-06-19,72.46,75.15089607539274,-0.03580657338660587
2017-06-20,70.86,75.47089607539273,-0.06109502225581909
2017-06-21,71.18,74.78089607539273,-0.048152620045664674
2017-06-22,70.49,74.23089607539274,-0.050395405056046894
2017-06-23,69.94,70.70089607539273,-0.010762184323397372
2017-06-26,66.41,68.78089607539273,-0.03447027024471927
2017-06-27,64.49,70.24089607539274,-0.08187389963277303
2017-06-28,65.95,68.58089607539273,-0.038361937885741715
2017-06-29,64.29,67.61089607539273,-0.04911776456400763
2017-06-30,63.32,67.0377044919306,-0.05545691816428622
2017-07-03,63.0,69.0577044919306,-0.08771945920441704
2017-07-05,65.02,68.04770449193059,-0.04449385199010836
2017-07-06,64.01,69.8977044919306,-0.08423315951112964
2017-07-07,65.86,69.0377044919306,-0.04602853636742832
2017-07-10,65.0,69.96770449193059,-0.07099996388338736
2017-07-11,65.93,71.5077044919306,-0.07800144797767927
2017-07-12,67.47,71.40770449193059,-0.05514397248794867
2017-07-13,67.37,71.35770449193059,-0.05588330678968989
2017-07-14,67.32,71.0377044919306,-0.052334243040650485
2017-07-17,67.0,71.01770449193059,-0.05657328015138963
2017-07-18,66.98,71.6777044919306,-0.06553927089642575
2017-07-19,67.64,72.7577044919306,-0.07033900433868401
2017-07-20,68.72,73.32770449193059,-0.06283715716803395
2017-07-21,69.29,73.2077044919306,-0.0535149205827431
2017-07-24,69.17,73.32770449193059,-0.056700322487091115
2017-07-25,69.29,73.57770449193059,-0.05827450749568874
2017-07-26,69.54,73.13770449193059,-0.049190831417569636
2017-07-27,69.1,73.0377044919306,-0.053913311204429326
2017-07-28,69.0,72.5977044919306,-0.049556725203763086
2017-07-31,68.56,72.10770449193059,-0.04920007531688386
2017-08-01,68.07,70.8977044919306,-0.039884288386973776
2017-08-02,66.86,70.9277044919306,-0.057350009013662384
2017-08-03,66.89,70.65770449193059,-0.05332333563653879
2017-08-04,66.62,72.8377044919306,-0.0853638172056812
2017-08-07,68.8,73.1977044919306,-0.06007981428455045
2017-08-08,69.16,73.0977044919306,-0.053869058122957836
2017-08-09,69.06,71.8077044919306,-0.03826475879394475
2017-08-10,67.77,72.93770449193059,-0.07085093406665022
2017-08-11,68.9,75.4577044919306,-0.08690569817998994
2017-08-14,71.42,75.79770449193059,-0.05775510645439974
2017-08-15,71.76,76.4577044919306,-0.06144187198853701
2017-08-16,72.42,75.2277044919306,-0.03732274580080752
2017-08-17,71.19,73.7077044919306,-0.034157955525615846
2017-08-18,69.67,73.3677044919306,-0.05039962088956029
2017-08-21,69.33,75.04770449193059,-0.07618760001573899
2017-08-22,71.01,74.7077044919306,-0.04949562454204426
2017-08-23,70.67,74.2877044919306,-0.04869856346582313
2017-08-24,70.25,74.96770449193059,-0.06292982456783636
2017-08-25,70.93,74.63770449193059,-0.04967602523643311
2017-08-28,70.6,74.49770449193059,-0.052319793187087904
2017-08-29,70.46,77.15770449193059,-0.08680538821150474
2017-08-30,73.12,77.2577044919306,-0.053557176195453304
2017-08-31,73.22,77.29770449193059,-0.052753241751910984
2017-09-01,73.26,77.41770449193059,-0.053704827845469816
2017-09-05,73.38,77.35770449193059,-0.05141962934468303
2017-09-06,73.32,77.2577044919306,-0.050968437618307494
2017-09-07,73.22,75.6477044919306,-0.03209224269573918
2017-09-08,71.61,76.66770449193059,-0.06596916557561638
2017-09-11,72.63,76.98770449193059,-0.056602603242798866
2017-09-12,72.95,77.04770449193059,-0.05318399190412937
2017-09-13,73.01,77.51770449193059,-0.05815064470078346
2017-09-14,73.48,79.52770449193059,-0.07604525404784224
2017-09-15,75.49,78.38770449193059,-0.0369663139227262
2017-09-18,74.35,78.35770449193059,-0.05114627231510227
2017-09-19,74.32,74.35770449193059,-0.0005070690682051904
2017-09-20,70.32,74.6477044919306,-0.05797505122744162
2017-09-21,70.61,75.23770449193059,-0.06150778420448644
2017-09-22,71.2,72.6977044919306,-0.020601812703684996
2017-09-25,68.66,72.27770449193059,-0.05005284156934575
2017-09-26,68.24,74.2877044919306,-0.08140922556824359
2017-09-27,70.25,74.23770449193059,-0.05371535285501772
2017-09-28,70.2,74.71770449193059,-0.0604636414173898
2017-09-29,70.68,75.67626756802125,-0.0660215907652999
2017-10-02,71.29,75.77626756802124,-0.059204124351916576
2017-10-03,71.39,76.54626756802124,-0.06736144990269088
2017-10-04,72.16,76.08626756802124,-0.05160284100558821
2017-10-05,71.7,77.07626756802124,-0.0697525676535462
2017-10-06,72.69,77.04626756802124,-0.056540929308162236
2017-10-09,72.66,76.22626756802124,-0.04678528388968872
2017-10-10,71.84,77.32626756802124,-0.07094959760207165
2017-10-11,72.94,76.74626756802124,-0.04959547465481229
2017-10-12,72.36,76.77626756802124,-0.05752125895034654
2017-10-13,72.39,76.91626756802124,-0.05884668758814138
2017-10-16,72.53,76.65626756802124,-0.05382818259915634
2017-10-17,72.27,76.40626756802124,-0.05413518680701024
2017-10-18,72.02,74.06626756802125,-0.02762752377311295
2017-10-19,69.68,74.30626756802124,-0.062259452929542825
2017-10-20,69.92,74.18626756802124,-0.05750751059297465
2017-10-23,69.8,75.82626756802124,-0.07947466967980821
2017-10-24,71.44,76.16626756802124,-0.06205197811223173
2017-10-25,71.78,75.94626756802124,-0.05485809509058126
2017-10-26,71.56,78.10626756802124,-0.08381232098077429
2017-10-27,73.72,80.63626756802124,-0.08577117687381774
2017-10-30,76.25,80.19626756802124,-0.04920762134813916
2017-10-31,75.81,78.84626756802125,-0.0385087038571843
2017-11-01,74.46,78.68626756802124,-0.053710357583904966
2017-11-02,74.3,78.22626756802124,-0.05019116583323091
2017-11-03,73.84,82.87626756802125,-0.1090332351249369
2017-11-06,78.49,82.84626756802125,-0.052582544704799394
2017-11-07,78.46,85.20626756802125,-0.07917571982173288
2017-11-08,80.82,83.85626756802124,-0.03620799799559804
2017-11-09,79.47,83.95626756802125,-0.05343576719137111
2017-11-10,79.57,83.46626756802124,-0.04668074518662235
2017-11-13,79.08,82.79626756802124,-0.044884481839331025
2017-11-14,78.41,81.06626756802125,-0.03276661980018292
2017-11-15,76.68,82.29626756802124,-0.06824449922202314
2017-11-16,77.91,81.71626756802124,-0.04657906780743348
2017-11-17,77.33,83.52626756802124,-0.0741834604661964
2017-11-20,79.14,84.97626756802124,-0.06868114751391574
2017-11-21,80.59,83.99626756802124,-0.040552606284116055
2017-11-22,79.61,85.00626756802124,-0.06348081997251787
2017-11-24,80.62,84.12626756802125,-0.04167862986654214
2017-11-27,79.74,83.41626756802124,-0.044071350531519005
2017-11-28,79.03,81.07626756802124,-0.02523879834878262
2017-11-29,76.69,80.96626756802124,-0.05281542173632581
2017-11-30,76.58,78.59626756802125,-0.025653477326722518
2017-12-01,74.21,76.78626756802124,-0.033551149829480376
2017-12-04,72.4,76.16626756802124,-0.04944797333882378
2017-12-05,71.78,74.48626756802125,-0.03633243625141869
2017-12-06,70.1,73.10626756802124,-0.04112188555138696
2017-12-07,68.72,72.26626756802125,-0.04907223919767678
2017-12-08,67.88,73.00626756802124,-0.07021681478573072
2017-12-11,68.62,72.07626756802124,-0.047952921046576336
2017-12-12,67.69,71.67626756802125,-0.05561488765075906
2017-12-13,67.29,69.61626756802124,-0.033415574394997094
2017-12-14,65.23,69.91626756802124,-0.06702685556636712
2017-12-15,65.53,71.43626756802124,-0.08267883764220074
2017-12-18,67.05,71.17626756802125,-0.05797251961937855
2017-12-19,66.79,71.45626756802125,-0.0653024252012504
2017-12-20,67.07,71.86626756802124,-0.06673878761661856
2017-12-21,67.48,72.07626756802124,-0.06376950032385564
2017-12-22,67.69,70.28626756802124,-0.03693847543559836
2017-12-26,65.9,71.64626756802124,-0.0802033066490967
2017-12-27,67.26,71.74626756802124,-0.0625296300433732
2017-12-28,67.36,70.98626756802125,-0.051084071500821615
2017-12-29,66.6,75.5002354348305,-0.11788354544288693
2018-01-02,68.88,75.0102354348305,-0.08172531920868997
2018-01-03,68.39,75.3402354348305,-0.09225131026889977
2018-01-04,68.72,74.6502354348305,-0.07944027772032403
2018-01-05,68.03,75.46023543483051,-0.09846557451106097
2018-01-08,68.84,75.6202354348305,-0.08966165465953502
2018-01-09,69.0,74.3602354348305,-0.07208470230743447
2018-01-10,67.74,75.5002354348305,-0.10278425477929676
2018-01-11,68.88,77.66023543483051,-0.1130596036139827
2018-01-12,71.04,75.9202354348305,-0.06428108931537313
2018-01-16,69.3,77.4702354348305,-0.10546289667214792
2018-01-17,70.85,77.32023543483051,-0.08368101051999466
2018-01-18,70.7,75.02023543483051,-0.05758760166226706
2018-01-19,68.4,72.96023543483051,-0.06250302521164142
2018-01-22,66.34,73.94023543483051,-0.10278889957727022
2018-01-23,67.32,73.52023543483051,-0.08433372660138583
2018-01-24,66.9,72.68023543483051,-0.0795296740612984
2018-01-25,66.06,74.5602354348305,-0.11400494359034241
2018-01-26,67.94,74.8102354348305,-0.09183550078271552
2018-01-29,68.19,77.2902354348305,-0.11774107535878364
2018-01-30,70.67,78.3902354348305,-0.0984846568199007
2018-01-31,71.77,89.96023543483051,-0.20220306613145744
2018-02-01,83.34,87.3902354348305,-0.04634654449295861
2018-02-02,80.77,82.2002354348305,-0.017399408009779016
2018-02-05,75.58,85.69023543483051,-0.11798585198799683
2018-02-06,79.07,84.71023543483051,-0.06658269105118564
2018-02-07,78.09,83.4702354348305,-0.06445693374174222
2018-02-08,76.85,84.4702354348305,-0.09021207761057537
2018-02-09,77.85,85.7902354348305,-0.09255406975613456
2018-02-12,79.17,85.9702354348305,-0.07909988149311742
2018-02-13,79.35,85.44023543483051,-0.07128064902718867
2018-02-14,78.82,85.18023543483051,-0.0746679720050385
2018-02-15,78.56,83.93023543483051,-0.06398451531808635
2018-02-16,77.31,86.7902354348305,-0.10923159025129126
2018-02-20,80.17,86.57023543483051,-0.07393113121020167
2018-02-21,79.95,85.1202354348305,-0.060740379868767236
2018-02-22,78.5,86.7502354348305,-0.09510332039419467
2018-02-23,80.13,88.10023543483051,-0.09046781084627464
2018-02-26,81.48,87.8302354348305,-0.07230124573151497
2018-02-27,81.21,87.3302354348305,-0.07008151763655424
2018-02-28,80.71,85.2302354348305,-0.053035585455900924
2018-03-01,78.61,87.7502354348305,-0.10416194770917375
2018-03-02,81.13,89.8102354348305,-0.09665084823354231
2018-03-05,83.19,90.30023543483051,-0.07873994348510815
2018-03-06,83.68,89.94023543483051,-0.0696043923452545
2018-03-07,83.32,90.85023543483051,-0.08288625118899307
2018-03-08,84.23,92.13023543483051,-0.08575073533182098
2018-03-09,85.51,93.0102354348305,-0.08063881786521965
2018-03-12,86.39,90.0402354348305,-0.04054004764872565
2018-03-13,83.42,88.8402354348305,-0.06101104311915695
2018-03-14,82.22,85.6202354348305,-0.03971298861258776
2018-03-15,79.0,87.3702354348305,-0.09580191003461203
2018-03-16,80.75,85.0402354348305,-0.05044947739024397
2018-03-19,78.42,81.69023543483051,-0.040032146038303296
2018-03-20,75.07,80.80023543483051,-0.07091854873928238
2018-03-21,74.18,79.27023543483051,-0.06421370400766979
2018-03-22,72.65,78.1702354348305,-0.0706181247136276
2018-03-23,71.55,79.96023543483051,-0.10518022350853451
2018-03-26,73.34,76.85023543483051,-0.04567631335114397
2018-03-27,70.23,75.16023543483051,-0.06559632771647428
2018-03-28,68.54,77.07023543483051,-0.11068132057340796
2018-03-29,70.45,75.82473161816836,-0.070883622051364
2018-04-02,68.53,77.00473161816835,-0.11005468677159624
2018-04-03,69.71,78.80473161816836,-0.11540844605924128
2018-04-04,71.51,78.70473161816835,-0.09141421958050999
2018-04-05,71.41,77.01473161816835,-0.07277479905995232
2018-04-06,69.72,76.88473161816836,-0.09318796420790643
2018-04-09,69.59,78.53473161816835,-0.11389523378849953
2018-04-10,71.24,79.49473161816836,-0.1038399834823992
2018-04-11,72.2,79.80473161816836,-0.0952917385218931
2018-04-12,72.51,79.84473161816835,-0.09186243687616524
2018-04-13,72.55,79.57473161816836,-0.08827842049001
2018-04-16,72.28,80.76473161816835,-0.10505491008478363
2018-04-17,73.47,80.41473161816836,-0.08636143500601223
2018-04-18,73.12,77.92473161816835,-0.061658622601506785
2018-04-19,70.63,77.17473161816835,-0.08480407357357889
2018-04-20,69.88,75.97473161816835,-0.0802205086922726
2018-04-23,68.68,75.35473161816836,-0.08857747184330822
2018-04-24,68.06,74.95473161816835,-0.09198527523640854
2018-04-25,67.66,75.77473161816836,-0.10709020599451002
2018-04-26,68.48,74.67473161816835,-0.08295619527424147
2018-04-27,67.38,74.69473161816836,-0.09792834728372157
2018-04-30,67.4,79.09473161816835,-0.14785727669732718
2018-05-01,71.8,81.53473161816835,-0.11939367953961799
2018-05-02,74.24,84.02473161816836,-0.1164506143576024
2018-05-03,76.73,86.78473161816835,-0.11585830169305256
2018-05-04,79.49,86.93473161816836,-0.08563587279324503
2018-05-07,79.64,87.18473161816836,-0.08653730393081938
2018-05-08,79.89,87.50473161816835,-0.08702079850259581
2018-05-09,80.21,89.28473161816835,-0.10163811274000356
2018-05-10,81.99,88.93473161816836,-0.07808795834663129
2018-05-11,81.64,88.96473161816836,-0.08233298167644332
2018-05-14,81.67,87.39473161816835,-0.06550431029618542
2018-05-15,80.1,88.34473161816835,-0.09332454202026019
2018-05-16,81.05,87.90473161816836,-0.0779790972793506
2018-05-17,80.61,86.88473161816836,-0.07221903666278062
2018-05-18,79.59,88.44473161816836,-0.10011598719521031
2018-05-21,81.15,88.07473161816836,-0.07862336326143171
2018-05-22,80.78,88.59473161816835,-0.08820763351763194
2018-05-23,81.3,88.52473161816836,-0.08161257861058113
2018-05-24,81.23,88.78473161816835,-0.08509043706589747
2018-05-25,81.49,87.23473161816835,-0.06585372031994541
2018-05-29,79.94,88.22473161816835,-0.09390486620037797
2018-05-30,80.93,87.54473161816836,-0.07555830597572566
2018-05-31,80.25,89.10473161816836,-0.09937442667032159
2018-06-01,81.81,88.98473161816835,-0.0806287942627616
2018-06-04,81.69,89.01473161816835,-0.08228673484730631
2018-06-05,81.72,87.38473161816836,-0.06482518757304956
2018-06-06,80.09,88.33473161816835,-0.09333510689551472
2018-06-07,81.04,87.45473161816835,-0.07334916589962659
2018-06-08,80.16,87.12473161816835,-0.07993977701638033
2018-06-11,79.83,88.02473161816836,-0.09309578646277816
2018-06-12,80.73,87.69473161816836,-0.07942018282801178
2018-06-13,80.4,90.94473161816836,-0.11594659119387407
2018-06-14,83.65,92.41473161816836,-0.09484128195471864
2018-06-15,85.12,93.08473161816835,-0.08556431844096091
2018-06-18,85.79,90.80473161816836,-0.055225443969761145
2018-06-19,83.51,90.75473161816835,-0.07982759123402017
2018-06-20,83.46,89.52473161816836,-0.06774364478449413
2018-06-21,82.23,89.34473161816835,-0.07963235760307064
2018-06-22,82.05,87.65473161816836,-0.06394100483454856
2018-06-25,80.36,89.01473161816835,-0.09722808192348553
2018-06-26,81.72,87.18473161816836,-0.0626799155854667
2018-06-27,79.89,87.77473161816836,-0.08982917375888977
2018-06-28,80.48,87.46473161816836,-0.07985769222571393
2018-06-29,80.17,82.68991137954829,-0.03047423001799876
2018-07-02,80.1,80.0299113795483,0.000875780308181362
2018-07-03,77.44,84.40991137954829,-0.08257219164948726
2018-07-05,81.82,84.11991137954828,-0.02734086783771217
2018-07-06,81.53,85.1699113795483,-0.04273705726107335
2018-07-09,82.58,85.87991137954829,-0.03842471803404934
2018-07-10,83.29,82.84991137954829,0.00531187798663546
2018-07-11,80.26,84.56991137954829,-0.050962704220008925
2018-07-12,81.98,83.95991137954829,-0.023581627791362414
2018-07-13,81.37,83.9199113795483,-0.030385058058697068
2018-07-16,81.33,85.3099113795483,-0.04665239144185096
2018-07-17,82.72,84.98991137954829,-0.02670800972378129
2018-07-18,82.4,86.34991137954829,-0.045743085504588055
2018-07-19,83.76,83.78991137954829,-0.00035698068008194195
2018-07-20,81.2,85.12991137954829,-0.04616369635376383
2018-07-23,82.54,83.8099113795483,-0.015152281617352714
2018-07-24,81.22,83.8399113795483,-0.031248976012007046
2018-07-25,81.25,84.78991137954829,-0.04174920485177114
2018-07-26,82.2,84.3099113795483,-0.02502566240462345
2018-07-27,81.72,83.4199113795483,-0.020377765349257615
2018-07-30,80.83,84.34991137954829,-0.04172987643946402
2018-07-31,81.76,84.76991137954829,-0.03550683645370023
2018-08-01,82.18,86.9999113795483,-0.055401336657928346
2018-08-02,84.41,86.76991137954829,-0.027197346891661422
2018-08-03,84.18,87.78991137954829,-0.041119888638926794
2018-08-06,85.2,88.64991137954829,-0.03891612891498264
2018-08-07,86.06,88.1399113795483,-0.02359783833446094
2018-08-08,85.55,88.09991137954829,-0.02894340459166722
2018-08-09,85.51,85.7799113795483,-0.0031465569876146793
2018-08-10,83.19,85.6999113795483,-0.029287210910083572
2018-08-13,83.11,85.37991137954829,-0.026586012363700062
2018-08-14,82.79,84.53991137954829,-0.02069923366363513
2018-08-15,81.95,84.7499113795483,-0.033037336959669816
2018-08-16,82.16,84.0899113795483,-0.022950569787586694
2018-08-17,81.5,80.76991137954829,0.00903911627463505
2018-08-20,78.18,83.68991137954829,-0.06583722325334862
2018-08-21,81.1,83.20991137954829,-0.02535649112669136
2018-08-22,80.62,81.78991137954829,-0.014303859239060412
2018-08-23,79.2,82.2199113795483,-0.03672968419544509
2018-08-24,79.63,82.17991137954829,-0.031028402644187714
2018-08-27,79.59,82.4199113795483,-0.03433528782282225
2018-08-28,79.83,82.87991137954829,-0.03679916313594056
2018-08-29,80.29,81.98991137954829,-0.020733177423244653
2018-08-30,79.4,82.67991137954829,-0.039669991474611144
2018-08-31,80.09,82.86991137954828,-0.03354548512567068
2018-09-04,80.28,82.26991137954829,-0.024187596001750022
2018-09-05,79.68,77.7199113795483,0.025219902926542748
2018-09-06,75.13,77.53991137954829,-0.031079625146230416
2018-09-07,74.95,76.56991137954829,-0.021155978247363594
2018-09-10,73.98,75.95991137954829,-0.02606521444785892
2018-09-11,73.37,76.04991137954829,-0.0352388494731235
2018-09-12,73.46,77.8899113795483,-0.05687400718639757
2018-09-13,75.3,78.32991137954829,-0.03868140951758303
2018-09-14,75.74,76.5599113795483,-0.01070940868104675
2018-09-17,73.97,77.62991137954829,-0.047145633873704296
2018-09-18,75.04,79.39991137954829,-0.05491078395172233
2018-09-19,76.81,81.25991137954829,-0.0547614599130396
2018-09-20,78.67,81.20991137954829,-0.031275879217224856
2018-09-21,78.62,81.03991137954829,-0.029860735757899493
2018-09-24,78.45,78.8399113795483,-0.004945609054165412
2018-09-25,76.25,77.64991137954829,-0.018028499384958763
2018-09-26,75.06,77.3099113795483,-0.029102495907704418
2018-09-27,74.72,79.4799113795483,-0.05988823209449523
2018-09-28,76.89,81.4257635082224,-0.05570427973652814
2018-10-01,77.1,81.6157635082224,-0.055329550495076374
2018-10-02,77.29,80.5757635082224,-0.04077855877700853
2018-10-03,76.25,80.4957635082224,-0.05274517966139547
2018-10-04,76.17,77.01576350822239,-0.0109816934832061
2018-10-05,72.69,77.3057635082224,-0.05970788332918353
2018-10-08,72.98,78.6657635082224,-0.07227748457088445
2018-10-09,74.34,74.6157635082224,-0.003695780827760453
2018-10-10,70.29,75.7157635082224,-0.07165962881207921
2018-10-11,71.39,77.0057635082224,-0.07292653500699031
2018-10-12,72.68,76.95576350822239,-0.055561316180893106
2018-10-15,72.63,79.7757635082224,-0.08957311336150231
2018-10-16,75.45,79.7457635082224,-0.05386823474051339
2018-10-17,75.42,77.7257635082224,-0.029665369681167286
2018-10-18,73.4,76.6757635082224,-0.04272228091828678
2018-10-19,72.35,77.20576350822239,-0.06289379558697394
2018-10-22,72.88,76.62576350822239,-0.04888386538321998
2018-10-23,72.3,72.5057635082224,-0.0028378917518614433
2018-10-24,68.18,75.3057635082224,-0.09462441088515561
2018-10-25,70.98,74.0657635082224,-0.041662481584758604
2018-10-26,69.74,73.6457635082224,-0.05303446284165869
2018-10-29,69.32,75.2757635082224,-0.07911927067431013
2018-10-30,70.95,77.8357635082224,-0.08846529150439952
2018-10-31,73.51,82.8157635082224,-0.11236705566686556
2018-11-01,78.49,78.3257635082224,0.0020968386954869356
2018-11-02,74.0,73.6457635082224,0.004810005014586505
2018-11-05,69.32,74.3357635082224,-0.06747443318676083
2018-11-06,70.01,74.6057635082224,-0.061600649763685955
2018-11-07,70.28,75.0557635082224,-0.06362953735990184
2018-11-08,70.73,72.4757635082224,-0.02408754904699051
2018-11-09,68.15,68.12576350822239,0.00035576102974155255
2018-11-12,63.8,67.9757635082224,-0.061430181769378756
2018-11-13,63.65,67.20576350822239,-0.052908609657970174
2018-11-14,62.88,69.48576350822239,-0.09506643051336283
2018-11-15,65.16,70.6457635082224,-0.07765169821660889
2018-11-16,66.32,67.4757635082224,-0.01712857251450839
2018-11-19,63.15,66.34576350822239,-0.04816831308040237
2018-11-20,62.02,67.90576350822239,-0.08667546323236186
2018-11-21,63.58,68.65576350822239,-0.07393062503215053
2018-11-23,64.33,69.7957635082224,-0.07831082050672733
2018-11-26,65.47,69.15576350822239,-0.05329654856292876
2018-11-27,64.83,71.34576350822239,-0.09132656499599268
2018-11-28,67.02,69.6157635082224,-0.03728700767486115
2018-11-29,65.29,70.1357635082224,-0.06909119207997638
2018-11-30,65.81,72.0757635082224,-0.08693301608255033
2018-12-03,67.75,68.48576350822239,-0.010743305915455803
2018-12-04,64.16,67.0457635082224,-0.04304169804656621
2018-12-06,62.72,65.45576350822239,-0.04179560915027336
2018-12-07,61.13,63.8457635082224,-0.042536315003463665
2018-12-10,59.52,63.9057635082224,-0.06862860667736337
2018-12-11,59.58,64.9657635082224,-0.082901565646046
2018-12-12,60.64,65.09576350822239,-0.06844936241756461
2018-12-13,60.77,64.84576350822239,-0.06285319638044795
2018-12-14,60.52,64.6657635082224,-0.0641106403652878
2018-12-17,60.34,66.0257635082224,-0.08611431668661174
2018-12-18,61.7,63.965763508222395,-0.03542150337861816
2018-12-19,59.64,64.12576350822239,-0.06995259413398192
2018-12-20,59.8,62.005763508222394,-0.035573523869759205
2018-12-21,57.68,60.79576350822239,-0.051249681366383304
2018-12-24,56.47,64.34576350822239,-0.12239754536778469
2018-12-26,60.02,64.7157635082224,-0.07255981006274892
2018-12-27,60.39,65.1157635082224,-0.0725747999196179
2018-12-28,60.79,65.79163134933,-0.07602230324360149
2018-12-31,60.73,66.24163134933,-0.08320494584838989
2019-01-02,61.18,60.70163134933001,0.007880655594197261
2019-01-03,55.64,64.43163134933,-0.13644899508541508
2019-01-04,59.37,64.84163134933002,-0.08438454177458865
2019-01-07,59.78,64.43163134933,-0.0721948405141285
2019-01-08,59.37,65.51163134933,-0.09374871641618521
2019-01-09,60.45,66.92163134933001,-0.09670462627469711
2019-01-10,61.86,68.75163134933001,-0.10023953198016988
2019-01-11,63.69,66.24163134933,-0.03852005600335828
2019-01-14,61.18,66.62163134933002,-0.08167964727247312
2019-01-15,61.56,66.47163134933001,-0.07389063950481056
2019-01-16,61.41,67.31163134933001,-0.08767624897845772
2019-01-17,62.25,68.34163134933002,-0.08913500057077195
2019-01-18,63.28,67.00163134933001,-0.055545384110520235
2019-01-22,61.94,66.97163134933001,-0.07513078669212303
2019-01-23,61.91,68.44163134933001,-0.09543360116581956
2019-01-24,63.38,70.82163134933,-0.10507568390544286
2019-01-25,65.76,70.15163134933,-0.06260198465608369
2019-01-28,65.09,68.72163134933001,-0.05284553463042041
2019-01-29,63.66,70.59163134933002,-0.09819338662154042
2019-01-30,65.53,70.42163134933001,-0.06946205669483618
2019-01-31,65.36,70.98163134933002,-0.07919839601408485
2019-02-01,65.92,71.02163134933001,-0.07183207781072931
2019-02-04,65.96,71.10163134933,-0.0723138309452932
2019-02-05,66.04,73.69163134933001,-0.10383311115828042
2019-02-06,68.63,71.59163134933002,-0.041368401494845
2019-02-07,66.53,69.57163134933,-0.043719419687853756
2019-02-08,64.51,69.56163134933001,-0.07262094420933474
2019-02-11,64.5,70.24163134933,-0.08174114466071225
2019-02-12,65.18,69.96163134933,-0.06834648159438306
2019-02-13,64.9,69.73163134933002,-0.06928894758141113
2019-02-14,64.67,70.22163134933001,-0.07905870659302161
2019-02-15,65.16,69.93163134933,-0.06823280477319682
2019-02-19,64.87,70.92163134933001,-0.08532842849485833
2019-02-20,65.86,71.12163134933002,-0.07398074607549876
2019-02-21,66.06,72.86163134933001,-0.09334997341357976
2019-02-22,67.8,73.76163134933,-0.08082293246872663
2019-02-25,68.7,74.20163134933001,-0.07414434493264932
2019-02-26,69.14,74.41163134933001,-0.07084418462191766
2019-02-27,69.35,75.20163134933001,-0.07781255864181669
2019-02-28,70.14,75.56163134933001,-0.07175111564578585
2019-03-01,70.5,75.11163134933001,-0.061397033541745194
2019-03-04,70.05,74.92163134933001,-0.06502302821751871
2019-03-05,69.86,74.13163134933001,-0.05762224939042315
2019-03-06,69.07,73.41163134933001,-0.05914091908229524
2019-03-07,68.35,73.64163134933001,-0.07185651991097775
2019-03-08,68.58,74.43163134933,-0.0786175345514939
2019-03-11,69.37,74.30163134933001,-0.06637312343983248
2019-03-12,69.24,74.15163134933,-0.0662376708368182
2019-03-13,69.09,73.71163134933,-0.06269880702310637
2019-03-14,68.65,74.72163134933001,-0.08125667547252291
2019-03-15,69.66,74.89163134933001,-0.06985602069378372
2019-03-18,69.83,75.17163134933001,-0.07105913831385302
2019-03-19,70.11,74.18163134933,-0.054887325545002086
2019-03-20,69.12,78.95163134933001,-0.12452727298095834
2019-03-21,73.89,76.73163134933002,-0.03703337592802047
2019-03-22,71.67,75.93163134933,-0.05612458567792389
2019-03-25,70.87,76.21163134933,-0.07008945032085268
2019-03-26,71.15,75.63163134933001,-0.05925604498242387
2019-03-27,70.57,75.29163134933,-0.0627112371549382
2019-03-28,70.23,76.79163134933,-0.08544721910491426
2019-03-29,71.73,78.79305066113885,-0.08964052796374822
2019-04-01,73.21,79.65305066113885,-0.08088893780790607
2019-04-02,74.07,79.99305066113885,-0.07404456527392222
2019-04-03,74.41,79.62305066113885,-0.06547162684490249
2019-04-04,74.04,80.47305066113886,-0.0799404348199444
2019-04-05,74.89,80.83305066113886,-0.07352253332677972
2019-04-08,75.25,80.80305066113885,-0.06872327982301685
2019-04-09,75.22,81.81305066113886,-0.08058678423380872
2019-04-10,76.23,81.63305066113885,-0.06618704822838328
2019-04-11,76.05,82.77305066113885,-0.08122269999038789
2019-04-12,77.19,81.97305066113886,-0.05834906255851191
2019-04-15,76.39,83.89305066113886,-0.08943590204443996
2019-04-16,78.31,82.14305066113886,-0.046663115507496467
2019-04-17,76.56,82.26305066113885,-0.06932700179854834
2019-04-18,76.68,81.59305066113886,-0.060214082220593323
2019-04-22,76.01,82.18305066113885,-0.07511342803021348
2019-04-23,76.6,82.83305066113886,-0.07524835330087754
2019-04-24,77.25,82.88305066113885,-0.06796384322494542
2019-04-25,77.3,80.57305066113885,-0.040622151380417804
2019-04-26,74.99,81.03305066113886,-0.07457513461278265
2019-04-29,75.45,81.19305066113886,-0.0707332784563991
2019-04-30,75.61,81.16305066113885,-0.06841845662410118
2019-05-01,75.58,82.33305066113886,-0.08202113983280701
2019-05-02,76.75,80.76305066113885,-0.049689191137375244
2019-05-03,75.18,79.91305066113885,-0.05922750566999058
2019-05-06,74.33,79.26305066113885,-0.06223644712122378
2019-05-07,73.68,81.76305066113885,-0.09885945541144825
2019-05-08,76.18,80.73305066113886,-0.05639636584834862
2019-05-09,75.15,80.65305066113885,-0.06823115326734175
2019-05-10,75.07,76.63305066113885,-0.020396560591727786
2019-05-13,71.05,78.44305066113886,-0.09424736288081947
2019-05-14,72.86,78.93305066113885,-0.07693926194757861
2019-05-15,73.35,73.69305066113886,-0.004655129053027007
2019-05-16,68.11,69.51305066113885,-0.020183989161667193
2019-05-17,63.93,66.85305066113885,-0.04372351945395958
2019-05-20,61.27,67.12305066113885,-0.0871988177457419
2019-05-21,61.54,65.78305066113886,-0.06450066724627335
2019-05-22,60.2,66.24305066113885,-0.09122542818946555
2019-05-23,60.66,67.88305066113885,-0.10640433202089206
2019-05-24,62.3,66.33305066113886,-0.060800017803215756
2019-05-28,60.75,67.66305066113885,-0.1021687700094972
2019-05-29,62.08,67.45305066113886,-0.07965615503635615
2019-05-30,61.87,66.76305066113885,-0.07328980046124489
2019-05-31,61.18,67.46305066113885,-0.0931332129152902
2019-06-03,61.88,69.76305066113885,-0.11299750493179128
2019-06-04,64.18,69.02305066113885,-0.07016569993284238
2019-06-05,63.44,69.03305066113886,-0.08101989710107638
2019-06-06,63.45,69.96305066113885,-0.09309271965118204
2019-06-07,64.38,71.08305066113886,-0.09429886025985412
2019-06-10,65.5,69.89305066113886,-0.06285389777071837
2019-06-11,64.31,68.36305066113886,-0.05928715324933298
2019-06-12,62.78,68.89305066113886,-0.08873247159872255
2019-06-13,63.31,67.08305066113886,-0.05624447045793901
2019-06-14,61.5,67.24305066113885,-0.08540734848691034
2019-06-17,61.66,70.67305066113886,-0.12753164858206534
2019-06-18,65.09,71.17305066113886,-0.08546845476809461
2019-06-19,65.59,70.42305066113886,-0.0686288170672199
2019-06-20,64.84,69.47305066113886,-0.0666884585756422
2019-06-21,63.89,70.13305066113885,-0.08901724083418727
2019-06-24,64.55,69.04305066113885,-0.0650760738135776
2019-06-25,63.46,71.22305066113886,-0.10899632336830778
2019-06-26,65.64,72.64305066113886,-0.09640358709336538
2019-06-27,67.06,72.19305066113886,-0.07110172813215032
2019-06-28,66.61,75.77801358949168,-0.12098514008505268
2019-07-01,70.58,74.81801358949167,-0.05664429441744645
2019-07-02,69.62,74.18801358949167,-0.061573472161798204
2019-07-03,68.99,74.16801358949168,-0.06981464567935147
2019-07-05,68.97,74.15801358949167,-0.06995890718176989
2019-07-08,68.96,74.82801358949168,-0.07842001020745715
2019-07-09,69.63,74.53801358949167,-0.06584577926267143
2019-07-10,69.34,74.53801358949167,-0.06973641151908128
2019-07-11,69.34,75.45801358949167,-0.08107838118791488
2019-07-12,70.26,75.88801358949168,-0.07416208862622009
2019-07-15,70.69,75.74801358949168,-0.06677420766309528
2019-07-16,70.55,75.71801358949168,-0.06825342272593515
2019-07-17,70.52,76.43801358949167,-0.07742238856799988
2019-07-18,71.24,76.48801358949167,-0.0686122353452342
2019-07-19,71.29,77.99801358949168,-0.08600236442938602
2019-07-22,72.8,79.08801358949168,-0.07950653081426184
2019-07-23,73.89,80.52801358949168,-0.08243111053664298
2019-07-24,75.33,79.92801358949167,-0.0575269343375272
2019-07-25,74.73,80.11801358949167,-0.06725096327398661
2019-07-26,74.92,79.87801358949167,-0.06206981579401616
2019-07-29,74.68,80.68801358949167,-0.07445980291518928
2019-07-30,75.49,78.48801358949167,-0.03819708834997282
2019-07-31,73.29,76.53801358949167,-0.04243660682013839
2019-08-01,71.34,76.08801358949168,-0.06240159738047646
2019-08-02,70.89,73.34801358949167,-0.03351165858762706
2019-08-05,68.15,75.33801358949168,-0.09541018201858031
2019-08-06,70.14,75.96801358949168,-0.0767166773766721
2019-08-07,70.77,77.25801358949167,-0.08397851935419354
2019-08-08,72.06,74.68801358949167,-0.035186550869273914
2019-08-09,69.49,74.58801358949168,-0.06834896579428307
2019-08-12,69.39,76.89801358949167,-0.09763598874701829
2019-08-13,71.7,74.97801358949167,-0.04371966437306474
2019-08-14,69.78,75.30801358949168,-0.0734053831193211
2019-08-15,70.11,76.80801358949168,-0.08720461936810264
2019-08-16,71.61,77.21801358949168,-0.07262571683474195
2019-08-19,72.02,78.25801358949167,-0.07971086031155405
2019-08-20,73.06,79.88801358949168,-0.08546981308832813
2019-08-21,74.69,78.68801358949167,-0.050808419314648856
2019-08-22,73.49,75.53801358949167,-0.02711235697329195
2019-08-23,70.34,75.99801358949168,-0.07444949311509386
2019-08-26,70.8,75.40801358949167,-0.061107743993588204
2019-08-27,70.21,74.76801358949167,-0.06096207951326782
2019-08-28,69.57,76.70801358949167,-0.09305434015918157
2019-08-29,71.51,76.62801358949167,-0.06679037273378474
2019-08-30,71.43,75.47801358949167,-0.05363169215750585
2019-09-03,70.28,77.56801358949167,-0.09395642936096782
2019-09-04,72.37,80.36801358949167,-0.09951737304774477
2019-09-05,75.17,80.64801358949167,-0.06792496610487431
2019-09-06,75.45,81.19801358949168,-0.07079007644881063
2019-09-09,76.0,81.99801358949168,-0.07314827917075717
2019-09-10,76.8,81.46801358949168,-0.05729872846800077
2019-09-11,76.27,82.99801358949168,-0.08106234472994078
2019-09-12,77.8,82.70801358949167,-0.05934145165004001
2019-09-13,77.51,82.41801358949168,-0.05955025334555564
2019-09-16,77.22,81.54801358949167,-0.05307319453884751
2019-09-17,76.35,81.89801358949167,-0.0677429567132205
2019-09-18,76.7,80.38801358949168,-0.04587765544655498
2019-09-19,75.19,81.17801358949167,-0.0737639826932992
2019-09-20,75.98,82.55801358949168,-0.07967746925452857
2019-09-23,77.36,81.91801358949168,-0.05564116352152826
2019-09-24,76.72,82.12801358949167,-0.06584858628778079
2019-09-25,76.93,80.29801358949167,-0.041943921635596126
2019-09-26,75.1,78.42801358949167,-0.042433990575244995
2019-09-27,73.23,79.02197610569404,-0.07329576392707648
2019-09-30,74.14,78.05197610569404,-0.050120141742428626
2019-10-01,73.17,76.25197610569403,-0.04041831127657669
2019-10-02,71.37,77.71197610569403,-0.08160873553219739
2019-10-03,72.83,79.76197610569403,-0.08690827941008317
2019-10-04,74.88,78.84197610569403,-0.05025211570525179
2019-10-07,73.96,77.34197610569403,-0.0437275626507434
2019-10-08,72.46,78.17197610569403,-0.07306935797517822
2019-10-09,73.29,81.68197610569403,-0.10273963126008434
2019-10-10,76.8,82.24197610569404,-0.06617029847021472
2019-10-11,77.36,82.22197610569404,-0.059132318827318175
2019-10-14,77.34,84.72197610569404,-0.08713177436376984
2019-10-15,79.84,83.95197610569403,-0.04898009905707423
2019-10-16,79.07,83.84197610569403,-0.0569163124170442
2019-10-17,78.96,82.47197610569404,-0.042583872383428534
2019-10-18,77.59,83.63197610569404,-0.07224480858921933
2019-10-21,78.75,83.21197610569403,-0.053621801987090545
2019-10-22,78.33,83.56197610569403,-0.0626119241014157
2019-10-23,78.68,84.29197610569403,-0.0665778211043142
2019-10-24,79.41,83.90197610569403,-0.05353838269596112
2019-10-25,79.02,85.20197610569403,-0.07255672213547282
2019-10-28,80.32,84.73197610569403,-0.05206978886212421
2019-10-29,79.85,84.73197610569403,-0.05761669124303548
2019-10-30,79.85,85.74197610569404,-0.06871752172391044
2019-10-31,80.86,102.10197610569404,-0.20804666976968933
2019-11-01,97.22,106.39197610569403,-0.08620928420938645
2019-11-04,101.51,106.18197610569403,-0.04399970952738275
2019-11-05,101.3,106.28197610569403,-0.046875079747666804
2019-11-06,101.4,106.19197610569404,-0.04512559499716373
2019-11-07,101.31,108.92197610569403,-0.06988466770294022
2019-11-08,104.04,107.17197610569403,-0.02922383462077094
2019-11-11,102.29,107.46197610569403,-0.04812842917207427
2019-11-12,102.58,108.77197610569404,-0.05692620771803647
2019-11-13,103.89,108.58197610569404,-0.04321137148145893
2019-11-14,103.7,108.63197610569404,-0.045400776847651536
2019-11-15,103.75,108.13197610569404,-0.040524332057067514
2019-11-18,103.25,107.72197610569404,-0.041514055602788535
2019-11-19,102.84,106.77197610569404,-0.03682591864556062
2019-11-20,101.89,105.78197610569403,-0.03679243146115263
2019-11-21,100.9,106.60197610569404,-0.05348846535490692
2019-11-22,101.72,109.19197610569404,-0.06842971775198414
2019-11-25,104.31,108.99197610569404,-0.042957071455918205
2019-11-26,104.11,109.91197610569404,-0.05278747877405754
2019-11-27,105.03,109.09197610569403,-0.03723441678019079
2019-11-29,104.21,107.85197610569404,-0.033768283504837515
2019-12-02,102.97,107.02197610569404,-0.037861159484593565
2019-12-03,102.14,108.91197610569404,-0.06217843388611499
2019-12-04,104.03,110.68197610569403,-0.060099903703759616
2019-12-05,105.8,111.50197610569403,-0.05113789284137049
2019-12-06,106.62,113.32197610569403,-0.059141009855345095
2019-12-09,108.44,114.74197610569404,-0.05492302224156398
2019-12-10,109.86,118.72197610569404,-0.07464478267953134
2019-12-11,113.84,120.23197610569403,-0.05316369498971674
2019-12-12,115.35,118.29197610569403,-0.024870462076526434
2019-12-13,113.41,119.88197610569404,-0.05398623142471404
2019-12-16,115.0,119.23197610569403,-0.035493633871693686
2019-12-17,114.35,120.17197610569403,-0.04844703644195281
2019-12-18,115.29,122.16197610569404,-0.056252987425059575
2019-12-19,117.28,121.55197610569404,-0.03514526248408656
2019-12-20,116.67,121.82197610569403,-0.042291023921858906
2019-12-23,116.94,122.84197610569403,-0.04804527159849603
2019-12-24,117.96,122.48197610569403,-0.036919522769553126
2019-12-26,117.6,121.72197610569404,-0.03386386121528984
2019-12-27,116.84,125.37970729751403,-0.0681107611557118
2019-12-30,116.21,125.39970729751403,-0.07328332334708898
2019-12-31,116.23,125.12970729751403,-0.07112385611478877
2020-01-02,115.96,121.50970729751404,-0.04567295421036366
2020-01-03,112.34,120.80970729751404,-0.07010783725066039
2020-01-06,111.64,120.39970729751403,-0.07275522087332265
2020-01-07,111.23,122.08970729751404,-0.08894858983526421
2020-01-08,112.92,121.12970729751403,-0.06777616722336877
2020-01-09,111.96,122.58970729751404,-0.08670962295159668
2020-01-10,113.42,124.90970729751403,-0.09198410232559007
2020-01-13,115.74,125.07970729751403,-0.07467004440055691
2020-01-14,115.91,121.66970729751404,-0.04733887691066818
2020-01-15,112.5,122.96970729751403,-0.08514054011841732
2020-01-16,113.8,123.90970729751403,-0.0815893081987521
2020-01-17,114.74,124.03970729751403,-0.07497363142923519
2020-01-21,114.87,125.49970729751404,-0.08469906047123177
2020-01-22,116.33,127.84970729751403,-0.09010350935498801
2020-01-23,118.68,122.55970729751404,-0.03165565080941346
2020-01-24,113.39,119.14970729751403,-0.048340087677531396
2020-01-27,109.98,122.72970729751404,-0.10388444312514289
2020-01-28,113.56,121.73970729751403,-0.06719013441952859
2020-01-29,112.57,120.95970729751403,-0.06935952049618144
2020-01-30,111.79,115.02970729751404,-0.02816409233429429
2020-01-31,105.86,116.72970729751404,-0.09311860321734511
2020-02-03,107.56,117.05970729751404,-0.08115266573638336
2020-02-04,107.89,120.48970729751403,-0.10457081837208504
2020-02-05,111.32,118.93970729751403,-0.06406361231791347
2020-02-06,109.77,114.31970729751403,-0.03979810135162032
2020-02-07,105.15,114.51970729751403,-0.0818174226831736
2020-02-10,105.35,117.75970729751404,-0.10538160787171069
2020-02-11,108.59,120.89970729751403,-0.10181751116420723
2020-02-12,111.73,118.33970729751404,-0.055853672858060976
2020-02-13,109.17,115.18970729751403,-0.05225907278300679
2020-02-14,106.02,112.39970729751403,-0.05675910952888341
2020-02-18,103.23,113.40970729751403,-0.08976045825432766
2020-02-19,104.24,110.72970729751404,-0.05860854738897825
2020-02-20,101.56,107.35970729751403,-0.05402126592467271
2020-02-21,98.19,105.50970729751404,-0.06937472849653625
2020-02-24,96.34,105.76970729751403,-0.08915319460031879
2020-02-25,96.6,105.29970729751403,-0.08261853257515583
2020-02-26,96.13,103.96970729751403,-0.07540376424337103
2020-02-27,94.8,109.74970729751404,-0.1362163751105755
2020-02-28,100.58,109.60970729751403,-0.08238054384183935
2020-03-02,100.44,107.46970729751403,-0.065411058374369
2020-03-03,98.3,111.54970729751403,-0.1187785034897112
2020-03-04,102.38,106.46970729751403,-0.03841193332189741
2020-03-05,97.3,103.52970729751404,-0.060173137354785355
2020-03-06,94.36,99.11970729751404,-0.04801978766167536
2020-03-09,89.95,105.16970729751404,-0.1447156951236831
2020-03-10,96.0,98.43970729751403,-0.024783772366779977
2020-03-11,89.27,85.98970729751403,0.03814750399296685
2020-03-12,76.82,92.96970729751403,-0.17370934863582044
2020-03-13,83.8,79.86970729751404,0.04920880313039899
2020-03-16,70.7,89.04970729751403,-0.20606139935090262
2020-03-17,79.88,82.18970729751403,-0.02810214774403874
2020-03-18,73.02,83.01970729751403,-0.12044980189677768
2020-03-19,73.85,80.01970729751403,-0.07710234773260305
2020-03-20,70.85,78.52970729751404,-0.09779365748071689
2020-03-23,69.36,87.95970729751403,-0.21145713041771008
2020-03-24,78.79,86.90970729751403,-0.09342693181232564
2020-03-25,77.74,92.65970729751403,-0.16101612807398025
2020-03-26,83.49,89.85970729751403,-0.07088502165297239
2020-03-27,80.69,87.47313455106335,-0.07754534676133773
2020-03-30,81.48,86.62313455106334,-0.05937368322813952
2020-03-31,80.63,80.57313455106335,0.0007057619050505615
2020-04-01,74.58,82.65313455106335,-0.09767487458174673
2020-04-02,76.66,79.43313455106335,-0.03491155884425845
2020-04-03,73.44,88.60313455106335,-0.17113541894304662
2020-04-06,82.61,87.84313455106334,-0.059573631767674606
2020-04-07,81.85,93.01313455106335,-0.12001675467602801
2020-04-08,87.02,89.10313455106335,-0.023378914350869917
2020-04-09,83.11,90.72313455106335,-0.08391613218322291
2020-04-13,84.73,95.82313455106335,-0.11576676762908344
2020-04-14,89.83,90.55313455106335,-0.007985748418853134
2020-04-15,84.56,92.81313455106334,-0.08892205387722019
2020-04-16,86.82,92.26313455106335,-0.05899576876017398
2020-04-17,86.27,90.76313455106335,-0.04950395965594945
2020-04-20,84.77,87.17313455106334,-0.027567375699398156
2020-04-21,81.18,92.57313455106335,-0.12307171628480273
2020-04-22,86.58,91.94313455106335,-0.05833099531846808
2020-04-23,85.95,95.88313455106335,-0.10359626432293345
2020-04-24,89.89,97.27313455106335,-0.07590106543947739
2020-04-27,91.28,99.13313455106335,-0.07921805949773741
2020-04-28,93.14,105.38313455106335,-0.11617736180670302
2020-04-29,99.39,104.02313455106335,-0.04453946298637079
2020-04-30,98.03,99.14313455106335,-0.01122755051173041
2020-05-01,93.15,100.13313455106335,-0.06973849947244248
2020-05-04,94.14,103.70313455106334,-0.09221644642143834
2020-05-05,97.71,104.29313455106335,-0.063121456454453
2020-05-06,98.3,106.81313455106334,-0.0797011958018472
2020-05-07,100.82,108.99313455106335,-0.07498760894186629
2020-05-08,103.0,107.89313455106335,-0.04535167665137718
2020-05-11,101.9,106.66313455106335,-0.04465586513195019
2020-05-12,100.67,103.32313455106335,-0.025678030022909692
2020-05-13,97.33,104.80313455106335,-0.07130640302959845
2020-05-14,98.81,100.70313455106334,-0.01879916210655186
2020-05-15,94.71,105.03313455106334,-0.09828455177679774
2020-05-18,99.04,104.32313455106335,-0.050642022728692004
2020-05-19,98.33,109.32313455106335,-0.10055634240828148
2020-05-20,103.33,104.96313455106335,-0.015559125192367906
2020-05-21,98.97,107.53313455106334,-0.0796325205883126
2020-05-22,101.54,109.20313455106334,-0.07017321052702985
2020-05-26,103.21,111.67313455106334,-0.07578487507390164
2020-05-27,105.68,106.76313455106335,-0.01014521122499723
2020-05-28,100.77,110.73313455106334,-0.08997428449448397
2020-05-29,104.74,110.57313455106335,-0.052753632921291316
2020-06-01,104.58,115.67313455106334,-0.09590069979616855
2020-06-02,109.68,118.98313455106334,-0.07818868267477663
2020-06-03,112.99,119.39313455106335,-0.05363067629592044
2020-06-04,113.4,121.66313455106335,-0.06791814612992086
2020-06-05,115.67,120.86313455106335,-0.0429670682491633
2020-06-08,117.56,,
2020-06-09,115.53,,
2020-06-10,114.87,115.71313455106335,-0.0072864204598249716
2020-06-11,107.39,,
2020-06-12,108.9,,
2020-06-15,109.72,118.57313455106335,-0.07466391594169053
2020-06-16,112.58,118.63313455106335,-0.05102397887377663
2020-06-17,112.64,117.24313455106335,-0.03926144220460537
2020-06-18,111.25,117.79313455106335,-0.05554767326636423
2020-06-19,111.800003,118.24313455106335,-0.054490534063784235
2020-06-22,112.25,117.91313455106335,-0.04802802141275342
2020-06-23,111.919998,114.51313455106335,-0.022644883150124695
2020-06-24,108.519997,114.96313455106335,-0.05604524942908096
2020-06-25,108.970001,113.36313455106335,-0.03875275298677028
2020-06-26,107.370003,113.42313455106334,-0.053367697648474155
2020-06-29,107.43,116.52313455106335,-0.0780371604840282
2020-06-30,110.529999,114.25313455106335,-0.03258672565696097
2020-07-01,108.260002,116.29313455106335,-0.06907658463308564
2020-07-02,110.300003,119.62313455106334,-0.07793752927518871
2020-07-06,113.629997,119.01313455106335,-0.045231457614904436
2020-07-07,113.019997,119.02313455106335,-0.05043672873938532
2020-07-08,113.029999,119.10313455106335,-0.050990560189325684
2020-07-09,113.110001,118.00313655106335,-0.04146614822349193
2020-07-10,112.010002,116.88313355106335,-0.041692341769177466
2020-07-13,110.889999,118.61313755106335,-0.06511199948436153
2020-07-14,112.620003,118.83313055106333,-0.05228447253936075
2020-07-15,112.839996,117.67313455106334,-0.0410725742073782
2020-07-16,111.68,119.97313755106335,-0.06912495347163516
2020-07-17,113.980003,122.38313355106335,-0.06866248891688342
2020-07-20,116.389999,122.73313255106335,-0.051682324236483335
2020-07-21,116.739998,124.42313455106334,-0.06175006423672902
2020-07-22,118.43,124.14313655106335,-0.04602055908836633
2020-07-23,118.150002,117.91313255106336,0.0020088470538603964
2020-07-24,111.919998,121.14313655106335,-0.07613422281810966
2020-07-27,115.150002,119.38313355106335,-0.035458371925316645
2020-07-28,113.389999,121.27313355106335,-0.06500314059868895
2020-07-29,115.279999,138.40269407969095,-0.1670682441078576
2020-07-30,128.669998,137.88269007969097,-0.06681543618249974
2020-07-31,128.149994,,
2020-08-03,133.324997,,
2020-08-04,131.25,,
2020-08-05,133.619995,,
2020-08-06,135.229996,,
