date,SYF,dcf,Deviation
2014-07-31,23.0,43.75939603358142,-0.47439859585014477
2014-08-01,23.0,43.75939603358142,-0.47439859585014477
2014-08-04,23.0,43.75939603358142,-0.47439859585014477
2014-08-05,23.0,43.739396033581414,-0.47415826267144867
2014-08-06,22.98,43.68939603358142,-0.4740142440436427
2014-08-07,22.93,43.70939603358142,-0.4753988368454428
2014-08-08,22.95,43.68939603358142,-0.47470090952139254
2014-08-11,22.93,43.75939603358142,-0.4759982522975573
2014-08-12,23.0,43.93939603358142,-0.47655174908590314
2014-08-13,23.18,43.769396033581415,-0.47040621757230805
2014-08-14,23.01,43.75939603358142,-0.4741700735005143
2014-08-15,23.0,43.92939603358142,-0.47643259237122537
2014-08-18,23.17,45.16939603358142,-0.4870420675367423
2014-08-19,24.41,45.949396033581415,-0.46876342004233695
2014-08-20,25.19,46.14939603358142,-0.454164037560317
2014-08-21,25.39,46.11939603358142,-0.4494724089293688
2014-08-22,25.36,45.879396033581415,-0.4472464288449274
2014-08-25,25.12,45.809396033581415,-0.4516408821110559
2014-08-26,25.05,46.229396033581416,-0.45813698319131246
2014-08-27,25.47,46.449396033581415,-0.4516613309334311
2014-08-28,25.69,46.54939603358142,-0.4481131402549915
2014-08-29,25.79,46.54939603358142,-0.44596488467015305
2014-09-02,25.79,46.54939603358142,-0.44596488467015305
2014-09-03,25.79,46.45939603358142,-0.44489162146320904
2014-09-04,25.7,46.52939603358142,-0.44766100162891276
2014-09-05,25.77,45.59939603358142,-0.4348609358548998
2014-09-08,24.84,45.79939603358142,-0.4576347692055457
2014-09-09,25.04,45.45939603358142,-0.44917877964100883
2014-09-10,24.7,45.409396033581416,-0.4560597110401179
2014-09-11,24.65,45.25939603358142,-0.45536171137347314
2014-09-12,24.5,44.909396033581416,-0.4544571478609978
2014-09-15,24.15,45.06939603358142,-0.4641596709659539
2014-09-16,24.31,45.309396033581415,-0.46346669503203153
2014-09-17,24.55,45.42939603358142,-0.45960100411960936
2014-09-18,24.67,46.16939603358142,-0.4656633588610035
2014-09-19,25.41,45.59939603358142,-0.44275577726321313
2014-09-22,24.84,45.339396033581416,-0.4521320932109061
2014-09-23,24.58,45.67939603358142,-0.4619018171358943
2014-09-24,24.92,45.38939603358142,-0.4509730867191337
2014-09-25,24.63,45.52939603358142,-0.45903082083861857
2014-09-26,24.77,45.45939603358142,-0.45511814583497556
2014-09-29,24.7,45.309396033581415,-0.4548592088560748
2014-09-30,24.55,61.56746922024624,-0.6012504604959981
2014-10-01,24.22,61.92746922024624,-0.6088973067208494
2014-10-02,24.58,62.17746922024624,-0.6046799538763431
2014-10-03,24.83,62.34746922024624,-0.6017480691592066
2014-10-06,25.0,62.19746922024624,-0.5980543852761437
2014-10-07,24.85,62.367469220246235,-0.6015551005886737
2014-10-08,25.02,61.897469220246236,-0.5957831505037345
2014-10-09,24.55,61.547469220246235,-0.6011208858621242
2014-10-10,24.2,61.80746922024624,-0.6084615612756262
2014-10-13,24.46,62.19746922024624,-0.606736410554179
2014-10-14,24.85,61.867469220246235,-0.5983349519028363
2014-10-15,24.52,61.94746922024624,-0.6041807630135414
2014-10-16,24.6,62.12746922024624,-0.6040398827000135
2014-10-17,24.78,62.05746922024624,-0.6006927077213853
2014-10-20,24.71,62.51746922024624,-0.6047504752160108
2014-10-21,25.17,62.727469220246235,-0.5987403873791866
2014-10-22,25.38,63.15746922024624,-0.5981472925792284
2014-10-23,25.81,63.45746922024624,-0.5932708896659675
2014-10-24,26.11,63.87746922024624,-0.5912486778401621
2014-10-27,26.53,64.19746922024623,-0.5867438339511191
2014-10-28,26.85,64.34746922024624,-0.5827341723712742
2014-10-29,27.0,64.13746922024623,-0.5790292269362427
2014-10-30,26.79,64.36746922024624,-0.5837959714039302
2014-10-31,27.02,64.68746922024624,-0.5822993181569216
2014-11-03,27.34,64.35746922024624,-0.575185284144158
2014-11-04,27.01,64.81746922024624,-0.5832913514685141
2014-11-05,27.47,64.92746922024624,-0.5769125097604441
2014-11-06,27.58,65.49746922024624,-0.5789150278882134
2014-11-07,28.15,66.11746922024624,-0.5742426270698817
2014-11-10,28.77,66.45746922024624,-0.5670915498654705
2014-11-11,29.11,66.37746922024624,-0.5614475763845338
2014-11-12,29.03,66.33746922024623,-0.5623890941088234
2014-11-13,28.99,66.39746922024624,-0.5633869733221666
2014-11-14,29.05,66.47746922024623,-0.5630098386604556
2014-11-17,29.13,66.29746922024624,-0.5606167121820671
2014-11-18,28.95,66.28746922024624,-0.5632658730142351
2014-11-19,28.94,66.58746922024623,-0.5653836924740689
2014-11-20,29.24,66.51746922024624,-0.5604162283567445
2014-11-21,29.17,66.31746922024624,-0.5601460619203693
2014-11-24,28.97,66.00746922024624,-0.5611102752123978
2014-11-25,28.66,66.14746922024624,-0.5667256761619562
2014-11-26,28.8,66.35746922024624,-0.5659870646300527
2014-11-28,29.01,66.22746922024623,-0.5619642371728826
2014-12-01,28.88,66.39746922024624,-0.5650436629715132
2014-12-02,29.05,66.34746922024624,-0.5621536082474227
2014-12-03,29.0,66.49746922024624,-0.5638931775892235
2014-12-04,29.15,66.59746922024624,-0.5622956796812013
2014-12-05,29.25,66.85746922024624,-0.5625021356455666
2014-12-08,29.51,66.86746922024624,-0.5586792749281302
2014-12-09,29.52,66.99746922024624,-0.5593863418488765
2014-12-10,29.65,66.86746922024624,-0.5565855812137941
2014-12-11,29.52,66.34746922024624,-0.5550696907216495
2014-12-12,29.0,65.97746922024623,-0.5604560110786898
2014-12-15,28.63,65.78746922024624,-0.5648107407179443
2014-12-16,28.44,66.24746922024624,-0.5707005817014924
2014-12-17,28.9,67.09746922024624,-0.569283307763274
2014-12-18,29.75,67.34746922024624,-0.5582610550263045
2014-12-19,30.0,67.19746922024623,-0.553554615253856
2014-12-22,29.85,67.34746922024624,-0.556776218236477
2014-12-23,30.0,67.45746922024624,-0.5552753409403626
2014-12-24,30.11,67.84746922024624,-0.5562104180738561
2014-12-26,30.5,67.80746922024623,-0.5501970453884277
2014-12-29,30.46,67.34746922024624,-0.547718713818529
2014-12-30,30.0,67.09746922024624,-0.552889246813087
2014-12-31,29.75,45.957032734952485,-0.35265620451222635
2015-01-02,29.48,45.72703273495248,-0.35530476751301854
2015-01-05,29.25,45.32703273495248,-0.3546897240982465
2015-01-06,28.85,45.67703273495248,-0.36839154663556506
2015-01-07,29.2,46.457032734952485,-0.3714622247487829
2015-01-08,29.98,46.17703273495248,-0.3507594961313434
2015-01-09,29.7,46.00703273495248,-0.3544465218806362
2015-01-12,29.53,46.18703273495248,-0.36064305820510334
2015-01-13,29.71,45.62703273495248,-0.3488509285145618
2015-01-14,29.15,44.997032734952484,-0.3521795054419874
2015-01-15,28.52,45.46703273495248,-0.3727323230821826
2015-01-16,28.99,45.57703273495248,-0.36393401982556195
2015-01-20,29.1,45.65703273495248,-0.362639263726776
2015-01-21,29.18,45.527032734952485,-0.3590621165697533
2015-01-22,29.05,47.44703273495248,-0.3877383194376255
2015-01-23,30.97,47.80703273495248,-0.352187361811365
2015-01-26,31.33,47.79703273495248,-0.34451997943610113
2015-01-27,31.32,47.72703273495248,-0.3437681287681841
2015-01-28,31.25,47.707032734952485,-0.34496030860656035
2015-01-29,31.23,47.33703273495248,-0.3402628302694488
2015-01-30,30.86,47.637032734952484,-0.35218467170904955
2015-02-02,31.16,47.60703273495248,-0.34547485508117537
2015-02-03,31.13,47.72703273495248,-0.3477491011671
2015-02-04,31.25,48.47703273495248,-0.355364834913495
2015-02-05,32.0,48.61703273495248,-0.3417944658520041
2015-02-06,32.14,48.87703273495248,-0.34243144066688913
2015-02-09,32.4,49.58703273495248,-0.3466033716277972
2015-02-10,33.11,50.027032734952485,-0.3381578280802776
2015-02-11,33.55,50.08703273495248,-0.3301659497870866
2015-02-12,33.61,49.277032734952485,-0.3179378275315625
2015-02-13,32.8,48.39703273495248,-0.3222725000594564
2015-02-17,31.92,48.387032734952484,-0.3403191269271092
2015-02-18,31.91,48.35703273495248,-0.34011666565853116
2015-02-19,31.88,49.067032734952484,-0.35027658647696147
2015-02-20,32.59,49.09703273495248,-0.3362124310865129
2015-02-23,32.62,48.83703273495248,-0.3320642517936192
2015-02-24,32.36,48.76703273495248,-0.33643697011717455
2015-02-25,32.29,48.92703273495248,-0.34003763982742663
2015-02-26,32.45,48.42703273495248,-0.32991971286774646
2015-02-27,31.95,48.43703273495248,-0.34038073358394083
2015-03-02,31.96,48.61703273495248,-0.3426172227696891
2015-03-03,32.14,48.36703273495248,-0.33549779296727456
2015-03-04,31.89,48.43703273495248,-0.3416194552110132
2015-03-05,31.96,47.67703273495248,-0.3296562691375333
2015-03-06,31.2,48.457032734952485,-0.3561306122342245
2015-03-09,31.98,47.57703273495248,-0.327826933256687
2015-03-10,31.1,48.027032734952485,-0.35244802293674804
2015-03-11,31.55,48.36703273495248,-0.3476961844467179
2015-03-12,31.89,48.29703273495248,-0.33971098856097504
2015-03-13,31.82,48.42703273495248,-0.34292897576122316
2015-03-16,31.95,48.707032734952485,-0.3440372322850932
2015-03-17,32.23,48.39703273495248,-0.3340500816133012
2015-03-18,31.92,48.84703273495248,-0.34653144289848226
2015-03-19,32.37,48.72703273495248,-0.3356870266228912
2015-03-20,32.25,48.25703273495248,-0.33170362593302627
2015-03-23,31.78,48.12703273495248,-0.33966425532568456
2015-03-24,31.65,47.39703273495248,-0.33223667867587814
2015-03-25,30.92,47.08703273495248,-0.3433436297834874
2015-03-26,30.61,46.53703273495248,-0.34224426868089075
2015-03-27,30.06,46.76703273495248,-0.3572395287432053
2015-03-30,30.29,46.82703273495248,-0.35315141210322654
2015-03-31,30.35,43.84473053892216,-0.30778454726600535
2015-04-01,30.41,44.04473053892215,-0.3095655342214705
2015-04-02,30.61,43.27473053892216,-0.2926587960503011
2015-04-06,29.84,43.19473053892216,-0.30917499362308554
2015-04-07,29.76,43.40473053892216,-0.31436044803196206
2015-04-08,29.97,43.574730538922154,-0.3122160566608676
2015-04-09,30.14,44.02473053892216,-0.31538479325039137
2015-04-10,30.59,44.074730538922154,-0.3059515140316935
2015-04-13,30.64,43.954730538922156,-0.3029191710578657
2015-04-14,30.52,44.11473053892215,-0.3081675978260279
2015-04-15,30.68,44.204730538922156,-0.305956633465137
2015-04-16,30.77,43.954730538922156,-0.29996158268441675
2015-04-17,30.52,44.33473053892216,-0.31160064290441525
2015-04-20,30.9,44.634730538922156,-0.30771397907163944
2015-04-21,31.2,44.47473053892215,-0.29847804310595527
2015-04-22,31.04,44.394730538922154,-0.30081792088395887
2015-04-23,30.96,44.25473053892215,-0.3004137722006781
2015-04-24,30.82,44.05473053892216,-0.3004156506468546
2015-04-27,30.62,44.09473053892216,-0.3055859594612579
2015-04-28,30.66,44.174730538922155,-0.3059380413653998
2015-04-29,30.74,44.58473053892216,-0.31052628044562947
2015-04-30,31.15,44.954730538922156,-0.30708070926973774
2015-05-01,31.52,45.144730538922154,-0.30180112664922
2015-05-04,31.71,45.37473053892216,-0.3011528746644707
2015-05-05,31.94,45.52473053892216,-0.29840331569470036
2015-05-06,32.09,46.08473053892216,-0.30367391487951767
2015-05-07,32.65,46.634730538922156,-0.2998780174627632
2015-05-08,33.2,46.324730538922154,-0.283320170160401
2015-05-11,32.89,46.55473053892216,-0.2935196999475217
2015-05-12,33.12,46.33473053892216,-0.2852014112356067
2015-05-13,32.9,46.204730538922156,-0.28795169636828544
2015-05-14,32.77,45.244730538922155,-0.27571676061128625
2015-05-15,31.81,45.27473053892216,-0.29740056712975216
2015-05-18,31.84,45.494730538922155,-0.3001387276541865
2015-05-19,32.06,46.08473053892216,-0.3043248897175861
2015-05-20,32.65,45.90473053892216,-0.288744327290705
2015-05-21,32.47,45.93473053892215,-0.29312745238622884
2015-05-22,32.5,45.55473053892216,-0.28657244559416595
2015-05-26,32.12,45.894730538922154,-0.30013751855978665
2015-05-27,32.46,45.964730538922154,-0.2938063680692433
2015-05-28,32.53,45.72473053892215,-0.28856879818439674
2015-05-29,32.29,45.84473053892216,-0.29566605321006734
2015-06-01,32.41,46.08473053892216,-0.296730183273455
2015-06-02,32.65,46.61473053892215,-0.29957763087919065
2015-06-03,33.18,46.18473053892215,-0.2815807386374686
2015-06-04,32.75,46.23473053892216,-0.29165803243019217
2015-06-05,32.8,46.08473053892216,-0.288267510378566
2015-06-08,32.65,46.29473053892215,-0.29473614772312773
2015-06-09,32.86,46.73473053892216,-0.2968826476353992
2015-06-10,33.3,46.65473053892216,-0.28624601159749163
2015-06-11,33.22,46.55473053892216,-0.28643126884331627
2015-06-12,33.12,46.40473053892216,-0.2862796612465951
2015-06-15,32.97,45.93473053892215,-0.28224244241373464
2015-06-16,32.5,46.18473053892215,-0.29630421958160724
2015-06-17,32.75,46.25473053892215,-0.2919643111434467
2015-06-18,32.82,46.354730538922155,-0.2919816463512306
2015-06-19,32.92,46.34473053892216,-0.2896711316003344
2015-06-22,32.91,46.424730538922155,-0.29111058657823563
2015-06-23,32.99,46.19473053892216,-0.28584928161441026
2015-06-24,32.76,46.244730538922155,-0.2915949640483396
2015-06-25,32.81,46.134730538922156,-0.28882211694464266
2015-06-26,32.7,45.66473053892216,-0.28391124585464744
2015-06-29,32.23,46.36473053892215,-0.30485954247175806
2015-06-30,32.93,46.03976047904192,-0.2847486681649811
2015-07-01,33.32,45.85976047904192,-0.2734371123628663
2015-07-02,33.14,45.219760479041916,-0.26713455248487095
2015-07-06,32.5,45.219760479041916,-0.2812876570838354
2015-07-07,32.5,44.729760479041914,-0.27341439676995716
2015-07-08,32.01,45.31976047904192,-0.29368558744252427
2015-07-09,32.6,45.78976047904192,-0.28805043619039894
2015-07-10,33.07,46.06976047904192,-0.28217556036471636
2015-07-13,33.35,46.48976047904192,-0.28263773234464096
2015-07-14,33.77,46.85976047904192,-0.2793390394066637
2015-07-15,34.14,46.84976047904192,-0.2712876298423679
2015-07-16,34.13,47.799760479041915,-0.2859796857148583
2015-07-17,35.08,48.70976047904192,-0.2798157975937148
2015-07-20,35.99,48.329760479041916,-0.2553242630778818
2015-07-21,35.61,48.399760479041916,-0.2642525572947855
2015-07-22,35.68,48.34976047904192,-0.2620439140444937
2015-07-23,35.63,47.399760479041916,-0.24830843785056644
2015-07-24,34.68,47.339760479041914,-0.2674234164037774
2015-07-27,34.62,46.94976047904191,-0.26261604645556913
2015-07-28,34.23,47.19976047904191,-0.27478445541690566
2015-07-29,34.48,47.31976047904192,-0.2713403522980361
2015-07-30,34.6,47.079760479041916,-0.26507697473519265
2015-07-31,34.36,47.079760479041916,-0.27017470670234744
2015-08-03,34.36,47.12976047904191,-0.2709489789306374
2015-08-04,34.41,47.27976047904192,-0.2722044348077187
2015-08-05,34.56,46.84976047904192,-0.26232280279297693
2015-08-06,34.13,46.69976047904191,-0.2691611338067358
2015-08-07,33.98,47.339760479041914,-0.2822101409861696
2015-08-10,34.62,47.38976047904192,-0.2694624397751353
2015-08-11,34.67,47.67976047904192,-0.2728570854453113
2015-08-12,34.96,47.87976047904191,-0.2698376171847642
2015-08-13,35.16,47.85976047904192,-0.26535361547835623
2015-08-14,35.14,48.03976047904192,-0.26852258109549976
2015-08-17,35.32,47.85976047904192,-0.26201051475243287
2015-08-18,35.14,47.67976047904192,-0.2629996533760669
2015-08-19,34.96,47.079760479041916,-0.25743037678446057
2015-08-20,34.36,46.439760479041915,-0.2601167696481438
2015-08-21,33.72,45.869760479041915,-0.2648751672595542
2015-08-24,33.15,45.70976047904192,-0.2747719600237375
2015-08-25,32.99,45.38976047904192,-0.27318409148176337
2015-08-26,32.67,45.049760479041915,-0.2748019156461716
2015-08-27,32.33,45.369760479041915,-0.2874108291813773
2015-08-28,32.65,45.66976047904192,-0.2850849302136531
2015-08-31,32.95,44.42976047904192,-0.2583799767378233
2015-09-01,31.71,44.509760479041915,-0.2875719918795985
2015-09-02,31.79,44.909760479041914,-0.29213605993655944
2015-09-03,32.19,44.31976047904192,-0.2736874104899074
2015-09-04,31.6,44.99976047904192,-0.29777404004811736
2015-09-08,32.28,44.84976047904192,-0.2802637147842898
2015-09-09,32.13,44.80976047904191,-0.2829687180535677
2015-09-10,32.09,44.049760479041915,-0.27150568695446486
2015-09-11,31.33,43.88976047904192,-0.2861660747736231
2015-09-14,31.17,43.839760479041914,-0.2890015898946079
2015-09-15,31.12,43.59976047904192,-0.28623461096858194
2015-09-16,30.88,43.48976047904192,-0.28994780242854334
2015-09-17,30.77,43.27976047904192,-0.2890441245648697
2015-09-18,30.56,43.589760479041914,-0.29891791870034845
2015-09-21,30.87,43.299760479041915,-0.2870630308696097
2015-09-22,30.58,43.77976047904192,-0.30150371620605054
2015-09-23,31.06,43.549760479041915,-0.2867928627311864
2015-09-24,30.83,43.74976047904192,-0.2953104277046513
2015-09-25,31.03,43.87976047904191,-0.29284026026485
2015-09-28,31.16,43.759760479041915,-0.28793028894836803
2015-09-29,31.04,44.01976047904191,-0.2948621332281365
2015-09-30,31.3,46.075808383233536,-0.32068473460815683
2015-10-01,31.38,46.515808383233534,-0.32539063405139457
2015-10-02,31.82,48.005808383233536,-0.3371635418368786
2015-10-05,33.31,47.49580838323353,-0.2986749539827025
2015-10-06,32.8,46.825808383233536,-0.29953158028672977
2015-10-07,32.13,47.05580838323353,-0.31719375133616334
2015-10-08,32.36,47.085808383233534,-0.312744091879649
2015-10-09,32.39,47.03580838323353,-0.3113757132417905
2015-10-12,32.34,46.515808383233534,-0.3047524890128138
2015-10-13,31.82,46.225808383233534,-0.3116399450238416
2015-10-14,31.53,46.015808383233534,-0.3148006933311125
2015-10-15,31.32,44.84580838323353,-0.30160696999031944
2015-10-16,30.15,46.03580838323353,-0.3450750392170635
2015-10-19,31.34,47.03580838323353,-0.33369913099715076
2015-10-20,32.34,47.155808383233534,-0.3141884084103913
2015-10-21,32.46,46.52580838323353,-0.30232270801988714
2015-10-22,31.83,46.38580838323353,-0.3137987434211631
2015-10-23,31.69,46.09580838323353,-0.3125188360613146
2015-10-26,31.4,46.42580838323353,-0.32365205704549527
2015-10-27,31.73,46.145808383233536,-0.31239691942359227
2015-10-28,31.45,45.615808383233535,-0.31054603404639636
2015-10-29,30.92,45.45580838323353,-0.31977889955632366
2015-10-30,30.76,46.02580838323353,-0.33167931035828635
2015-11-02,31.33,47.13580838323353,-0.3353248607666979
2015-11-03,32.44,46.77580838323353,-0.3064791155671851
2015-11-04,32.08,47.30580838323353,-0.32185917339972936
2015-11-05,32.61,48.67580838323353,-0.33005735121529955
2015-11-06,33.98,47.21580838323354,-0.28032578147986575
2015-11-09,32.52,45.77580838323353,-0.2895810877277436
2015-11-10,31.08,45.62580838323353,-0.31880658992507394
2015-11-11,30.93,45.48580838323353,-0.3200076881254007
2015-11-12,30.79,45.21580838323354,-0.3190434695088359
2015-11-13,30.52,44.98580838323353,-0.32156381986068794
2015-11-16,30.29,45.27580838323353,-0.33098930573226504
2015-11-17,30.58,46.28580838323353,-0.3393223307929255
2015-11-18,31.59,46.34580838323353,-0.31838496075454636
2015-11-19,31.65,46.045808383233535,-0.3126410174715365
2015-11-20,31.35,46.24580838323353,-0.3221007244547166
2015-11-23,31.55,46.03580838323353,-0.3146639299269769
2015-11-24,31.34,46.225808383233534,-0.3220237547783531
2015-11-25,31.53,46.045808383233535,-0.3152471178792273
2015-11-27,31.35,46.52580838323353,-0.3261804342705934
2015-11-30,31.83,47.10580838323353,-0.3242871507257836
2015-12-01,32.41,46.53580838323353,-0.303547072114964
2015-12-02,31.84,45.78580838323353,-0.30458801265460234
2015-12-03,31.09,46.725808383233534,-0.33462895398175885
2015-12-04,32.03,46.045808383233535,-0.30438836618051535
2015-12-07,31.35,46.05580838323353,-0.3193040986462662
2015-12-08,31.36,45.30580838323353,-0.3078150215369406
2015-12-09,30.61,45.74580838323353,-0.3308676558174237
2015-12-10,31.05,44.66580838323353,-0.3048373885100124
2015-12-11,29.97,44.37580838323353,-0.32463202154704784
2015-12-14,29.68,44.77580838323353,-0.33714206238398625
2015-12-15,30.08,45.225808383233534,-0.3348930383928418
2015-12-16,30.53,44.70580838323353,-0.3170909753317429
2015-12-17,30.01,44.20580838323353,-0.3211299352375998
2015-12-18,29.51,44.42580838323353,-0.3357464709378887
2015-12-21,29.73,44.905808383233534,-0.3379475602291957
2015-12-22,30.21,45.20580838323353,-0.33172304443946976
2015-12-23,30.51,45.295808383233535,-0.3264277404685104
2015-12-24,30.6,44.865808383233535,-0.31796615055675004
2015-12-28,30.17,45.38580838323353,-0.3352547619016205
2015-12-29,30.69,45.12580838323353,-0.3199013801733278
2015-12-30,30.43,45.10580838323353,-0.32536404754223935
2015-12-31,30.41,44.69164572112508,-0.31955962888997747
2016-01-04,29.94,44.86164572112507,-0.3326147643776376
2016-01-05,30.11,44.65164572112508,-0.32566875165018383
2016-01-06,29.9,43.87164572112508,-0.3184664147303107
2016-01-07,29.12,43.591645721125076,-0.33198209156191427
2016-01-08,28.84,43.451645721125075,-0.3362737009986544
2016-01-11,28.7,43.65164572112508,-0.34252192498413125
2016-01-12,28.9,42.32164572112507,-0.3171343054465765
2016-01-13,27.57,42.93164572112507,-0.35781637212118744
2016-01-14,28.18,42.39164572112507,-0.3352463788411727
2016-01-15,27.64,42.781645721125074,-0.3539285472986914
2016-01-19,28.03,42.37164572112508,-0.3384727092149459
2016-01-20,27.62,42.481645721125076,-0.34983686410563763
2016-01-21,27.73,43.811645721125075,-0.367063264947631
2016-01-22,29.06,43.231645721125076,-0.3278072228048474
2016-01-25,28.48,43.411645721125076,-0.3439548414507355
2016-01-26,28.66,43.19164572112508,-0.33644575191580706
2016-01-27,28.44,42.741645721125074,-0.3346068098181928
2016-01-28,27.99,43.171645721125074,-0.35165779454398416
2016-01-29,28.42,43.22164572112507,-0.3424590959962127
2016-02-01,28.47,41.76164572112508,-0.31827399259798606
2016-02-02,27.01,41.091645721125076,-0.3426887746646211
2016-02-03,26.34,41.061645721125075,-0.3585254673207411
2016-02-04,26.31,39.981645721125076,-0.34194804827409586
2016-02-05,25.23,39.231645721125076,-0.35689672109741766
2016-02-08,24.48,39.83164572112508,-0.38541329245111233
2016-02-09,25.08,39.76164572112508,-0.36924139971713565
2016-02-10,25.01,39.25164572112507,-0.36282926383033864
2016-02-11,24.5,40.12164572112508,-0.38935705254233577
2016-02-12,25.37,40.89164572112507,-0.37957987377129254
2016-02-16,26.14,41.021645721125076,-0.3627754435376398
2016-02-17,26.27,41.37164572112508,-0.36502405108370917
2016-02-18,26.62,41.521645721125076,-0.3588886100808747
2016-02-19,26.77,42.46164572112507,-0.3695486939951159
2016-02-22,27.71,42.26164572112508,-0.34432274164494336
2016-02-23,27.51,42.481645721125076,-0.35242621765192217
2016-02-24,27.73,42.531645721125074,-0.34801488327486074
2016-02-25,27.78,42.68164572112507,-0.34913475029735264
2016-02-26,27.93,41.701645721125075,-0.3302422598192254
2016-02-29,26.95,42.281645721125074,-0.36260759153622446
2016-03-01,27.53,43.00164572112507,-0.3597919442772498
2016-03-02,28.25,43.311645721125075,-0.3477504830479997
2016-03-03,28.56,43.351645721125074,-0.34120148093748537
2016-03-04,28.6,43.271645721125076,-0.33905911080156637
2016-03-07,28.52,42.451645721125075,-0.32817681115698927
2016-03-08,27.7,42.43164572112507,-0.34718534883012464
2016-03-09,27.68,42.561645721125075,-0.34964920808357536
2016-03-10,27.81,43.57164572112507,-0.3617408858505262
2016-03-11,28.82,43.201645721125075,-0.33289578396992936
2016-03-14,28.45,42.43164572112507,-0.3295098618850919
2016-03-15,27.68,42.37164572112508,-0.34673295009167693
2016-03-16,27.62,42.851645721125074,-0.35545065924075236
2016-03-17,28.1,43.21164572112507,-0.3497123395542737
2016-03-18,28.46,43.54164572112507,-0.34637289131696547
2016-03-21,28.79,43.36164572112507,-0.336049185375499
2016-03-22,28.61,43.171645721125074,-0.3372965166810785
2016-03-23,28.42,43.201645721125075,-0.3421546905074736
2016-03-24,28.45,43.131645721125075,-0.3403915031680389
2016-03-28,28.38,43.15164572112508,-0.34231940576703324
2016-03-29,28.4,43.131645721125075,-0.3415507448144922
2016-03-30,28.38,43.411645721125076,-0.3462583707995742
2016-03-31,28.66,44.282153110047844,-0.3527866648946457
2016-04-01,29.33,43.922153110047844,-0.33222763632481567
2016-04-04,28.97,43.562153110047845,-0.3349731835610781
2016-04-05,28.61,43.602153110047844,-0.34383974278079854
2016-04-06,28.65,42.922153110047844,-0.3325125157038502
2016-04-07,27.97,42.97215311004785,-0.3491133681765648
2016-04-08,28.02,42.82215311004785,-0.3456657835958896
2016-04-11,27.87,43.11215311004785,-0.35354655266557466
2016-04-12,28.16,43.87215311004785,-0.35813498987924897
2016-04-13,28.92,44.032153110047844,-0.343207225689796
2016-04-14,29.08,43.89215311004785,-0.3374669971853588
2016-04-15,28.94,44.08215311004785,-0.34349849183288705
2016-04-18,29.13,44.772153110047846,-0.349372367051461
2016-04-19,29.82,45.62215311004785,-0.3463701739795261
2016-04-20,30.67,45.37215311004785,-0.32403472399444044
2016-04-21,30.42,45.452153110047846,-0.3307247749881572
2016-04-22,30.5,45.39215311004785,-0.32807769822999155
2016-04-25,30.44,46.11215311004785,-0.3398703390111897
2016-04-26,31.16,45.83215311004785,-0.32012794761831187
2016-04-27,30.88,45.922153110047844,-0.3275576620721775
2016-04-28,30.97,45.522153110047846,-0.31967189853407507
2016-04-29,30.57,46.282153110047844,-0.3394862177800613
2016-05-02,31.33,46.032153110047844,-0.3193887775551102
2016-05-03,31.08,45.19215311004785,-0.3122699880150257
2016-05-04,30.24,44.782153110047844,-0.32473099438322894
2016-05-05,29.83,45.032153110047844,-0.3375844160259761
2016-05-06,30.08,44.912153110047846,-0.330248097295731
2016-05-09,29.96,45.51215311004785,-0.34171429052022484
2016-05-10,30.56,44.882153110047845,-0.3191057495599854
2016-05-11,29.93,44.37215311004785,-0.3254778526124191
2016-05-12,29.42,43.992153110047845,-0.331244371549515
2016-05-13,29.04,43.89215311004785,-0.3383783218109634
2016-05-16,28.94,44.22215311004785,-0.3455768666898208
2016-05-17,29.27,45.062153110047845,-0.35045269744393437
2016-05-18,30.11,44.89215311004785,-0.3292814464436833
2016-05-19,29.94,44.83215311004785,-0.33217572828796826
2016-05-20,29.88,44.782153110047844,-0.3327699111167619
2016-05-23,29.83,45.25215311004785,-0.3408048468443703
2016-05-24,30.3,45.61215311004785,-0.33570336118762945
2016-05-25,30.66,45.842153110047846,-0.3311832468601953
2016-05-26,30.89,46.11215311004785,-0.33011152339210414
2016-05-27,31.16,46.15215311004785,-0.32484190010159864
2016-05-31,31.2,46.242153110047845,-0.3252909325880713
2016-06-01,31.29,46.23215311004785,-0.3231982960966705
2016-06-02,31.28,45.672153110047844,-0.3151187787308757
2016-06-03,30.72,45.98215311004785,-0.3319147120736462
2016-06-06,31.03,46.562153110047845,-0.3335789277900917
2016-06-07,31.61,46.90215311004785,-0.3260437335183193
2016-06-08,31.95,46.36215311004785,-0.31086030616046545
2016-06-09,31.41,45.75215311004785,-0.3134749325469035
2016-06-10,30.8,45.39215311004785,-0.32146862640930296
2016-06-13,30.44,41.40215311004785,-0.2647725368511681
2016-06-14,26.45,41.452153110047846,-0.3619149304553587
2016-06-15,26.5,40.952153110047846,-0.35290337656268256
2016-06-16,26.0,40.72215311004785,-0.36152688366606234
2016-06-17,25.77,40.50215311004785,-0.3637375294597134
2016-06-20,25.55,40.80215311004785,-0.37380755542265454
2016-06-21,25.85,40.452153110047846,-0.3609734460937961
2016-06-22,25.5,40.952153110047846,-0.37732211706975116
2016-06-23,26.0,39.592153110047846,-0.34330421667818767
2016-06-24,24.64,38.312153110047845,-0.35686203985393217
2016-06-27,23.36,38.882153110047845,-0.3992102254758274
2016-06-28,23.93,39.782153110047844,-0.39847398571406234
2016-06-29,24.83,40.23215311004785,-0.3828319371304344
2016-06-30,25.28,39.449282296650715,-0.359177188322478
2016-07-01,25.35,39.21928229665072,-0.353634270809569
2016-07-05,25.12,39.409282296650716,-0.36258671723806346
2016-07-06,25.31,40.11928229665072,-0.36913128672511275
2016-07-07,26.02,41.409282296650716,-0.37163846952004376
2016-07-08,27.31,41.769282296650715,-0.3461702356760422
2016-07-11,27.67,42.019282296650715,-0.3414927983621098
2016-07-12,27.92,42.21928229665072,-0.3386907952669078
2016-07-13,28.12,42.39928229665072,-0.33678122654870246
2016-07-14,28.3,42.21928229665072,-0.3296901685549245
2016-07-15,28.12,42.38928229665072,-0.3366247674775604
2016-07-18,28.29,42.34928229665072,-0.33198395661507185
2016-07-19,28.25,42.23928229665072,-0.331191287730757
2016-07-20,28.14,42.35928229665072,-0.33568279549852087
2016-07-21,28.26,42.49928229665072,-0.3350475943866207
2016-07-22,28.4,42.18928229665072,-0.3268432536892293
2016-07-25,28.09,42.20928229665072,-0.33450657126598615
2016-07-26,28.11,42.23928229665072,-0.3345057379862506
2016-07-27,28.14,42.00928229665072,-0.33014804201395453
2016-07-28,27.91,41.979282296650716,-0.3351482332934792
2016-07-29,27.88,42.00928229665072,-0.33633715036777023
2016-08-01,27.91,41.449282296650715,-0.32664696579667307
2016-08-02,27.35,41.96928229665072,-0.34833291151651125
2016-08-03,27.87,42.019282296650715,-0.33673307879840986
2016-08-04,27.92,42.31928229665072,-0.34025346166587334
2016-08-05,28.22,42.13928229665072,-0.3303160741718907
2016-08-08,28.04,41.979282296650716,-0.3320514676298516
2016-08-09,27.88,41.74928229665072,-0.33220408911708077
2016-08-10,27.65,41.70928229665072,-0.3370780201072817
2016-08-11,27.61,41.77928229665072,-0.33914613937220783
2016-08-12,27.68,41.839282296650715,-0.3384207739573053
2016-08-15,27.74,41.39928229665072,-0.32994007477650844
2016-08-16,27.3,41.479282296650716,-0.34184010695372213
2016-08-17,27.38,41.38928229665072,-0.3384760865443751
2016-08-18,27.29,41.479282296650716,-0.34208119116362923
2016-08-19,27.38,41.36928229665072,-0.3381562724810263
2016-08-22,27.27,41.379282296650715,-0.3409745532921613
2016-08-23,27.28,41.21928229665072,-0.3381738235113171
2016-08-24,27.12,41.10928229665072,-0.3402949775601035
2016-08-25,27.01,40.95928229665072,-0.34056461721233244
2016-08-26,26.86,41.269282296650715,-0.34915272315797286
2016-08-29,27.17,41.39928229665072,-0.3437084294043883
2016-08-30,27.3,41.92928229665072,-0.3489037134751838
2016-08-31,27.83,41.85928229665072,-0.3351534361537116
2016-09-01,27.76,41.89928229665072,-0.337458818424223
2016-09-02,27.8,41.70928229665072,-0.33348169833571173
2016-09-06,27.61,41.909282296650716,-0.34119606714891126
2016-09-07,27.81,41.43928229665072,-0.3288976435229499
2016-09-08,27.34,41.02928229665072,-0.33364664284581447
2016-09-09,26.93,41.50928229665072,-0.35122944772829967
2016-09-12,27.41,40.81928229665072,-0.3285036272612507
2016-09-13,26.72,40.92928229665072,-0.3471666616009409
2016-09-14,26.83,41.14928229665072,-0.34798376781935303
2016-09-15,27.05,41.00928229665072,-0.3403932357477709
2016-09-16,26.91,41.13928229665072,-0.3458806644716107
2016-09-19,27.04,40.89928229665072,-0.3388637041629865
2016-09-20,26.8,41.159282296650716,-0.34887105642799765
2016-09-21,27.06,41.57928229665072,-0.3491951158045907
2016-09-22,27.48,41.48928229665072,-0.33766027082569317
2016-09-23,27.39,41.39928229665072,-0.3383943276181891
2016-09-26,27.3,41.909282296650716,-0.3485929964927663
2016-09-27,27.81,41.91928229665072,-0.33658215321539586
2016-09-28,27.82,41.46928229665072,-0.3291419947664035
2016-09-29,27.37,42.09928229665072,-0.34987015201022875
2016-09-30,28.0,43.87256594724221,-0.36178795574276057
2016-10-03,27.58,43.62256594724221,-0.367758420415808
2016-10-04,27.33,44.23256594724221,-0.38212944660281556
2016-10-05,27.94,43.282565947242205,-0.3544745005631943
2016-10-06,26.99,42.962565947242204,-0.3717786774387831
2016-10-07,26.67,43.02256594724221,-0.38009276265146663
2016-10-10,26.73,42.83256594724221,-0.37594212700392693
2016-10-11,26.54,42.80256594724221,-0.3799437156942226
2016-10-12,26.51,42.66256594724221,-0.3786121530340427
2016-10-13,26.37,42.992565947242205,-0.3866381450141957
2016-10-14,26.7,42.712565947242204,-0.37489121976470907
2016-10-17,26.42,42.9325659472422,-0.384616329886588
2016-10-18,26.64,43.29256594724221,-0.38465185841688365
2016-10-19,27.0,43.422565947242205,-0.37820348910737767
2016-10-20,27.13,44.52256594724221,-0.390646081985747
2016-10-21,28.23,45.08256594724221,-0.3738155890896693
2016-10-24,28.79,44.87256594724221,-0.3584053108563232
2016-10-25,28.58,44.992565947242205,-0.36478395045277934
2016-10-26,28.7,45.23256594724221,-0.36550139486946764
2016-10-27,28.94,45.392565947242204,-0.36245067014639143
2016-10-28,29.1,44.882565947242206,-0.35164134701643457
2016-10-31,28.59,44.852565947242205,-0.3625782740361172
2016-11-01,28.56,44.712565947242204,-0.3612533882824157
2016-11-02,28.42,44.422565947242205,-0.3602350653550137
2016-11-03,28.13,44.51256594724221,-0.36804362091053966
2016-11-04,28.22,45.40256594724221,-0.37844922613423115
2016-11-07,29.11,44.992565947242205,-0.353004226650819
2016-11-08,28.7,46.51256594724221,-0.38296244433055926
2016-11-09,30.22,47.90256594724221,-0.36913609109618506
2016-11-10,31.61,48.77256594724221,-0.35188974813847473
2016-11-11,32.48,50.01256594724221,-0.3505632157673564
2016-11-14,33.72,49.632565947242206,-0.32060736017873315
2016-11-15,33.34,48.90256594724221,-0.31823618343527504
2016-11-16,32.61,49.72256594724221,-0.34416095833427784
2016-11-17,33.43,49.91256594724221,-0.33022878376287745
2016-11-18,33.62,49.91256594724221,-0.3264221271345481
2016-11-21,33.62,50.26256594724221,-0.33111254138340207
2016-11-22,33.97,51.2525659472422,-0.33720391609333944
2016-11-23,34.96,50.992565947242205,-0.3144098683684554
2016-11-25,34.7,50.19256594724221,-0.3086625609761924
2016-11-28,33.9,50.09256594724221,-0.32325287477380005
2016-11-29,33.8,50.852565947242205,-0.33533344148127475
2016-11-30,34.56,51.3625659472422,-0.32713642002428767
2016-12-01,35.07,50.782565947242205,-0.30940866524086086
2016-12-02,34.49,51.40256594724221,-0.32902182285220294
2016-12-05,35.11,51.952565947242206,-0.3241912240551471
2016-12-06,35.66,52.47256594724221,-0.32040678102431974
2016-12-07,36.18,52.94256594724221,-0.3166179358202297
2016-12-08,36.65,52.822565947242204,-0.3061677458719999
2016-12-09,36.53,52.23256594724221,-0.30062788726678047
2016-12-12,35.94,52.562565947242206,-0.3162434262422903
2016-12-13,36.27,52.23256594724221,-0.30560562472395636
2016-12-14,35.94,53.22256594724221,-0.3247225239830386
2016-12-15,36.93,52.922565947242205,-0.3021880300207851
2016-12-16,36.63,53.19256594724221,-0.3113699377403488
2016-12-19,36.9,53.55256594724221,-0.31095738649848514
2016-12-20,37.26,53.392565947242204,-0.3021500401981613
2016-12-21,37.1,53.172565947242205,-0.302271776073199
2016-12-22,36.88,53.26256594724221,-0.30758123751434563
2016-12-23,36.97,53.29256594724221,-0.3062822301219458
2016-12-27,37.0,52.532565947242205,-0.2956749906875169
2016-12-28,36.24,52.382565947242206,-0.30816676608588445
2016-12-29,36.09,52.562565947242206,-0.31338968428169867
2016-12-30,36.27,48.269861695730604,-0.24859946298110003
2017-01-03,37.06,49.13986169573061,-0.24582612320986919
2017-01-04,37.93,48.119861695730606,-0.21175999549131486
2017-01-05,36.91,48.339861695730605,-0.23644796022947867
2017-01-06,37.13,48.10986169573061,-0.22822476117625146
2017-01-09,36.9,48.16986169573061,-0.23396084811116413
2017-01-10,36.96,47.56986169573061,-0.22303747199422364
2017-01-11,36.36,47.339861695730605,-0.23193691959435603
2017-01-12,36.13,47.52986169573061,-0.23984630480745972
2017-01-13,36.32,46.71986169573061,-0.2226004384058563
2017-01-17,35.51,47.10986169573061,-0.24623000956043695
2017-01-18,35.9,46.81986169573061,-0.23323139582717667
2017-01-19,35.61,47.449861695730604,-0.24952362920787863
2017-01-20,36.24,46.979861695730605,-0.22860564735776157
2017-01-23,35.77,47.28986169573061,-0.24360108663144242
2017-01-24,36.08,47.119861695730606,-0.23429316849482384
2017-01-25,35.91,47.89986169573061,-0.2503109877830667
2017-01-26,36.69,47.839861695730605,-0.23306634468647847
2017-01-27,36.63,47.67986169573061,-0.23175112726302316
2017-01-30,36.47,47.02986169573061,-0.22453524877555064
2017-01-31,35.82,47.20986169573061,-0.24126022162781813
2017-02-01,36.0,46.549861695730606,-0.22663572589514702
2017-02-02,35.34,47.71986169573061,-0.2594278620224544
2017-02-03,36.51,47.659861695730605,-0.2339465810226935
2017-02-06,36.45,47.259861695730606,-0.22873240225134117
2017-02-07,36.05,46.979861695730605,-0.23264993342293905
2017-02-08,35.77,47.699861695730604,-0.25010264750512656
2017-02-09,36.49,47.42986169573061,-0.23065345975308538
2017-02-10,36.22,47.85986169573061,-0.24320717367992217
2017-02-13,36.65,48.52986169573061,-0.24479488052560705
2017-02-14,37.32,48.48986169573061,-0.2303545793927081
2017-02-15,37.28,48.05986169573061,-0.22430072237782228
2017-02-16,36.85,47.88986169573061,-0.23052607179934315
2017-02-17,36.68,48.06986169573061,-0.236943924819784
2017-02-21,36.86,47.98986169573061,-0.2319211038009883
2017-02-22,36.78,47.839861695730605,-0.2311850683447445
2017-02-23,36.63,47.689861695730606,-0.23191221996604638
2017-02-24,36.48,48.14986169573061,-0.2423654250447279
2017-02-27,36.94,47.449861695730604,-0.22149404276717322
2017-02-28,36.24,48.09986169573061,-0.2465674801884784
2017-03-01,36.89,47.17986169573061,-0.21809859812839927
2017-03-02,35.97,47.259861695730606,-0.2388890125920643
2017-03-03,36.05,46.78986169573061,-0.2295339483063824
2017-03-06,35.58,46.80986169573061,-0.2399037572194932
2017-03-07,35.6,46.91986169573061,-0.24125948557006593
2017-03-08,35.71,47.05986169573061,-0.24117924037078708
2017-03-09,35.85,47.21986169573061,-0.24078557808987855
2017-03-10,36.01,47.23986169573061,-0.23772003754078586
2017-03-13,36.03,47.129861695730604,-0.23551653445094056
2017-03-14,35.92,47.009861695730606,-0.23590500579451346
2017-03-15,35.8,47.03986169573061,-0.23894334061681044
2017-03-16,35.83,46.32986169573061,-0.2266327010576462
2017-03-17,35.12,45.409861695730605,-0.22659971449985827
2017-03-20,34.2,44.229861695730605,-0.22676674335381786
2017-03-21,33.02,44.28986169573061,-0.2544569177739605
2017-03-22,33.08,44.63986169573061,-0.2589582775709228
2017-03-23,33.43,44.519861695730604,-0.24909919468132824
2017-03-24,33.31,43.949861695730604,-0.24209090279717949
2017-03-27,32.74,44.869861695730606,-0.2703342786742926
2017-03-28,33.66,44.98986169573061,-0.2518314408778407
2017-03-29,33.78,45.63986169573061,-0.2598575292536446
2017-03-30,34.43,45.509861695730606,-0.24346067605760346
2017-03-31,34.3,47.70198996450863,-0.2809524293321939
2017-04-03,33.76,47.671989964508626,-0.2918273387552309
2017-04-04,33.73,47.20198996450863,-0.28541148317344833
2017-04-05,33.26,47.171989964508626,-0.29492056567839864
2017-04-06,33.23,47.101989964508626,-0.29450963695931276
2017-04-07,33.16,46.811989964508626,-0.29163447174237067
2017-04-10,32.87,46.991989964508626,-0.30051908793763493
2017-04-11,33.05,46.75198996450863,-0.2930782192353819
2017-04-12,32.81,46.311989964508626,-0.2915441546531671
2017-04-13,32.37,46.961989964508625,-0.3107191576748872
2017-04-17,33.02,46.79198996450863,-0.29432366469035787
2017-04-18,32.85,46.94198996450863,-0.3002000975067981
2017-04-19,33.0,47.79198996450863,-0.3095077224341042
2017-04-20,33.85,47.32198996450863,-0.2846877313192574
2017-04-21,33.38,47.84198996450863,-0.3022865473454843
2017-04-24,33.9,47.76198996450863,-0.2902305782235898
2017-04-25,33.82,47.171989964508626,-0.283049113988077
2017-04-26,33.23,46.991989964508626,-0.2928582078542017
2017-04-27,33.05,41.741989964508626,-0.20823132706176795
2017-04-28,27.8,41.88198996450863,-0.33623020244362545
2017-05-01,27.94,42.811989964508626,-0.3473790864857622
2017-05-02,28.87,42.711989964508625,-0.32407738379809925
2017-05-03,28.77,42.61198996450863,-0.3248379147755731
2017-05-04,28.67,42.55198996450863,-0.3262359757108232
2017-05-05,28.61,42.32198996450863,-0.3239920895970997
2017-05-08,28.38,42.04198996450863,-0.32496059239921626
2017-05-09,28.1,41.70198996450863,-0.326171244491807
2017-05-10,27.76,40.87198996450863,-0.32080625327747636
2017-05-11,26.93,40.531989964508625,-0.3355865324258457
2017-05-12,26.59,41.05198996450863,-0.3522847486080869
2017-05-15,27.11,40.781989964508625,-0.3352457782567001
2017-05-16,26.84,40.44198996450863,-0.3363333499772282
2017-05-17,26.5,40.44198996450863,-0.3447404535915255
2017-05-18,26.5,40.781989964508625,-0.3502033612616212
2017-05-19,26.84,40.851989964508626,-0.3429940616523689
2017-05-22,26.91,40.781989964508625,-0.340149903832084
2017-05-23,26.84,40.741989964508626,-0.34122020001033326
2017-05-24,26.8,41.171989964508626,-0.349072026319293
2017-05-25,27.23,41.311989964508626,-0.34086932090675237
2017-05-26,27.37,41.04198996450863,-0.3331220044722877
2017-05-30,27.1,40.79198996450863,-0.33565388637380633
2017-05-31,26.85,41.16198996450863,-0.3476991753034522
2017-06-01,27.22,41.34198996450863,-0.34158950685809053
2017-06-02,27.4,41.90198996450863,-0.34609310862782294
2017-06-05,27.96,42.23198996450863,-0.33794263487234855
2017-06-06,28.29,42.811989964508626,-0.3392038066099575
2017-06-07,28.87,42.61198996450863,-0.3224911574407645
2017-06-08,28.67,42.641989964508625,-0.3276580191528974
2017-06-09,28.7,42.70198996450863,-0.32790017458545273
2017-06-12,28.76,42.93198996450863,-0.3301032627703595
2017-06-13,28.99,43.171989964508626,-0.32849979758096715
2017-06-14,29.23,43.41198996450863,-0.32668371056252155
2017-06-15,29.47,43.27198996450863,-0.3189589842257987
2017-06-16,29.33,43.36198996450863,-0.3236011533602051
2017-06-19,29.42,43.38198996450863,-0.32183839367283773
2017-06-20,29.44,43.641989964508625,-0.32542031140326644
2017-06-21,29.7,43.241989964508626,-0.31316759417462925
2017-06-22,29.3,42.91198996450863,-0.31720714829973495
2017-06-23,28.97,43.62198996450863,-0.3358854095475622
2017-06-26,29.68,43.38198996450863,-0.31584512318864133
2017-06-27,29.44,43.741989964508626,-0.3269624901864998
2017-06-28,29.8,43.491989964508626,-0.3148163598787246
2017-06-29,29.55,43.76198996450863,-0.3247564833325606
2017-06-30,29.82,44.85931051465156,-0.3352550527886413
2017-07-03,30.06,44.57931051465157,-0.32569616593508344
2017-07-05,29.78,44.17931051465156,-0.3259288193254214
2017-07-06,29.38,44.49931051465156,-0.33976505118373634
2017-07-07,29.7,43.92931051465156,-0.32391381398771824
2017-07-10,29.13,43.89931051465156,-0.3364360474345548
2017-07-11,29.1,44.129310514651564,-0.34057433346169363
2017-07-12,29.33,44.159310514651565,-0.3358139051951766
2017-07-13,29.36,44.27931051465156,-0.33693637821471767
2017-07-14,29.48,44.449310514651565,-0.3367726144979756
2017-07-17,29.65,44.129310514651564,-0.32811096175736143
2017-07-18,29.33,44.309310514651564,-0.3380623697518025
2017-07-19,29.51,44.32931051465157,-0.33430049650227556
2017-07-20,29.53,45.66931051465156,-0.35339509908899924
2017-07-21,30.87,45.53931051465156,-0.3221241241659102
2017-07-24,30.74,45.68931051465157,-0.3271949247265977
2017-07-25,30.89,45.369310514651566,-0.3191432788024322
2017-07-26,30.57,45.13931051465156,-0.3227632488963822
2017-07-27,30.34,44.739310514651564,-0.32184918249770456
2017-07-28,29.94,45.119310514651566,-0.33642603004144744
2017-07-31,30.32,44.67931051465156,-0.3213861259103976
2017-08-01,29.88,44.85931051465156,-0.33391753780431266
2017-08-02,30.06,44.70931051465156,-0.3276568201571992
2017-08-03,29.91,44.66931051465156,-0.3304127676161579
2017-08-04,29.87,45.199310514651565,-0.3391492113509673
2017-08-07,30.4,45.519310514651565,-0.3321515713596985
2017-08-08,30.72,45.049310514651566,-0.31808057328627015
2017-08-09,30.25,44.119310514651566,-0.314359185419403
2017-08-10,29.32,43.99931051465156,-0.33362592147355175
2017-08-11,29.2,44.43931051465157,-0.3429240989152429
2017-08-14,29.64,45.78931051465156,-0.35268734849117545
2017-08-15,30.99,45.66931051465156,-0.32142614699519423
2017-08-16,30.87,44.89931051465156,-0.31246160250219235
2017-08-17,30.1,44.869310514651566,-0.32916285864987416
2017-08-18,30.07,45.059310514651564,-0.33265734303186045
2017-08-21,30.26,45.13931051465156,-0.3296308770560852
2017-08-22,30.34,45.10931051465156,-0.3274115774803179
2017-08-23,30.31,45.25931051465157,-0.33030354074466295
2017-08-24,30.46,45.339310514651565,-0.3281768149042157
2017-08-25,30.54,45.089310514651565,-0.32267760026900016
2017-08-28,30.29,44.91931051465156,-0.3256797654959518
2017-08-29,30.12,45.45931051465156,-0.3374294581460423
2017-08-30,30.66,45.589310514651565,-0.32747392636819017
2017-08-31,30.79,45.71931051465156,-0.3265427747399472
2017-09-01,30.92,44.66931051465156,-0.3078021656533467
2017-09-05,29.87,44.75931051465157,-0.33265281219597165
2017-09-06,29.96,43.85931051465156,-0.31690672633826245
2017-09-07,29.06,43.34931051465156,-0.32963178295124085
2017-09-08,28.55,43.949310514651565,-0.3503879886697615
2017-09-11,29.15,43.989310514651564,-0.3373390112515863
2017-09-12,29.19,44.119310514651566,-0.3383849461947891
2017-09-13,29.32,43.49931051465156,-0.32596632790020075
2017-09-14,28.7,43.81931051465156,-0.34503761782368125
2017-09-15,29.02,44.059310514651564,-0.34134239367296415
2017-09-18,29.26,43.88931051465156,-0.33332286023877866
2017-09-19,29.09,43.799310514651566,-0.3358342937780052
2017-09-20,29.0,43.68931051465157,-0.33622207220975453
2017-09-21,28.89,44.269310514651565,-0.34740343447548294
2017-09-22,29.47,44.35931051465156,-0.33565243332025485
2017-09-25,29.56,44.739310514651564,-0.33928351465498174
2017-09-26,29.94,45.739310514651564,-0.3454208280990726
2017-09-27,30.94,45.989310514651564,-0.32723496713126543
2017-09-28,31.19,45.84931051465156,-0.3197280471636983
2017-09-29,31.05,48.76571428571429,-0.3632821654558238
2017-10-02,31.48,49.005714285714284,-0.3576259328358209
2017-10-03,31.72,48.59571428571429,-0.34726754269923865
2017-10-04,31.31,48.94571428571429,-0.36031171560329234
2017-10-05,31.66,48.59571428571429,-0.348502219478496
2017-10-06,31.31,48.72571428571428,-0.3574234783628474
2017-10-09,31.44,49.035714285714285,-0.3588346686088856
2017-10-10,31.75,48.705714285714286,-0.34812576993019295
2017-10-11,31.42,47.925714285714285,-0.34440205079289377
2017-10-12,30.64,48.105714285714285,-0.3630694304210964
2017-10-13,30.82,48.785714285714285,-0.36825768667642755
2017-10-16,31.5,48.26571428571429,-0.34736281299946725
2017-10-17,30.98,48.79571428571428,-0.3651081769476242
2017-10-18,31.51,48.995714285714286,-0.3568825261684695
2017-10-19,31.71,50.325714285714284,-0.36990462132394686
2017-10-20,33.04,49.965714285714284,-0.3387465690759378
2017-10-23,32.68,49.93571428571428,-0.3455585753111142
2017-10-24,32.65,49.66571428571429,-0.34260484381292067
2017-10-25,32.38,50.15571428571429,-0.3544105500014242
2017-10-26,32.87,50.22571428571428,-0.3455543546276808
2017-10-27,32.94,49.885714285714286,-0.33969072164948455
2017-10-30,32.6,49.90571428571429,-0.3467681914467281
2017-10-31,32.62,50.11571428571428,-0.3491063538667655
2017-11-01,32.83,50.505714285714284,-0.34997454319171806
2017-11-02,33.22,50.395714285714284,-0.34081696289367014
2017-11-03,33.11,50.05571428571429,-0.33853705870601336
2017-11-06,32.77,49.645714285714284,-0.33992288213627986
2017-11-07,32.36,49.355714285714285,-0.3443515007670266
2017-11-08,32.07,49.37571428571429,-0.350490408818679
2017-11-09,32.09,49.355714285714285,-0.3498219919534573
2017-11-10,32.07,49.87571428571429,-0.3570016899149314
2017-11-13,32.59,49.84571428571429,-0.3461825060185716
2017-11-14,32.56,49.815714285714286,-0.3463909839121333
2017-11-15,32.53,50.66571428571429,-0.35794845767777594
2017-11-16,33.38,51.145714285714284,-0.3473548963745041
2017-11-17,33.86,51.145714285714284,-0.33796994581308304
2017-11-20,33.86,51.05571428571429,-0.3368029323707994
2017-11-21,33.77,50.955714285714286,-0.33726765538703074
2017-11-22,33.67,50.77571428571429,-0.3368877134738204
2017-11-24,33.49,50.495714285714286,-0.33677539819503777
2017-11-27,33.21,51.77571428571429,-0.35857958778246835
2017-11-28,34.49,52.635714285714286,-0.34474148459763876
2017-11-29,35.35,53.175714285714285,-0.33522284608978314
2017-11-30,35.89,53.22571428571428,-0.325701862687208
2017-12-01,35.94,54.73571428571429,-0.34339031710818224
2017-12-04,37.45,54.59571428571429,-0.3140487217730329
2017-12-05,37.31,54.675714285714285,-0.3176129386251404
2017-12-06,37.39,54.62571428571429,-0.3155238244678069
2017-12-07,37.34,54.785714285714285,-0.31843546284224244
2017-12-08,37.5,54.87571428571429,-0.31663759664696856
2017-12-11,37.59,54.645714285714284,-0.31211439924709816
2017-12-12,37.36,53.925714285714285,-0.307195083183215
2017-12-13,36.64,54.27571428571429,-0.3249282762614166
2017-12-14,36.99,54.47571428571428,-0.32098182676421994
2017-12-15,37.19,55.79571428571428,-0.33346135135827126
2017-12-18,38.51,55.465714285714284,-0.3056972132076444
2017-12-19,38.18,55.245714285714286,-0.3089056681836988
2017-12-20,37.96,55.885714285714286,-0.3207566462167689
2017-12-21,38.6,56.05571428571429,-0.31139937307270826
2017-12-22,38.77,55.995714285714286,-0.3076255835905809
2017-12-26,38.71,55.885714285714286,-0.30733640081799585
2017-12-27,38.6,56.255714285714284,-0.31384748216054237
2017-12-28,38.97,55.895714285714284,-0.3028088021059626
2017-12-29,38.61,53.36794047767913,-0.2765319468127416
2018-01-02,38.86,53.62794047767913,-0.2753777293354348
2018-01-03,39.12,53.907940477679126,-0.27431840924811723
2018-01-04,39.4,54.24794047767913,-0.2737051461665806
2018-01-05,39.74,53.76794047767913,-0.2608978575904837
2018-01-08,39.26,53.94794047767913,-0.27226137545985174
2018-01-09,39.44,54.16794047767913,-0.27189404558860875
2018-01-10,39.66,54.26794047767913,-0.2691817737893979
2018-01-11,39.76,53.87794047767913,-0.2620356374521776
2018-01-12,39.37,52.43794047767913,-0.24920773696750476
2018-01-16,37.93,52.56794047767913,-0.27845756072362293
2018-01-17,38.06,51.80794047767913,-0.26536357845767433
2018-01-18,37.3,52.97794047767913,-0.2959333703106979
2018-01-19,38.47,54.02794047767913,-0.28796101313739086
2018-01-22,39.52,54.28794047767913,-0.2720298531816854
2018-01-23,39.78,54.24794047767913,-0.26670027194179124
2018-01-24,39.74,54.087940477679126,-0.26527060100578603
2018-01-25,39.58,54.71794047767913,-0.2766540616391491
2018-01-26,40.21,54.66794047767913,-0.26446835844460415
2018-01-29,40.16,54.13794047767913,-0.2581912121951182
2018-01-30,39.63,54.18794047767913,-0.2686564639539266
2018-01-31,39.68,54.16794047767913,-0.26746338055162255
2018-02-01,39.66,53.18794047767913,-0.2543422504459685
2018-02-02,38.68,51.38794047767913,-0.24729421649421723
2018-02-05,36.88,52.17794047767913,-0.29318789391895095
2018-02-06,37.67,52.00794047767913,-0.2756875266735992
2018-02-07,37.5,49.48794047767913,-0.24223963175606655
2018-02-08,34.98,49.53794047767913,-0.2938745603329769
2018-02-09,35.03,50.74794047767913,-0.3097256820617671
2018-02-12,36.24,50.51794047767913,-0.2826310879396935
2018-02-13,36.01,51.20794047767913,-0.2967887467433633
2018-02-14,36.7,51.34794047767913,-0.28526831536790775
2018-02-15,36.84,51.23794047767913,-0.2810015457969339
2018-02-16,36.73,51.06794047767913,-0.28076206605484677
2018-02-20,36.56,51.07794047767913,-0.2842311248634508
2018-02-21,36.57,50.837940477679126,-0.28065535982803236
2018-02-22,36.33,51.657940477679126,-0.29671992990704255
2018-02-23,37.15,51.89794047767913,-0.28417197950315765
2018-02-26,37.39,51.31794047767913,-0.2714048994958619
2018-02-27,36.81,50.89794047767913,-0.27678802610603226
2018-02-28,36.39,50.35794047767913,-0.2773731480116892
2018-03-01,35.85,50.43794047767913,-0.2892255381469212
2018-03-02,35.93,50.73794047767913,-0.2918514298820132
2018-03-05,36.23,50.70794047767913,-0.2855162394941302
2018-03-06,36.2,50.80794047767913,-0.2875129426688072
2018-03-07,36.3,51.34794047767913,-0.29305830648106423
2018-03-08,36.84,51.78794047767913,-0.28863747698408215
2018-03-09,37.28,51.48794047767913,-0.2759469566245033
2018-03-12,36.98,51.18794047767913,-0.27756421424836586
2018-03-13,36.68,50.60794047767913,-0.2752125525404875
2018-03-14,36.1,49.17794047767913,-0.2659310323012599
2018-03-15,34.67,49.70794047767913,-0.30252592107355103
2018-03-16,35.2,49.76794047767913,-0.2927173665989421
2018-03-19,35.26,49.907940477679126,-0.29349919747199926
2018-03-20,35.4,49.80794047767913,-0.289269950523971
2018-03-21,35.3,48.23794047767913,-0.26821088026479556
2018-03-22,33.73,47.01794047767913,-0.28261426048610805
2018-03-23,32.51,47.80794047767913,-0.31998743984425626
2018-03-26,33.3,47.17794047767913,-0.29416164286029134
2018-03-27,32.67,47.61794047767913,-0.31391404852307636
2018-03-28,33.11,48.03794047767913,-0.31075313240407154
2018-03-29,33.53,49.59366220952875,-0.3239055454638785
2018-04-02,32.66,50.363662209528755,-0.3515165782797114
2018-04-03,33.43,50.84366220952875,-0.3424942549922222
2018-04-04,33.91,51.73366220952875,-0.3445273628095449
2018-04-05,34.8,50.74366220952876,-0.3142000698273375
2018-04-06,33.81,50.793662209528755,-0.33436577460135697
2018-04-09,33.86,51.393662209528756,-0.34116389951050985
2018-04-10,34.46,51.17366220952876,-0.3266067247854034
2018-04-11,34.24,51.76366220952875,-0.33853211812171513
2018-04-12,34.83,51.003662209528756,-0.31710786066862295
2018-04-13,34.07,51.403662209528754,-0.33720675657065524
2018-04-16,34.47,51.503662209528756,-0.3307272042176709
2018-04-17,34.57,51.823662209528756,-0.3329301997178491
2018-04-18,34.89,52.28366220952876,-0.33267872743540794
2018-04-19,35.35,52.13366220952876,-0.321935223772964
2018-04-20,35.2,51.66366220952875,-0.3186700575495057
2018-04-23,34.73,51.28366220952876,-0.3227862733729068
2018-04-24,34.35,50.223662209528754,-0.316059433167283
2018-04-25,33.29,50.23366220952875,-0.33729697307067397
2018-04-26,33.3,50.043662209528755,-0.3345810732121163
2018-04-27,33.11,50.10366220952876,-0.33917006183026854
2018-04-30,33.17,50.01366220952875,-0.3367812206785299
2018-05-01,33.08,49.863662209528755,-0.3365910457800563
2018-05-02,32.93,49.06366220952876,-0.3288311855040329
2018-05-03,32.13,49.56366220952876,-0.3517428178698442
2018-05-04,32.63,49.653662209528754,-0.34284806904457965
2018-05-07,32.72,50.01366220952875,-0.3457787621525926
2018-05-08,33.08,50.66366220952875,-0.3470665451859428
2018-05-09,33.73,50.833662209528754,-0.3364633092738827
2018-05-10,33.9,51.043662209528755,-0.3358627000381724
2018-05-11,34.11,50.87366220952875,-0.3295155387179671
2018-05-14,33.94,51.143662209528756,-0.33637916148921154
2018-05-15,34.21,51.52366220952875,-0.33603322176750805
2018-05-16,34.59,51.863662209528755,-0.33305905278619363
2018-05-17,34.93,52.37366220952875,-0.3330617236530595
2018-05-18,35.44,52.653662209528754,-0.32692241122809484
2018-05-21,35.72,53.043662209528755,-0.32659249923389977
2018-05-22,36.11,53.05366220952875,-0.3193683810669261
2018-05-23,36.12,52.833662209528754,-0.3163449496127184
2018-05-24,35.9,52.543662209528755,-0.31675870142356466
2018-05-25,35.61,51.403662209528754,-0.30724780162844245
2018-05-29,34.47,51.95366220952876,-0.336524153754884
2018-05-30,35.02,51.56366220952876,-0.3208395505793138
2018-05-31,34.63,51.973662209528754,-0.33370098377152646
2018-06-01,35.04,52.38366220952876,-0.3310891502804073
2018-06-04,35.45,51.933662209528755,-0.31739841767801114
2018-06-05,35.0,52.51366220952875,-0.333506776572723
2018-06-06,35.58,52.48366220952875,-0.3220747466524885
2018-06-07,35.55,52.38366220952876,-0.32135329031017357
2018-06-08,35.45,52.19366220952875,-0.32079876177901034
2018-06-11,35.26,52.23366220952875,-0.3249563881131108
2018-06-12,35.3,51.87366220952875,-0.31950052307053645
2018-06-13,34.94,52.19366220952875,-0.3305700630905113
2018-06-14,35.26,52.153662209528754,-0.32392091933367995
2018-06-15,35.22,51.933662209528755,-0.3218271444462498
2018-06-18,35.0,51.74366220952876,-0.3235886579061147
2018-06-19,34.81,51.44366220952875,-0.32333744323606395
2018-06-20,34.51,51.153662209528754,-0.32536599513354925
2018-06-21,34.22,51.06366220952876,-0.32985613410206294
2018-06-22,34.13,50.753662209528756,-0.3275362109023877
2018-06-25,33.82,50.403662209528754,-0.3290170095297883
2018-06-26,33.47,49.933662209528755,-0.3297106897636486
2018-06-27,33.0,49.94366220952875,-0.3392555022986695
2018-06-28,33.01,50.31366220952876,-0.3439157765433276
2018-06-29,33.38,54.34896244930001,-0.3858208419132402
2018-07-02,33.84,54.008962449300014,-0.3734373247446343
2018-07-03,33.5,54.108962449300016,-0.3808789064955842
2018-07-05,33.6,54.20896244930001,-0.38017629406899167
2018-07-06,33.7,55.368962449300014,-0.3913557612559878
2018-07-09,34.86,55.358962449300016,-0.3702916662875284
2018-07-10,34.85,55.30896244930001,-0.36990320453134695
2018-07-11,34.8,53.468962449300015,-0.3491551283981278
2018-07-12,32.96,52.94896244930001,-0.37751377033005995
2018-07-13,32.44,53.06896244930001,-0.3887199126798099
2018-07-16,32.56,53.328962449300015,-0.3894499629360897
2018-07-17,32.82,53.91896244930001,-0.3913087620916178
2018-07-18,33.41,53.748962449300016,-0.37840660586676866
2018-07-19,33.24,53.31896244930001,-0.37658201748379316
2018-07-20,32.81,54.01896244930001,-0.3926206925800523
2018-07-23,33.51,54.328962449300015,-0.3832019149772711
2018-07-24,33.82,53.94896244930001,-0.3731112061370364
2018-07-25,33.44,50.508962449300014,-0.3379392809035334
2018-07-26,30.0,50.428962449300016,-0.4051037629385845
2018-07-27,29.92,50.01896244930001,-0.4018268565581029
2018-07-30,29.51,49.44896244930001,-0.40322307004405633
2018-07-31,28.94,49.70896244930001,-0.4178112240922959
2018-08-01,29.2,50.19896244930001,-0.41831467075656315
2018-08-02,29.69,50.358962449300016,-0.4104326507939663
2018-08-03,29.85,50.15896244930001,-0.4048919965166351
2018-08-06,29.65,50.59896244930001,-0.41401960505199686
2018-08-07,30.09,50.55896244930001,-0.40485329321831054
2018-08-08,30.05,50.48896244930001,-0.40482040940778696
2018-08-09,29.98,49.91896244930001,-0.3994266200855223
2018-08-10,29.41,49.69896244930001,-0.4082371431797521
2018-08-13,29.19,50.51896244930001,-0.4221971595458913
2018-08-14,30.01,50.368962449300014,-0.4041965817698304
2018-08-15,29.86,50.938962449300014,-0.4138082409958799
2018-08-16,30.43,50.87896244930001,-0.40191390438979646
2018-08-17,30.37,51.578962449300015,-0.4111940497086879
2018-08-20,31.07,51.678962449300016,-0.3987882394024178
2018-08-21,31.17,52.20896244930001,-0.40297606890255466
2018-08-22,31.7,51.77896244930001,-0.38778224783782733
2018-08-23,31.27,51.868962449300014,-0.3971346538777354
2018-08-24,31.36,52.33896244930001,-0.40082877969967456
2018-08-27,31.83,52.328962449300015,-0.3917326369534052
2018-08-28,31.82,52.188962449300014,-0.39029253492226135
2018-08-29,31.68,52.118962449300014,-0.3921598107249835
2018-08-30,31.61,52.178962449300016,-0.39420029613057117
2018-08-31,31.67,52.38896244930001,-0.39548335146646607
2018-09-04,31.88,52.51896244930001,-0.39298115360188524
2018-09-05,32.01,52.30896244930001,-0.3880589768717856
2018-09-06,31.8,52.23896244930001,-0.3912589663153596
2018-09-07,31.73,52.688962449300014,-0.39778658517840026
2018-09-10,32.18,52.94896244930001,-0.39224493717297726
2018-09-11,32.44,52.798962449300014,-0.38559398717066884
2018-09-12,32.29,52.718962449300015,-0.38750691402446724
2018-09-13,32.21,53.09896244930001,-0.3933968101400328
2018-09-14,32.59,53.008962449300014,-0.38519830432126567
2018-09-17,32.5,53.48896244930001,-0.3923980105090763
2018-09-18,32.98,53.898962449300015,-0.38811438103242546
2018-09-19,33.39,54.108962449300016,-0.3829118414294792
2018-09-20,33.6,53.97896244930001,-0.37753527531102593
2018-09-21,33.47,53.548962449300014,-0.3749645470406773
2018-09-24,33.04,53.48896244930001,-0.38230246976061166
2018-09-25,32.98,52.41896244930001,-0.3708383672817164
2018-09-26,31.91,52.078962449300015,-0.3872765796541152
2018-09-27,31.57,51.58896244930001,-0.38804739422650747
2018-09-28,31.08,47.44929998676724,-0.34498506809020035
2018-10-01,31.48,47.309299986767236,-0.33459171856685277
2018-10-02,31.34,47.749299986767234,-0.3436552994769503
2018-10-03,31.78,47.46929998676723,-0.33051466929448836
2018-10-04,31.5,47.279299986767235,-0.3337464808316456
2018-10-05,31.31,47.29929998676724,-0.3380451717306706
2018-10-08,31.33,47.11929998676724,-0.33509198971974186
2018-10-09,31.15,46.489299986767236,-0.32995334391211384
2018-10-10,30.52,45.69929998676724,-0.3321560722191058
2018-10-11,29.73,45.809299986767236,-0.35100514505596037
2018-10-12,29.84,45.69929998676724,-0.34703595003335896
2018-10-15,29.73,46.15929998676724,-0.35592610788025647
2018-10-16,30.19,46.03929998676723,-0.3442558855439307
2018-10-17,30.07,45.60929998676723,-0.34070463680161056
2018-10-18,29.64,47.32929998676723,-0.37374945312339225
2018-10-19,31.36,45.43929998676724,-0.3098485229936947
2018-10-22,29.47,45.54929998676724,-0.35300871783844145
2018-10-23,29.58,44.529299986767235,-0.33571827967674583
2018-10-24,28.56,44.79929998676724,-0.362490038718551
2018-10-25,28.83,43.94929998676724,-0.3440168555885881
2018-10-26,27.98,43.97929998676724,-0.3637916017667676
2018-10-29,28.01,44.709299986767235,-0.3735084197629974
2018-10-30,28.74,44.849299986767235,-0.3591873226899924
2018-10-31,28.88,45.40929998676724,-0.3640069323152758
2018-11-01,29.44,42.39929998676723,-0.30564891379838377
2018-11-02,26.43,42.68929998676724,-0.38087530111309553
2018-11-05,26.72,42.83929998676724,-0.37627365507247734
2018-11-06,26.87,43.319299986767234,-0.37972220215451336
2018-11-07,27.35,43.44929998676724,-0.3705307103145593
2018-11-08,27.48,43.58929998676724,-0.36957005484505756
2018-11-09,27.62,43.179299986767234,-0.3603416449904364
2018-11-12,27.21,43.61929998676724,-0.3761935655030071
2018-11-13,27.65,42.889299986767234,-0.35531706023341636
2018-11-14,26.92,42.47929998676724,-0.3662795759726296
2018-11-15,26.51,41.879299986767236,-0.3669903745197157
2018-11-16,25.91,41.499299986767234,-0.3756521192342558
2018-11-19,25.53,41.28929998676723,-0.38167999922057083
2018-11-20,25.32,41.629299986767236,-0.39177454321719307
2018-11-21,25.66,41.529299986767235,-0.38212298285364255
2018-11-23,25.56,41.919299986767236,-0.3902569936027418
2018-11-26,25.95,42.04929998676724,-0.3828672532440167
2018-11-27,26.08,42.389299986767234,-0.384750396724139
2018-11-28,26.42,41.93929998676724,-0.37004194136916724
2018-11-29,25.97,41.94929998676724,-0.3809193476841771
2018-11-30,25.98,41.779299986767235,-0.37816095510866266
2018-12-03,25.81,40.86929998676724,-0.3684746250031974
2018-12-04,24.9,41.10929998676723,-0.39429764048487526
2018-12-06,25.14,41.32929998676723,-0.3917148364949492
2018-12-07,25.36,40.929299986767234,-0.3803949735715224
2018-12-10,24.96,40.36929998676724,-0.38170837720293127
2018-12-11,24.4,40.51929998676724,-0.3978178298250825
2018-12-12,24.55,40.14929998676723,-0.3885323029768536
2018-12-13,24.18,40.069299986767234,-0.39654548474803974
2018-12-14,24.1,39.459299986767235,-0.38924410701451895
2018-12-17,23.49,39.499299986767234,-0.4053059166144857
2018-12-18,23.53,39.169299986767236,-0.39927443155866305
2018-12-19,23.2,38.959299986767235,-0.40450675428254557
2018-12-20,22.99,38.46929998676723,-0.40238059938943116
2018-12-21,22.5,38.139299986767234,-0.41005734222163037
2018-12-24,22.17,39.10929998676723,-0.43312715882152586
2018-12-26,23.14,39.389299986767234,-0.4125308140085292
2018-12-27,23.42,39.46929998676723,-0.4066274292208891
2018-12-28,23.5,39.429299986767234,-0.4039965201541297
2018-12-31,23.46,36.84999732226537,-0.3633649469541457
2019-01-02,24.27,36.66999732226537,-0.33815102884494375
2019-01-03,24.09,37.819997322265365,-0.3630353858904757
2019-01-04,25.24,37.94999732226536,-0.33491431407317585
2019-01-07,25.37,37.999997322265365,-0.3323683740068334
2019-01-08,25.42,38.569997322265365,-0.3409385075241953
2019-01-09,25.99,38.32999732226536,-0.32194099098194384
2019-01-10,25.75,38.59999732226537,-0.3329015081266131
2019-01-11,26.02,38.429997322265365,-0.32292475115722497
2019-01-14,25.85,38.34999732226537,-0.3259451941345528
2019-01-15,25.77,38.959997322265366,-0.33855231593476975
2019-01-16,26.38,38.929997322265365,-0.3223734442716646
2019-01-17,26.35,38.859997322265365,-0.32192481174201193
2019-01-18,26.28,39.12999732226536,-0.3283924917355816
2019-01-22,26.55,41.97999732226536,-0.36755593869658476
2019-01-23,29.4,42.389997322265366,-0.3064401543484496
2019-01-24,29.81,42.36999732226536,-0.29643611319430285
2019-01-25,29.79,42.55999732226536,-0.3000469484424687
2019-01-28,29.98,42.22999732226536,-0.29007809848490484
2019-01-29,29.65,42.649997322265364,-0.3048065214174993
2019-01-30,30.07,42.61999732226536,-0.2944626492435053
2019-01-31,30.04,42.26999732226536,-0.28933044942076
2019-02-01,29.69,42.29999732226536,-0.2981087026127981
2019-02-04,29.72,42.569997322265365,-0.30185572305743225
2019-02-05,29.99,42.68999732226536,-0.29749351414556224
2019-02-06,30.11,42.68999732226536,-0.2946825512145008
2019-02-07,30.11,42.51999732226536,-0.29186260827365895
2019-02-08,29.94,42.94999732226536,-0.3029103174244193
2019-02-11,30.37,43.01999732226536,-0.29404923546376527
2019-02-12,30.44,43.34999732226537,-0.2978084918043248
2019-02-13,30.77,43.40999732226536,-0.29117710439899513
2019-02-14,30.83,44.32999732226536,-0.30453413349260006
2019-02-15,31.75,44.33999732226536,-0.2839422210777466
2019-02-19,31.76,44.36999732226536,-0.2842009935379808
2019-02-20,31.79,44.359997322265365,-0.28336334718298495
2019-02-21,31.78,44.459997322265366,-0.2852001368860919
2019-02-22,31.88,44.40999732226536,-0.28214361805384147
2019-02-25,31.83,44.58999732226536,-0.28616277390745315
2019-02-26,32.01,44.59999732226537,-0.2822869524249981
2019-02-27,32.02,45.18999732226536,-0.29143611645616163
2019-02-28,32.61,45.039997322265364,-0.2759768663689649
2019-03-01,32.46,45.039997322265364,-0.2793072395687396
2019-03-04,32.46,44.79999732226536,-0.27544638526423415
2019-03-05,32.22,44.469997322265364,-0.27546656307379636
2019-03-06,31.89,44.07999732226536,-0.2765426057797885
2019-03-07,31.5,44.11999732226536,-0.2860380346373371
2019-03-08,31.54,44.59999732226537,-0.2928250696496233
2019-03-11,32.02,44.789997322265364,-0.285108240359669
2019-03-12,32.21,45.499997322265365,-0.2920878704263554
2019-03-13,32.92,45.41999732226537,-0.27520911623078703
2019-03-14,32.84,45.889997322265366,-0.28437563921873743
2019-03-15,33.31,45.819997322265365,-0.2730248374804327
2019-03-18,33.24,45.65999732226536,-0.2720104697905654
2019-03-19,33.08,45.029997322265366,-0.26537859277989817
2019-03-20,32.45,45.48999732226536,-0.28665636601132205
2019-03-21,32.91,44.40999732226536,-0.2589506421001232
2019-03-22,31.83,43.969997322265364,-0.2760972950097943
2019-03-25,31.39,44.34999732226537,-0.29222092682650425
2019-03-26,31.77,44.209997322265366,-0.28138425866857597
2019-03-27,31.63,44.40999732226536,-0.2877729811494042
2019-03-28,31.83,44.47999732226536,-0.28439743893449276
2019-03-29,31.9,50.866077020736356,-0.3728629792504843
2019-04-01,32.58,50.70607702073635,-0.3574734644394528
2019-04-02,32.42,50.63607702073635,-0.3597450294831598
2019-04-03,32.35,50.78607702073635,-0.36301439493364995
2019-04-04,32.5,50.59607702073635,-0.35765770957538534
2019-04-05,32.31,50.82607702073635,-0.36430269865569276
2019-04-08,32.54,50.55607702073635,-0.35635828732017283
2019-04-09,32.27,50.836077020736354,-0.3652145898898361
2019-04-10,32.55,50.906077020736355,-0.3605871458776738
2019-04-11,32.62,51.28607702073635,-0.3639599303567156
2019-04-12,33.0,51.23607702073635,-0.35592258582474645
2019-04-15,32.95,51.446077020736354,-0.359523565096735
2019-04-16,33.16,51.52607702073635,-0.35644237020693503
2019-04-17,33.24,51.62607702073635,-0.3561393404606614
2019-04-18,33.34,51.836077020736354,-0.3568186113570522
2019-04-22,33.55,51.74607702073635,-0.3516416715695102
2019-04-23,33.46,51.81607702073635,-0.3542544722826162
2019-04-24,33.53,51.78607702073635,-0.35252867316877834
2019-04-25,33.5,52.68607702073635,-0.36415839071079503
2019-04-26,34.4,52.696077020736354,-0.34719998252501216
2019-04-29,34.41,52.95607702073635,-0.35021621812118275
2019-04-30,34.67,52.446077020736354,-0.3389400700782248
2019-05-01,34.16,52.43607702073635,-0.34854012845981786
2019-05-02,34.15,52.62607702073635,-0.35108216433188044
2019-05-03,34.34,52.57607702073635,-0.34685123071361745
2019-05-06,34.29,52.28607702073635,-0.3441848776223776
2019-05-07,34.0,52.10607702073635,-0.34748493949238934
2019-05-08,33.82,52.68607702073635,-0.35808467981609216
2019-05-09,34.4,53.296077020736355,-0.3545491165022202
2019-05-10,35.01,52.27607702073635,-0.3302863949390735
2019-05-13,33.99,53.05607702073635,-0.3593570820037184
2019-05-14,34.77,53.14607702073635,-0.34576544593435243
2019-05-15,34.86,53.52607702073635,-0.34872865824829624
2019-05-16,35.24,53.196077020736354,-0.33754513540043374
2019-05-17,34.91,53.28607702073635,-0.3448570067108764
2019-05-20,35.0,53.43607702073635,-0.34501179818237904
2019-05-21,35.15,53.52607702073635,-0.34331073830830794
2019-05-22,35.24,53.03607702073635,-0.33554663203649726
2019-05-23,34.75,53.09607702073635,-0.34552603601150045
2019-05-24,34.81,52.88607702073635,-0.34179273712528946
2019-05-28,34.6,52.656077020736355,-0.34290585327170753
2019-05-29,34.37,52.516077020736354,-0.34553374985666285
2019-05-30,34.23,51.91607702073635,-0.3406666688947274
2019-05-31,33.63,51.586077020736354,-0.3480799094980307
2019-06-03,33.3,52.226077020736355,-0.362387491084612
2019-06-04,33.94,52.35607702073635,-0.35174669434156436
2019-06-05,34.07,52.616077020736356,-0.3524792814452362
2019-06-06,34.33,52.06607702073635,-0.3406455418884854
2019-06-07,33.78,51.60607702073635,-0.3454259275234868
2019-06-10,33.32,52.336077020736354,-0.36334547989146937
2019-06-11,34.05,52.07607702073635,-0.34614890467956116
2019-06-12,33.79,52.266077020736354,-0.35350035958134085
2019-06-13,33.98,52.23607702073635,-0.3494917318061457
2019-06-14,33.95,52.296077020736355,-0.350811725580521
2019-06-17,34.01,52.726077020736355,-0.3549681311085521
2019-06-18,34.44,52.12607702073635,-0.3392942272195284
2019-06-19,33.84,52.52607702073635,-0.3557485744339791
2019-06-20,34.24,52.59607702073635,-0.34900087726123274
2019-06-21,34.31,52.27607702073635,-0.3436768411985036
2019-06-24,33.99,52.18607702073635,-0.34867685136604654
2019-06-25,33.9,52.516077020736354,-0.3544833901699409
2019-06-26,34.23,52.57607702073635,-0.3489434370217569
2019-06-27,34.29,52.95607702073635,-0.35248224700306174
2019-06-28,34.67,51.918215565429264,-0.33221895971544746
2019-07-01,35.07,52.03821556542927,-0.32607220253535796
2019-07-02,35.19,52.378215565429265,-0.3281558063763794
2019-07-03,35.53,52.45821556542927,-0.3226990354697694
2019-07-05,35.61,52.54821556542927,-0.32233664612909674
2019-07-08,35.7,52.60821556542927,-0.32139876602353823
2019-07-09,35.76,52.36821556542927,-0.3171430491970617
2019-07-10,35.52,52.488215565429265,-0.323276670441911
2019-07-11,35.64,52.808215565429265,-0.32510501219564747
2019-07-12,35.96,52.68821556542927,-0.31749444132636906
2019-07-15,35.84,52.878215565429265,-0.3222161599675559
2019-07-16,36.03,52.38821556542927,-0.3122499094285619
2019-07-17,35.54,52.93821556542927,-0.3286513415611044
2019-07-18,36.09,51.89821556542927,-0.30460036810898605
2019-07-19,35.05,52.18821556542927,-0.3283924422352168
2019-07-22,35.34,52.92821556542927,-0.3323032030748686
2019-07-23,36.08,53.43821556542927,-0.32482775447799206
2019-07-24,36.59,53.35821556542927,-0.3142574276095802
2019-07-25,36.51,53.448215565429265,-0.3169089068033366
2019-07-26,36.6,53.198215565429265,-0.3120069985245064
2019-07-29,36.35,53.03821556542927,-0.3146451174406927
2019-07-30,36.19,52.72821556542927,-0.3136502039388639
2019-07-31,35.88,52.36821556542927,-0.31485158291919946
2019-08-01,35.52,51.908215565429266,-0.315715255993962
2019-08-02,35.06,50.588215565429266,-0.3069532180937582
2019-08-05,33.74,51.11821556542927,-0.33996131072270797
2019-08-06,34.27,51.25821556542927,-0.3314242483479437
2019-08-07,34.41,51.85821556542927,-0.33646000687036637
2019-08-08,35.01,52.10821556542927,-0.3281289788931657
2019-08-09,35.26,50.74821556542927,-0.30519724472795384
2019-08-12,33.9,51.52821556542927,-0.3421080154240038
2019-08-13,34.68,49.68821556542927,-0.30204778727999404
2019-08-14,32.84,49.60821556542927,-0.33801287497054455
2019-08-15,32.76,50.27821556542927,-0.348425563008139
2019-08-16,33.43,50.308215565429265,-0.3354962082381554
2019-08-19,33.46,49.78821556542927,-0.3279534199005689
2019-08-20,32.94,49.88821556542927,-0.33972382802911427
2019-08-21,33.04,49.72821556542927,-0.3355884657367598
2019-08-22,32.88,48.39821556542927,-0.3206361099088515
2019-08-23,31.55,48.67821556542927,-0.3518661349121749
2019-08-26,31.83,48.238215565429265,-0.3401497209857094
2019-08-27,31.39,48.81821556542927,-0.35700230669166655
2019-08-28,31.97,49.10821556542927,-0.3489887663011333
2019-08-29,32.26,48.89821556542927,-0.3402622237444669
2019-08-30,32.05,48.588215565429266,-0.34037503483038556
2019-09-03,31.74,49.14821556542927,-0.35419832368591964
2019-09-04,32.3,50.128215565429265,-0.35565230807306913
2019-09-05,33.28,49.72821556542927,-0.33076223183169995
2019-09-06,32.88,50.558215565429265,-0.34966059161149043
2019-09-09,33.71,50.64821556542927,-0.33442867387001707
2019-09-10,33.8,50.77821556542927,-0.33436022468241977
2019-09-11,33.93,50.698215565429265,-0.3307456757287408
2019-09-12,33.85,51.02821556542927,-0.33664151048752744
2019-09-13,34.18,50.738215565429265,-0.32634603682655505
2019-09-16,33.89,50.808215565429265,-0.33298188840429765
2019-09-17,33.96,50.92821556542927,-0.3331790713073307
2019-09-18,34.08,50.88821556542927,-0.3302968158476336
2019-09-19,34.04,50.70821556542927,-0.32870838343585806
2019-09-20,33.86,50.96821556542927,-0.33566440134571696
2019-09-23,34.12,50.518215565429266,-0.3246000552848294
2019-09-24,33.67,50.698215565429265,-0.33587406135534037
2019-09-25,33.85,50.50821556542927,-0.3298119994726384
2019-09-26,33.66,50.46821556542927,-0.3330455689212618
2019-09-27,33.62,50.93821556542927,-0.3399847319579603
2019-09-30,34.09,49.86674445740957,-0.316378071780568
2019-10-01,33.15,48.88674445740957,-0.32190207452082475
2019-10-02,32.17,48.96674445740957,-0.34302350796506564
2019-10-03,32.25,49.35674445740957,-0.34659385754607763
2019-10-04,32.64,49.13674445740957,-0.33573132773801306
2019-10-07,32.42,48.11674445740957,-0.3262220799518867
2019-10-08,31.4,48.86674445740957,-0.35743622071310543
2019-10-09,32.15,49.20674445740957,-0.3466342804322866
2019-10-10,32.49,49.75674445740957,-0.3470231954622641
2019-10-11,33.04,49.836744457409566,-0.33703534691685266
2019-10-14,33.12,50.406744457409566,-0.3429450690277319
2019-10-15,33.69,50.20674445740957,-0.32897461558019847
2019-10-16,33.49,50.696744457409565,-0.3394053137251246
2019-10-17,33.98,51.00674445740957,-0.3338135895269073
2019-10-18,34.29,51.77674445740957,-0.33773356437645063
2019-10-21,35.06,51.68674445740957,-0.32168295047311757
2019-10-22,34.97,51.80674445740957,-0.3249913622974533
2019-10-23,35.09,51.726744457409566,-0.3216275184514622
2019-10-24,35.01,52.00674445740957,-0.32681808166879
2019-10-25,35.29,52.39674445740957,-0.32648487295455353
2019-10-28,35.68,52.50674445740957,-0.3204682490086288
2019-10-29,35.79,52.30674445740957,-0.3157670130064819
2019-10-30,35.59,52.086744457409566,-0.31671675066769944
2019-10-31,35.37,52.45674445740957,-0.3257301731959855
2019-11-01,35.74,52.91674445740957,-0.32459941807709647
2019-11-04,36.2,52.99674445740957,-0.3169391748375816
2019-11-05,36.28,53.53674445740957,-0.3223345878107686
2019-11-06,36.82,53.67674445740957,-0.31404185607390456
2019-11-07,36.96,53.656744457409566,-0.3111769941738215
2019-11-08,36.94,53.60674445740957,-0.3109076036253472
2019-11-11,36.89,53.60674445740957,-0.3118403220828114
2019-11-12,36.89,53.27674445740957,-0.30757781137526974
2019-11-13,36.56,53.446744457409565,-0.31595459421978833
2019-11-14,36.73,53.766744457409565,-0.3168639765962572
2019-11-15,37.05,53.82674445740957,-0.31168045971430014
2019-11-18,37.11,53.63674445740957,-0.30812355642749134
2019-11-19,36.92,53.27674445740957,-0.3070147139055288
2019-11-20,36.56,53.48674445740957,-0.31646615678559387
2019-11-21,36.77,53.61674445740957,-0.31420677678018605
2019-11-22,36.9,54.04674445740957,-0.31725767443627817
2019-11-25,37.33,54.10674445740957,-0.31006752717520236
2019-11-26,37.39,54.09674445740957,-0.30883086634839574
2019-11-27,37.38,54.126744457409565,-0.3093987016083516
2019-11-29,37.41,53.85674445740957,-0.3053794770386802
2019-12-02,37.14,53.53674445740957,-0.3062708542252467
2019-12-03,36.82,54.196744457409565,-0.32062339964100717
2019-12-04,37.48,54.20674445740957,-0.3085731235999948
2019-12-05,37.49,54.476744457409566,-0.31181643886025456
2019-12-06,37.76,54.27674445740957,-0.3043061005689113
2019-12-09,37.56,54.13674445740957,-0.30620135406278104
2019-12-10,37.42,53.85674445740957,-0.30519379927258516
2019-12-11,37.14,54.406744457409566,-0.3173640442854697
2019-12-12,37.69,54.406744457409566,-0.30725500347655776
2019-12-13,37.69,53.89674445740957,-0.3006998775263042
2019-12-16,37.18,53.626744457409565,-0.3066892205338251
2019-12-17,36.91,53.50674445740957,-0.3101804197902619
2019-12-18,36.79,53.156744457409566,-0.307895914704163
2019-12-19,36.44,53.45674445740957,-0.3183273622464472
2019-12-20,36.74,53.04674445740957,-0.30740330295861995
2019-12-23,36.33,53.03674445740957,-0.31500320444490504
2019-12-24,36.32,52.976744457409566,-0.3144161580332798
2019-12-26,36.26,53.00674445740957,-0.31593610641124026
2019-12-27,36.29,52.766744457409565,-0.3122562255230412
2019-12-30,36.05,52.726744457409566,-0.3162862533809637
2019-12-31,36.01,52.92674445740957,-0.3196256378667417
2020-01-02,36.21,52.406744457409566,-0.3090583974467732
2020-01-03,35.69,52.39674445740957,-0.31885081087412914
2020-01-06,35.68,51.89674445740957,-0.31248095862194725
2020-01-07,35.18,52.16674445740957,-0.32562400882190445
2020-01-08,35.45,52.14674445740957,-0.32018766715238567
2020-01-09,35.43,52.18674445740957,-0.3210919675413938
2020-01-10,35.47,52.126744457409565,-0.31954315641213793
2020-01-13,35.41,52.11674445740957,-0.3205638539272637
2020-01-14,35.4,51.91674445740957,-0.31813906341834
2020-01-15,35.2,52.196744457409565,-0.3256284397445174
2020-01-16,35.48,52.476744457409566,-0.32389098510492065
2020-01-17,35.76,52.43674445740957,-0.3180354659689989
2020-01-21,35.72,53.13674445740957,-0.327772140262931
2020-01-22,36.42,52.91674445740957,-0.3117490432671476
2020-01-23,36.2,49.34674445740957,-0.26641563900443976
2020-01-24,32.63,48.91674445740957,-0.3329482498899733
2020-01-27,32.2,49.28674445740957,-0.3466803223770405
2020-01-28,32.57,49.35674445740957,-0.34011044776048827
2020-01-29,32.64,49.836744457409566,-0.3450615533706437
2020-01-30,33.12,49.126744457409565,-0.32582546704853643
2020-01-31,32.41,49.13674445740957,-0.34041214252417296
2020-02-03,32.42,49.36674445740957,-0.3432826013477579
2020-02-04,32.65,50.14674445740957,-0.3489108744092019
2020-02-05,33.43,49.906744457409566,-0.33015065672077304
2020-02-06,33.19,49.906744457409566,-0.3349596259815273
2020-02-07,33.19,49.98674445740957,-0.3360239727498353
2020-02-10,33.27,50.04674445740957,-0.3352214942110129
2020-02-11,33.33,50.29674445740957,-0.33733285604154206
2020-02-12,33.58,50.53674445740957,-0.33553297980442853
2020-02-13,33.82,50.46674445740957,-0.3298557225433526
2020-02-14,33.75,49.98674445740957,-0.3248210027209081
2020-02-18,33.27,50.086744457409566,-0.3357523959599611
2020-02-19,33.37,50.35674445740957,-0.33732809061508173
2020-02-20,33.64,50.04674445740957,-0.3278284059290194
2020-02-21,33.33,48.96674445740957,-0.3193339608478596
2020-02-24,32.25,47.476744457409566,-0.32072006266287223
2020-02-25,30.76,47.30674445740957,-0.34977559008117043
2020-02-26,30.59,46.39674445740957,-0.34068649950040253
2020-02-27,29.68,45.81674445740957,-0.3522019001679615
2020-02-28,29.1,47.10674445740957,-0.38225406286970076
2020-03-02,30.39,45.586744457409566,-0.33335884451251974
2020-03-03,28.87,46.85674445740957,-0.3838667125873121
2020-03-04,30.14,45.976744457409566,-0.34445119253886913
2020-03-05,29.26,44.96674445740957,-0.34929690034123495
2020-03-06,28.25,41.73674445740957,-0.3231383911884209
2020-03-09,25.02,42.98674445740957,-0.41796011035938463
2020-03-10,26.27,41.20674445740957,-0.3624830025785676
2020-03-11,24.49,38.38674445740957,-0.36201935469750846
2020-03-12,21.67,40.84674445740957,-0.4694803640325593
2020-03-13,24.13,34.56674445740957,-0.30193021128353315
2020-03-16,17.85,34.17674445740957,-0.47771502864339976
2020-03-17,17.46,30.646744457409568,-0.43028206391499324
2020-03-18,13.93,31.31674445740957,-0.5551900351920472
2020-03-19,14.6,30.12674445740957,-0.5153807600870999
2020-03-20,13.41,29.51674445740957,-0.5456816038994539
2020-03-23,12.8,31.456744457409567,-0.5930920309528411
2020-03-24,14.74,33.376744457409565,-0.5583751429439443
2020-03-25,16.66,35.74674445740957,-0.533943572963699
2020-03-26,19.03,33.81674445740957,-0.43726102836518466
2020-03-27,17.1,33.48674445740957,-0.4893501808828029
2020-03-30,16.77,38.65173855778729,-0.5661255967845387
2020-03-31,16.09,37.07173855778729,-0.5659766542937024
2020-04-01,14.51,36.87173855778729,-0.6064736687894665
2020-04-02,14.31,35.81173855778729,-0.6004103521277304
2020-04-03,13.25,38.05173855778729,-0.6517898918106493
2020-04-06,15.49,38.68173855778729,-0.5995526422148986
2020-04-07,16.12,39.38173855778729,-0.5906732259586225
2020-04-08,16.82,40.18173855778729,-0.5814018854408116
2020-04-09,17.62,38.78173855778729,-0.5456624520908193
2020-04-13,16.22,38.46173855778729,-0.5782821939879272
2020-04-14,15.9,37.51173855778729,-0.5761326824267061
2020-04-15,14.95,36.73173855778729,-0.5929950340771296
2020-04-16,14.17,38.18173855778729,-0.6288801784509108
2020-04-17,15.62,38.15173855778729,-0.5905822227120566
2020-04-20,15.59,37.73173855778729,-0.5868199930378653
2020-04-21,15.17,38.61173855778729,-0.6071142982257534
2020-04-22,16.05,38.66173855778729,-0.5848608831697975
2020-04-23,16.1,39.53173855778729,-0.5927323060566865
2020-04-24,16.97,40.18173855778729,-0.5776688463692374
2020-04-27,17.62,41.30173855778729,-0.5733835762059509
2020-04-28,18.74,43.61173855778729,-0.5702991758705342
2020-04-29,21.05,42.35173855778729,-0.5029719979197997
2020-04-30,19.79,41.07173855778729,-0.5181601584224204
2020-05-01,18.51,40.99173855778729,-0.54844559779025
2020-05-04,18.43,40.56173855778729,-0.5456309158508272
2020-05-05,18.0,39.86173855778729,-0.5484391636881185
2020-05-06,17.3,40.55173855778729,-0.5733845054424227
2020-05-07,17.99,41.18173855778729,-0.5631558882645045
2020-05-08,18.62,40.29173855778729,-0.5378705246661226
2020-05-11,17.73,39.54173855778729,-0.5516130386101022
2020-05-12,16.98,38.43173855778729,-0.5581776771699182
2020-05-13,15.87,39.63173855778729,-0.5995633656883397
2020-05-14,17.07,39.10173855778729,-0.5634465210601121
2020-05-15,16.54,40.52173855778729,-0.5918240285664788
2020-05-18,17.96,40.19173855778729,-0.5531419977223109
2020-05-19,17.63,40.67173855778729,-0.5665294716882852
2020-05-20,18.11,40.69173855778729,-0.5549465163725662
2020-05-21,18.13,40.41173855778729,-0.5513679775475442
2020-05-22,17.85,42.04173855778729,-0.5754219351451229
2020-05-26,19.48,43.91173855778729,-0.556382857072157
2020-05-27,21.35,43.80173855778729,-0.5125764249783575
2020-05-28,21.24,42.93173855778729,-0.5052611258356011
2020-05-29,20.37,43.66173855778729,-0.5334587977288203
2020-06-01,21.1,44.63173855778729,-0.5272422567030273
2020-06-02,22.07,46.25173855778729,-0.522828747887486
2020-06-03,23.69,46.89173855778729,-0.4947937370501736
2020-06-04,24.33,48.08173855778729,-0.4939866833068264
2020-06-05,25.52,48.42173855778729,-0.47296398766136794
2020-06-08,26.87,,
2020-06-09,25.86,46.95173855778729,-0.4492216732683495
2020-06-10,24.37,,
2020-06-11,22.15,,
2020-06-12,23.77,,
2020-06-15,24.389999,47.72173855778729,-0.48891218683356186
2020-06-16,25.16,47.31173855778729,-0.46820808604889486
2020-06-17,24.75,46.81173855778729,-0.47128646013761955
2020-06-18,24.25,46.33173855778729,-0.47660068983264736
2020-06-19,23.77,46.35173855778729,-0.4871821265050146
2020-06-22,23.790001,46.48173855778729,-0.48818607612054654
2020-06-23,23.92,44.65173855778729,-0.464298574420719
2020-06-24,22.09,45.31173855778729,-0.5124883594605838
2020-06-25,22.75,44.51173855778729,-0.4888988671951141
2020-06-26,21.389999,,
2020-06-29,21.950001,44.42173855778729,-0.5058725364509156
2020-06-30,22.16,,
2020-07-01,21.610001,,
2020-07-02,21.860001,45.36173855778729,-0.5180960497765739
2020-07-06,22.799999,44.35173855778729,-0.48592772817026875
2020-07-07,21.790001,44.88173855778729,-0.5145018508598017
2020-07-08,22.32,43.90173855778729,-0.491591888311656
2020-07-09,21.34,45.12173855778729,-0.5270572304595507
2020-07-10,22.559999,45.251739557787296,-0.5014556518608424
2020-07-13,22.690001,45.011739557787294,-0.49590926227434606
2020-07-14,22.450001,46.20173755778729,-0.5140875173380561
2020-07-15,23.639999,46.31173855778729,-0.48954628489055174
2020-07-16,23.75,45.77173755778729,-0.4811208560737862
2020-07-17,23.209999,45.95173755778729,-0.494904866854884
2020-07-20,22.379999,,
2020-07-21,22.639999,,
2020-07-22,22.92,,
2020-07-23,23.389999,46.121737557787284,-0.4928638807093081
2020-07-24,23.559999,46.30173855778729,-0.4911638367402611
2020-07-27,23.74,45.64173855778729,-0.4798620571838508
2020-07-28,23.08,46.34173955778729,-0.5019608624915846
2020-07-29,23.780001,45.73173855778729,-0.4800110000202322
2020-07-30,23.17,44.691737557787285,-0.48155965137760104
2020-07-31,22.129999,,
