date,UA,dcf,Deviation
2015-07-01,84.26,85.36933379149012,-0.012994523234767241
2015-07-02,84.59,85.35933379149012,-0.009012884207477367
2015-07-06,84.58,85.71933379149012,-0.013291444777925099
2015-07-07,84.94,85.16933379149012,-0.0026926803496146734
2015-07-08,84.39,85.26933379149011,-0.010312427134007596
2015-07-09,84.49,87.01933379149011,-0.029066342860665118
2015-07-10,86.24,90.12933379149011,-0.04315280750313655
2015-07-13,89.35,89.57933379149011,-0.0025601194135237426
2015-07-14,88.8,89.05933379149012,-0.0029119215297218615
2015-07-15,88.28,86.12933379149011,0.024970194402251122
2015-07-16,85.35,87.99933379149012,-0.030106293733627387
2015-07-17,87.22,89.72933379149012,-0.027965590353331127
2015-07-20,88.95,89.11933379149012,-0.0019000791891723434
2015-07-21,88.34,90.14933379149012,-0.020070406684036035
2015-07-22,89.37,96.70933379149012,-0.07589064575001692
2015-07-23,95.93,96.82933379149011,-0.009287823805818052
2015-07-24,96.05,97.20933379149012,-0.011926157152530759
2015-07-27,96.43,98.62933379149011,-0.02229898253332685
2015-07-28,97.85,99.59933379149011,-0.017563709764889857
2015-07-29,98.82,100.05933379149012,-0.01238598883811004
2015-07-30,99.28,100.10933379149012,-0.00828428039704543
2015-07-31,99.33,99.03933379149012,0.0029348562574322834
2015-08-03,98.26,100.12933379149011,-0.018669192340606378
2015-08-04,99.35,101.81933379149012,-0.02425211106317915
2015-08-05,101.04,98.96933379149012,0.020922301173335045
2015-08-06,98.19,98.70933379149012,-0.005261243000455718
2015-08-07,97.93,99.52933379149012,-0.016068969122617127
2015-08-10,98.75,99.86933379149012,-0.01120798296128711
2015-08-11,99.09,98.54933379149011,0.005486249249069708
2015-08-12,97.77,100.17933379149012,-0.02405020776545419
2015-08-13,99.4,101.02933379149012,-0.016127333818243494
2015-08-14,100.25,101.51933379149011,-0.012503369989574464
2015-08-17,100.74,101.13933379149012,-0.003948352995021609
2015-08-18,100.36,100.83933379149012,-0.004753440681007026
2015-08-19,100.06,97.42933379149012,0.027000761537996354
2015-08-20,96.65,90.80933379149012,0.06431790615181487
2015-08-21,90.03,86.21933379149012,0.04419735157923488
2015-08-24,85.44,87.79933379149011,-0.02687188717277933
2015-08-25,87.02,91.53933379149012,-0.049370402910997147
2015-08-26,90.76,96.46933379149012,-0.059182888147961354
2015-08-27,95.69,97.18933379149011,-0.01542693763810321
2015-08-28,96.41,96.30933379149012,0.0010452383434385037
2015-08-31,95.53,93.93933379149011,0.016932909190526813
2015-09-01,93.16,96.41933379149012,-0.033803736899266856
2015-09-02,95.64,96.40933379149011,-0.007979868351273844
2015-09-03,95.63,95.77933379149012,-0.0015591441867326417
2015-09-04,95.0,97.84933379149011,-0.029119603384953452
2015-09-08,97.07,95.88933379149012,0.012312800202337604
2015-09-09,95.11,96.94933379149012,-0.0189721137789971
2015-09-10,96.17,97.36933379149012,-0.012317366718955003
2015-09-11,96.59,96.92933379149012,-0.003500836931574103
2015-09-14,96.15,99.45933379149012,-0.03327323505331248
2015-09-15,98.68,104.13933379149012,-0.05242336005741022
2015-09-16,103.36,104.87933379149011,-0.014486493540383227
2015-09-17,104.1,102.57933379149011,0.014824294059083032
2015-09-18,101.8,103.84933379149011,-0.019733721119528647
2015-09-21,103.07,102.66933379149012,0.003902491559198973
2015-09-22,101.89,102.20933379149012,-0.003124311446365269
2015-09-23,101.43,102.96933379149012,-0.014949439166103695
2015-09-24,102.19,104.48933379149011,-0.022005440249800667
2015-09-25,103.71,101.56933379149012,0.021075910696671585
2015-09-28,100.79,94.73933379149011,0.06386646355173542
2015-09-29,93.96,97.55933379149012,-0.03689379223501921
2015-09-30,96.78,99.56221215361474,-0.027944458981305598
2015-10-01,98.84,100.97221215361473,-0.021116821233656546
2015-10-02,100.25,102.58221215361473,-0.022735054203376848
2015-10-05,101.86,100.58221215361473,0.012703914728319443
2015-10-06,99.86,99.78221215361474,0.0007795762862574662
2015-10-07,99.06,101.86221215361473,-0.027509830135917457
2015-10-08,101.14,103.04221215361473,-0.01846051354932987
2015-10-09,102.32,104.07221215361473,-0.016836503398509506
2015-10-12,103.35,102.02221215361473,0.013014693745181827
2015-10-13,101.3,98.00221215361474,0.03365013680728057
2015-10-14,97.28,100.21221215361473,-0.029260028200155497
2015-10-15,99.49,100.80221215361473,-0.013017692028574057
2015-10-16,100.08,101.17221215361474,-0.010795574499808058
2015-10-19,100.45,100.69221215361473,-0.0024054705764653406
2015-10-20,99.97,99.87221215361473,0.0009791296725747412
2015-10-21,99.15,94.53221215361474,0.04884882878739116
2015-10-22,93.81,92.74221215361473,0.011513504170211464
2015-10-23,92.02,94.78221215361474,-0.0291427272148701
2015-10-26,94.06,95.45221215361472,-0.014585436232469773
2015-10-27,94.73,97.26221215361473,-0.026034901916639264
2015-10-28,96.54,97.08221215361473,-0.005585082391373342
2015-10-29,96.36,95.80221215361473,0.005822285663830806
2015-10-30,95.08,96.42221215361474,-0.013920155155498826
2015-11-02,95.7,97.12221215361473,-0.014643531300185586
2015-11-03,96.4,96.02221215361473,0.003934379743104621
2015-11-04,95.3,96.75221215361474,-0.015009601551115415
2015-11-05,96.03,96.73221215361473,-0.007259341412554354
2015-11-06,96.01,96.20221215361472,-0.0019980013901114146
2015-11-10,95.48,94.29221215361473,0.012596881749366684
2015-11-11,93.57,93.08221215361473,0.005240398085729403
2015-11-12,92.36,88.15221215361473,0.047733207636953656
2015-11-13,87.43,90.72221215361473,-0.03628893162393587
2015-11-16,90.0,85.71221215361473,0.050025401732726626
2015-11-17,84.99,88.02221215361473,-0.03444826117665589
2015-11-18,87.3,89.97221215361473,-0.02970041626910669
2015-11-19,89.25,92.73221215361473,-0.03755126803021047
2015-11-20,92.01,92.88221215361473,-0.009390518737562026
2015-11-23,92.16,92.80221215361473,-0.006920224623004567
2015-11-24,92.08,92.82221215361473,-0.007996061895038875
2015-11-25,92.1,90.40221215361473,0.018780379439170325
2015-11-27,89.68,86.94221215361473,0.031489742192756465
2015-11-30,86.22,87.90221215361473,-0.019137313070971995
2015-12-01,87.18,87.64221215361474,-0.005273853115489446
2015-12-02,86.92,84.87221215361473,0.024127895272469946
2015-12-03,84.15,88.03221215361474,-0.04409990455357793
2015-12-04,87.31,87.30221215361473,8.92056019332621e-05
2015-12-07,86.58,87.95221215361472,-0.015601792382641366
2015-12-08,87.23,87.03221215361474,0.002272582087608832
2015-12-09,86.31,86.39221215361474,-0.0009516153315828335
2015-12-10,85.67,83.28221215361474,0.028671042526835944
2015-12-11,82.56,82.24221215361473,0.003864047890536959
2015-12-15,81.52,83.83221215361473,-0.027581428358085414
2015-12-16,83.11,81.99221215361473,0.013632853865328753
2015-12-17,81.27,81.59221215361472,-0.003949055248166244
2015-12-18,80.87,81.69221215361473,-0.010064755647314794
2015-12-21,80.97,81.09221215361472,-0.001507076331611401
2015-12-22,80.37,82.71221215361473,-0.02831760985022047
2015-12-23,81.99,81.92221215361474,0.0008274660144449442
2015-12-24,81.2,81.94221215361473,-0.009057750994363234
2015-12-28,81.22,82.97221215361473,-0.02111805998821259
2015-12-29,82.25,81.68221215361473,0.006951181063968637
2015-12-30,80.96,81.33221215361473,-0.004576442024123661
2015-12-31,80.61,80.24791676476447,0.004512057755928112
2016-01-04,79.66,80.73791676476448,-0.013350812207665319
2016-01-05,80.15,80.45791676476448,-0.0038270536591784587
2016-01-06,79.87,78.58791676476447,0.01631399950546042
2016-01-07,78.0,75.58791676476447,0.03191096326602194
2016-01-08,75.0,70.54791676476447,0.06310722469779795
2016-01-11,69.96,72.73791676476448,-0.03819076608625327
2016-01-12,72.15,72.45791676476448,-0.0042495945027528625
2016-01-13,71.87,70.45791676476448,0.020041512722409838
2016-01-14,69.87,69.21791676476447,0.009420728992056038
2016-01-15,68.63,67.69791676476447,0.013768270572849461
2016-01-19,67.11,67.92791676476448,-0.012040951698797597
2016-01-20,67.34,69.64791676476447,-0.033136910218857674
2016-01-21,69.06,71.37791676476448,-0.03247386404402197
2016-01-22,70.79,68.74791676476447,0.029703928952828695
2016-01-25,68.16,67.94791676476447,0.003121261774216899
2016-01-26,67.36,69.16791676476447,-0.026138083223079756
2016-01-27,68.58,84.65791676476448,-0.1899162816566764
2016-01-28,84.07,86.01791676476448,-0.02264547710556053
2016-01-29,85.43,85.71791676476448,-0.003358886632238156
2016-02-01,85.13,82.58791676476447,0.03078032882795867
2016-02-02,82.0,81.48791676476448,0.006284161573473224
2016-02-03,80.9,81.12791676476448,-0.0028093506385148403
2016-02-04,80.54,77.91791676476447,0.0336518652462392
2016-02-05,77.33,72.93791676476447,0.06021673541075545
2016-02-09,72.35,75.06791676476448,-0.036206103511323584
2016-02-10,74.48,73.16791676476447,0.017932494093741758
2016-02-11,72.58,76.87791676476448,-0.05590573919836428
2016-02-12,76.29,80.52791676476447,-0.05262667823810874
2016-02-16,79.94,83.55791676476447,-0.04329831217489266
2016-02-17,82.97,81.61791676476447,0.01656601012168002
2016-02-18,81.03,81.22791676476447,-0.0024365608850666076
2016-02-19,80.64,81.08791676476447,-0.00552384106825532
2016-02-23,80.5,82.73791676476448,-0.0270482609699636
2016-02-24,82.15,83.64791676476447,-0.017907400718381594
2016-02-25,83.06,84.39791676476447,-0.015852485654279103
2016-02-26,83.81,84.27791676476447,-0.005552068474479643
2016-02-29,83.69,85.51791676476448,-0.021374664326687998
2016-03-01,84.93,84.51791676476448,0.004875690871350535
2016-03-02,83.93,83.67791676476448,0.0030125419582824886
2016-03-03,83.09,84.58791676476447,-0.017708401176613875
2016-03-04,84.0,83.78791676476447,0.0025311911720033997
2016-03-07,83.2,81.88791676476447,0.016022916286962063
2016-03-08,81.3,80.88791676476447,0.005094496826193895
2016-03-09,80.3,81.61791676476447,-0.016147395290214472
2016-03-10,81.03,83.03791676476447,-0.024180721807516403
2016-03-11,82.45,82.39791676476447,0.0006320940781090467
2016-03-14,81.81,81.60791676476447,0.0024762699900555685
2016-03-15,81.02,81.58791676476447,-0.0069607950206879154
2016-03-16,81.0,83.72791676476447,-0.03258073137575623
2016-03-17,83.14,84.86791676476447,-0.02036007045576349
2016-03-18,84.28,85.03791676476447,-0.008912692050783155
2016-03-22,84.45,41.79791676476447,1.0204356230306462
2016-03-23,41.21,41.16791676476448,0.0010222337816117033
2016-03-24,40.58,41.16791676476448,-0.014280945235190412
2016-03-28,40.58,41.16791676476448,-0.014280945235190412
2016-03-29,40.58,42.287916764764475,-0.04038781986507223
2016-03-30,41.7,42.01791676476447,-0.007566219109441108
2016-03-31,41.43,41.154196182827235,0.006701717996082435
2016-04-01,40.8,41.154196182827235,-0.008606563016167912
2016-04-04,40.8,41.154196182827235,-0.008606563016167912
2016-04-05,40.8,41.864196182827236,-0.02542019863894518
2016-04-06,41.51,41.624196182827234,-0.0027435048193038547
2016-04-07,41.27,44.06419618282723,-0.0634119404160648
2016-04-08,43.71,41.52419618282723,0.05263928066298673
2016-04-11,41.17,41.71419618282724,-0.01304582690367817
2016-04-12,41.36,41.864196182827236,-0.012043613130067854
2016-04-13,41.51,42.28419618282724,-0.018309350838308314
2016-04-14,41.93,42.05419618282723,-0.002953241153089703
2016-04-15,41.7,42.474196182827235,-0.018227447542379815
2016-04-18,42.12,43.05419618282723,-0.021698144795462504
2016-04-19,42.7,42.81419618282723,-0.002667250421789613
2016-04-20,42.46,45.764196182827234,-0.07220046364688726
2016-04-21,45.41,45.09419618282723,0.007003203159279936
2016-04-22,44.74,44.30419618282723,0.009836626205210086
2016-04-25,43.95,43.99419618282723,-0.0010045912111580346
2016-04-26,43.64,42.21419618282724,0.03377545816572436
2016-04-27,41.86,41.95419618282723,-0.002245214815146168
2016-04-28,41.6,40.864196182827236,0.018006075878276517
2016-04-29,40.51,40.34419618282723,0.004109731581251275
2016-05-02,39.99,40.194196182827234,-0.005080240487915888
2016-05-03,39.84,37.48419618282724,0.06284792144621298
2016-05-04,37.13,37.58419618282723,-0.012084765112916118
2016-05-05,37.23,36.47419618282723,0.020721603113178944
2016-05-06,36.12,36.40419618282723,-0.0078066874873422565
2016-05-09,36.05,36.64419618282724,-0.016215287677826096
2016-05-10,36.29,35.33419618282723,0.0270503908516051
2016-05-11,34.98,35.29419618282723,-0.008902205371094651
2016-05-12,34.94,34.82419618282724,0.003325383781000779
2016-05-13,34.47,34.65419618282723,-0.005315263463490982
2016-05-16,34.3,34.58419618282723,-0.008217515923309104
2016-05-17,34.23,34.33419618282723,-0.003034764008232327
2016-05-18,33.98,34.95419618282723,-0.02787065042868453
2016-05-19,34.6,35.684196182827236,-0.030383091082460623
2016-05-20,35.33,34.934196182827236,0.01132998209265601
2016-05-23,34.58,35.684196182827236,-0.030943563284147158
2016-05-24,35.33,35.58419618282723,-0.0071435134159333336
2016-05-25,35.23,35.02419618282723,0.0058760468362633045
2016-05-26,34.67,35.16419618282724,-0.014053959324359155
2016-05-27,34.81,35.07419618282724,-0.007532494300085735
2016-05-31,34.72,33.83419618282723,0.0261807259255169
2016-06-01,33.48,34.33419618282723,-0.024878875226281516
2016-06-02,33.98,34.27419618282723,-0.008583605615662515
2016-06-03,33.92,34.51419618282723,-0.017215993664742246
2016-06-06,34.16,35.30419618282724,-0.03240963699900945
2016-06-07,34.95,36.53419618282724,-0.043362010071317236
2016-06-08,36.18,36.24419618282723,-0.001771212761993879
2016-06-09,35.89,35.89419618282724,-0.00011690421498400383
2016-06-10,35.54,35.03419618282724,0.014437431774749543
2016-06-13,34.68,34.754196182827236,-0.0021348841572085275
2016-06-14,34.4,35.12419618282724,-0.02061815675603451
2016-06-15,34.77,33.83419618282723,0.02765852074971864
2016-06-16,33.48,34.49419618282723,-0.029401936994031153
2016-06-17,34.14,35.12419618282724,-0.028020461385203976
2016-06-20,34.77,35.27419618282723,-0.014293626429188189
2016-06-21,34.92,34.67419618282724,0.00708895502225082
2016-06-22,34.32,35.02419618282723,-0.02010599127389845
2016-06-23,34.67,33.85419618282724,0.02409756866673396
2016-06-24,33.5,32.254196182827236,0.03862455012399457
2016-06-27,31.9,34.254196182827236,-0.06872723476744358
2016-06-28,33.9,36.26419618282723,-0.065193673972754
2016-06-29,35.91,36.754196182827236,-0.02296870209398505
2016-06-30,36.4,37.387094957190506,-0.0264020234340423
2016-07-01,36.84,36.05709495719051,0.02171292622822274
2016-07-05,35.51,36.80709495719051,-0.03524035131539538
2016-07-06,36.26,37.427094957190505,-0.03118315644122105
2016-07-07,36.88,37.3270949571905,-0.011977759257806198
2016-07-08,36.78,37.1170949571905,-0.009081932666855974
2016-07-11,36.57,38.41709495719051,-0.048080026853899005
2016-07-12,37.87,37.76709495719051,0.0027247275154769213
2016-07-13,37.22,37.567094957190506,-0.009239334518307496
2016-07-14,37.02,37.777094957190506,-0.020041111103128895
2016-07-15,37.23,37.747094957190505,-0.013698933859067952
2016-07-18,37.2,37.497094957190505,-0.007923145980500257
2016-07-19,36.95,37.33709495719051,-0.010367570311357599
2016-07-20,36.79,37.817094957190506,-0.02715954142837229
2016-07-21,37.27,38.027094957190506,-0.019909355632945713
2016-07-22,37.48,39.3270949571905,-0.046967490459215444
2016-07-25,38.78,38.0470949571905,0.019263101260007964
2016-07-26,37.5,36.4770949571905,0.028042393288445266
2016-07-27,35.93,36.2970949571905,-0.010113618118019141
2016-07-28,35.75,36.247094957190505,-0.013714063369149931
2016-07-29,35.7,36.0470949571905,-0.009628930087229204
2016-08-01,35.5,34.9370949571905,0.0161119590366412
2016-08-02,34.39,35.817094957190506,-0.03984396163050641
2016-08-03,35.27,35.6870949571905,-0.011687557020005124
2016-08-04,35.14,36.717094957190504,-0.042952607199161164
2016-08-05,36.17,36.4770949571905,-0.0084188435935183
2016-08-08,35.93,36.1170949571905,-0.005180232723929423
2016-08-09,35.57,35.9770949571905,-0.011315392687344716
2016-08-10,35.43,37.567094957190506,-0.05688741595872204
2016-08-11,37.02,37.647094957190504,-0.01665719381279185
2016-08-12,37.1,38.58709495719051,-0.038538660628386956
2016-08-15,38.04,39.19709495719051,-0.02951991616864058
2016-08-16,38.65,38.467094957190504,0.004754844185999696
2016-08-17,37.92,38.497094957190505,-0.014990610533918036
2016-08-18,37.95,39.30709495719051,-0.034525445308754565
2016-08-19,38.76,39.34709495719051,-0.014920922569487405
2016-08-22,38.8,39.8270949571905,-0.025788849482858645
2016-08-23,39.28,39.427094957190505,-0.003730808910730521
2016-08-24,38.88,38.80709495719051,0.001878652418840332
2016-08-25,38.26,38.5470949571905,-0.0074479012623219765
2016-08-26,38.0,38.44709495719051,-0.011628835876633437
2016-08-29,37.9,37.90709495719051,-0.00018716699864562703
2016-08-30,37.36,36.19709495719051,0.03212702688392066
2016-08-31,35.65,36.247094957190505,-0.0164729051499356
2016-09-01,35.7,35.12709495719051,0.01630949110672808
2016-09-02,34.58,35.30709495719051,-0.020593451771438676
2016-09-06,34.76,36.12709495719051,-0.03784126453595216
2016-09-07,35.58,35.59709495719051,-0.0004802346149613834
2016-09-08,35.05,34.55709495719051,0.014263497652800439
2016-09-09,34.01,35.3470949571905,-0.0378275770274723
2016-09-12,34.8,34.4370949571905,0.010538201415091208
2016-09-13,33.89,34.33709495719051,-0.013020756640825915
2016-09-14,33.79,34.40709495719051,-0.0179351078014085
2016-09-15,33.86,34.7570949571905,-0.0258104124724875
2016-09-16,34.21,34.37709495719051,-0.004860647980831079
2016-09-19,33.83,34.0070949571905,-0.0052075885168503255
2016-09-20,33.46,34.8470949571905,-0.03980518200712391
2016-09-21,34.3,35.24709495719051,-0.02687015648639446
2016-09-22,34.7,34.8270949571905,-0.0036493126213003046
2016-09-23,34.28,34.12709495719051,0.004480458796780162
2016-09-26,33.58,34.51709495719051,-0.02714872031822879
2016-09-27,33.97,34.9170949571905,-0.027124105208399252
2016-09-28,34.37,34.2270949571905,0.004175202218833718
2016-09-29,33.68,34.40709495719051,-0.021132122839640055
2016-09-30,33.86,34.85950603011232,-0.028672409449776115
2016-10-03,34.05,34.50950603011233,-0.013315346493553815
2016-10-04,33.7,34.18950603011233,-0.014317434995439582
2016-10-05,33.38,33.70950603011232,-0.009774869730157842
2016-10-06,32.9,33.659506030112325,-0.02256438432081742
2016-10-07,32.85,34.07950603011233,-0.0360775777978104
2016-10-10,33.27,34.019506030112325,-0.022031655293551222
2016-10-11,33.21,34.56950603011232,-0.03932674157762339
2016-10-12,33.76,34.199506030112325,-0.012851239129750724
2016-10-13,33.39,34.42950603011232,-0.030192301603257365
2016-10-14,33.62,33.56950603011232,0.0015041618379008082
2016-10-17,32.76,34.119506030112326,-0.03984541947683795
2016-10-18,33.31,34.82950603011233,-0.0436269761850373
2016-10-19,34.02,34.229506030112326,-0.006120626746059843
2016-10-20,33.42,33.769506030112325,-0.010349752519348887
2016-10-21,32.96,33.70950603011232,-0.022234263220671235
2016-10-24,32.9,29.179506030112325,0.12750366527960555
2016-10-25,28.37,28.269506030112325,0.0035548541166807723
2016-10-26,27.46,27.299506030112326,0.005879006371420914
2016-10-27,26.49,26.719506030112324,-0.008589456326538292
2016-10-28,25.91,26.669506030112323,-0.028478443854744517
2016-10-31,25.86,26.319506030112326,-0.0174587634580452
2016-11-01,25.51,26.159506030112325,-0.024828680991325847
2016-11-02,25.35,26.109506030112325,-0.029089253133949722
2016-11-03,25.3,26.419506030112323,-0.04237422262310042
2016-11-04,25.61,26.749506030112325,-0.04259914290864164
2016-11-07,25.94,26.899506030112324,-0.03567002416468967
2016-11-08,26.09,26.709506030112326,-0.02319421517619591
2016-11-09,25.9,26.419506030112323,-0.019663729878984237
2016-11-10,25.61,26.419506030112323,-0.0306404680386404
2016-11-11,25.61,25.689506030112327,-0.003094883569155993
2016-11-14,24.88,26.169506030112323,-0.04927513834722508
2016-11-15,25.36,26.129506030112324,-0.029449696799684122
2016-11-16,25.32,26.079506030112324,-0.02912271533193045
2016-11-17,25.27,24.559506030112324,0.02892948942118556
2016-11-18,23.75,24.609506030112325,-0.0349257733601247
2016-11-21,23.8,24.819506030112326,-0.04107680583470952
2016-11-22,24.01,24.739506030112324,-0.029487493777134666
2016-11-23,23.93,24.949506030112325,-0.04086277415199535
2016-11-25,24.14,27.099506030112327,-0.10920885520288792
2016-11-28,26.29,26.669506030112323,-0.014229960978048406
2016-11-29,25.86,26.589506030112325,-0.027435862452133142
2016-11-30,25.78,26.009506030112327,-0.008823928829967631
2016-12-01,25.2,25.579506030112324,-0.014836331462600105
2016-12-02,24.77,25.869506030112326,-0.042502011009892926
2016-12-05,25.06,26.219506030112324,-0.044223031081541575
2016-12-06,25.41,27.839506030112325,-0.08726828800354702
2016-12-07,27.03,29.629506030112324,-0.08773369449596824
2016-12-08,28.82,29.619506030112326,-0.026992551101274853
2016-12-09,28.81,28.419506030112323,0.013740350359148445
2016-12-12,27.61,28.149506030112324,-0.019165737030525487
2016-12-13,27.34,27.379506030112324,-0.0014429051447778507
2016-12-14,26.57,26.609506030112325,-0.0014846585302116244
2016-12-15,25.8,26.289506030112324,-0.01861982608389967
2016-12-16,25.48,26.179506030112325,-0.02671960384996319
2016-12-19,25.37,26.499506030112325,-0.042623663581835336
2016-12-20,25.69,26.859506030112325,-0.04354160604447399
2016-12-21,26.05,26.289506030112324,-0.009110328274635204
2016-12-22,25.48,26.039506030112324,-0.021486814283854128
2016-12-23,25.23,25.989506030112324,-0.029223565435692933
2016-12-27,25.18,26.039506030112324,-0.033007770159632965
2016-12-28,25.23,25.929506030112325,-0.026977221598436074
2016-12-29,25.12,25.979506030112326,-0.03308400202513817
2016-12-30,25.17,26.883667587840506,-0.06374381703096188
2017-01-03,25.76,27.693667587840505,-0.06982345627234732
2017-01-04,26.57,27.333667587840505,-0.027938716434095623
2017-01-05,26.21,28.163667587840504,-0.06936836552793246
2017-01-06,27.04,28.143667587840504,-0.039215485486949975
2017-01-09,27.02,28.443667587840505,-0.05005218062839101
2017-01-10,27.32,28.103667587840505,-0.02788488674622558
2017-01-11,26.98,27.963667587840504,-0.03517662998784299
2017-01-12,26.84,27.623667587840504,-0.028369425795778946
2017-01-13,26.5,27.323667587840504,-0.030144840007022
2017-01-17,26.2,26.473667587840506,-0.010337350763073072
2017-01-18,25.35,26.383667587840506,-0.03917831303775576
2017-01-19,25.26,26.283667587840505,-0.03894690816718738
2017-01-20,25.16,26.083667587840505,-0.03541172209505894
2017-01-23,24.96,26.243667587840505,-0.04891342201100224
2017-01-24,25.12,26.813667587840506,-0.06316433894364193
2017-01-25,25.69,26.623667587840504,-0.03506908222768401
2017-01-26,25.5,26.643667587840504,-0.042924555490342686
2017-01-27,25.52,26.213667587840504,-0.02646205783742639
2017-01-30,25.09,20.343667587840507,0.23330760747370816
2017-01-31,19.22,19.923667587840505,-0.03531817546835392
2017-02-01,18.8,19.243667587840505,-0.023055251074948102
2017-02-02,18.12,19.313667587840506,-0.06180429389765485
2017-02-03,18.19,19.263667587840505,-0.055735367262992885
2017-02-06,18.14,18.913667587840504,-0.04090521228880484
2017-02-07,17.79,19.423667587840505,-0.08410706064920537
2017-02-08,18.3,20.423667587840505,-0.10398071642650797
2017-02-09,19.3,20.163667587840504,-0.0428328618331979
2017-02-10,19.04,19.773667587840507,-0.03710326294205857
2017-02-13,18.65,20.533667587840505,-0.09173556452019138
2017-02-14,19.41,20.983667587840504,-0.0749948778616949
2017-02-15,19.86,20.753667587840507,-0.04306070645383686
2017-02-16,19.63,20.873667587840504,-0.05958069335955973
2017-02-17,19.75,20.813667587840506,-0.051104284401174316
2017-02-21,19.69,20.903667587840506,-0.05806003098453805
2017-02-22,19.78,20.763667587840505,-0.04737446232362885
2017-02-23,19.64,20.953667587840506,-0.06269392135450469
2017-02-24,19.83,20.403667587840506,-0.028115905406260522
2017-02-27,19.28,19.683667587840507,-0.020507742575873844
2017-02-28,18.56,19.703667587840506,-0.058043386224516214
2017-03-01,18.58,20.083667587840505,-0.07487016906966193
2017-03-02,18.96,19.763667587840505,-0.040663889142466436
2017-03-03,18.64,19.433667587840507,-0.04083982522872309
2017-03-06,18.31,19.233667587840504,-0.048023476730171155
2017-03-07,18.11,18.873667587840504,-0.04046206622461146
2017-03-08,17.75,18.813667587840506,-0.05653696084903548
2017-03-09,17.69,18.873667587840504,-0.0627152927395569
2017-03-10,17.75,18.683667587840507,-0.04997239345277937
2017-03-13,17.56,18.743667587840505,-0.06315026567203863
2017-03-14,17.62,18.953667587840506,-0.07036461843913011
2017-03-15,17.83,19.293667587840506,-0.07586258969046189
2017-03-16,18.17,19.203667587840506,-0.053826571570891435
2017-03-17,18.08,19.383667587840506,-0.0672559814561774
2017-03-20,18.26,18.643667587840504,-0.020578975999911764
2017-03-21,17.52,18.633667587840506,-0.059766419175967034
2017-03-22,17.51,18.563667587840506,-0.05675966685218348
2017-03-23,17.44,19.283667587840505,-0.09560772500574766
2017-03-24,18.16,19.423667587840505,-0.06505813498536084
2017-03-27,18.3,19.613667587840506,-0.06697715161925732
2017-03-28,18.49,19.963667587840504,-0.07381747774332248
2017-03-29,18.84,19.493667587840505,-0.03353230401077745
2017-03-30,18.37,19.423667587840505,-0.05424658258155712
2017-03-31,18.3,18.741769847050254,-0.023571404976984178
2017-04-03,18.35,18.411769847050255,-0.003354910883819784
2017-04-04,18.02,18.951769847050254,-0.04916532094733517
2017-04-05,18.56,19.431769847050255,-0.0448631212654359
2017-04-06,19.04,18.821769847050255,0.011594560698761525
2017-04-07,18.43,18.581769847050253,-0.00816767446263178
2017-04-10,18.19,18.431769847050255,-0.01311701746801841
2017-04-11,18.04,18.251769847050255,-0.011602702029714695
2017-04-12,17.86,18.151769847050254,-0.016073906264168936
2017-04-13,17.76,18.181769847050255,-0.023197403256024596
2017-04-17,17.79,18.151769847050254,-0.019930279531890638
2017-04-18,17.76,18.321769847050255,-0.03066133085067091
2017-04-19,17.93,18.501769847050255,-0.030903521759104158
2017-04-20,18.11,17.921769847050257,0.010502877481194828
2017-04-21,17.53,18.321769847050255,-0.04321470325519494
2017-04-24,17.93,18.361769847050255,-0.02351460946558026
2017-04-25,17.97,18.531769847050256,-0.03031387998484536
2017-04-26,18.14,20.211769847050256,-0.10250313865277927
2017-04-27,19.82,19.801769847050256,0.0009206325035870933
2017-04-28,19.41,19.411769847050255,-9.117391480528703e-05
2017-05-01,19.02,19.121769847050256,-0.005322198094856567
2017-05-02,18.73,19.081769847050253,-0.01843486478821732
2017-05-03,18.69,19.201769847050254,-0.02665222274439827
2017-05-04,18.81,19.481769847050256,-0.03448197223990768
2017-05-05,19.09,19.511769847050253,-0.021616175793197745
2017-05-08,19.12,20.201769847050254,-0.053548271029738914
2017-05-09,19.81,20.041769847050254,-0.011564340316200572
2017-05-10,19.65,19.841769847050255,-0.00966495673160761
2017-05-11,19.45,19.291769847050254,0.008201951101647564
2017-05-12,18.9,19.041769847050254,-0.007445203265715183
2017-05-15,18.65,18.361769847050255,0.01569729690278443
2017-05-16,17.97,18.091769847050255,-0.0067306763285024385
2017-05-17,17.7,18.021769847050255,-0.01785450872922567
2017-05-18,17.63,18.251769847050255,-0.03406627698358489
2017-05-19,17.86,18.311769847050254,-0.024671009455867976
2017-05-22,17.92,18.431769847050255,-0.027765637879433203
2017-05-23,18.04,18.501769847050255,-0.0249581445919822
2017-05-24,18.11,18.401769847050254,-0.01585553180348165
2017-05-25,18.01,18.461769847050256,-0.024470560016348397
2017-05-26,18.07,18.401769847050254,-0.018029235764158602
2017-05-30,18.01,18.221769847050254,-0.011621804513381795
2017-05-31,17.83,18.781769847050256,-0.050675194872528806
2017-06-01,18.39,19.111769847050255,-0.03776572514353782
2017-06-02,18.72,19.341769847050255,-0.03214648152506483
2017-06-05,18.95,19.361769847050255,-0.021267159474731012
2017-06-06,18.97,19.611769847050255,-0.03272370887764531
2017-06-07,19.22,19.991769847050254,-0.03860437834942998
2017-06-08,19.6,20.601769847050257,-0.048625426576818453
2017-06-09,20.21,21.591769847050255,-0.0639952100656086
2017-06-12,21.2,21.641769847050256,-0.020412833616307413
2017-06-13,21.25,21.481769847050256,-0.010789141150866599
2017-06-14,21.09,20.721769847050254,0.01777020764479542
2017-06-15,20.33,20.071769847050255,0.01286534047159238
2017-06-16,19.68,20.061769847050254,-0.01902971921026131
2017-06-19,19.67,19.401769847050254,0.013825035296485044
2017-06-20,19.01,19.141769847050256,-0.006883890471108156
2017-06-21,18.75,19.631769847050254,-0.04491545356939597
2017-06-22,19.24,20.041769847050254,-0.04000494233638052
2017-06-23,19.65,20.311769847050254,-0.03258060976633015
2017-06-26,19.92,20.291769847050254,-0.018321213469917996
2017-06-27,19.9,20.391769847050256,-0.024116094421367418
2017-06-28,20.0,20.191769847050256,-0.009497426352562677
2017-06-29,19.8,20.551769847050256,-0.03657932395336527
2017-06-30,20.16,21.26985517478593,-0.05217972410557803
2017-07-03,20.52,21.14985517478593,-0.029780590438123644
2017-07-05,20.4,19.84985517478593,0.027715306755128566
2017-07-06,19.1,19.96985517478593,-0.04355841177477415
2017-07-07,19.22,19.87985517478593,-0.03319215200434866
2017-07-10,19.13,19.66985517478593,-0.027445813402731667
2017-07-11,18.92,19.32985517478593,-0.021203220152448354
2017-07-12,18.58,19.37985517478593,-0.04127250526756154
2017-07-13,18.63,19.67985517478593,-0.05334669211036769
2017-07-14,18.93,19.569855174785932,-0.03269595860935803
2017-07-17,18.82,19.42985517478593,-0.03138753064805844
2017-07-18,18.68,19.659855174785932,-0.0498404065581628
2017-07-19,18.91,19.79985517478593,-0.04494250927244725
2017-07-20,19.05,19.58985517478593,-0.027557895143644373
2017-07-21,18.84,19.00985517478593,-0.008935111457935796
2017-07-24,18.26,18.86985517478593,-0.03231901724401265
2017-07-25,18.12,18.29985517478593,-0.00982822940772432
2017-07-26,17.55,18.11985517478593,-0.03144921244066512
2017-07-27,17.37,18.10985517478593,-0.04085373227147715
2017-07-28,17.36,18.85985517478593,-0.07952633574785417
2017-07-31,18.11,16.97985517478593,0.06655797788500983
2017-08-01,16.23,17.21985517478593,-0.05748336235924445
2017-08-02,16.47,17.08985517478593,-0.036270358551689585
2017-08-03,16.34,17.35985517478593,-0.058747908004855076
2017-08-04,16.61,17.37985517478593,-0.044295833713436816
2017-08-07,16.63,17.95985517478593,-0.07404598544051355
2017-08-08,17.21,17.91985517478593,-0.03961277409120634
2017-08-09,17.17,17.569855174785932,-0.022758023376296954
2017-08-10,16.82,17.54985517478593,-0.04158753263300541
2017-08-11,16.8,17.85985517478593,-0.05934287621112433
2017-08-14,17.11,17.409855174785932,-0.017223300927867724
2017-08-15,16.66,17.42985517478593,-0.04416876486154664
2017-08-16,16.68,17.02985517478593,-0.020543637699510064
2017-08-17,16.28,16.38985517478593,-0.0067026324280722305
2017-08-18,15.64,15.89985517478593,-0.016343241616314175
2017-08-21,15.15,16.16985517478593,-0.06307138584495275
2017-08-22,15.42,16.29985517478593,-0.05397932468424427
2017-08-23,15.55,16.47985517478593,-0.05642374674557826
2017-08-24,15.73,16.68985517478593,-0.05751129442009917
2017-08-25,15.94,16.52985517478593,-0.03568423126209086
2017-08-28,15.78,16.08985517478593,-0.019257797625891637
2017-08-29,15.34,15.92985517478593,-0.03702828232359345
2017-08-30,15.18,15.84985517478593,-0.042262542300799066
2017-08-31,15.1,16.13985517478593,-0.06442778844821462
2017-09-01,15.39,16.36985517478593,-0.05985729038673315
2017-09-05,15.62,16.54985517478593,-0.056185094368836785
2017-09-06,15.8,16.72985517478593,-0.05558058722393133
2017-09-07,15.98,16.86985517478593,-0.05274824031186265
2017-09-08,16.12,17.08985517478593,-0.05675034486054842
2017-09-11,16.34,16.99985517478593,-0.03881534095447026
2017-09-12,16.25,17.61985517478593,-0.07774497356517418
2017-09-13,16.87,17.26985517478593,-0.023153360044948168
2017-09-14,16.52,17.20985517478593,-0.04008489134740845
2017-09-15,16.46,16.88985517478593,-0.02545049500647223
2017-09-18,16.14,16.44985517478593,-0.01883634667257561
2017-09-19,15.7,15.98985517478593,-0.018127442157387263
2017-09-20,15.24,15.87985517478593,-0.040293514502694805
2017-09-21,15.13,15.78985517478593,-0.041789818049732474
2017-09-22,15.04,16.13985517478593,-0.06814529392457935
2017-09-25,15.39,15.88985517478593,-0.03145750350066767
2017-09-26,15.14,15.80985517478593,-0.04236946938351693
2017-09-27,15.06,15.81985517478593,-0.048031740265043976
2017-09-28,15.07,15.76985517478593,-0.04437930260164413
2017-09-29,15.02,16.224691423754383,-0.07425049834788278
2017-10-02,15.08,16.404691423754382,-0.08075076754178978
2017-10-03,15.26,16.174691423754382,-0.05655078046255979
2017-10-04,15.03,16.174691423754382,-0.07077052623540458
2017-10-05,15.03,16.60469142375438,-0.0948341275105935
2017-10-06,15.46,16.44469142375438,-0.059878984553762615
2017-10-09,15.3,16.654691423754382,-0.081339929350009
2017-10-10,15.51,16.294691423754383,-0.04815626165282649
2017-10-11,15.15,16.36469142375438,-0.0742263567519017
2017-10-12,15.22,16.09469142375438,-0.05434657929902342
2017-10-13,14.95,16.12469142375438,-0.0728504746468428
2017-10-16,14.98,16.25469142375438,-0.07841990909108021
2017-10-17,15.11,16.12469142375438,-0.06292780414139099
2017-10-18,14.98,16.16469142375438,-0.07328883630982586
2017-10-19,15.02,17.05469142375438,-0.11930391311099253
2017-10-20,15.91,16.36469142375438,-0.027784906661568076
2017-10-23,15.22,15.974691423754381,-0.0472429422099605
2017-10-24,14.83,15.794691423754381,-0.06107694021192056
2017-10-25,14.65,15.794691423754381,-0.07247317424845823
2017-10-26,14.65,15.544691423754381,-0.057556074891726206
2017-10-27,14.4,15.884691423754381,-0.09346680927865769
2017-10-30,14.74,12.674691423754382,0.1629474444146941
2017-10-31,11.53,12.434691423754382,-0.07275543822712982
2017-11-01,11.29,11.98469142375438,-0.05796489865208054
2017-11-02,10.84,11.73469142375438,-0.07624328509766087
2017-11-03,10.59,12.114691423754381,-0.1258547469698469
2017-11-06,10.97,11.884691423754381,-0.07696383449436073
2017-11-07,10.74,11.974691423754381,-0.10310841257296233
2017-11-08,10.83,12.134691423754381,-0.10751747845852677
2017-11-09,10.99,12.514691423754382,-0.12183212291278189
2017-11-10,11.37,12.094691423754382,-0.0599181408077154
2017-11-13,10.95,12.06469142375438,-0.09239286647312384
2017-11-14,10.92,12.254691423754382,-0.1089126912789683
2017-11-15,11.11,12.424691423754382,-0.10581280282268135
2017-11-16,11.28,12.874691423754381,-0.12386249668183158
2017-11-17,11.73,13.214691423754381,-0.11235157720637645
2017-11-20,12.07,12.504691423754382,-0.034762267138285896
2017-11-21,11.36,12.81469142375438,-0.11351747581356852
2017-11-22,11.67,12.73469142375438,-0.08360559265443857
2017-11-24,11.59,12.49469142375438,-0.07240606374915504
2017-11-27,11.35,12.65469142375438,-0.10309942613893519
2017-11-28,11.51,13.32469142375438,-0.13619012748912662
2017-11-29,12.18,13.07469142375438,-0.06842925731531113
2017-11-30,11.93,12.874691423754381,-0.07337584977076683
2017-12-01,11.73,13.124691423754381,-0.10626470205845207
2017-12-04,11.98,12.864691423754381,-0.06876895796511817
2017-12-05,11.72,12.694691423754382,-0.0767794498675669
2017-12-06,11.55,13.07469142375438,-0.11661395090245019
2017-12-07,11.93,13.334691423754382,-0.10534112707340715
2017-12-08,12.19,13.32469142375438,-0.08515705074652069
2017-12-11,12.18,13.524691423754382,-0.09942492450456974
2017-12-12,12.38,13.504691423754382,-0.08328153442855268
2017-12-13,12.36,13.594691423754382,-0.09082158507819982
2017-12-14,12.45,14.764691423754382,-0.1567720826207284
2017-12-15,13.62,15.384691423754381,-0.11470437561260738
2017-12-18,14.24,15.24469142375438,-0.0659043463607839
2017-12-19,14.1,14.864691423754381,-0.051443477833140516
2017-12-20,13.72,15.094691423754382,-0.09107118424368987
2017-12-21,13.95,14.944691423754382,-0.06655817745245207
2017-12-22,13.8,15.214691423754381,-0.09298193334014337
2017-12-26,14.07,15.374691423754381,-0.08485968191456461
2017-12-27,14.23,15.284691423754381,-0.06900312178466717
2017-12-28,14.14,14.464691423754381,-0.022447172514248215
2017-12-29,13.32,15.380917710802574,-0.13399185598367236
2018-01-02,13.97,15.810917710802574,-0.11643332439487641
2018-01-03,14.4,16.160917710802572,-0.10896149230594165
2018-01-04,14.75,16.140917710802572,-0.08617339705980154
2018-01-05,14.73,16.190917710802573,-0.09023069210140255
2018-01-08,14.78,15.510917710802573,-0.04712278953640037
2018-01-09,14.1,15.350917710802573,-0.08148813864869409
2018-01-10,13.94,15.540917710802574,-0.10301307429803641
2018-01-11,14.13,15.550917710802574,-0.09137195226848394
2018-01-12,14.14,13.890917710802574,0.017931305503575246
2018-01-16,12.48,13.800917710802574,-0.09571230975231704
2018-01-17,12.39,13.780917710802573,-0.10093070287418238
2018-01-18,12.37,14.260917710802573,-0.13259439183007227
2018-01-19,12.85,14.690917710802573,-0.12530991916515222
2018-01-22,13.28,15.000917710802574,-0.11472082868392075
2018-01-23,13.59,15.020917710802573,-0.0952616703154896
2018-01-24,13.61,14.720917710802574,-0.07546524833756496
2018-01-25,13.31,14.680917710802573,-0.0933809273921492
2018-01-26,13.27,14.590917710802573,-0.09053013230446882
2018-01-29,13.18,14.400917710802574,-0.08478054908172461
2018-01-30,12.99,14.260917710802573,-0.08911892884984951
2018-01-31,12.85,14.110917710802573,-0.08935759790004882
2018-02-01,12.7,13.820917710802574,-0.08110298709950736
2018-02-02,12.41,13.280917710802573,-0.06557662126723185
2018-02-05,11.87,13.460917710802574,-0.11818790850536454
2018-02-06,12.05,13.560917710802574,-0.11141706948040708
2018-02-07,12.15,13.360917710802573,-0.09063132765375248
2018-02-08,11.95,13.870917710802575,-0.1384852646992908
2018-02-09,12.46,14.590917710802573,-0.14604411819997587
2018-02-12,13.18,16.700917710802575,-0.2108218106197336
2018-02-13,15.29,17.550917710802572,-0.12882048380928712
2018-02-14,16.14,17.950917710802575,-0.10088162287729685
2018-02-15,16.54,17.190917710802573,-0.037864046687486885
2018-02-16,15.78,16.820917710802572,-0.06188233773559715
2018-02-20,15.41,16.730917710802572,-0.07895070274296434
2018-02-21,15.32,16.380917710802574,-0.06476546244432568
2018-02-22,14.97,16.710917710802573,-0.1041784623041484
2018-02-23,15.3,16.830917710802574,-0.09095865936175218
2018-02-26,15.42,16.500917710802575,-0.06550652089458853
2018-02-27,15.09,16.460917710802573,-0.083283188391307
2018-02-28,15.05,15.800917710802574,-0.0475236770766293
2018-03-01,14.39,16.640917710802572,-0.1352640371114492
2018-03-02,15.23,16.970917710802574,-0.10258241424943215
2018-03-05,15.56,17.140917710802572,-0.09223063417463606
2018-03-06,15.73,16.910917710802572,-0.06983167507510313
2018-03-07,15.5,16.700917710802575,-0.07190728866508878
2018-03-08,15.29,16.590917710802575,-0.07841143772026127
2018-03-09,15.18,16.650917710802574,-0.08833853703140282
2018-03-12,15.24,15.990917710802574,-0.04695901288362547
2018-03-13,14.58,15.430917710802573,-0.0551436879354803
2018-03-14,14.02,15.240917710802574,-0.08010788680639636
2018-03-15,13.83,15.490917710802574,-0.10721880664593131
2018-03-16,14.08,15.480917710802574,-0.09049319536302514
2018-03-19,14.07,15.420917710802573,-0.08760293882226189
2018-03-20,14.01,15.480917710802574,-0.09501489112471473
2018-03-21,14.07,15.120917710802575,-0.06950092123388685
2018-03-22,13.71,15.130917710802574,-0.09390823068108567
2018-03-23,13.72,15.870917710802575,-0.13552573014341485
2018-03-26,14.46,15.730917710802574,-0.08079107234346672
2018-03-27,14.32,15.600917710802573,-0.08210527960900815
2018-03-28,14.19,15.760917710802573,-0.09967171579900214
2018-03-29,14.35,14.630204761517835,-0.019152483925232833
2018-04-02,13.99,15.370204761517835,-0.08979742189078921
2018-04-03,14.73,16.280204761517837,-0.09522022506634042
2018-04-04,15.64,15.830204761517836,-0.012015306458966979
2018-04-05,15.19,15.390204761517836,-0.013008583356761805
2018-04-06,14.75,15.040204761517835,-0.019295266661552235
2018-04-09,14.4,15.220204761517836,-0.05388920677280307
2018-04-10,14.58,15.350204761517835,-0.05017553664487251
2018-04-11,14.71,15.630204761517835,-0.05887349369749861
2018-04-12,14.99,14.980204761517836,0.0006538788112782079
2018-04-13,14.34,14.990204761517836,-0.04337530886749541
2018-04-16,14.35,14.840204761517835,-0.03303221009382473
2018-04-17,14.2,14.660204761517836,-0.031391427950982376
2018-04-18,14.02,14.650204761517836,-0.04301678862354308
2018-04-19,14.01,14.630204761517835,-0.04239207664059319
2018-04-20,13.99,15.250204761517836,-0.08263526826195933
2018-04-23,14.61,15.450204761517835,-0.05438146448457126
2018-04-24,14.81,14.960204761517835,-0.010040287811046933
2018-04-25,14.32,15.330204761517836,-0.0658963645452193
2018-04-26,14.69,16.010204761517837,-0.08246020467465132
2018-04-27,15.37,15.990204761517836,-0.03878654280965976
2018-04-30,15.35,16.790204761517835,-0.08577648587220921
2018-05-01,16.15,17.010204761517837,-0.050569923970808284
2018-05-02,16.37,16.210204761517836,0.00985769401639569
2018-05-03,15.57,16.370204761517837,-0.048881780843628375
2018-05-04,15.73,16.890204761517836,-0.06869098260793227
2018-05-07,16.25,17.150204761517838,-0.05248944686291701
2018-05-08,16.51,17.150204761517838,-0.03732927801272368
2018-05-09,16.51,17.280204761517837,-0.044571506654425996
2018-05-10,16.64,17.540204761517835,-0.05132236332228168
2018-05-11,16.9,17.300204761517836,-0.023132949409248815
2018-05-14,16.66,17.770204761517835,-0.06247563134005252
2018-05-15,17.13,18.950204761517835,-0.09605198383999125
2018-05-16,18.31,18.480204761517836,-0.009210112318249974
2018-05-17,17.84,18.640204761517836,-0.04292896841829952
2018-05-18,18.0,18.610204761517835,-0.032788718304680664
2018-05-21,17.97,18.450204761517835,-0.02602706949461142
2018-05-22,17.81,18.530204761517837,-0.03886653012132424
2018-05-23,17.89,19.030204761517837,-0.05991552775215092
2018-05-24,18.39,19.520204761517835,-0.05789922674099823
2018-05-25,18.88,19.210204761517836,-0.017189028728070044
2018-05-29,18.57,19.840204761517835,-0.06402175666964538
2018-05-30,19.2,19.560204761517834,-0.018415183578573302
2018-05-31,18.92,19.970204761517834,-0.05258858254380827
2018-06-01,19.33,21.110204761517835,-0.0843291091502345
2018-06-04,20.47,21.940204761517837,-0.06700961898480151
2018-06-05,21.3,22.740204761517834,-0.06333297244337144
2018-06-06,22.1,22.290204761517835,-0.008533109657485327
2018-06-07,21.65,23.040204761517835,-0.06033821209088308
2018-06-08,22.4,22.810204761517834,-0.01798338795317944
2018-06-11,22.17,22.770204761517835,-0.026359216695854837
2018-06-12,22.13,22.410204761517836,-0.012503444948392284
2018-06-13,21.77,22.370204761517837,-0.026830543927355288
2018-06-14,21.73,22.110204761517835,-0.017195895090920676
2018-06-15,21.47,22.200204761517835,-0.03289180299740224
2018-06-18,21.56,21.500204761517836,0.002781147395823247
2018-06-19,20.86,22.000204761517836,-0.05182700678823915
2018-06-20,21.36,21.720204761517834,-0.01658385661980577
2018-06-21,21.08,21.430204761517835,-0.016341643274762285
2018-06-22,20.79,21.400204761517834,-0.02851396836235487
2018-06-25,20.76,21.720204761517834,-0.0442079055911595
2018-06-26,21.08,21.860204761517835,-0.03569064288415491
2018-06-27,21.22,22.480204761517836,-0.056058420058303304
2018-06-28,21.84,21.720204761517834,0.0055153825572771265
2018-06-29,21.08,21.593577022557476,-0.023783786355589642
2018-07-02,21.15,21.543577022557475,-0.018268879961084283
2018-07-03,21.1,21.193577022557474,-0.0044153482188434845
2018-07-05,20.75,21.313577022557475,-0.02644216041075631
2018-07-06,20.87,21.243577022557474,-0.0175854105059986
2018-07-09,20.8,21.593577022557476,-0.03675060513265005
2018-07-10,21.15,21.283577022557473,-0.006276060758767299
2018-07-11,20.84,20.943577022557474,-0.0049455268527394125
2018-07-12,20.5,20.673577022557474,-0.008396080773447223
2018-07-13,20.23,20.553577022557477,-0.01574310020111591
2018-07-16,20.11,20.453577022557475,-0.016797894186359574
2018-07-17,20.01,20.463577022557477,-0.0221650898109107
2018-07-18,20.02,20.633577022557475,-0.029736822747053915
2018-07-19,20.19,20.463577022557477,-0.013368973677275742
2018-07-20,20.02,20.273577022557475,-0.012507759349784764
2018-07-23,19.83,19.683577022557476,0.007438839865067326
2018-07-24,19.24,20.183577022557476,-0.04674974220391759
2018-07-25,19.74,20.993577022557474,-0.0597124073334675
2018-07-26,20.55,19.723577022557475,0.04190025858379354
2018-07-27,19.28,19.123577022557477,0.008179587807135347
2018-07-30,18.68,19.183577022557476,-0.02625042357665275
2018-07-31,18.74,18.213577022557477,0.028902778229149995
2018-08-01,17.77,18.613577022557475,-0.04532052176404133
2018-08-02,18.17,18.823577022557476,-0.03472119150224484
2018-08-03,18.38,18.813577022557475,-0.023045964201152014
2018-08-06,18.37,18.933577022557476,-0.029766008920872666
2018-08-07,18.49,19.203577022557475,-0.037158547166461386
2018-08-08,18.76,19.593577022557476,-0.0425433815172086
2018-08-09,19.15,19.583577022557474,-0.022139827778043686
2018-08-10,19.14,19.653577022557474,-0.026131478354704307
2018-08-13,19.21,20.233577022557476,-0.050588040929013034
2018-08-14,19.79,19.463577022557477,0.016770965432726603
2018-08-15,19.02,19.663577022557476,-0.03272939719051038
2018-08-16,19.22,19.363577022557475,-0.007414798535942846
2018-08-17,18.92,19.893577022557476,-0.04893926423857953
2018-08-20,19.45,20.303577022557477,-0.0420407212782824
2018-08-21,19.86,20.263577022557474,-0.019916376171305372
2018-08-22,19.82,20.383577022557475,-0.027648583069291188
2018-08-23,19.94,20.153577022557474,-0.010597474697341402
2018-08-24,19.71,19.473577022557475,0.012140706207630192
2018-08-27,19.03,19.733577022557476,-0.03565380071505608
2018-08-28,19.29,19.743577022557474,-0.02297339646403751
2018-08-29,19.3,19.483577022557476,-0.009422141650115679
2018-08-30,19.04,19.413577022557476,-0.019243080351622033
2018-08-31,18.97,19.753577022557476,-0.03966760155199622
2018-09-04,19.31,19.633577022557475,-0.016480798286818032
2018-09-05,19.19,19.623577022557477,-0.02209469874218517
2018-09-06,19.18,18.863577022557475,0.016774282897890513
2018-09-07,18.42,19.163577022557476,-0.03880157768469883
2018-09-10,18.72,19.203577022557475,-0.025181611841868956
2018-09-11,18.76,19.083577022557474,-0.016955784661072393
2018-09-12,18.64,18.793577022557475,-0.008171782432537467
2018-09-13,18.35,18.183577022557476,0.009152378392660143
2018-09-14,17.74,18.113577022557475,-0.02062414409325386
2018-09-17,17.67,17.903577022557474,-0.013046388565993161
2018-09-18,17.46,17.72357702255748,-0.01487154778191857
2018-09-19,17.28,18.593577022557476,-0.0706468164228895
2018-09-20,18.15,19.143577022557476,-0.05190132551438609
2018-09-21,18.7,19.283577022557473,-0.030262903084568804
2018-09-24,18.84,19.183577022557476,-0.017909956112641123
2018-09-25,18.74,19.713577022557477,-0.04938611706254281
2018-09-26,19.27,19.683577022557476,-0.0210112736157414
2018-09-27,19.24,19.903577022557474,-0.03333958623645483
2018-09-28,19.46,19.71911945897229,-0.013140518749400254
2018-10-01,19.34,18.89911945897229,0.023328099596640284
2018-10-02,18.52,19.22911945897229,-0.03687737550777004
2018-10-03,18.85,18.66911945897229,0.009688755885097766
2018-10-04,18.29,18.18911945897229,0.005546202566609093
2018-10-05,17.81,18.05911945897229,-0.01379466255474171
2018-10-08,17.68,18.09911945897229,-0.02315689776634522
2018-10-09,17.72,17.18911945897229,0.030884685064574535
2018-10-10,16.81,17.19911945897229,-0.0226243825970579
2018-10-11,16.82,17.64911945897229,-0.04697795042408137
2018-10-12,17.27,17.68911945897229,-0.023693630423175405
2018-10-15,17.31,18.28911945897229,-0.053535625986190105
2018-10-16,17.91,17.93911945897229,-0.0016232379208404035
2018-10-17,17.56,17.51911945897229,0.002333481492802436
2018-10-18,17.14,17.17911945897229,-0.0022771515772805895
2018-10-19,16.8,17.41911945897229,-0.03554252328486052
2018-10-22,17.04,17.319119458972292,-0.01611626154744794
2018-10-23,16.94,17.11911945897229,-0.010463123375099137
2018-10-24,16.74,17.40911945897229,-0.038434997275375915
2018-10-25,17.03,16.92911945897229,0.005958995166416958
2018-10-26,16.55,17.18911945897229,-0.03718162879126918
2018-10-29,16.81,21.34911945897229,-0.21261389574850387
2018-10-30,20.97,20.20911945897229,0.03765035594808652
2018-10-31,19.83,21.48911945897229,-0.07720741941706522
2018-11-01,21.11,21.79911945897229,-0.03161226123235239
2018-11-02,21.42,21.83911945897229,-0.0191912251663654
2018-11-05,21.46,21.28911945897229,0.00802666081878245
2018-11-06,20.91,21.03911945897229,-0.006137113258189442
2018-11-07,20.66,21.11911945897229,-0.021739517116904916
2018-11-08,20.74,21.11911945897229,-0.017951480397125352
2018-11-09,20.74,21.19911945897229,-0.021657477795756996
2018-11-12,20.82,21.48911945897229,-0.031137593154982213
2018-11-13,21.11,21.32911945897229,-0.010273253867501553
2018-11-14,20.95,21.27911945897229,-0.015466779986214041
2018-11-15,20.9,20.58911945897229,0.015099263552635023
2018-11-16,20.21,19.79911945897229,0.020752465374995088
2018-11-19,19.42,19.75911945897229,-0.017162680739717828
2018-11-20,19.38,20.40911945897229,-0.050424490926278986
2018-11-21,20.03,20.45911945897229,-0.02097448327787632
2018-11-23,20.08,21.03911945897229,-0.04558743348753924
2018-11-26,20.66,20.77911945897229,-0.005732651915663967
2018-11-27,20.4,21.94911945897229,-0.07057774968458008
2018-11-28,21.57,22.12911945897229,-0.025266231673108597
2018-11-29,21.75,22.70911945897229,-0.042234991132311106
2018-11-30,22.33,22.90911945897229,-0.025278992499446873
2018-12-03,22.53,22.34911945897229,0.00809340794655311
2018-12-04,21.97,22.95911945897229,-0.04308176804166364
2018-12-06,22.58,22.44911945897229,0.005830096867135648
2018-12-07,22.07,21.38911945897229,0.03183303278724248
2018-12-10,21.01,21.24911945897229,-0.011253146721396212
2018-12-11,20.87,19.38911945897229,0.07637688468325132
2018-12-12,19.01,18.18911945897229,0.04513030676824714
2018-12-13,17.81,18.10911945897229,-0.016517614765862665
2018-12-14,17.73,17.39911945897229,0.019017085422508684
2018-12-17,17.02,17.77911945897229,-0.04269724722442303
2018-12-18,17.4,17.01911945897229,0.022379567987985016
2018-12-19,16.64,16.45911945897229,0.010989685169889851
2018-12-20,16.08,15.78911945897229,0.01842284756813406
2018-12-21,15.41,15.56911945897229,-0.010220196420973049
2018-12-24,15.19,16.60911945897229,-0.08544218508860679
2018-12-26,16.23,16.62911945897229,-0.024001238307115758
2018-12-27,16.25,16.36911945897229,-0.007277084101612874
2018-12-28,15.99,16.549119458972292,-0.033785450661494854
2018-12-31,16.17,18.972174107809465,-0.1476991562425105
2019-01-02,16.45,18.482174107809467,-0.10995319576341356
2019-01-03,15.96,19.122174107809467,-0.16536687146458096
2019-01-04,16.6,19.632174107809465,-0.15444922661944493
2019-01-07,17.11,19.762174107809468,-0.13420457148798226
2019-01-08,17.24,20.142174107809467,-0.1440844514735996
2019-01-09,17.62,20.072174107809467,-0.122167837656181
2019-01-10,17.55,20.382174107809465,-0.13895348419795472
2019-01-11,17.86,20.40217410780947,-0.12460309839412576
2019-01-14,17.88,20.442174107809468,-0.12533765216443626
2019-01-15,17.92,20.292174107809466,-0.1169009340845607
2019-01-16,17.77,20.672174107809468,-0.14039036690935636
2019-01-17,18.15,21.072174107809467,-0.13867454268643753
2019-01-18,18.55,21.112174107809466,-0.12136003117091143
2019-01-22,18.59,20.922174107809468,-0.11146901348741545
2019-01-23,18.4,21.382174107809465,-0.13947010686440342
2019-01-24,18.86,22.012174107809468,-0.14320139811592447
2019-01-25,19.49,21.892174107809467,-0.10972752619177073
2019-01-28,19.37,21.452174107809466,-0.097061216142725
2019-01-29,18.93,21.532174107809468,-0.12085050468107117
2019-01-30,19.01,21.462174107809467,-0.11425562459290595
2019-01-31,18.94,21.382174107809465,-0.11421542521803252
2019-02-01,18.86,21.452174107809466,-0.12083503027629305
2019-02-04,18.93,21.622174107809467,-0.12450987094943022
2019-02-05,19.1,21.452174107809466,-0.10964735303696682
2019-02-06,18.93,21.15217410780947,-0.10505653444810825
2019-02-07,18.63,21.56217410780947,-0.13598694144425283
2019-02-08,19.04,21.672174107809468,-0.12145408645738853
2019-02-11,19.15,22.532174107809468,-0.15010420617321762
2019-02-12,20.01,22.40217410780947,-0.10678312275840884
2019-02-13,19.88,22.302174107809467,-0.1086070844977084
2019-02-14,19.78,21.56217410780947,-0.08265280202723124
2019-02-15,19.04,21.912174107809467,-0.13107663774841172
2019-02-19,19.39,21.702174107809466,-0.10654112792217607
2019-02-20,19.18,21.932174107809466,-0.12548569486458205
2019-02-21,19.41,22.182174107809466,-0.1249730569391525
2019-02-22,19.66,22.15217410780947,-0.11250246118871388
2019-02-25,19.63,21.892174107809467,-0.103332546903256
2019-02-26,19.37,22.602174107809468,-0.14300279665099525
2019-02-27,20.08,22.602174107809468,-0.11158988935219338
2019-02-28,20.08,22.932174107809466,-0.12437434385421708
2019-03-01,20.41,22.372174107809467,-0.0877060091859615
2019-03-04,19.85,22.352174107809468,-0.11194320944982483
2019-03-05,19.83,21.952174107809466,-0.09667261645189418
2019-03-06,19.43,21.882174107809465,-0.11206263581159959
2019-03-07,19.36,21.632174107809465,-0.10503678902016533
2019-03-08,19.11,22.212174107809467,-0.1396609846813145
2019-03-11,19.69,22.212174107809467,-0.1135491778322909
2019-03-12,19.69,22.222174107809465,-0.11394808156595215
2019-03-13,19.7,22.422174107809468,-0.12140544867419245
2019-03-14,19.9,22.322174107809467,-0.1085097758001119
2019-03-15,19.8,22.372174107809467,-0.11497202263018313
2019-03-18,19.85,22.252174107809466,-0.10795233293480366
2019-03-19,19.73,21.522174107809466,-0.08327105332537776
2019-03-20,19.0,21.802174107809467,-0.12852727869950076
2019-03-21,19.28,20.932174107809466,-0.07892988560577019
2019-03-22,18.41,21.102174107809468,-0.12757804452069
2019-03-25,18.58,21.112174107809466,-0.11993905008924721
2019-03-26,18.59,21.24217410780947,-0.12485417426432
2019-03-27,18.72,21.472174107809465,-0.1281739843385722
2019-03-28,18.95,21.392174107809467,-0.11416203399905589
2019-03-29,18.87,19.477040796063807,-0.03116699309817561
2019-04-01,18.84,19.66704079606381,-0.04205212185400731
2019-04-02,19.03,19.777040796063808,-0.03777313318848441
2019-04-03,19.14,20.407040796063807,-0.062088413931538744
2019-04-04,19.77,20.277040796063808,-0.025005660400024277
2019-04-05,19.64,20.137040796063808,-0.024682911511057948
2019-04-08,19.5,19.34704079606381,0.007906077500354103
2019-04-09,18.71,19.957040796063808,-0.0624862577977876
2019-04-10,19.32,19.977040796063807,-0.03288979597985642
2019-04-11,19.34,20.32704079606381,-0.04855801717360364
2019-04-12,19.69,20.407040796063807,-0.0351369315732496
2019-04-15,19.77,20.137040796063808,-0.01822714666871772
2019-04-16,19.5,20.297040796063808,-0.0392688177588123
2019-04-17,19.66,20.37704079606381,-0.03518866175123514
2019-04-18,19.74,20.17704079606381,-0.021660301948196015
2019-04-22,19.54,20.57704079606381,-0.05039795597150132
2019-04-23,19.94,20.93704079606381,-0.04762090334424207
2019-04-24,20.3,20.73704079606381,-0.021075369449375048
2019-04-25,20.1,21.03704079606381,-0.04454242424814503
2019-04-26,20.4,21.19704079606381,-0.0376015125758411
2019-04-29,20.56,21.35704079606381,-0.03731981427926612
2019-04-30,20.72,20.317040796063807,0.019833557848358607
2019-05-01,19.68,21.027040796063808,-0.06406230953411052
2019-05-02,20.39,20.87704079606381,-0.02332901491267081
2019-05-03,20.24,20.497040796063807,-0.012540385640114948
2019-05-06,19.86,20.14704079606381,-0.014247293136959827
2019-05-07,19.51,20.43704079606381,-0.04536081350106003
2019-05-08,19.8,20.247040796063807,-0.022079315222731988
2019-05-09,19.61,19.867040796063808,-0.012938051454282729
2019-05-10,19.23,19.16704079606381,0.0032847639135364926
2019-05-13,18.53,19.76704079606381,-0.06258098057399364
2019-05-14,19.13,19.58704079606381,-0.023333835918474155
2019-05-15,18.95,19.997040796063807,-0.05235978696757504
2019-05-16,19.36,21.33704079606381,-0.0926576845852275
2019-05-17,20.7,21.497040796063807,-0.03707676808287719
2019-05-20,20.86,21.797040796063808,-0.04298935827256989
2019-05-21,21.16,22.00704079606381,-0.03848953632218066
2019-05-22,21.37,21.48704079606381,-0.005447041180526302
2019-05-23,20.85,21.547040796063808,-0.03234972276059089
2019-05-24,20.91,21.59704079606381,-0.03181180248495086
2019-05-28,20.96,20.957040796063808,0.00014120332946765402
2019-05-29,20.32,21.07704079606381,-0.03591779336524259
2019-05-30,20.44,20.867040796063808,-0.020464846943911708
2019-05-31,20.23,21.35704079606381,-0.05277139313567858
2019-06-03,20.72,22.33704079606381,-0.07239279414078714
2019-06-04,21.7,23.23704079606381,-0.06614615043083172
2019-06-05,22.6,23.16704079606381,-0.024476185847618015
2019-06-06,22.53,23.527040796063808,-0.04237850415215061
2019-06-07,22.89,23.32704079606381,-0.018735372389692695
2019-06-10,22.69,23.73704079606381,-0.04410999690565609
2019-06-11,23.1,23.55704079606381,-0.01940145199137977
2019-06-12,22.92,24.12704079606381,-0.0500285470674352
2019-06-13,23.49,24.48704079606381,-0.04071707987778095
2019-06-14,23.85,24.157040796063807,-0.012710199012200052
2019-06-17,23.52,24.637040796063808,-0.0453398931028387
2019-06-18,24.0,24.387040796063808,-0.015870756903243355
2019-06-19,23.75,24.12704079606381,-0.015627312079039668
2019-06-20,23.49,23.73704079606381,-0.010407396532122748
2019-06-21,23.1,23.08704079606381,0.000561319402112348
2019-06-24,22.45,22.497040796063807,-0.0020909770529481397
2019-06-25,21.86,22.707040796063808,-0.03730300234501016
2019-06-26,22.07,22.78704079606381,-0.03146704315321491
2019-06-27,22.15,22.83704079606381,-0.03008449309168948
2019-06-28,22.2,23.074427870236292,-0.03789597190248073
2019-07-01,22.07,23.334427870236294,-0.05418722401371179
2019-07-02,22.33,23.70442787023629,-0.057981904383444305
2019-07-03,22.7,23.654427870236294,-0.04034880384645556
2019-07-05,22.65,24.134427870236294,-0.061506652580190724
2019-07-08,23.13,24.214427870236293,-0.0447843688914592
2019-07-09,23.21,24.02442787023629,-0.03389999023640766
2019-07-10,23.02,24.224427870236294,-0.049719558979394174
2019-07-11,23.22,24.984427870236292,-0.07062110364905494
2019-07-12,23.98,25.304427870236292,-0.05233976745208757
2019-07-15,24.3,25.264427870236293,-0.03817335089438034
2019-07-16,24.26,24.834427870236294,-0.02313030415831463
2019-07-17,23.83,24.914427870236292,-0.04352609965135068
2019-07-18,23.91,24.95442787023629,-0.04185340876846966
2019-07-19,23.95,24.61442787023629,-0.026993431402877244
2019-07-22,23.61,25.164427870236292,-0.061770840896995804
2019-07-23,24.16,25.234427870236292,-0.0425778573527148
2019-07-24,24.23,25.144427870236292,-0.0363670183690562
2019-07-25,24.14,25.174427870236293,-0.04109042221608128
2019-07-26,24.17,25.394427870236292,-0.048216399144451305
2019-07-29,24.39,22.054427870236292,0.10590037263744656
2019-07-30,21.05,21.34442787023629,-0.013794132690099214
2019-07-31,20.34,20.124427870236293,0.010711963150144221
2019-08-01,19.12,20.194427870236293,-0.05320417479218842
2019-08-02,19.19,19.404427870236294,-0.011050460836580234
2019-08-05,18.4,19.974427870236294,-0.07882217605753483
2019-08-06,18.97,19.84442787023629,-0.04406415120426854
2019-08-07,18.84,19.804427870236292,-0.04869758806240054
2019-08-08,18.8,19.154427870236294,-0.018503704346451988
2019-08-09,18.15,18.70442787023629,-0.029641530555368334
2019-08-12,17.7,18.834427870236294,-0.06023160767357372
2019-08-13,17.83,17.964427870236293,-0.007483003144175604
2019-08-14,16.96,17.50442787023629,-0.0311022944749888
2019-08-15,16.5,17.794427870236294,-0.072743438545805
2019-08-16,16.79,17.854427870236293,-0.059617024861979395
2019-08-19,16.85,17.74442787023629,-0.050406126180972066
2019-08-20,16.74,17.924427870236293,-0.06607897773981675
2019-08-21,16.92,18.144427870236292,-0.06748230801175137
2019-08-22,17.14,17.15442787023629,-0.0008410580839786075
2019-08-23,16.15,17.31442787023629,-0.06725188258966142
2019-08-26,16.31,17.124427870236293,-0.04755942075307751
2019-08-27,16.12,17.50442787023629,-0.07909015253165208
2019-08-28,16.5,17.964427870236293,-0.08151820257312936
2019-08-29,16.96,17.924427870236293,-0.053805224759097325
2019-08-30,16.92,17.884427870236294,-0.053925564588024444
2019-09-03,16.88,18.24442787023629,-0.07478600479778263
2019-09-04,17.24,18.914427870236292,-0.08852648791302697
2019-09-05,17.91,18.784427870236293,-0.04655067890685205
2019-09-06,17.78,19.324427870236292,-0.0799210139936426
2019-09-09,18.32,19.604427870236293,-0.06551723308316115
2019-09-10,18.6,20.144427870236292,-0.07666774555152334
2019-09-11,19.14,20.234427870236292,-0.05408741365235903
2019-09-12,19.23,20.074427870236292,-0.04206485363840917
2019-09-13,19.07,20.02442787023629,-0.04766317801543407
2019-09-16,19.02,20.02442787023629,-0.050160128256610204
2019-09-17,19.02,19.894427870236292,-0.043953406247209004
2019-09-18,18.89,19.424427870236293,-0.027513184625385434
2019-09-19,18.42,18.984427870236292,-0.029731097196834533
2019-09-20,17.98,18.994427870236294,-0.053406603092577054
2019-09-23,17.99,18.664427870236292,-0.036134398274901725
2019-09-24,17.66,18.854427870236293,-0.06334999282167686
2019-09-25,17.85,18.974427870236294,-0.05926017258207272
2019-09-26,17.97,18.794427870236294,-0.043865547593598064
2019-09-27,17.79,19.134427870236294,-0.0702622455896661
2019-09-30,18.13,18.927532766431668,-0.042136118651772136
2019-10-01,18.01,18.43753276643167,-0.023188176631206092
2019-10-02,17.52,18.41753276643167,-0.04873251905203824
2019-10-03,17.5,18.50753276643167,-0.054439064306783136
2019-10-04,17.59,18.38753276643167,-0.04337356058381292
2019-10-07,17.47,18.26753276643167,-0.043658482873900395
2019-10-08,17.35,18.66753276643167,-0.07057883775626106
2019-10-09,17.75,18.767532766431668,-0.05421771626005445
2019-10-10,17.85,19.177532766431668,-0.0692233345446489
2019-10-11,18.26,19.14753276643167,-0.04635233046774767
2019-10-14,18.23,19.37753276643167,-0.05921975621269904
2019-10-15,18.46,19.27753276643167,-0.04240857875003867
2019-10-16,18.36,19.37753276643167,-0.052510955790738056
2019-10-17,18.46,18.72753276643167,-0.014285531883367453
2019-10-18,17.81,19.087532766431668,-0.06693021995374937
2019-10-21,18.17,20.337532766431668,-0.10657796062702896
2019-10-22,19.42,19.927532766431668,-0.025468921435503278
2019-10-23,19.01,19.927532766431668,-0.04604347046801838
2019-10-24,19.01,19.97753276643167,-0.04843104390034669
2019-10-25,19.06,19.95753276643167,-0.04497213041991388
2019-10-28,19.04,19.63753276643167,-0.030428097742150717
2019-10-29,18.72,19.53753276643167,-0.04184421729218091
2019-10-30,18.62,19.41753276643167,-0.04107281682101316
2019-10-31,18.5,19.82753276643167,-0.06695400693923981
2019-11-01,18.91,16.357532766431667,0.15604231212707176
2019-11-04,15.44,17.22753276643167,-0.10376023024694092
2019-11-05,16.31,17.42753276643167,-0.06412455402661621
2019-11-06,16.51,16.997532766431668,-0.028682560765200704
2019-11-07,16.08,16.79753276643167,-0.042716557033042
2019-11-08,15.88,16.87753276643167,-0.05910418188704092
2019-11-11,15.96,16.497532766431668,-0.03258261547601904
2019-11-12,15.58,16.587532766431668,-0.06074036329686239
2019-11-13,15.67,16.47753276643167,-0.04900811170448949
2019-11-14,15.56,16.88753276643167,-0.07861022594552602
2019-11-15,15.97,16.63753276643167,-0.04012210078278555
2019-11-18,15.72,16.52753276643167,-0.04885984967289325
2019-11-19,15.61,16.34753276643167,-0.045115845734601256
2019-11-20,15.43,16.157532766431668,-0.04502746656613099
2019-11-21,15.24,16.57753276643167,-0.08068346389518699
2019-11-22,15.66,16.587532766431668,-0.055917464006987494
2019-11-25,15.67,17.38753276643167,-0.09877955599011345
2019-11-26,16.47,18.407532766431668,-0.10525760247266769
2019-11-27,17.49,18.21753276643167,-0.039935856065660635
2019-11-29,17.3,17.78753276643167,-0.02740867847348305
2019-12-02,16.87,17.54753276643167,-0.038611283731453394
2019-12-03,16.63,17.92753276643167,-0.07237653855310378
2019-12-04,17.01,18.11753276643167,-0.061130440922050666
2019-12-05,17.2,18.35753276643167,-0.06305492035118798
2019-12-06,17.44,18.607532766431667,-0.06274516783535733
2019-12-09,17.69,18.607532766431667,-0.04930974879630001
2019-12-10,17.69,18.42753276643167,-0.04002341364847217
2019-12-11,17.51,18.42753276643167,-0.049791406047752895
2019-12-12,17.51,18.697532766431667,-0.06351280574106999
2019-12-13,17.78,19.50753276643167,-0.08855721464707145
2019-12-16,18.59,19.607532766431667,-0.0518949925292842
2019-12-17,18.69,19.947532766431667,-0.06304202034187811
2019-12-18,19.03,19.927532766431668,-0.045039833929847006
2019-12-19,19.01,20.21753276643167,-0.059727009244006535
2019-12-20,19.3,20.28753276643167,-0.048676829154192136
2019-12-23,19.37,20.31753276643167,-0.0466362120501741
2019-12-24,19.4,20.46753276643167,-0.052157374247984944
2019-12-26,19.55,20.16753276643167,-0.03062014444620298
2019-12-27,19.25,19.907532766431668,-0.033029344929192184
2019-12-30,18.99,20.89061548312875,-0.09097939142404343
2019-12-31,19.18,20.95061548312875,-0.08451376927587662
2020-01-02,19.24,20.98061548312875,-0.08296303244909298
2020-01-03,19.27,20.080615483128753,-0.04036805962495582
2020-01-06,18.37,20.30061548312875,-0.09510132757961098
2020-01-07,18.59,19.870615483128752,-0.0644477008885842
2020-01-08,18.16,19.49061548312875,-0.06826954665852092
2020-01-09,17.78,19.48061548312875,-0.08729783125187052
2020-01-10,17.77,19.75061548312875,-0.1002812031260808
2020-01-13,18.04,20.47061548312875,-0.11873680520900742
2020-01-14,18.76,20.61061548312875,-0.08978943324829913
2020-01-15,18.9,20.73061548312875,-0.08830492681795032
2020-01-16,19.02,20.080615483128753,-0.05281787722193365
2020-01-17,18.37,19.80061548312875,-0.07225106130401437
2020-01-21,18.09,20.02061548312875,-0.09643137518702505
2020-01-22,18.31,20.49061548312875,-0.10642020416244657
2020-01-23,18.78,20.32061548312875,-0.0758153946866349
2020-01-24,18.61,20.16061548312875,-0.07691310240138116
2020-01-27,18.45,20.39061548312875,-0.09517199148473099
2020-01-28,18.68,20.39061548312875,-0.08389229273359211
2020-01-29,18.68,20.260615483128753,-0.07801418888014289
2020-01-30,18.55,19.670615483128753,-0.0569690096423211
2020-01-31,17.96,19.690615483128752,-0.08789037014163281
2020-02-03,17.98,20.13061548312875,-0.10683307149407117
2020-02-04,18.42,20.210615483128752,-0.08859777103886346
2020-02-05,18.5,20.11061548312875,-0.08008782647552148
2020-02-06,18.4,19.68061548312875,-0.06506988992425378
2020-02-07,17.97,19.86061548312875,-0.09519420406355461
2020-02-10,18.15,16.830615483128753,0.0783919351133544
2020-02-11,15.12,17.16061548312875,-0.11891272111626516
2020-02-12,15.45,16.84061548312875,-0.08257509854802492
2020-02-13,15.13,17.16061548312875,-0.11832999143446365
2020-02-14,15.45,16.710615483128752,-0.07543800432733827
2020-02-18,15.0,16.670615483128753,-0.10021318557910919
2020-02-19,14.96,16.65061548312875,-0.10153471412764092
2020-02-20,14.94,16.280615483128752,-0.08234427528357291
2020-02-21,14.57,15.85061548312875,-0.08079279220998237
2020-02-24,14.14,15.170615483128751,-0.06793498156188182
2020-02-25,13.46,14.750615483128751,-0.08749570379655769
2020-02-26,13.04,14.26061548312875,-0.08559346436153614
2020-02-27,12.55,14.19061548312875,-0.11561270792512701
2020-02-28,12.48,14.20061548312875,-0.12116485269057198
2020-03-02,12.49,13.910615483128751,-0.10212455982639446
2020-03-03,12.2,14.10061548312875,-0.1347895405986228
2020-03-04,12.39,13.44061548312875,-0.07816721521775016
2020-03-05,11.73,12.85061548312875,-0.08720325377410743
2020-03-06,11.14,11.62061548312875,-0.04135886638935138
2020-03-09,9.91,12.000615483128751,-0.1742090217012514
2020-03-10,10.29,11.70061548312875,-0.1205590838501388
2020-03-11,9.99,10.460615483128752,-0.04498927275242803
2020-03-12,8.75,11.19061548312875,-0.21809483909158378
2020-03-13,9.48,10.040615483128752,-0.05583477268607229
2020-03-16,8.33,10.670615483128751,-0.21935149728049752
2020-03-17,8.96,9.10061548312875,-0.015451205843102667
2020-03-18,7.39,9.720615483128752,-0.23976007354408824
2020-03-19,8.01,8.94061548312875,-0.10408852554780534
2020-03-20,7.23,8.85061548312875,-0.18310765914732208
2020-03-23,7.14,9.720615483128752,-0.26547860962175773
2020-03-24,8.01,9.95061548312875,-0.1950246682146507
2020-03-25,8.24,10.470615483128752,-0.21303575579897194
2020-03-26,8.76,10.03061548312875,-0.12667373056677278
2020-03-27,8.32,10.12061548312875,-0.17791561058024674
2020-03-30,8.41,9.77061548312875,-0.13925586217963148
2020-03-31,8.06,9.160615483128751,-0.12014645578736183
2020-04-01,7.45,8.60061548312875,-0.13378292348795684
2020-04-02,6.89,9.19061548312875,-0.2503222430915535
2020-04-03,7.48,9.710615483128752,-0.22970897025057047
2020-04-06,8.0,10.10061548312875,-0.20796905759232676
2020-04-07,8.39,10.35061548312875,-0.18942018340112288
2020-04-08,8.64,11.060615483128752,-0.2188499805296571
2020-04-09,9.35,10.44061548312875,-0.1044589262856298
2020-04-13,8.73,10.68061548312875,-0.1826313742134028
2020-04-14,8.97,10.36061548312875,-0.13422131970762075
2020-04-15,8.65,10.070615483128751,-0.14106540811817314
2020-04-16,8.36,10.60061548312875,-0.21136654628165397
2020-04-17,8.89,10.35061548312875,-0.14111387728676783
2020-04-20,8.64,10.230615483128751,-0.15547603032797253
2020-04-21,8.52,10.27061548312875,-0.17044893619125723
2020-04-22,8.56,10.45061548312875,-0.18090948673606055
2020-04-23,8.74,10.68061548312875,-0.18169509858249033
2020-04-24,8.97,11.060615483128752,-0.18901438950822036
2020-04-27,9.35,11.35061548312875,-0.17625612338841112
2020-04-28,9.64,11.500615483128751,-0.16178399198358107
2020-04-29,9.79,10.980615483128751,-0.10842884763227367
2020-04-30,9.27,10.470615483128752,-0.11466522527384349
2020-05-01,8.76,10.420615483128751,-0.15935867567681883
2020-05-04,8.71,10.170615483128751,-0.1436113168914558
2020-05-05,8.46,9.94061548312875,-0.14894605727800814
2020-05-06,8.23,10.320615483128751,-0.2025669386236032
2020-05-07,8.61,10.650615483128751,-0.1915960149308945
2020-05-08,8.94,9.710615483128752,-0.07935804733156426
2020-05-11,8.0,9.390615483128752,-0.14808565909520433
2020-05-12,7.68,8.640615483128752,-0.11117442791018806
2020-05-13,6.93,8.62061548312875,-0.19611308339148448
2020-05-14,6.91,8.62061548312875,-0.19843310335283648
2020-05-15,6.91,9.01061548312875,-0.23312674778564124
2020-05-18,7.3,8.790615483128752,-0.1695689552102002
2020-05-19,7.08,9.18061548312875,-0.22880987521904816
2020-05-20,7.47,9.410615483128751,-0.20621557501821908
2020-05-21,7.7,9.090615483128751,-0.15297264367958252
2020-05-22,7.38,9.570615483128751,-0.2288897184293327
2020-05-26,7.86,10.220615483128752,-0.2309660790023299
2020-05-27,8.51,9.830615483128751,-0.13433700925391545
2020-05-28,8.12,9.570615483128751,-0.1515697172962306
2020-05-29,7.86,9.970615483128752,-0.21168357025703355
2020-06-01,8.26,10.12061548312875,-0.18384410377317761
2020-06-02,8.41,10.900615483128751,-0.22848393166271763
2020-06-03,9.19,11.01061548312875,-0.16535092755881153
2020-06-04,9.3,11.550615483128752,-0.19484810020869292
2020-06-05,9.84,11.130615483128752,-0.11595185235578431
2020-06-08,10.22,,
2020-06-09,9.71,,
2020-06-10,9.42,10.51061548312875,-0.10376323678469324
2020-06-11,8.52,,
2020-06-12,8.68,,
2020-06-15,8.8,10.990615483128751,-0.199316906909488
2020-06-16,9.28,10.560615483128752,-0.12126333783997878
2020-06-17,8.85,10.52061548312875,-0.15879446272015285
2020-06-18,8.81,10.310615483128752,-0.1455408249472795
2020-06-19,8.6,10.290615483128752,-0.1642871105135043
2020-06-22,8.58,10.640615483128752,-0.1936556664786886
2020-06-23,8.93,10.290615483128752,-0.13221905777739462
2020-06-24,8.58,10.380615483128752,-0.1734594144302165
2020-06-25,8.67,9.970615483128752,-0.13044485421481944
2020-06-26,8.26,10.590615483128751,-0.22006421504411233
2020-06-29,8.88,10.550615483128752,-0.1583429408265512
2020-06-30,8.84,10.36061548312875,-0.14676883681330755
2020-07-01,8.65,10.390615483128752,-0.1675180345144125
2020-07-02,8.68,10.710615483128752,-0.1895890564204603
2020-07-06,9.0,10.310615483128752,-0.12711321504262385
2020-07-07,8.6,10.35061548312875,-0.16913153483309384
2020-07-08,8.64,10.000615483128751,-0.13605317446952514
2020-07-09,8.29,10.340615483128751,-0.1983069079857419
2020-07-10,8.63,10.170615483128751,-0.15147711421047805
2020-07-13,8.46,10.20061548312875,-0.17063828021040794
2020-07-14,8.49,10.890615483128752,-0.22042973483433292
2020-07-15,9.18,10.900615483128751,-0.15784571850936358
2020-07-16,9.19,10.840615483128751,-0.15226215575099067
2020-07-17,9.13,,
2020-07-20,8.82,,
2020-07-21,9.44,,
2020-07-22,9.42,,
2020-07-23,9.78,,
2020-07-24,9.83,,
2020-07-27,9.95,,
2020-07-28,10.03,,
2020-07-29,10.33,,
2020-07-30,10.18,,
2020-07-31,9.49,,
2020-08-03,8.79,,
2020-08-04,8.94,,
2020-08-05,9.44,,
2020-08-06,9.03,,
