date,AMCR,AMCR_EPS,PE Ratio
,,-0.0026,
2012-05-15,7.7,-0.0026,-2961.538461538462
2012-05-16,7.7,-0.0026,-2961.538461538462
2012-05-17,7.7,-0.0026,-2961.538461538462
2012-05-18,7.7,-0.0026,-2961.538461538462
2012-05-21,7.7,-0.0026,-2961.538461538462
2012-05-22,7.7,-0.0026,-2961.538461538462
2012-05-23,7.7,-0.0026,-2961.538461538462
2012-05-24,7.7,-0.0026,-2961.538461538462
2012-05-25,7.7,-0.0026,-2961.538461538462
2012-05-29,7.7,-0.0026,-2961.538461538462
2012-05-30,7.7,-0.0026,-2961.538461538462
2012-05-31,7.7,-0.0026,-2961.538461538462
2012-06-01,7.7,-0.0026,-2961.538461538462
2012-06-04,7.7,-0.0026,-2961.538461538462
2012-06-05,7.7,-0.0026,-2961.538461538462
2012-06-06,7.7,-0.0026,-2961.538461538462
2012-06-07,7.4,-0.0026,-2846.1538461538466
2012-06-08,7.4,-0.0026,-2846.1538461538466
2012-06-11,7.4,-0.0026,-2846.1538461538466
2012-06-12,7.4,-0.0026,-2846.1538461538466
2012-06-13,7.4,-0.0026,-2846.1538461538466
2012-06-14,7.4,-0.0026,-2846.1538461538466
2012-06-15,7.4,-0.0026,-2846.1538461538466
2012-06-18,7.4,-0.0026,-2846.1538461538466
2012-06-19,7.4,-0.0026,-2846.1538461538466
2012-06-20,7.4,-0.0026,-2846.1538461538466
2012-06-21,7.4,-0.0026,-2846.1538461538466
2012-06-22,7.4,-0.0026,-2846.1538461538466
2012-06-25,7.4,-0.0026,-2846.1538461538466
2012-06-26,7.4,-0.0026,-2846.1538461538466
2012-06-27,7.4,-0.0026,-2846.1538461538466
2012-06-28,7.4,-0.0026,-2846.1538461538466
2012-06-29,7.4,-0.0026,-2846.1538461538466
2012-07-02,7.4,-0.0026,-2846.1538461538466
2012-07-03,7.4,-0.0026,-2846.1538461538466
2012-07-05,7.4,-0.0026,-2846.1538461538466
2012-07-06,7.4,-0.0026,-2846.1538461538466
2012-07-09,7.4,-0.0026,-2846.1538461538466
2012-07-10,7.4,-0.0026,-2846.1538461538466
2012-07-11,7.4,-0.0026,-2846.1538461538466
2012-07-12,7.4,-0.0026,-2846.1538461538466
2012-07-13,7.4,-0.0026,-2846.1538461538466
2012-07-16,7.4,-0.0026,-2846.1538461538466
2012-07-17,7.4,-0.0026,-2846.1538461538466
2012-07-18,7.4,-0.0026,-2846.1538461538466
2012-07-19,7.4,-0.0026,-2846.1538461538466
2012-07-20,7.4,-0.0026,-2846.1538461538466
2012-07-23,7.4,-0.0026,-2846.1538461538466
2012-07-24,7.4,-0.0026,-2846.1538461538466
2012-07-25,7.4,-0.0026,-2846.1538461538466
2012-07-26,7.4,-0.0026,-2846.1538461538466
2012-07-27,7.4,-0.0026,-2846.1538461538466
2012-07-30,7.4,-0.0026,-2846.1538461538466
2012-07-31,7.4,-0.0026,-2846.1538461538466
2012-08-01,7.4,-0.0026,-2846.1538461538466
2012-08-02,7.4,-0.0026,-2846.1538461538466
2012-08-03,7.4,-0.0026,-2846.1538461538466
2012-08-06,7.4,-0.0026,-2846.1538461538466
2012-08-07,7.4,-0.0026,-2846.1538461538466
2012-08-08,7.4,-0.0026,-2846.1538461538466
2012-08-09,7.4,-0.0026,-2846.1538461538466
2012-08-10,7.4,-0.0026,-2846.1538461538466
2012-08-13,7.4,-0.0026,-2846.1538461538466
2012-08-14,7.4,-0.0026,-2846.1538461538466
2012-08-15,7.4,-0.0026,-2846.1538461538466
2012-08-16,7.4,-0.0026,-2846.1538461538466
2012-08-17,7.8,-0.0026,-3000.0
2012-08-20,7.8,-0.0026,-3000.0
2012-08-21,7.8,-0.0026,-3000.0
2012-08-22,7.8,-0.0026,-3000.0
2012-08-23,7.74,-0.0026,-2976.923076923077
2012-08-24,7.74,-0.0026,-2976.923076923077
2012-08-27,7.74,-0.0026,-2976.923076923077
2012-08-28,7.55,-0.0026,-2903.846153846154
2012-08-29,7.55,-0.0026,-2903.846153846154
2012-08-30,7.55,-0.0026,-2903.846153846154
2012-08-31,7.55,-0.0026,-2903.846153846154
2012-09-04,7.55,-0.0026,-2903.846153846154
2012-09-05,7.55,-0.0026,-2903.846153846154
2012-09-06,7.55,-0.0026,-2903.846153846154
2012-09-07,7.55,-0.0026,-2903.846153846154
2012-09-10,7.55,-0.0026,-2903.846153846154
2012-09-11,7.55,-0.0026,-2903.846153846154
2012-09-12,7.55,-0.0026,-2903.846153846154
2012-09-13,7.55,-0.0026,-2903.846153846154
2012-09-14,7.55,-0.0026,-2903.846153846154
2012-09-17,7.55,-0.0026,-2903.846153846154
2012-09-18,7.55,-0.0026,-2903.846153846154
2012-09-19,7.55,-0.0026,-2903.846153846154
2012-09-20,7.55,-0.0026,-2903.846153846154
2012-09-21,7.55,-0.0026,-2903.846153846154
2012-09-24,7.55,-0.0026,-2903.846153846154
2012-09-25,7.55,-0.0026,-2903.846153846154
2012-09-26,7.55,-0.0026,-2903.846153846154
2012-09-27,7.55,-0.0026,-2903.846153846154
2012-09-28,7.55,-0.0026,-2903.846153846154
2012-10-01,7.55,-0.0026,-2903.846153846154
2012-10-02,7.55,-0.0026,-2903.846153846154
2012-10-03,7.55,-0.0026,-2903.846153846154
2012-10-04,7.55,-0.0026,-2903.846153846154
2012-10-05,7.55,-0.0026,-2903.846153846154
2012-10-08,7.55,-0.0026,-2903.846153846154
2012-10-09,7.55,-0.0026,-2903.846153846154
2012-10-10,7.55,-0.0026,-2903.846153846154
2012-10-11,7.55,-0.0026,-2903.846153846154
2012-10-12,7.55,-0.0026,-2903.846153846154
2012-10-15,7.95,-0.0026,-3057.692307692308
2012-10-16,7.95,-0.0026,-3057.692307692308
2012-10-17,7.95,-0.0026,-3057.692307692308
2012-10-18,7.95,-0.0026,-3057.692307692308
2012-10-19,7.95,-0.0026,-3057.692307692308
2012-10-22,7.95,-0.0026,-3057.692307692308
2012-10-23,7.95,-0.0026,-3057.692307692308
2012-10-24,7.95,-0.0026,-3057.692307692308
2012-10-25,7.95,-0.0026,-3057.692307692308
2012-10-26,7.95,-0.0026,-3057.692307692308
2012-10-31,7.95,-0.0026,-3057.692307692308
2012-11-01,7.9,-0.0026,-3038.4615384615386
2012-11-02,7.9,-0.0026,-3038.4615384615386
2012-11-05,7.9,-0.0026,-3038.4615384615386
2012-11-06,7.9,-0.0026,-3038.4615384615386
2012-11-07,7.9,-0.0026,-3038.4615384615386
2012-11-08,7.9,-0.0026,-3038.4615384615386
2012-11-09,7.9,-0.0026,-3038.4615384615386
2012-11-12,7.9,-0.0026,-3038.4615384615386
2012-11-13,7.9,-0.0026,-3038.4615384615386
2012-11-14,7.9,-0.0026,-3038.4615384615386
2012-11-15,7.9,-0.0026,-3038.4615384615386
2012-11-16,7.9,-0.0026,-3038.4615384615386
2012-11-19,7.9,-0.0026,-3038.4615384615386
2012-11-20,7.9,-0.0026,-3038.4615384615386
2012-11-21,7.9,-0.0026,-3038.4615384615386
2012-11-23,7.9,-0.0026,-3038.4615384615386
2012-11-26,7.9,-0.0026,-3038.4615384615386
2012-11-27,8.16,-0.0026,-3138.4615384615386
2012-11-28,8.16,-0.0026,-3138.4615384615386
2012-11-29,8.16,-0.0026,-3138.4615384615386
2012-11-30,8.2,-0.0026,-3153.846153846154
2012-12-03,8.2,-0.0026,-3153.846153846154
2012-12-04,8.2,-0.0026,-3153.846153846154
2012-12-05,8.2,-0.0026,-3153.846153846154
2012-12-06,8.2,-0.0026,-3153.846153846154
2012-12-07,8.2,-0.0026,-3153.846153846154
2012-12-10,8.2,-0.0026,-3153.846153846154
2012-12-11,8.2,-0.0026,-3153.846153846154
2012-12-12,8.2,-0.0026,-3153.846153846154
2012-12-13,8.2,-0.0026,-3153.846153846154
2012-12-14,8.2,-0.0026,-3153.846153846154
2012-12-17,8.2,-0.0026,-3153.846153846154
2012-12-18,8.37,-0.0026,-3219.230769230769
2012-12-19,8.37,-0.0026,-3219.230769230769
2012-12-20,8.37,-0.0026,-3219.230769230769
2012-12-21,8.37,-0.0026,-3219.230769230769
2012-12-24,8.37,-0.0026,-3219.230769230769
2012-12-26,8.37,-0.0026,-3219.230769230769
2012-12-27,8.37,-0.0026,-3219.230769230769
2012-12-28,8.37,-0.0026,-3219.230769230769
2012-12-31,8.37,-0.0026,-3219.230769230769
2013-01-02,8.37,-0.0026,-3219.230769230769
2013-01-03,8.37,-0.0026,-3219.230769230769
2013-01-04,8.37,-0.0026,-3219.230769230769
2013-01-07,8.66,-0.0026,-3330.769230769231
2013-01-08,8.66,-0.0026,-3330.769230769231
2013-01-09,8.66,-0.0026,-3330.769230769231
2013-01-10,8.66,-0.0026,-3330.769230769231
2013-01-11,8.66,-0.0026,-3330.769230769231
2013-01-14,8.66,-0.0026,-3330.769230769231
2013-01-15,9.07,-0.0026,-3488.4615384615386
2013-01-16,9.15,-0.0026,-3519.2307692307695
2013-01-17,9.15,-0.0026,-3519.2307692307695
2013-01-18,9.15,-0.0026,-3519.2307692307695
2013-01-22,9.15,-0.0026,-3519.2307692307695
2013-01-23,8.84,-0.0026,-3400.0
2013-01-24,8.84,-0.0026,-3400.0
2013-01-25,8.76,-0.0026,-3369.2307692307695
2013-01-28,8.73,-0.0026,-3357.692307692308
2013-01-29,8.87,-0.0026,-3411.5384615384614
2013-01-30,8.87,-0.0026,-3411.5384615384614
2013-01-31,8.84,-0.0026,-3400.0
2013-02-01,8.84,-0.0026,-3400.0
2013-02-04,8.84,-0.0026,-3400.0
2013-02-05,8.9,-0.0026,-3423.0769230769233
2013-02-06,9.0,-0.0026,-3461.538461538462
2013-02-07,9.0,-0.0026,-3461.538461538462
2013-02-08,9.0,-0.0026,-3461.538461538462
2013-02-11,9.04,-0.0026,-3476.9230769230767
2013-02-12,9.04,-0.0026,-3476.9230769230767
2013-02-13,9.5,-0.0026,-3653.846153846154
2013-02-14,9.5,-0.0026,-3653.846153846154
2013-02-15,9.5,-0.0026,-3653.846153846154
2013-02-19,9.4,-0.0026,-3615.3846153846157
2013-02-20,10.04,-0.0026,-3861.5384615384614
2013-02-21,9.59,-0.0026,-3688.4615384615386
2013-02-22,9.59,-0.0026,-3688.4615384615386
2013-02-25,9.61,-0.0026,-3696.153846153846
2013-02-26,9.5,-0.0026,-3653.846153846154
2013-02-27,9.56,-0.0026,-3676.923076923077
2013-02-28,9.56,-0.0026,-3676.923076923077
2013-03-01,9.06,-0.0026,-3484.6153846153848
2013-03-04,8.86,-0.0026,-3407.6923076923076
2013-03-05,9.04,-0.0026,-3476.9230769230767
2013-03-06,9.22,-0.0026,-3546.1538461538466
2013-03-07,9.22,-0.0026,-3546.1538461538466
2013-03-08,9.33,-0.0026,-3588.4615384615386
2013-03-11,9.66,-0.0026,-3715.3846153846157
2013-03-12,9.87,-0.0026,-3796.153846153846
2013-03-13,9.5,-0.0026,-3653.846153846154
2013-03-14,9.68,-0.0026,-3723.0769230769233
2013-03-15,9.68,-0.0026,-3723.0769230769233
2013-03-18,9.68,-0.0026,-3723.0769230769233
2013-03-19,9.15,-0.0026,-3519.2307692307695
2013-03-20,9.61,-0.0026,-3696.153846153846
2013-03-21,9.51,-0.0026,-3657.6923076923076
2013-03-22,9.51,-0.0026,-3657.6923076923076
2013-03-25,9.61,-0.0026,-3696.153846153846
2013-03-26,9.51,-0.0026,-3657.6923076923076
2013-03-27,9.66,-0.0026,-3715.3846153846157
2013-03-28,9.76,-0.0026,-3753.846153846154
2013-04-01,9.56,-0.0026,-3676.923076923077
2013-04-02,9.95,-0.0026,-3826.9230769230767
2013-04-03,9.95,-0.0026,-3826.9230769230767
2013-04-04,9.95,-0.0026,-3826.9230769230767
2013-04-05,9.95,-0.0026,-3826.9230769230767
2013-04-08,9.78,-0.0026,-3761.5384615384614
2013-04-09,9.75,-0.0026,-3750.0
2013-04-10,10.09,-0.0026,-3880.769230769231
2013-04-11,10.35,-0.0026,-3980.769230769231
2013-04-12,10.25,-0.0026,-3942.3076923076924
2013-04-15,10.25,-0.0026,-3942.3076923076924
2013-04-16,9.85,-0.0026,-3788.4615384615386
2013-04-17,9.85,-0.0026,-3788.4615384615386
2013-04-18,9.85,-0.0026,-3788.4615384615386
2013-04-19,9.65,-0.0026,-3711.538461538462
2013-04-22,9.65,-0.0026,-3711.538461538462
2013-04-23,9.57,-0.0026,-3680.769230769231
2013-04-24,10.16,-0.0026,-3907.692307692308
2013-04-25,10.2,-0.0026,-3923.076923076923
2013-04-26,10.2,-0.0026,-3923.076923076923
2013-04-29,9.99,-0.0026,-3842.3076923076924
2013-04-30,10.05,-0.0026,-3865.3846153846157
2013-05-01,10.2,-0.0026,-3923.076923076923
2013-05-02,10.2,-0.0026,-3923.076923076923
2013-05-03,10.2,-0.0026,-3923.076923076923
2013-05-06,10.2,-0.0026,-3923.076923076923
2013-05-07,9.9,-0.0026,-3807.692307692308
2013-05-08,9.88,-0.0026,-3800.0000000000005
2013-05-09,9.85,-0.0026,-3788.4615384615386
2013-05-10,9.95,-0.0026,-3826.9230769230767
2013-05-13,9.95,-0.0026,-3826.9230769230767
2013-05-14,10.29,-0.0026,-3957.6923076923076
2013-05-15,9.99,-0.0026,-3842.3076923076924
2013-05-16,9.99,-0.0026,-3842.3076923076924
2013-05-17,9.63,-0.0026,-3703.8461538461543
2013-05-20,9.63,-0.0026,-3703.8461538461543
2013-05-21,9.57,-0.0026,-3680.769230769231
2013-05-22,9.57,-0.0026,-3680.769230769231
2013-05-23,9.87,-0.0026,-3796.153846153846
2013-05-24,9.87,-0.0026,-3796.153846153846
2013-05-28,9.65,-0.0026,-3711.538461538462
2013-05-29,9.65,-0.0026,-3711.538461538462
2013-05-30,9.84,-0.0026,-3784.6153846153848
2013-05-31,9.61,-0.0026,-3696.153846153846
2013-06-03,9.61,-0.0026,-3696.153846153846
2013-06-04,9.3,-0.0026,-3576.9230769230776
2013-06-05,9.3,-0.0026,-3576.9230769230776
2013-06-06,9.07,-0.0026,-3488.4615384615386
2013-06-07,9.07,-0.0026,-3488.4615384615386
2013-06-10,9.1,-0.0026,-3500.0
2013-06-11,9.1,-0.0026,-3500.0
2013-06-12,9.22,-0.0026,-3546.1538461538466
2013-06-13,9.22,-0.0026,-3546.1538461538466
2013-06-14,9.22,-0.0026,-3546.1538461538466
2013-06-17,9.22,-0.0026,-3546.1538461538466
2013-06-18,9.22,-0.0026,-3546.1538461538466
2013-06-19,9.22,-0.0026,-3546.1538461538466
2013-06-20,8.8,-0.0026,-3384.615384615385
2013-06-21,8.8,-0.0026,-3384.615384615385
2013-06-24,9.17,-0.0026,-3526.923076923077
2013-06-25,9.43,-0.0026,-3626.923076923077
2013-06-26,9.43,-0.0026,-3626.923076923077
2013-06-27,9.43,-0.0026,-3626.923076923077
2013-06-28,9.18,-0.0026,-3530.769230769231
2013-07-01,9.24,-0.0026,-3553.8461538461543
2013-07-02,9.36,-0.0026,-3600.0
2013-07-03,9.36,-0.0026,-3600.0
2013-07-05,9.36,-0.0026,-3600.0
2013-07-08,9.36,-0.0026,-3600.0
2013-07-09,9.36,-0.0026,-3600.0
2013-07-10,9.36,-0.0026,-3600.0
2013-07-11,9.78,-0.0026,-3761.5384615384614
2013-07-12,9.78,-0.0026,-3761.5384615384614
2013-07-15,9.78,-0.0026,-3761.5384615384614
2013-07-16,10.0,-0.0026,-3846.153846153846
2013-07-17,9.98,-0.0026,-3838.461538461539
2013-07-18,9.98,-0.0026,-3838.461538461539
2013-07-19,9.98,-0.0026,-3838.461538461539
2013-07-22,9.98,-0.0026,-3838.461538461539
2013-07-23,9.5,-0.0026,-3653.846153846154
2013-07-24,9.5,-0.0026,-3653.846153846154
2013-07-25,9.47,-0.0026,-3642.307692307693
2013-07-26,9.47,-0.0026,-3642.307692307693
2013-07-29,9.53,-0.0026,-3665.3846153846152
2013-07-30,9.53,-0.0026,-3665.3846153846152
2013-07-31,9.6,-0.0026,-3692.3076923076924
2013-08-01,9.6,-0.0026,-3692.3076923076924
2013-08-02,9.6,-0.0026,-3692.3076923076924
2013-08-05,9.75,-0.0026,-3750.0
2013-08-06,9.75,-0.0026,-3750.0
2013-08-07,9.75,-0.0026,-3750.0
2013-08-08,9.69,-0.0026,-3726.9230769230767
2013-08-09,9.69,-0.0026,-3726.9230769230767
2013-08-12,9.69,-0.0026,-3726.9230769230767
2013-08-13,9.69,-0.0026,-3726.9230769230767
2013-08-14,9.95,-0.0026,-3826.9230769230767
2013-08-15,9.95,-0.0026,-3826.9230769230767
2013-08-16,9.95,-0.0026,-3826.9230769230767
2013-08-19,9.5,-0.0026,-3653.846153846154
2013-08-20,9.6,-0.0026,-3692.3076923076924
2013-08-21,9.75,-0.0026,-3750.0
2013-08-22,9.75,-0.0026,-3750.0
2013-08-23,9.75,-0.0026,-3750.0
2013-08-26,9.75,-0.0026,-3750.0
2013-08-27,9.75,-0.0026,-3750.0
2013-08-28,9.35,-0.0026,-3596.153846153846
2013-08-29,9.37,-0.0026,-3603.846153846154
2013-08-30,9.4,-0.0026,-3615.3846153846157
2013-09-03,9.4,-0.0026,-3615.3846153846157
2013-09-04,9.4,-0.0026,-3615.3846153846157
2013-09-05,9.4,-0.0026,-3615.3846153846157
2013-09-06,9.86,-0.0026,-3792.3076923076924
2013-09-09,9.88,-0.0026,-3800.0000000000005
2013-09-10,9.88,-0.0026,-3800.0000000000005
2013-09-11,10.06,-0.0026,-3869.2307692307695
2013-09-12,10.06,-0.0026,-3869.2307692307695
2013-09-13,10.06,-0.0026,-3869.2307692307695
2013-09-16,10.06,-0.0026,-3869.2307692307695
2013-09-17,10.34,-0.0026,-3976.923076923077
2013-09-18,10.34,-0.0026,-3976.923076923077
2013-09-19,9.98,-0.0026,-3838.461538461539
2013-09-20,9.93,-0.0026,-3819.2307692307695
2013-09-23,9.93,-0.0026,-3819.2307692307695
2013-09-24,9.63,-0.0026,-3703.8461538461543
2013-09-25,9.63,-0.0026,-3703.8461538461543
2013-09-26,9.63,-0.0026,-3703.8461538461543
2013-09-27,9.63,-0.0026,-3703.8461538461543
2013-09-30,9.85,-0.0026,-3788.4615384615386
2013-10-01,9.77,-0.0026,-3757.6923076923076
2013-10-02,9.89,-0.0026,-3803.8461538461543
2013-10-03,9.86,-0.0026,-3792.3076923076924
2013-10-04,9.98,-0.0026,-3838.461538461539
2013-10-07,9.98,-0.0026,-3838.461538461539
2013-10-08,9.84,-0.0026,-3784.6153846153848
2013-10-09,9.84,-0.0026,-3784.6153846153848
2013-10-10,9.6,-0.0026,-3692.3076923076924
2013-10-11,9.6,-0.0026,-3692.3076923076924
2013-10-14,9.6,-0.0026,-3692.3076923076924
2013-10-15,9.6,-0.0026,-3692.3076923076924
2013-10-16,10.05,-0.0026,-3865.3846153846157
2013-10-17,10.2,-0.0026,-3923.076923076923
2013-10-18,10.11,-0.0026,-3888.4615384615386
2013-10-21,10.45,-0.0026,-4019.230769230769
2013-10-22,10.45,-0.0026,-4019.230769230769
2013-10-23,10.45,-0.0026,-4019.230769230769
2013-10-24,10.4,-0.0026,-4000.0000000000005
2013-10-25,10.3,-0.0026,-3961.538461538462
2013-10-28,10.3,-0.0026,-3961.538461538462
2013-10-29,9.97,-0.0026,-3834.615384615385
2013-10-30,10.3,-0.0026,-3961.538461538462
2013-10-31,10.3,-0.0026,-3961.538461538462
2013-11-01,10.3,-0.0026,-3961.538461538462
2013-11-04,10.3,-0.0026,-3961.538461538462
2013-11-05,10.34,-0.0026,-3976.923076923077
2013-11-06,10.43,-0.0026,-4011.5384615384614
2013-11-07,10.35,-0.0026,-3980.769230769231
2013-11-08,10.23,-0.0026,-3934.6153846153848
2013-11-11,10.23,-0.0026,-3934.6153846153848
2013-11-12,10.4,-0.0026,-4000.0000000000005
2013-11-13,10.23,-0.0026,-3934.6153846153848
2013-11-14,10.23,-0.0026,-3934.6153846153848
2013-11-15,10.23,-0.0026,-3934.6153846153848
2013-11-18,10.56,-0.0026,-4061.538461538462
2013-11-19,10.52,-0.0026,-4046.153846153846
2013-11-20,10.44,-0.0026,-4015.3846153846152
2013-11-21,10.44,-0.0026,-4015.3846153846152
2013-11-22,10.16,-0.0026,-3907.692307692308
2013-11-25,10.28,-0.0026,-3953.846153846154
2013-11-26,10.18,-0.0026,-3915.3846153846152
2013-11-27,10.18,-0.0026,-3915.3846153846152
2013-11-29,10.15,-0.0026,-3903.8461538461543
2013-12-02,10.02,-0.0026,-3853.846153846154
2013-12-03,10.02,-0.0026,-3853.846153846154
2013-12-04,10.0,-0.0026,-3846.153846153846
2013-12-05,10.0,-0.0026,-3846.153846153846
2013-12-06,10.2,-0.0026,-3923.076923076923
2013-12-09,10.11,-0.0026,-3888.4615384615386
2013-12-10,10.11,-0.0026,-3888.4615384615386
2013-12-11,10.21,-0.0026,-3926.9230769230776
2013-12-12,10.21,-0.0026,-3926.9230769230776
2013-12-13,10.18,-0.0026,-3915.3846153846152
2013-12-16,10.4,-0.0026,-4000.0000000000005
2013-12-17,10.3,-0.0026,-3961.538461538462
2013-12-18,9.28,-0.0026,-3569.230769230769
2013-12-19,9.32,-0.0026,-3584.6153846153848
2013-12-20,9.37,-0.0026,-3603.846153846154
2013-12-23,9.48,-0.0026,-3646.1538461538466
2013-12-24,9.48,-0.0026,-3646.1538461538466
2013-12-26,9.45,-0.0026,-3634.6153846153843
2013-12-27,9.45,-0.0026,-3634.6153846153843
2013-12-30,9.3,-0.0026,-3576.9230769230776
2013-12-31,9.3,-0.0026,-3576.9230769230776
2014-01-02,9.52,-0.0026,-3661.5384615384614
2014-01-03,9.43,-0.0026,-3626.923076923077
2014-01-06,9.43,-0.0026,-3626.923076923077
2014-01-07,9.45,-0.0026,-3634.6153846153843
2014-01-08,9.49,-0.0026,-3650.0000000000005
2014-01-09,9.44,-0.0026,-3630.769230769231
2014-01-10,9.42,-0.0026,-3623.0769230769233
2014-01-13,9.42,-0.0026,-3623.0769230769233
2014-01-14,9.19,-0.0026,-3534.6153846153848
2014-01-15,9.19,-0.0026,-3534.6153846153848
2014-01-16,9.02,-0.0026,-3469.230769230769
2014-01-17,9.25,-0.0026,-3557.692307692308
2014-01-21,9.25,-0.0026,-3557.692307692308
2014-01-22,9.26,-0.0026,-3561.5384615384614
2014-01-23,9.42,-0.0026,-3623.0769230769233
2014-01-24,9.42,-0.0026,-3623.0769230769233
2014-01-27,9.42,-0.0026,-3623.0769230769233
2014-01-28,9.1,-0.0026,-3500.0
2014-01-29,9.34,-0.0026,-3592.3076923076924
2014-01-30,9.3,-0.0026,-3576.9230769230776
2014-01-31,9.32,-0.0026,-3584.6153846153848
2014-02-03,9.32,-0.0026,-3584.6153846153848
2014-02-04,9.32,-0.0026,-3584.6153846153848
2014-02-05,9.26,-0.0026,-3561.5384615384614
2014-02-06,9.26,-0.0026,-3561.5384615384614
2014-02-07,9.43,-0.0026,-3626.923076923077
2014-02-10,9.52,-0.0026,-3661.5384615384614
2014-02-11,9.52,-0.0026,-3661.5384615384614
2014-02-12,9.84,-0.0026,-3784.6153846153848
2014-02-13,9.84,-0.0026,-3784.6153846153848
2014-02-14,9.84,-0.0026,-3784.6153846153848
2014-02-18,9.84,-0.0026,-3784.6153846153848
2014-02-19,9.84,-0.0026,-3784.6153846153848
2014-02-20,9.8,-0.0026,-3769.2307692307695
2014-02-21,9.59,-0.0026,-3688.4615384615386
2014-02-24,9.59,-0.0026,-3688.4615384615386
2014-02-25,9.59,-0.0026,-3688.4615384615386
2014-02-26,9.59,-0.0026,-3688.4615384615386
2014-02-27,9.59,-0.0026,-3688.4615384615386
2014-02-28,9.59,-0.0026,-3688.4615384615386
2014-03-03,9.59,-0.0026,-3688.4615384615386
2014-03-04,9.26,-0.0026,-3561.5384615384614
2014-03-05,9.26,-0.0026,-3561.5384615384614
2014-03-06,9.26,-0.0026,-3561.5384615384614
2014-03-07,9.15,-0.0026,-3519.2307692307695
2014-03-10,9.15,-0.0026,-3519.2307692307695
2014-03-11,9.15,-0.0026,-3519.2307692307695
2014-03-12,9.15,-0.0026,-3519.2307692307695
2014-03-13,9.15,-0.0026,-3519.2307692307695
2014-03-14,9.15,-0.0026,-3519.2307692307695
2014-03-17,9.15,-0.0026,-3519.2307692307695
2014-03-18,9.15,-0.0026,-3519.2307692307695
2014-03-19,9.15,-0.0026,-3519.2307692307695
2014-03-20,9.15,-0.0026,-3519.2307692307695
2014-03-21,9.15,-0.0026,-3519.2307692307695
2014-03-24,9.15,-0.0026,-3519.2307692307695
2014-03-25,9.15,-0.0026,-3519.2307692307695
2014-03-26,9.15,-0.0026,-3519.2307692307695
2014-03-27,9.15,-0.0026,-3519.2307692307695
2014-03-28,9.15,-0.0026,-3519.2307692307695
2014-03-31,9.15,-0.0026,-3519.2307692307695
2014-04-01,9.15,-0.0026,-3519.2307692307695
2014-04-02,9.15,-0.0026,-3519.2307692307695
2014-04-03,9.15,-0.0026,-3519.2307692307695
2014-04-04,9.41,-0.0026,-3619.2307692307695
2014-04-07,9.41,-0.0026,-3619.2307692307695
2014-04-08,9.41,-0.0026,-3619.2307692307695
2014-04-09,9.41,-0.0026,-3619.2307692307695
2014-04-10,9.41,-0.0026,-3619.2307692307695
2014-04-11,9.41,-0.0026,-3619.2307692307695
2014-04-14,9.41,-0.0026,-3619.2307692307695
2014-04-15,9.41,-0.0026,-3619.2307692307695
2014-04-16,9.41,-0.0026,-3619.2307692307695
2014-04-17,9.41,-0.0026,-3619.2307692307695
2014-04-21,9.41,-0.0026,-3619.2307692307695
2014-04-22,9.49,-0.0026,-3650.0000000000005
2014-04-23,9.49,-0.0026,-3650.0000000000005
2014-04-24,9.49,-0.0026,-3650.0000000000005
2014-04-25,9.49,-0.0026,-3650.0000000000005
2014-04-28,9.49,-0.0026,-3650.0000000000005
2014-04-29,9.49,-0.0026,-3650.0000000000005
2014-04-30,9.49,-0.0026,-3650.0000000000005
2014-05-01,9.49,-0.0026,-3650.0000000000005
2014-05-02,9.49,-0.0026,-3650.0000000000005
2014-05-05,9.49,-0.0026,-3650.0000000000005
2014-05-06,9.6,-0.0026,-3692.3076923076924
2014-05-07,9.6,-0.0026,-3692.3076923076924
2014-05-08,9.6,-0.0026,-3692.3076923076924
2014-05-09,9.6,-0.0026,-3692.3076923076924
2014-05-12,9.6,-0.0026,-3692.3076923076924
2014-05-13,9.6,-0.0026,-3692.3076923076924
2014-05-14,9.8,-0.0026,-3769.2307692307695
2014-05-15,9.8,-0.0026,-3769.2307692307695
2014-05-16,9.7,-0.0026,-3730.7692307692305
2014-05-19,9.7,-0.0026,-3730.7692307692305
2014-05-20,9.7,-0.0026,-3730.7692307692305
2014-05-21,9.7,-0.0026,-3730.7692307692305
2014-05-22,9.7,-0.0026,-3730.7692307692305
2014-05-23,9.7,-0.0026,-3730.7692307692305
2014-05-27,9.7,-0.0026,-3730.7692307692305
2014-05-28,9.7,-0.0026,-3730.7692307692305
2014-05-29,9.7,-0.0026,-3730.7692307692305
2014-05-30,9.7,-0.0026,-3730.7692307692305
2014-06-02,9.7,-0.0026,-3730.7692307692305
2014-06-03,9.7,-0.0026,-3730.7692307692305
2014-06-04,9.7,-0.0026,-3730.7692307692305
2014-06-05,9.7,-0.0026,-3730.7692307692305
2014-06-06,9.7,-0.0026,-3730.7692307692305
2014-06-09,9.7,-0.0026,-3730.7692307692305
2014-06-10,9.7,-0.0026,-3730.7692307692305
2014-06-11,9.7,-0.0026,-3730.7692307692305
2014-06-12,9.7,-0.0026,-3730.7692307692305
2014-06-13,9.7,-0.0026,-3730.7692307692305
2014-06-16,9.7,-0.0026,-3730.7692307692305
2014-06-17,9.7,-0.0026,-3730.7692307692305
2014-06-18,9.7,-0.0026,-3730.7692307692305
2014-06-19,9.7,-0.0026,-3730.7692307692305
2014-06-20,9.7,-0.0026,-3730.7692307692305
2014-06-23,9.85,-0.0026,-3788.4615384615386
2014-06-24,9.85,-0.0026,-3788.4615384615386
2014-06-25,9.85,-0.0026,-3788.4615384615386
2014-06-26,9.85,-0.0026,-3788.4615384615386
2014-06-27,9.85,-0.0026,-3788.4615384615386
2014-06-30,9.85,-0.0026,-3788.4615384615386
2014-07-01,9.85,-0.0026,-3788.4615384615386
2014-07-02,9.85,-0.0026,-3788.4615384615386
2014-07-03,9.85,-0.0026,-3788.4615384615386
2014-07-07,9.85,-0.0026,-3788.4615384615386
2014-07-08,9.85,-0.0026,-3788.4615384615386
2014-07-09,9.85,-0.0026,-3788.4615384615386
2014-07-10,9.85,-0.0026,-3788.4615384615386
2014-07-11,9.85,-0.0026,-3788.4615384615386
2014-07-14,9.74,-0.0026,-3746.153846153846
2014-07-15,9.74,-0.0026,-3746.153846153846
2014-07-16,9.74,-0.0026,-3746.153846153846
2014-07-17,9.51,-0.0026,-3657.6923076923076
2014-07-18,9.51,-0.0026,-3657.6923076923076
2014-07-21,9.51,-0.0026,-3657.6923076923076
2014-07-22,9.51,-0.0026,-3657.6923076923076
2014-07-23,9.51,-0.0026,-3657.6923076923076
2014-07-24,9.51,-0.0026,-3657.6923076923076
2014-07-25,9.51,-0.0026,-3657.6923076923076
2014-07-28,9.51,-0.0026,-3657.6923076923076
2014-07-29,9.51,-0.0026,-3657.6923076923076
2014-07-30,9.51,-0.0026,-3657.6923076923076
2014-07-31,9.51,-0.0026,-3657.6923076923076
2014-08-01,9.51,-0.0026,-3657.6923076923076
2014-08-04,9.51,-0.0026,-3657.6923076923076
2014-08-05,9.51,-0.0026,-3657.6923076923076
2014-08-06,9.51,-0.0026,-3657.6923076923076
2014-08-07,9.51,-0.0026,-3657.6923076923076
2014-08-08,9.51,-0.0026,-3657.6923076923076
2014-08-11,9.51,-0.0026,-3657.6923076923076
2014-08-12,9.51,-0.0026,-3657.6923076923076
2014-08-13,9.51,-0.0026,-3657.6923076923076
2014-08-14,9.51,-0.0026,-3657.6923076923076
2014-08-15,9.51,-0.0026,-3657.6923076923076
2014-08-18,9.51,-0.0026,-3657.6923076923076
2014-08-19,9.51,-0.0026,-3657.6923076923076
2014-08-20,9.51,-0.0026,-3657.6923076923076
2014-08-21,9.51,-0.0026,-3657.6923076923076
2014-08-22,9.51,-0.0026,-3657.6923076923076
2014-08-25,9.51,-0.0026,-3657.6923076923076
2014-08-26,9.51,-0.0026,-3657.6923076923076
2014-08-27,9.51,-0.0026,-3657.6923076923076
2014-08-28,9.51,-0.0026,-3657.6923076923076
2014-08-29,9.51,-0.0026,-3657.6923076923076
2014-09-02,9.51,-0.0026,-3657.6923076923076
2014-09-03,9.51,-0.0026,-3657.6923076923076
2014-09-04,9.51,-0.0026,-3657.6923076923076
2014-09-05,9.51,-0.0026,-3657.6923076923076
2014-09-08,10.28,-0.0026,-3953.846153846154
2014-09-09,10.28,-0.0026,-3953.846153846154
2014-09-10,10.28,-0.0026,-3953.846153846154
2014-09-11,10.28,-0.0026,-3953.846153846154
2014-09-12,10.28,-0.0026,-3953.846153846154
2014-09-15,10.28,-0.0026,-3953.846153846154
2014-09-16,10.28,-0.0026,-3953.846153846154
2014-09-17,10.28,-0.0026,-3953.846153846154
2014-09-18,10.28,-0.0026,-3953.846153846154
2014-09-19,10.28,-0.0026,-3953.846153846154
2014-09-22,10.28,-0.0026,-3953.846153846154
2014-09-23,10.28,-0.0026,-3953.846153846154
2014-09-24,10.28,-0.0026,-3953.846153846154
2014-09-25,10.28,-0.0026,-3953.846153846154
2014-09-26,10.28,-0.0026,-3953.846153846154
2014-09-29,10.28,-0.0026,-3953.846153846154
2014-09-30,10.28,-0.0026,-3953.846153846154
2014-10-01,10.28,-0.0026,-3953.846153846154
2014-10-02,10.28,-0.0026,-3953.846153846154
2014-10-03,10.28,-0.0026,-3953.846153846154
2014-10-06,10.28,-0.0026,-3953.846153846154
2014-10-07,10.28,-0.0026,-3953.846153846154
2014-10-08,10.28,-0.0026,-3953.846153846154
2014-10-09,9.84,-0.0026,-3784.6153846153848
2014-10-10,9.84,-0.0026,-3784.6153846153848
2014-10-13,9.84,-0.0026,-3784.6153846153848
2014-10-14,9.84,-0.0026,-3784.6153846153848
2014-10-15,9.84,-0.0026,-3784.6153846153848
2014-10-16,9.84,-0.0026,-3784.6153846153848
2014-10-17,9.84,-0.0026,-3784.6153846153848
2014-10-20,9.84,-0.0026,-3784.6153846153848
2014-10-21,9.84,-0.0026,-3784.6153846153848
2014-10-22,9.84,-0.0026,-3784.6153846153848
2014-10-23,9.84,-0.0026,-3784.6153846153848
2014-10-24,9.84,-0.0026,-3784.6153846153848
2014-10-27,9.84,-0.0026,-3784.6153846153848
2014-10-28,9.84,-0.0026,-3784.6153846153848
2014-10-29,9.84,-0.0026,-3784.6153846153848
2014-10-30,9.84,-0.0026,-3784.6153846153848
2014-10-31,9.84,-0.0026,-3784.6153846153848
2014-11-03,9.84,-0.0026,-3784.6153846153848
2014-11-04,9.84,-0.0026,-3784.6153846153848
2014-11-05,10.09,-0.0026,-3880.769230769231
2014-11-06,10.34,-0.0026,-3976.923076923077
2014-11-07,10.34,-0.0026,-3976.923076923077
2014-11-10,10.34,-0.0026,-3976.923076923077
2014-11-11,10.43,-0.0026,-4011.5384615384614
2014-11-12,10.43,-0.0026,-4011.5384615384614
2014-11-13,10.43,-0.0026,-4011.5384615384614
2014-11-14,10.43,-0.0026,-4011.5384615384614
2014-11-17,10.43,-0.0026,-4011.5384615384614
2014-11-18,10.43,-0.0026,-4011.5384615384614
2014-11-19,10.43,-0.0026,-4011.5384615384614
2014-11-20,10.43,-0.0026,-4011.5384615384614
2014-11-21,10.43,-0.0026,-4011.5384615384614
2014-11-24,10.43,-0.0026,-4011.5384615384614
2014-11-25,10.43,-0.0026,-4011.5384615384614
2014-11-26,10.43,-0.0026,-4011.5384615384614
2014-11-28,10.43,-0.0026,-4011.5384615384614
2014-12-01,10.43,-0.0026,-4011.5384615384614
2014-12-02,10.43,-0.0026,-4011.5384615384614
2014-12-03,10.43,-0.0026,-4011.5384615384614
2014-12-04,10.43,-0.0026,-4011.5384615384614
2014-12-05,10.43,-0.0026,-4011.5384615384614
2014-12-08,10.43,-0.0026,-4011.5384615384614
2014-12-09,10.43,-0.0026,-4011.5384615384614
2014-12-10,10.49,-0.0026,-4034.6153846153848
2014-12-11,10.49,-0.0026,-4034.6153846153848
2014-12-12,10.49,-0.0026,-4034.6153846153848
2014-12-15,10.49,-0.0026,-4034.6153846153848
2014-12-16,10.49,-0.0026,-4034.6153846153848
2014-12-17,10.59,-0.0026,-4073.0769230769233
2014-12-18,10.59,-0.0026,-4073.0769230769233
2014-12-19,10.59,-0.0026,-4073.0769230769233
2014-12-22,10.59,-0.0026,-4073.0769230769233
2014-12-23,10.59,-0.0026,-4073.0769230769233
2014-12-24,10.59,-0.0026,-4073.0769230769233
2014-12-26,10.59,-0.0026,-4073.0769230769233
2014-12-29,11.2,-0.0026,-4307.692307692308
2014-12-30,11.2,-0.0026,-4307.692307692308
2014-12-31,11.2,-0.0026,-4307.692307692308
2015-01-02,11.2,-0.0026,-4307.692307692308
2015-01-05,11.2,-0.0026,-4307.692307692308
2015-01-06,11.2,-0.0026,-4307.692307692308
2015-01-07,10.72,-0.0026,-4123.076923076924
2015-01-08,10.72,-0.0026,-4123.076923076924
2015-01-09,10.72,-0.0026,-4123.076923076924
2015-01-12,10.72,-0.0026,-4123.076923076924
2015-01-13,10.72,-0.0026,-4123.076923076924
2015-01-14,10.72,-0.0026,-4123.076923076924
2015-01-15,10.72,-0.0026,-4123.076923076924
2015-01-16,10.72,-0.0026,-4123.076923076924
2015-01-20,10.72,-0.0026,-4123.076923076924
2015-01-21,10.72,-0.0026,-4123.076923076924
2015-01-22,10.72,-0.0026,-4123.076923076924
2015-01-23,10.72,-0.0026,-4123.076923076924
2015-01-26,10.72,-0.0026,-4123.076923076924
2015-01-27,10.72,-0.0026,-4123.076923076924
2015-01-28,9.98,-0.0026,-3838.461538461539
2015-01-29,9.83,-0.0026,-3780.769230769231
2015-01-30,9.83,-0.0026,-3780.769230769231
2015-02-02,9.83,-0.0026,-3780.769230769231
2015-02-03,9.83,-0.0026,-3780.769230769231
2015-02-04,9.98,-0.0026,-3838.461538461539
2015-02-05,9.98,-0.0026,-3838.461538461539
2015-02-06,9.98,-0.0026,-3838.461538461539
2015-02-09,10.19,-0.0026,-3919.230769230769
2015-02-10,10.24,-0.0026,-3938.4615384615386
2015-02-11,10.24,-0.0026,-3938.4615384615386
2015-02-12,10.24,-0.0026,-3938.4615384615386
2015-02-13,10.24,-0.0026,-3938.4615384615386
2015-02-17,10.24,-0.0026,-3938.4615384615386
2015-02-18,10.24,-0.0026,-3938.4615384615386
2015-02-19,10.24,-0.0026,-3938.4615384615386
2015-02-20,10.24,-0.0026,-3938.4615384615386
2015-02-23,10.24,-0.0026,-3938.4615384615386
2015-02-24,10.24,-0.0026,-3938.4615384615386
2015-02-25,10.24,-0.0026,-3938.4615384615386
2015-02-26,10.24,-0.0026,-3938.4615384615386
2015-02-27,10.24,-0.0026,-3938.4615384615386
2015-03-02,10.24,-0.0026,-3938.4615384615386
2015-03-03,10.24,-0.0026,-3938.4615384615386
2015-03-04,10.24,-0.0026,-3938.4615384615386
2015-03-05,10.24,-0.0026,-3938.4615384615386
2015-03-06,10.24,-0.0026,-3938.4615384615386
2015-03-09,10.24,-0.0026,-3938.4615384615386
2015-03-10,10.24,-0.0026,-3938.4615384615386
2015-03-11,10.24,-0.0026,-3938.4615384615386
2015-03-12,10.24,-0.0026,-3938.4615384615386
2015-03-13,10.24,-0.0026,-3938.4615384615386
2015-03-16,10.24,-0.0026,-3938.4615384615386
2015-03-17,10.8,-0.0026,-4153.846153846154
2015-03-18,10.8,-0.0026,-4153.846153846154
2015-03-19,10.8,-0.0026,-4153.846153846154
2015-03-20,10.8,-0.0026,-4153.846153846154
2015-03-23,10.8,-0.0026,-4153.846153846154
2015-03-24,10.8,-0.0026,-4153.846153846154
2015-03-25,10.8,-0.0026,-4153.846153846154
2015-03-26,10.8,-0.0026,-4153.846153846154
2015-03-27,10.8,-0.0026,-4153.846153846154
2015-03-30,10.8,-0.0026,-4153.846153846154
2015-03-31,10.61,-0.0026,-4080.769230769231
2015-04-01,10.61,-0.0026,-4080.769230769231
2015-04-02,10.61,-0.0026,-4080.769230769231
2015-04-06,10.61,-0.0026,-4080.769230769231
2015-04-07,10.61,-0.0026,-4080.769230769231
2015-04-08,10.61,-0.0026,-4080.769230769231
2015-04-09,10.61,-0.0026,-4080.769230769231
2015-04-10,10.61,-0.0026,-4080.769230769231
2015-04-13,10.61,-0.0026,-4080.769230769231
2015-04-14,10.61,-0.0026,-4080.769230769231
2015-04-15,10.61,-0.0026,-4080.769230769231
2015-04-16,10.61,-0.0026,-4080.769230769231
2015-04-17,10.61,-0.0026,-4080.769230769231
2015-04-20,10.61,-0.0026,-4080.769230769231
2015-04-21,10.61,-0.0026,-4080.769230769231
2015-04-22,10.61,-0.0026,-4080.769230769231
2015-04-23,10.61,-0.0026,-4080.769230769231
2015-04-24,10.61,-0.0026,-4080.769230769231
2015-04-27,10.61,-0.0026,-4080.769230769231
2015-04-28,10.61,-0.0026,-4080.769230769231
2015-04-29,10.61,-0.0026,-4080.769230769231
2015-04-30,10.61,-0.0026,-4080.769230769231
2015-05-01,10.61,-0.0026,-4080.769230769231
2015-05-04,10.61,-0.0026,-4080.769230769231
2015-05-05,10.61,-0.0026,-4080.769230769231
2015-05-06,10.61,-0.0026,-4080.769230769231
2015-05-07,10.45,-0.0026,-4019.230769230769
2015-05-08,10.61,-0.0026,-4080.769230769231
2015-05-11,10.61,-0.0026,-4080.769230769231
2015-05-12,10.61,-0.0026,-4080.769230769231
2015-05-13,10.61,-0.0026,-4080.769230769231
2015-05-14,10.61,-0.0026,-4080.769230769231
2015-05-15,10.61,-0.0026,-4080.769230769231
2015-05-18,10.61,-0.0026,-4080.769230769231
2015-05-19,10.61,-0.0026,-4080.769230769231
2015-05-20,10.61,-0.0026,-4080.769230769231
2015-05-21,10.61,-0.0026,-4080.769230769231
2015-05-22,10.61,-0.0026,-4080.769230769231
2015-05-26,10.61,-0.0026,-4080.769230769231
2015-05-27,10.61,-0.0026,-4080.769230769231
2015-05-28,10.61,-0.0026,-4080.769230769231
2015-05-29,10.61,-0.0026,-4080.769230769231
2015-06-01,10.61,-0.0026,-4080.769230769231
2015-06-02,10.61,-0.0026,-4080.769230769231
2015-06-03,10.61,-0.0026,-4080.769230769231
2015-06-04,10.61,-0.0026,-4080.769230769231
2015-06-05,10.61,-0.0026,-4080.769230769231
2015-06-08,10.61,-0.0026,-4080.769230769231
2015-06-09,10.61,-0.0026,-4080.769230769231
2015-06-10,10.61,-0.0026,-4080.769230769231
2015-06-11,10.61,-0.0026,-4080.769230769231
2015-06-12,10.61,-0.0026,-4080.769230769231
2015-06-15,10.61,-0.0026,-4080.769230769231
2015-06-16,10.61,-0.0026,-4080.769230769231
2015-06-17,10.61,-0.0026,-4080.769230769231
2015-06-18,10.61,-0.0026,-4080.769230769231
2015-06-19,10.61,-0.0026,-4080.769230769231
2015-06-22,10.61,-0.0026,-4080.769230769231
2015-06-23,10.61,-0.0026,-4080.769230769231
2015-06-24,10.61,-0.0026,-4080.769230769231
2015-06-25,10.61,-0.0026,-4080.769230769231
2015-06-26,10.61,-0.0026,-4080.769230769231
2015-06-29,10.61,-0.0026,-4080.769230769231
2015-06-30,10.61,-0.0026,-4080.769230769231
2015-07-01,10.61,-0.0026,-4080.769230769231
2015-07-02,10.61,-0.0026,-4080.769230769231
2015-07-06,10.61,-0.0026,-4080.769230769231
2015-07-07,10.61,-0.0026,-4080.769230769231
2015-07-08,10.61,-0.0026,-4080.769230769231
2015-07-09,10.61,-0.0026,-4080.769230769231
2015-07-10,10.61,-0.0026,-4080.769230769231
2015-07-13,10.61,-0.0026,-4080.769230769231
2015-07-14,10.61,-0.0026,-4080.769230769231
2015-07-15,10.61,-0.0026,-4080.769230769231
2015-07-16,10.61,-0.0026,-4080.769230769231
2015-07-17,10.61,-0.0026,-4080.769230769231
2015-07-20,10.61,-0.0026,-4080.769230769231
2015-07-21,10.61,-0.0026,-4080.769230769231
2015-07-22,10.48,-0.0026,-4030.769230769231
2015-07-23,10.48,-0.0026,-4030.769230769231
2015-07-24,10.48,-0.0026,-4030.769230769231
2015-07-27,10.48,-0.0026,-4030.769230769231
2015-07-28,10.4,-0.0026,-4000.0000000000005
2015-07-29,10.4,-0.0026,-4000.0000000000005
2015-07-30,10.4,-0.0026,-4000.0000000000005
2015-07-31,10.4,-0.0026,-4000.0000000000005
2015-08-03,10.3,-0.0026,-3961.538461538462
2015-08-04,10.3,-0.0026,-3961.538461538462
2015-08-05,10.3,-0.0026,-3961.538461538462
2015-08-06,10.3,-0.0026,-3961.538461538462
2015-08-07,10.3,-0.0026,-3961.538461538462
2015-08-10,10.3,-0.0026,-3961.538461538462
2015-08-11,10.3,-0.0026,-3961.538461538462
2015-08-12,10.3,-0.0026,-3961.538461538462
2015-08-13,10.3,-0.0026,-3961.538461538462
2015-08-14,10.3,-0.0026,-3961.538461538462
2015-08-17,10.3,-0.0026,-3961.538461538462
2015-08-18,10.3,-0.0026,-3961.538461538462
2015-08-19,10.3,-0.0026,-3961.538461538462
2015-08-20,10.3,-0.0026,-3961.538461538462
2015-08-21,10.3,-0.0026,-3961.538461538462
2015-08-24,10.3,-0.0026,-3961.538461538462
2015-08-25,10.3,-0.0026,-3961.538461538462
2015-08-26,10.3,-0.0026,-3961.538461538462
2015-08-27,9.4,-0.0026,-3615.3846153846157
2015-08-28,9.4,-0.0026,-3615.3846153846157
2015-08-31,9.4,-0.0026,-3615.3846153846157
2015-09-01,9.4,-0.0026,-3615.3846153846157
2015-09-02,9.4,-0.0026,-3615.3846153846157
2015-09-03,9.4,-0.0026,-3615.3846153846157
2015-09-04,9.4,-0.0026,-3615.3846153846157
2015-09-08,9.4,-0.0026,-3615.3846153846157
2015-09-09,9.4,-0.0026,-3615.3846153846157
2015-09-10,9.4,-0.0026,-3615.3846153846157
2015-09-11,9.4,-0.0026,-3615.3846153846157
2015-09-14,9.4,-0.0026,-3615.3846153846157
2015-09-15,9.4,-0.0026,-3615.3846153846157
2015-09-16,9.4,-0.0026,-3615.3846153846157
2015-09-17,9.4,-0.0026,-3615.3846153846157
2015-09-18,9.4,-0.0026,-3615.3846153846157
2015-09-21,9.4,-0.0026,-3615.3846153846157
2015-09-22,9.4,-0.0026,-3615.3846153846157
2015-09-23,9.4,-0.0026,-3615.3846153846157
2015-09-24,9.4,-0.0026,-3615.3846153846157
2015-09-25,9.4,-0.0026,-3615.3846153846157
2015-09-28,9.4,-0.0026,-3615.3846153846157
2015-09-29,9.4,-0.0026,-3615.3846153846157
2015-09-30,9.4,-0.0026,-3615.3846153846157
2015-10-01,9.4,-0.0026,-3615.3846153846157
2015-10-02,9.4,-0.0026,-3615.3846153846157
2015-10-05,9.4,-0.0026,-3615.3846153846157
2015-10-06,9.4,-0.0026,-3615.3846153846157
2015-10-07,9.4,-0.0026,-3615.3846153846157
2015-10-08,9.4,-0.0026,-3615.3846153846157
2015-10-09,9.4,-0.0026,-3615.3846153846157
2015-10-12,9.4,-0.0026,-3615.3846153846157
2015-10-13,9.4,-0.0026,-3615.3846153846157
2015-10-14,9.4,-0.0026,-3615.3846153846157
2015-10-15,9.44,-0.0026,-3630.769230769231
2015-10-16,9.44,-0.0026,-3630.769230769231
2015-10-19,9.44,-0.0026,-3630.769230769231
2015-10-20,9.44,-0.0026,-3630.769230769231
2015-10-21,9.44,-0.0026,-3630.769230769231
2015-10-22,9.44,-0.0026,-3630.769230769231
2015-10-23,9.44,-0.0026,-3630.769230769231
2015-10-26,9.44,-0.0026,-3630.769230769231
2015-10-27,9.44,-0.0026,-3630.769230769231
2015-10-28,9.44,-0.0026,-3630.769230769231
2015-10-29,9.44,-0.0026,-3630.769230769231
2015-10-30,9.44,-0.0026,-3630.769230769231
2015-11-02,9.44,-0.0026,-3630.769230769231
2015-11-03,9.44,-0.0026,-3630.769230769231
2015-11-04,9.44,-0.0026,-3630.769230769231
2015-11-05,9.43,-0.0026,-3626.923076923077
2015-11-06,9.43,-0.0026,-3626.923076923077
2015-11-09,9.43,-0.0026,-3626.923076923077
2015-11-10,9.43,-0.0026,-3626.923076923077
2015-11-11,9.43,-0.0026,-3626.923076923077
2015-11-12,9.66,-0.0026,-3715.3846153846157
2015-11-13,9.66,-0.0026,-3715.3846153846157
2015-11-16,9.66,-0.0026,-3715.3846153846157
2015-11-17,9.66,-0.0026,-3715.3846153846157
2015-11-18,9.66,-0.0026,-3715.3846153846157
2015-11-19,9.66,-0.0026,-3715.3846153846157
2015-11-20,9.66,-0.0026,-3715.3846153846157
2015-11-23,9.66,-0.0026,-3715.3846153846157
2015-11-24,9.66,-0.0026,-3715.3846153846157
2015-11-25,9.66,-0.0026,-3715.3846153846157
2015-11-27,9.66,-0.0026,-3715.3846153846157
2015-11-30,9.66,-0.0026,-3715.3846153846157
2015-12-01,9.66,-0.0026,-3715.3846153846157
2015-12-02,9.66,-0.0026,-3715.3846153846157
2015-12-03,9.66,-0.0026,-3715.3846153846157
2015-12-04,9.66,-0.0026,-3715.3846153846157
2015-12-07,9.66,-0.0026,-3715.3846153846157
2015-12-08,9.66,-0.0026,-3715.3846153846157
2015-12-09,9.53,-0.0026,-3665.3846153846152
2015-12-10,9.53,-0.0026,-3665.3846153846152
2015-12-11,9.53,-0.0026,-3665.3846153846152
2015-12-14,9.53,-0.0026,-3665.3846153846152
2015-12-15,9.53,-0.0026,-3665.3846153846152
2015-12-16,9.53,-0.0026,-3665.3846153846152
2015-12-17,9.53,-0.0026,-3665.3846153846152
2015-12-18,9.53,-0.0026,-3665.3846153846152
2015-12-21,9.36,-0.0026,-3600.0
2015-12-22,9.53,-0.0026,-3665.3846153846152
2015-12-23,9.53,-0.0026,-3665.3846153846152
2015-12-24,9.53,-0.0026,-3665.3846153846152
2015-12-28,9.53,-0.0026,-3665.3846153846152
2015-12-29,9.53,-0.0026,-3665.3846153846152
2015-12-30,9.53,-0.0026,-3665.3846153846152
2015-12-31,9.65,-0.0026,-3711.538461538462
2016-01-04,9.65,-0.0026,-3711.538461538462
2016-01-05,9.44,-0.0026,-3630.769230769231
2016-01-06,9.44,-0.0026,-3630.769230769231
2016-01-07,9.44,-0.0026,-3630.769230769231
2016-01-08,9.44,-0.0026,-3630.769230769231
2016-01-11,9.05,-0.0026,-3480.7692307692314
2016-01-12,8.7,-0.0026,-3346.153846153846
2016-01-13,8.7,-0.0026,-3346.153846153846
2016-01-14,8.7,-0.0026,-3346.153846153846
2016-01-15,8.7,-0.0026,-3346.153846153846
2016-01-19,8.7,-0.0026,-3346.153846153846
2016-01-20,8.7,-0.0026,-3346.153846153846
2016-01-21,8.7,-0.0026,-3346.153846153846
2016-01-22,8.7,-0.0026,-3346.153846153846
2016-01-25,8.7,-0.0026,-3346.153846153846
2016-01-26,8.7,-0.0026,-3346.153846153846
2016-01-27,8.7,-0.0026,-3346.153846153846
2016-01-28,8.7,-0.0026,-3346.153846153846
2016-01-29,8.7,-0.0026,-3346.153846153846
2016-02-01,8.7,-0.0026,-3346.153846153846
2016-02-02,8.7,-0.0026,-3346.153846153846
2016-02-03,8.7,-0.0026,-3346.153846153846
2016-02-04,8.7,-0.0026,-3346.153846153846
2016-02-05,8.7,-0.0026,-3346.153846153846
2016-02-08,8.7,-0.0026,-3346.153846153846
2016-02-09,8.7,-0.0026,-3346.153846153846
2016-02-10,8.7,-0.0026,-3346.153846153846
2016-02-11,8.7,-0.0026,-3346.153846153846
2016-02-12,8.7,-0.0026,-3346.153846153846
2016-02-16,8.7,-0.0026,-3346.153846153846
2016-02-17,8.7,-0.0026,-3346.153846153846
2016-02-18,8.7,-0.0026,-3346.153846153846
2016-02-19,8.7,-0.0026,-3346.153846153846
2016-02-22,8.7,-0.0026,-3346.153846153846
2016-02-23,8.7,-0.0026,-3346.153846153846
2016-02-24,8.7,-0.0026,-3346.153846153846
2016-02-25,8.7,-0.0026,-3346.153846153846
2016-02-26,8.7,-0.0026,-3346.153846153846
2016-02-29,8.7,-0.0026,-3346.153846153846
2016-03-01,8.7,-0.0026,-3346.153846153846
2016-03-02,8.7,-0.0026,-3346.153846153846
2016-03-03,8.7,-0.0026,-3346.153846153846
2016-03-04,8.7,-0.0026,-3346.153846153846
2016-03-07,8.7,-0.0026,-3346.153846153846
2016-03-08,8.7,-0.0026,-3346.153846153846
2016-03-09,8.7,-0.0026,-3346.153846153846
2016-03-10,10.47,-0.0026,-4026.923076923077
2016-03-11,10.47,-0.0026,-4026.923076923077
2016-03-14,10.47,-0.0026,-4026.923076923077
2016-03-15,10.47,-0.0026,-4026.923076923077
2016-03-16,10.47,-0.0026,-4026.923076923077
2016-03-17,10.47,-0.0026,-4026.923076923077
2016-03-18,10.47,-0.0026,-4026.923076923077
2016-03-21,10.47,-0.0026,-4026.923076923077
2016-03-22,10.47,-0.0026,-4026.923076923077
2016-03-23,10.47,-0.0026,-4026.923076923077
2016-03-24,10.47,-0.0026,-4026.923076923077
2016-03-28,10.47,-0.0026,-4026.923076923077
2016-03-29,10.47,-0.0026,-4026.923076923077
2016-03-30,10.47,-0.0026,-4026.923076923077
2016-03-31,10.47,-0.0026,-4026.923076923077
2016-04-01,10.47,-0.0026,-4026.923076923077
2016-04-04,10.47,-0.0026,-4026.923076923077
2016-04-05,10.47,-0.0026,-4026.923076923077
2016-04-06,10.47,-0.0026,-4026.923076923077
2016-04-07,10.85,-0.0026,-4173.076923076923
2016-04-08,10.85,-0.0026,-4173.076923076923
2016-04-11,11.0,-0.0026,-4230.769230769231
2016-04-12,11.0,-0.0026,-4230.769230769231
2016-04-13,11.0,-0.0026,-4230.769230769231
2016-04-14,11.0,-0.0026,-4230.769230769231
2016-04-15,11.0,-0.0026,-4230.769230769231
2016-04-18,11.0,-0.0026,-4230.769230769231
2016-04-19,11.0,-0.0026,-4230.769230769231
2016-04-20,11.0,-0.0026,-4230.769230769231
2016-04-21,11.0,-0.0026,-4230.769230769231
2016-04-22,11.0,-0.0026,-4230.769230769231
2016-04-25,11.0,-0.0026,-4230.769230769231
2016-04-26,11.0,-0.0026,-4230.769230769231
2016-04-27,11.0,-0.0026,-4230.769230769231
2016-04-28,11.0,-0.0026,-4230.769230769231
2016-04-29,11.0,-0.0026,-4230.769230769231
2016-05-02,11.0,-0.0026,-4230.769230769231
2016-05-03,11.0,-0.0026,-4230.769230769231
2016-05-04,11.76,-0.0026,-4523.076923076923
2016-05-05,11.76,-0.0026,-4523.076923076923
2016-05-06,11.76,-0.0026,-4523.076923076923
2016-05-09,11.76,-0.0026,-4523.076923076923
2016-05-10,11.76,-0.0026,-4523.076923076923
2016-05-11,11.76,-0.0026,-4523.076923076923
2016-05-12,11.76,-0.0026,-4523.076923076923
2016-05-13,11.76,-0.0026,-4523.076923076923
2016-05-16,11.76,-0.0026,-4523.076923076923
2016-05-17,11.76,-0.0026,-4523.076923076923
2016-05-18,11.76,-0.0026,-4523.076923076923
2016-05-19,11.76,-0.0026,-4523.076923076923
2016-05-20,11.76,-0.0026,-4523.076923076923
2016-05-23,11.76,-0.0026,-4523.076923076923
2016-05-24,11.76,-0.0026,-4523.076923076923
2016-05-25,11.76,-0.0026,-4523.076923076923
2016-05-26,11.76,-0.0026,-4523.076923076923
2016-05-27,11.76,-0.0026,-4523.076923076923
2016-05-31,11.76,-0.0026,-4523.076923076923
2016-06-01,11.76,-0.0026,-4523.076923076923
2016-06-02,11.76,-0.0026,-4523.076923076923
2016-06-03,11.76,-0.0026,-4523.076923076923
2016-06-06,11.76,-0.0026,-4523.076923076923
2016-06-07,11.92,-0.0026,-4584.615384615385
2016-06-08,11.92,-0.0026,-4584.615384615385
2016-06-09,11.18,-0.0026,-4300.0
2016-06-10,11.18,-0.0026,-4300.0
2016-06-13,11.18,-0.0026,-4300.0
2016-06-14,11.18,-0.0026,-4300.0
2016-06-15,11.18,-0.0026,-4300.0
2016-06-16,11.18,-0.0026,-4300.0
2016-06-17,11.18,-0.0026,-4300.0
2016-06-20,11.18,-0.0026,-4300.0
2016-06-21,11.18,-0.0026,-4300.0
2016-06-22,11.18,-0.0026,-4300.0
2016-06-23,11.18,-0.0026,-4300.0
2016-06-24,11.18,-0.0026,-4300.0
2016-06-27,11.18,-0.0026,-4300.0
2016-06-28,11.18,-0.0026,-4300.0
2016-06-29,11.18,-0.0026,-4300.0
2016-06-30,11.18,-0.0026,-4300.0
2016-07-01,11.1,-0.0026,-4269.2307692307695
2016-07-05,11.1,-0.0026,-4269.2307692307695
2016-07-06,11.1,-0.0026,-4269.2307692307695
2016-07-07,11.1,-0.0026,-4269.2307692307695
2016-07-08,11.1,-0.0026,-4269.2307692307695
2016-07-11,11.1,-0.0026,-4269.2307692307695
2016-07-12,11.1,-0.0026,-4269.2307692307695
2016-07-13,11.1,-0.0026,-4269.2307692307695
2016-07-14,11.1,-0.0026,-4269.2307692307695
2016-07-15,11.1,-0.0026,-4269.2307692307695
2016-07-18,11.1,-0.0026,-4269.2307692307695
2016-07-19,11.1,-0.0026,-4269.2307692307695
2016-07-20,11.1,-0.0026,-4269.2307692307695
2016-07-21,11.1,-0.0026,-4269.2307692307695
2016-07-22,11.1,-0.0026,-4269.2307692307695
2016-07-25,11.1,-0.0026,-4269.2307692307695
2016-07-26,11.1,-0.0026,-4269.2307692307695
2016-07-27,11.1,-0.0026,-4269.2307692307695
2016-07-28,11.25,-0.0026,-4326.923076923077
2016-07-29,11.25,-0.0026,-4326.923076923077
2016-08-01,11.25,-0.0026,-4326.923076923077
2016-08-02,11.25,-0.0026,-4326.923076923077
2016-08-03,11.25,-0.0026,-4326.923076923077
2016-08-04,11.25,-0.0026,-4326.923076923077
2016-08-05,11.25,-0.0026,-4326.923076923077
2016-08-08,11.25,-0.0026,-4326.923076923077
2016-08-09,11.25,-0.0026,-4326.923076923077
2016-08-10,11.25,-0.0026,-4326.923076923077
2016-08-11,11.25,-0.0026,-4326.923076923077
2016-08-12,11.25,-0.0026,-4326.923076923077
2016-08-15,11.25,-0.0026,-4326.923076923077
2016-08-16,11.25,-0.0026,-4326.923076923077
2016-08-17,11.71,-0.0026,-4503.846153846154
2016-08-18,11.71,-0.0026,-4503.846153846154
2016-08-19,11.71,-0.0026,-4503.846153846154
2016-08-22,11.71,-0.0026,-4503.846153846154
2016-08-23,11.71,-0.0026,-4503.846153846154
2016-08-24,11.71,-0.0026,-4503.846153846154
2016-08-25,11.71,-0.0026,-4503.846153846154
2016-08-26,11.71,-0.0026,-4503.846153846154
2016-08-29,11.71,-0.0026,-4503.846153846154
2016-08-30,11.71,-0.0026,-4503.846153846154
2016-08-31,11.71,-0.0026,-4503.846153846154
2016-09-01,11.71,-0.0026,-4503.846153846154
2016-09-02,11.71,-0.0026,-4503.846153846154
2016-09-06,11.71,-0.0026,-4503.846153846154
2016-09-07,11.71,-0.0026,-4503.846153846154
2016-09-08,11.71,-0.0026,-4503.846153846154
2016-09-09,11.71,-0.0026,-4503.846153846154
2016-09-12,11.71,-0.0026,-4503.846153846154
2016-09-13,11.71,-0.0026,-4503.846153846154
2016-09-14,11.71,-0.0026,-4503.846153846154
2016-09-15,11.71,-0.0026,-4503.846153846154
2016-09-16,11.71,-0.0026,-4503.846153846154
2016-09-19,11.71,-0.0026,-4503.846153846154
2016-09-20,11.71,-0.0026,-4503.846153846154
2016-09-21,11.71,-0.0026,-4503.846153846154
2016-09-22,11.71,-0.0026,-4503.846153846154
2016-09-23,11.71,-0.0026,-4503.846153846154
2016-09-26,11.71,-0.0026,-4503.846153846154
2016-09-27,11.71,-0.0026,-4503.846153846154
2016-09-28,11.71,-0.0026,-4503.846153846154
2016-09-29,11.71,-0.0026,-4503.846153846154
2016-09-30,11.71,-0.0026,-4503.846153846154
2016-10-03,11.71,-0.0026,-4503.846153846154
2016-10-04,11.71,-0.0026,-4503.846153846154
2016-10-05,11.71,-0.0026,-4503.846153846154
2016-10-06,11.71,-0.0026,-4503.846153846154
2016-10-07,11.71,-0.0026,-4503.846153846154
2016-10-10,11.71,-0.0026,-4503.846153846154
2016-10-11,11.71,-0.0026,-4503.846153846154
2016-10-12,11.71,-0.0026,-4503.846153846154
2016-10-13,11.71,-0.0026,-4503.846153846154
2016-10-14,11.71,-0.0026,-4503.846153846154
2016-10-17,11.71,-0.0026,-4503.846153846154
2016-10-18,11.71,-0.0026,-4503.846153846154
2016-10-19,11.71,-0.0026,-4503.846153846154
2016-10-20,11.71,-0.0026,-4503.846153846154
2016-10-21,11.71,-0.0026,-4503.846153846154
2016-10-24,11.71,-0.0026,-4503.846153846154
2016-10-25,11.71,-0.0026,-4503.846153846154
2016-10-26,11.71,-0.0026,-4503.846153846154
2016-10-27,11.71,-0.0026,-4503.846153846154
2016-10-28,11.71,-0.0026,-4503.846153846154
2016-10-31,11.71,-0.0026,-4503.846153846154
2016-11-01,11.71,-0.0026,-4503.846153846154
2016-11-02,11.71,-0.0026,-4503.846153846154
2016-11-03,11.71,-0.0026,-4503.846153846154
2016-11-04,11.71,-0.0026,-4503.846153846154
2016-11-07,11.71,-0.0026,-4503.846153846154
2016-11-08,11.71,-0.0026,-4503.846153846154
2016-11-09,11.71,-0.0026,-4503.846153846154
2016-11-10,11.71,-0.0026,-4503.846153846154
2016-11-11,11.71,-0.0026,-4503.846153846154
2016-11-14,11.71,-0.0026,-4503.846153846154
2016-11-15,11.71,-0.0026,-4503.846153846154
2016-11-16,11.71,-0.0026,-4503.846153846154
2016-11-17,11.71,-0.0026,-4503.846153846154
2016-11-18,11.71,-0.0026,-4503.846153846154
2016-11-21,11.71,-0.0026,-4503.846153846154
2016-11-22,11.71,-0.0026,-4503.846153846154
2016-11-23,11.71,-0.0026,-4503.846153846154
2016-11-25,11.71,-0.0026,-4503.846153846154
2016-11-28,11.71,-0.0026,-4503.846153846154
2016-11-29,11.71,-0.0026,-4503.846153846154
2016-11-30,11.71,-0.0026,-4503.846153846154
2016-12-01,11.71,-0.0026,-4503.846153846154
2016-12-02,11.71,-0.0026,-4503.846153846154
2016-12-05,11.71,-0.0026,-4503.846153846154
2016-12-06,11.71,-0.0026,-4503.846153846154
2016-12-07,11.71,-0.0026,-4503.846153846154
2016-12-08,11.71,-0.0026,-4503.846153846154
2016-12-09,10.84,-0.0026,-4169.2307692307695
2016-12-12,10.84,-0.0026,-4169.2307692307695
2016-12-13,10.63,-0.0026,-4088.461538461539
2016-12-14,10.63,-0.0026,-4088.461538461539
2016-12-15,10.63,-0.0026,-4088.461538461539
2016-12-16,10.63,-0.0026,-4088.461538461539
2016-12-19,10.63,-0.0026,-4088.461538461539
2016-12-20,10.63,-0.0026,-4088.461538461539
2016-12-21,10.63,-0.0026,-4088.461538461539
2016-12-22,10.63,-0.0026,-4088.461538461539
2016-12-23,10.63,-0.0026,-4088.461538461539
2016-12-27,10.63,-0.0026,-4088.461538461539
2016-12-28,10.63,-0.0026,-4088.461538461539
2016-12-29,10.63,-0.0026,-4088.461538461539
2016-12-30,10.63,-0.0026,-4088.461538461539
2017-01-03,10.63,-0.0026,-4088.461538461539
2017-01-04,10.63,-0.0026,-4088.461538461539
2017-01-05,10.63,-0.0026,-4088.461538461539
2017-01-06,10.63,-0.0026,-4088.461538461539
2017-01-09,10.63,-0.0026,-4088.461538461539
2017-01-10,10.63,-0.0026,-4088.461538461539
2017-01-11,10.63,-0.0026,-4088.461538461539
2017-01-12,10.63,-0.0026,-4088.461538461539
2017-01-13,10.63,-0.0026,-4088.461538461539
2017-01-17,10.63,-0.0026,-4088.461538461539
2017-01-18,10.63,-0.0026,-4088.461538461539
2017-01-19,10.63,-0.0026,-4088.461538461539
2017-01-20,10.63,-0.0026,-4088.461538461539
2017-01-23,10.63,-0.0026,-4088.461538461539
2017-01-24,10.63,-0.0026,-4088.461538461539
2017-01-25,10.63,-0.0026,-4088.461538461539
2017-01-26,10.63,-0.0026,-4088.461538461539
2017-01-27,10.63,-0.0026,-4088.461538461539
2017-01-30,10.63,-0.0026,-4088.461538461539
2017-01-31,10.63,-0.0026,-4088.461538461539
2017-02-01,10.63,-0.0026,-4088.461538461539
2017-02-02,10.63,-0.0026,-4088.461538461539
2017-02-03,10.63,-0.0026,-4088.461538461539
2017-02-06,10.63,-0.0026,-4088.461538461539
2017-02-07,10.63,-0.0026,-4088.461538461539
2017-02-08,10.63,-0.0026,-4088.461538461539
2017-02-09,10.63,-0.0026,-4088.461538461539
2017-02-10,10.63,-0.0026,-4088.461538461539
2017-02-13,10.63,-0.0026,-4088.461538461539
2017-02-14,10.63,-0.0026,-4088.461538461539
2017-02-15,10.63,-0.0026,-4088.461538461539
2017-02-16,10.63,-0.0026,-4088.461538461539
2017-02-17,10.63,-0.0026,-4088.461538461539
2017-02-21,10.63,-0.0026,-4088.461538461539
2017-02-22,10.63,-0.0026,-4088.461538461539
2017-02-23,10.63,-0.0026,-4088.461538461539
2017-02-24,10.63,-0.0026,-4088.461538461539
2017-02-27,10.63,-0.0026,-4088.461538461539
2017-02-28,10.63,-0.0026,-4088.461538461539
2017-03-01,10.63,-0.0026,-4088.461538461539
2017-03-02,10.63,-0.0026,-4088.461538461539
2017-03-03,10.63,-0.0026,-4088.461538461539
2017-03-06,10.63,-0.0026,-4088.461538461539
2017-03-07,10.73,-0.0026,-4126.923076923077
2017-03-08,10.73,-0.0026,-4126.923076923077
2017-03-09,10.57,-0.0026,-4065.3846153846157
2017-03-10,10.57,-0.0026,-4065.3846153846157
2017-03-13,10.57,-0.0026,-4065.3846153846157
2017-03-14,10.57,-0.0026,-4065.3846153846157
2017-03-15,10.57,-0.0026,-4065.3846153846157
2017-03-16,10.9,-0.0026,-4192.307692307692
2017-03-17,10.9,-0.0026,-4192.307692307692
2017-03-20,10.9,-0.0026,-4192.307692307692
2017-03-21,11.19,-0.0026,-4303.846153846154
2017-03-22,11.19,-0.0026,-4303.846153846154
2017-03-23,11.19,-0.0026,-4303.846153846154
2017-03-24,11.19,-0.0026,-4303.846153846154
2017-03-27,11.5,-0.0026,-4423.076923076923
2017-03-28,11.5,-0.0026,-4423.076923076923
2017-03-29,11.5,-0.0026,-4423.076923076923
2017-03-30,11.55,-0.0026,-4442.307692307692
2017-03-31,11.55,-0.0026,-4442.307692307692
2017-04-03,11.55,-0.0026,-4442.307692307692
2017-04-04,11.55,-0.0026,-4442.307692307692
2017-04-05,11.55,-0.0026,-4442.307692307692
2017-04-06,11.25,-0.0026,-4326.923076923077
2017-04-07,11.25,-0.0026,-4326.923076923077
2017-04-10,11.25,-0.0026,-4326.923076923077
2017-04-11,11.25,-0.0026,-4326.923076923077
2017-04-12,11.25,-0.0026,-4326.923076923077
2017-04-13,11.25,-0.0026,-4326.923076923077
2017-04-17,11.25,-0.0026,-4326.923076923077
2017-04-18,11.25,-0.0026,-4326.923076923077
2017-04-19,11.25,-0.0026,-4326.923076923077
2017-04-20,11.25,-0.0026,-4326.923076923077
2017-04-21,11.25,-0.0026,-4326.923076923077
2017-04-24,11.25,-0.0026,-4326.923076923077
2017-04-25,11.25,-0.0026,-4326.923076923077
2017-04-26,11.71,-0.0026,-4503.846153846154
2017-04-27,11.71,-0.0026,-4503.846153846154
2017-04-28,11.6,-0.0026,-4461.538461538462
2017-05-01,11.6,-0.0026,-4461.538461538462
2017-05-02,11.6,-0.0026,-4461.538461538462
2017-05-03,11.6,-0.0026,-4461.538461538462
2017-05-04,11.6,-0.0026,-4461.538461538462
2017-05-05,11.6,-0.0026,-4461.538461538462
2017-05-08,11.6,-0.0026,-4461.538461538462
2017-05-09,11.6,-0.0026,-4461.538461538462
2017-05-10,11.31,-0.0026,-4350.0
2017-05-11,11.31,-0.0026,-4350.0
2017-05-12,11.31,-0.0026,-4350.0
2017-05-15,11.31,-0.0026,-4350.0
2017-05-16,11.31,-0.0026,-4350.0
2017-05-17,11.31,-0.0026,-4350.0
2017-05-18,11.0,-0.0026,-4230.769230769231
2017-05-19,11.0,-0.0026,-4230.769230769231
2017-05-22,11.0,-0.0026,-4230.769230769231
2017-05-23,11.0,-0.0026,-4230.769230769231
2017-05-24,11.0,-0.0026,-4230.769230769231
2017-05-25,11.0,-0.0026,-4230.769230769231
2017-05-26,11.0,-0.0026,-4230.769230769231
2017-05-30,11.0,-0.0026,-4230.769230769231
2017-05-31,11.0,-0.0026,-4230.769230769231
2017-06-01,11.5,-0.0026,-4423.076923076923
2017-06-02,11.75,-0.0026,-4519.2307692307695
2017-06-05,11.75,-0.0026,-4519.2307692307695
2017-06-06,11.75,-0.0026,-4519.2307692307695
2017-06-07,11.8,-0.0026,-4538.461538461539
2017-06-08,11.8,-0.0026,-4538.461538461539
2017-06-09,11.8,-0.0026,-4538.461538461539
2017-06-12,11.8,-0.0026,-4538.461538461539
2017-06-13,11.8,-0.0026,-4538.461538461539
2017-06-14,11.8,-0.0026,-4538.461538461539
2017-06-15,12.05,-0.0026,-4634.615384615385
2017-06-16,12.05,-0.0026,-4634.615384615385
2017-06-19,12.05,-0.0026,-4634.615384615385
2017-06-20,12.05,-0.0026,-4634.615384615385
2017-06-21,12.05,-0.0026,-4634.615384615385
2017-06-22,12.05,-0.0026,-4634.615384615385
2017-06-23,12.05,-0.0026,-4634.615384615385
2017-06-26,12.05,-0.0026,-4634.615384615385
2017-06-27,12.05,-0.0026,-4634.615384615385
2017-06-28,12.05,-0.0026,-4634.615384615385
2017-06-29,12.43,-0.0026,-4780.7692307692305
2017-06-30,12.43,-0.0026,-4780.7692307692305
2017-07-03,12.43,-0.0026,-4780.7692307692305
2017-07-05,12.43,-0.0026,-4780.7692307692305
2017-07-06,12.43,-0.0026,-4780.7692307692305
2017-07-07,12.43,-0.0026,-4780.7692307692305
2017-07-10,12.43,-0.0026,-4780.7692307692305
2017-07-11,12.43,-0.0026,-4780.7692307692305
2017-07-12,12.43,-0.0026,-4780.7692307692305
2017-07-13,12.15,-0.0026,-4673.076923076924
2017-07-14,12.15,-0.0026,-4673.076923076924
2017-07-17,12.15,-0.0026,-4673.076923076924
2017-07-18,12.15,-0.0026,-4673.076923076924
2017-07-19,12.15,-0.0026,-4673.076923076924
2017-07-20,12.15,-0.0026,-4673.076923076924
2017-07-21,12.15,-0.0026,-4673.076923076924
2017-07-24,12.15,-0.0026,-4673.076923076924
2017-07-25,12.15,-0.0026,-4673.076923076924
2017-07-26,12.15,-0.0026,-4673.076923076924
2017-07-27,12.3,-0.0026,-4730.769230769231
2017-07-28,12.3,-0.0026,-4730.769230769231
2017-07-31,12.3,-0.0026,-4730.769230769231
2017-08-01,12.3,-0.0026,-4730.769230769231
2017-08-02,12.3,-0.0026,-4730.769230769231
2017-08-03,12.3,-0.0026,-4730.769230769231
2017-08-04,12.3,-0.0026,-4730.769230769231
2017-08-07,12.3,-0.0026,-4730.769230769231
2017-08-08,12.3,-0.0026,-4730.769230769231
2017-08-09,12.3,-0.0026,-4730.769230769231
2017-08-10,12.3,-0.0026,-4730.769230769231
2017-08-11,12.3,-0.0026,-4730.769230769231
2017-08-14,12.3,-0.0026,-4730.769230769231
2017-08-15,12.3,-0.0026,-4730.769230769231
2017-08-16,12.3,-0.0026,-4730.769230769231
2017-08-17,12.3,-0.0026,-4730.769230769231
2017-08-18,12.6,-0.0026,-4846.153846153847
2017-08-21,12.5,-0.0026,-4807.692307692308
2017-08-22,12.77,-0.0026,-4911.538461538462
2017-08-23,12.77,-0.0026,-4911.538461538462
2017-08-24,12.77,-0.0026,-4911.538461538462
2017-08-25,12.77,-0.0026,-4911.538461538462
2017-08-28,12.77,-0.0026,-4911.538461538462
2017-08-29,12.77,-0.0026,-4911.538461538462
2017-08-30,12.77,-0.0026,-4911.538461538462
2017-08-31,12.77,-0.0026,-4911.538461538462
2017-09-01,12.77,-0.0026,-4911.538461538462
2017-09-05,12.77,-0.0026,-4911.538461538462
2017-09-06,12.77,-0.0026,-4911.538461538462
2017-09-07,12.77,-0.0026,-4911.538461538462
2017-09-08,12.77,-0.0026,-4911.538461538462
2017-09-11,12.77,-0.0026,-4911.538461538462
2017-09-12,12.77,-0.0026,-4911.538461538462
2017-09-13,12.77,-0.0026,-4911.538461538462
2017-09-14,12.77,-0.0026,-4911.538461538462
2017-09-15,12.77,-0.0026,-4911.538461538462
2017-09-18,12.77,-0.0026,-4911.538461538462
2017-09-19,12.77,-0.0026,-4911.538461538462
2017-09-20,12.77,-0.0026,-4911.538461538462
2017-09-21,12.77,-0.0026,-4911.538461538462
2017-09-22,12.77,-0.0026,-4911.538461538462
2017-09-25,12.77,-0.0026,-4911.538461538462
2017-09-26,12.77,-0.0026,-4911.538461538462
2017-09-27,12.05,-0.0026,-4634.615384615385
2017-09-28,12.05,-0.0026,-4634.615384615385
2017-09-29,12.05,-0.0026,-4634.615384615385
2017-10-02,12.05,-0.0026,-4634.615384615385
2017-10-03,12.05,-0.0026,-4634.615384615385
2017-10-04,12.05,-0.0026,-4634.615384615385
2017-10-05,12.05,-0.0026,-4634.615384615385
2017-10-06,12.05,-0.0026,-4634.615384615385
2017-10-09,12.05,-0.0026,-4634.615384615385
2017-10-10,12.05,-0.0026,-4634.615384615385
2017-10-11,12.05,-0.0026,-4634.615384615385
2017-10-12,12.05,-0.0026,-4634.615384615385
2017-10-13,12.05,-0.0026,-4634.615384615385
2017-10-16,12.05,-0.0026,-4634.615384615385
2017-10-17,12.05,-0.0026,-4634.615384615385
2017-10-18,12.05,-0.0026,-4634.615384615385
2017-10-19,12.05,-0.0026,-4634.615384615385
2017-10-20,12.05,-0.0026,-4634.615384615385
2017-10-23,12.05,-0.0026,-4634.615384615385
2017-10-24,12.05,-0.0026,-4634.615384615385
2017-10-25,12.05,-0.0026,-4634.615384615385
2017-10-26,12.05,-0.0026,-4634.615384615385
2017-10-27,12.05,-0.0026,-4634.615384615385
2017-10-30,12.05,-0.0026,-4634.615384615385
2017-10-31,12.05,-0.0026,-4634.615384615385
2017-11-01,12.05,-0.0026,-4634.615384615385
2017-11-02,12.05,-0.0026,-4634.615384615385
2017-11-03,12.05,-0.0026,-4634.615384615385
2017-11-06,12.05,-0.0026,-4634.615384615385
2017-11-07,12.05,-0.0026,-4634.615384615385
2017-11-08,12.05,-0.0026,-4634.615384615385
2017-11-09,12.05,-0.0026,-4634.615384615385
2017-11-10,12.05,-0.0026,-4634.615384615385
2017-11-13,12.05,-0.0026,-4634.615384615385
2017-11-14,12.05,-0.0026,-4634.615384615385
2017-11-15,12.05,-0.0026,-4634.615384615385
2017-11-16,11.37,-0.0026,-4373.076923076923
2017-11-17,11.37,-0.0026,-4373.076923076923
2017-11-20,11.37,-0.0026,-4373.076923076923
2017-11-21,11.37,-0.0026,-4373.076923076923
2017-11-22,11.37,-0.0026,-4373.076923076923
2017-11-24,11.37,-0.0026,-4373.076923076923
2017-11-27,11.37,-0.0026,-4373.076923076923
2017-11-28,11.37,-0.0026,-4373.076923076923
2017-11-29,11.3,-0.0026,-4346.153846153847
2017-11-30,11.3,-0.0026,-4346.153846153847
2017-12-01,11.3,-0.0026,-4346.153846153847
2017-12-04,11.3,-0.0026,-4346.153846153847
2017-12-05,11.3,-0.0026,-4346.153846153847
2017-12-06,11.3,-0.0026,-4346.153846153847
2017-12-07,11.3,-0.0026,-4346.153846153847
2017-12-08,11.3,-0.0026,-4346.153846153847
2017-12-11,11.3,-0.0026,-4346.153846153847
2017-12-12,11.3,-0.0026,-4346.153846153847
2017-12-13,11.3,-0.0026,-4346.153846153847
2017-12-14,11.3,-0.0026,-4346.153846153847
2017-12-15,11.3,-0.0026,-4346.153846153847
2017-12-18,11.3,-0.0026,-4346.153846153847
2017-12-19,11.3,-0.0026,-4346.153846153847
2017-12-20,11.3,-0.0026,-4346.153846153847
2017-12-21,11.3,-0.0026,-4346.153846153847
2017-12-22,11.3,-0.0026,-4346.153846153847
2017-12-26,11.8,-0.0026,-4538.461538461539
2017-12-27,11.8,-0.0026,-4538.461538461539
2017-12-28,11.8,-0.0026,-4538.461538461539
2017-12-29,11.8,-0.0026,-4538.461538461539
2018-01-02,11.8,-0.0026,-4538.461538461539
2018-01-03,11.8,-0.0026,-4538.461538461539
2018-01-04,11.8,-0.0026,-4538.461538461539
2018-01-05,11.8,-0.0026,-4538.461538461539
2018-01-08,11.8,-0.0026,-4538.461538461539
2018-01-09,11.8,-0.0026,-4538.461538461539
2018-01-10,11.8,-0.0026,-4538.461538461539
2018-01-11,11.8,-0.0026,-4538.461538461539
2018-01-12,11.8,-0.0026,-4538.461538461539
2018-01-16,11.8,-0.0026,-4538.461538461539
2018-01-17,11.6,-0.0026,-4461.538461538462
2018-01-18,11.6,-0.0026,-4461.538461538462
2018-01-19,11.6,-0.0026,-4461.538461538462
2018-01-22,11.6,-0.0026,-4461.538461538462
2018-01-23,11.59,-0.0026,-4457.692307692308
2018-01-24,11.75,-0.0026,-4519.2307692307695
2018-01-25,11.75,-0.0026,-4519.2307692307695
2018-01-26,11.75,-0.0026,-4519.2307692307695
2018-01-29,11.75,-0.0026,-4519.2307692307695
2018-01-30,11.75,-0.0026,-4519.2307692307695
2018-01-31,11.75,-0.0026,-4519.2307692307695
2018-02-01,11.75,-0.0026,-4519.2307692307695
2018-02-02,11.75,-0.0026,-4519.2307692307695
2018-02-05,11.75,-0.0026,-4519.2307692307695
2018-02-06,11.75,-0.0026,-4519.2307692307695
2018-02-07,11.75,-0.0026,-4519.2307692307695
2018-02-08,11.75,-0.0026,-4519.2307692307695
2018-02-09,11.75,-0.0026,-4519.2307692307695
2018-02-12,11.75,-0.0026,-4519.2307692307695
2018-02-13,11.44,-0.0026,-4400.0
2018-02-14,11.44,-0.0026,-4400.0
2018-02-15,11.05,-0.0026,-4250.000000000001
2018-02-16,10.9,-0.0026,-4192.307692307692
2018-02-20,10.9,-0.0026,-4192.307692307692
2018-02-21,10.9,-0.0026,-4192.307692307692
2018-02-22,10.9,-0.0026,-4192.307692307692
2018-02-23,11.11,-0.0026,-4273.076923076923
2018-02-26,11.11,-0.0026,-4273.076923076923
2018-02-27,11.11,-0.0026,-4273.076923076923
2018-02-28,11.11,-0.0026,-4273.076923076923
2018-03-01,11.11,-0.0026,-4273.076923076923
2018-03-02,10.74,-0.0026,-4130.769230769231
2018-03-05,10.74,-0.0026,-4130.769230769231
2018-03-06,10.74,-0.0026,-4130.769230769231
2018-03-07,10.74,-0.0026,-4130.769230769231
2018-03-08,10.74,-0.0026,-4130.769230769231
2018-03-09,10.74,-0.0026,-4130.769230769231
2018-03-12,10.74,-0.0026,-4130.769230769231
2018-03-13,10.74,-0.0026,-4130.769230769231
2018-03-14,10.74,-0.0026,-4130.769230769231
2018-03-15,10.74,-0.0026,-4130.769230769231
2018-03-16,11.02,-0.0026,-4238.461538461538
2018-03-19,11.02,-0.0026,-4238.461538461538
2018-03-20,11.02,-0.0026,-4238.461538461538
2018-03-21,11.02,-0.0026,-4238.461538461538
2018-03-22,11.02,-0.0026,-4238.461538461538
2018-03-23,11.02,-0.0026,-4238.461538461538
2018-03-26,11.02,-0.0026,-4238.461538461538
2018-03-27,11.02,-0.0026,-4238.461538461538
2018-03-28,10.75,-0.0026,-4134.615384615385
2018-03-29,10.75,-0.0026,-4134.615384615385
2018-04-02,10.75,-0.0026,-4134.615384615385
2018-04-03,10.75,-0.0026,-4134.615384615385
2018-04-04,10.75,-0.0026,-4134.615384615385
2018-04-05,10.75,-0.0026,-4134.615384615385
2018-04-06,10.55,-0.0026,-4057.692307692308
2018-04-09,10.55,-0.0026,-4057.692307692308
2018-04-10,10.75,-0.0026,-4134.615384615385
2018-04-11,10.75,-0.0026,-4134.615384615385
2018-04-12,10.75,-0.0026,-4134.615384615385
2018-04-13,10.75,-0.0026,-4134.615384615385
2018-04-16,10.75,-0.0026,-4134.615384615385
2018-04-17,10.92,-0.0026,-4200.0
2018-04-18,10.85,-0.0026,-4173.076923076923
2018-04-19,10.85,-0.0026,-4173.076923076923
2018-04-20,10.85,-0.0026,-4173.076923076923
2018-04-23,10.85,-0.0026,-4173.076923076923
2018-04-24,10.85,-0.0026,-4173.076923076923
2018-04-25,10.85,-0.0026,-4173.076923076923
2018-04-26,10.85,-0.0026,-4173.076923076923
2018-04-27,10.85,-0.0026,-4173.076923076923
2018-04-30,10.85,-0.0026,-4173.076923076923
2018-05-01,10.2,-0.0026,-3923.076923076923
2018-05-02,10.2,-0.0026,-3923.076923076923
2018-05-03,10.2,-0.0026,-3923.076923076923
2018-05-04,10.2,-0.0026,-3923.076923076923
2018-05-07,10.2,-0.0026,-3923.076923076923
2018-05-08,10.2,-0.0026,-3923.076923076923
2018-05-09,10.43,-0.0026,-4011.5384615384614
2018-05-10,10.43,-0.0026,-4011.5384615384614
2018-05-11,10.42,-0.0026,-4007.6923076923076
2018-05-14,10.42,-0.0026,-4007.6923076923076
2018-05-15,10.42,-0.0026,-4007.6923076923076
2018-05-16,10.42,-0.0026,-4007.6923076923076
2018-05-17,10.42,-0.0026,-4007.6923076923076
2018-05-18,10.42,-0.0026,-4007.6923076923076
2018-05-21,10.42,-0.0026,-4007.6923076923076
2018-05-22,10.42,-0.0026,-4007.6923076923076
2018-05-23,10.42,-0.0026,-4007.6923076923076
2018-05-24,10.42,-0.0026,-4007.6923076923076
2018-05-25,10.42,-0.0026,-4007.6923076923076
2018-05-29,10.42,-0.0026,-4007.6923076923076
2018-05-30,10.42,-0.0026,-4007.6923076923076
2018-05-31,10.42,-0.0026,-4007.6923076923076
2018-06-01,10.42,-0.0026,-4007.6923076923076
2018-06-04,10.42,-0.0026,-4007.6923076923076
2018-06-05,10.42,-0.0026,-4007.6923076923076
2018-06-06,10.42,-0.0026,-4007.6923076923076
2018-06-07,10.5,-0.0026,-4038.4615384615386
2018-06-08,10.5,-0.0026,-4038.4615384615386
2018-06-11,10.5,-0.0026,-4038.4615384615386
2018-06-12,10.5,-0.0026,-4038.4615384615386
2018-06-13,10.58,-0.0026,-4069.2307692307695
2018-06-14,10.58,-0.0026,-4069.2307692307695
2018-06-15,10.15,-0.0026,-3903.8461538461543
2018-06-18,10.15,-0.0026,-3903.8461538461543
2018-06-19,10.0,-0.0026,-3846.153846153846
2018-06-20,10.0,-0.0026,-3846.153846153846
2018-06-21,10.0,-0.0026,-3846.153846153846
2018-06-22,10.0,-0.0026,-3846.153846153846
2018-06-25,10.0,-0.0026,-3846.153846153846
2018-06-26,10.0,-0.0026,-3846.153846153846
2018-06-27,10.7,-0.0026,-4115.384615384615
2018-06-28,10.5,-0.0026,-4038.4615384615386
2018-06-29,10.5,-0.0026,-4038.4615384615386
2018-07-02,10.5,-0.0026,-4038.4615384615386
2018-07-03,10.15,-0.0026,-3903.8461538461543
2018-07-05,10.38,-0.0026,-3992.307692307693
2018-07-06,10.45,-0.0026,-4019.230769230769
2018-07-09,10.45,-0.0026,-4019.230769230769
2018-07-10,10.45,-0.0026,-4019.230769230769
2018-07-11,10.45,-0.0026,-4019.230769230769
2018-07-12,10.54,-0.0026,-4053.846153846154
2018-07-13,10.54,-0.0026,-4053.846153846154
2018-07-16,10.54,-0.0026,-4053.846153846154
2018-07-17,10.54,-0.0026,-4053.846153846154
2018-07-18,10.54,-0.0026,-4053.846153846154
2018-07-19,10.54,-0.0026,-4053.846153846154
2018-07-20,10.54,-0.0026,-4053.846153846154
2018-07-23,10.54,-0.0026,-4053.846153846154
2018-07-24,10.54,-0.0026,-4053.846153846154
2018-07-25,10.54,-0.0026,-4053.846153846154
2018-07-26,10.54,-0.0026,-4053.846153846154
2018-07-27,10.54,-0.0026,-4053.846153846154
2018-07-30,10.54,-0.0026,-4053.846153846154
2018-07-31,11.1,-0.0026,-4269.2307692307695
2018-08-01,11.1,-0.0026,-4269.2307692307695
2018-08-02,11.1,-0.0026,-4269.2307692307695
2018-08-03,11.1,-0.0026,-4269.2307692307695
2018-08-06,11.1,-0.0026,-4269.2307692307695
2018-08-07,11.1,-0.0026,-4269.2307692307695
2018-08-08,10.6,-0.0026,-4076.923076923077
2018-08-09,10.6,-0.0026,-4076.923076923077
2018-08-10,10.3,-0.0026,-3961.538461538462
2018-08-13,10.3,-0.0026,-3961.538461538462
2018-08-14,10.3,-0.0026,-3961.538461538462
2018-08-15,10.3,-0.0026,-3961.538461538462
2018-08-16,10.3,-0.0026,-3961.538461538462
2018-08-17,10.3,-0.0026,-3961.538461538462
2018-08-20,10.3,-0.0026,-3961.538461538462
2018-08-21,10.4,-0.0026,-4000.0000000000005
2018-08-22,10.4,-0.0026,-4000.0000000000005
2018-08-23,10.4,-0.0026,-4000.0000000000005
2018-08-24,10.4,-0.0026,-4000.0000000000005
2018-08-27,10.4,-0.0026,-4000.0000000000005
2018-08-28,10.33,-0.0026,-3973.0769230769233
2018-08-29,10.33,-0.0026,-3973.0769230769233
2018-08-30,10.33,-0.0026,-3973.0769230769233
2018-08-31,10.33,-0.0026,-3973.0769230769233
2018-09-04,10.33,-0.0026,-3973.0769230769233
2018-09-05,10.33,-0.0026,-3973.0769230769233
2018-09-06,10.33,-0.0026,-3973.0769230769233
2018-09-07,10.33,-0.0026,-3973.0769230769233
2018-09-10,10.33,-0.0026,-3973.0769230769233
2018-09-11,9.85,-0.0026,-3788.4615384615386
2018-09-12,10.03,-0.0026,-3857.6923076923076
2018-09-13,10.03,-0.0026,-3857.6923076923076
2018-09-14,10.03,-0.0026,-3857.6923076923076
2018-09-17,10.03,-0.0026,-3857.6923076923076
2018-09-18,10.03,-0.0026,-3857.6923076923076
2018-09-19,9.75,-0.0026,-3750.0
2018-09-20,9.75,-0.0026,-3750.0
2018-09-21,9.75,-0.0026,-3750.0
2018-09-24,9.75,-0.0026,-3750.0
2018-09-25,9.75,-0.0026,-3750.0
2018-09-26,9.9,-0.0026,-3807.692307692308
2018-09-27,9.95,-0.0026,-3826.9230769230767
2018-09-28,9.95,-0.0026,-3826.9230769230767
2018-10-01,9.9,-0.0026,-3807.692307692308
2018-10-02,9.9,-0.0026,-3807.692307692308
2018-10-03,9.55,-0.0026,-3673.0769230769233
2018-10-04,9.55,-0.0026,-3673.0769230769233
2018-10-05,9.4,-0.0026,-3615.3846153846157
2018-10-08,9.4,-0.0026,-3615.3846153846157
2018-10-09,9.4,-0.0026,-3615.3846153846157
2018-10-10,9.21,-0.0026,-3542.307692307693
2018-10-11,9.21,-0.0026,-3542.307692307693
2018-10-12,9.21,-0.0026,-3542.307692307693
2018-10-15,9.3,-0.0026,-3576.9230769230776
2018-10-16,9.3,-0.0026,-3576.9230769230776
2018-10-17,9.3,-0.0026,-3576.9230769230776
2018-10-18,9.3,-0.0026,-3576.9230769230776
2018-10-19,9.0,-0.0026,-3461.538461538462
2018-10-22,9.0,-0.0026,-3461.538461538462
2018-10-23,9.0,-0.0026,-3461.538461538462
2018-10-24,9.0,-0.0026,-3461.538461538462
2018-10-25,9.0,-0.0026,-3461.538461538462
2018-10-26,9.0,-0.0026,-3461.538461538462
2018-10-29,9.0,-0.0026,-3461.538461538462
2018-10-30,9.0,-0.0026,-3461.538461538462
2018-10-31,9.0,-0.0026,-3461.538461538462
2018-11-01,9.0,-0.0026,-3461.538461538462
2018-11-02,9.0,-0.0026,-3461.538461538462
2018-11-05,9.0,-0.0026,-3461.538461538462
2018-11-06,9.59,-0.0026,-3688.4615384615386
2018-11-07,9.59,-0.0026,-3688.4615384615386
2018-11-08,9.75,-0.0026,-3750.0
2018-11-09,9.7,-0.0026,-3730.7692307692305
2018-11-12,9.6,-0.0026,-3692.3076923076924
2018-11-13,9.75,-0.0026,-3750.0
2018-11-14,9.76,-0.0026,-3753.846153846154
2018-11-15,9.95,-0.0026,-3826.9230769230767
2018-11-16,9.95,-0.0026,-3826.9230769230767
2018-11-19,9.95,-0.0026,-3826.9230769230767
2018-11-20,9.7,-0.0026,-3730.7692307692305
2018-11-21,9.7,-0.0026,-3730.7692307692305
2018-11-23,9.7,-0.0026,-3730.7692307692305
2018-11-26,9.7,-0.0026,-3730.7692307692305
2018-11-27,9.7,-0.0026,-3730.7692307692305
2018-11-28,9.57,-0.0026,-3680.769230769231
2018-11-29,9.86,-0.0026,-3792.3076923076924
2018-11-30,9.86,-0.0026,-3792.3076923076924
2018-12-03,9.86,-0.0026,-3792.3076923076924
2018-12-04,9.86,-0.0026,-3792.3076923076924
2018-12-06,9.86,-0.0026,-3792.3076923076924
2018-12-07,9.86,-0.0026,-3792.3076923076924
2018-12-10,9.86,-0.0026,-3792.3076923076924
2018-12-11,9.56,-0.0026,-3676.923076923077
2018-12-12,9.6,-0.0026,-3692.3076923076924
2018-12-13,9.6,-0.0026,-3692.3076923076924
2018-12-14,9.6,-0.0026,-3692.3076923076924
2018-12-17,9.5,-0.0026,-3653.846153846154
2018-12-18,9.5,-0.0026,-3653.846153846154
2018-12-19,9.5,-0.0026,-3653.846153846154
2018-12-20,9.25,-0.0026,-3557.692307692308
2018-12-21,9.0,-0.0026,-3461.538461538462
2018-12-24,9.0,-0.0026,-3461.538461538462
2018-12-26,8.75,-0.0026,-3365.3846153846157
2018-12-27,8.75,-0.0026,-3365.3846153846157
2018-12-28,9.3,-0.0026,-3576.9230769230776
2018-12-31,9.3,-0.0026,-3576.9230769230776
2019-01-02,9.3,-0.0026,-3576.9230769230776
2019-01-03,9.3,-0.0026,-3576.9230769230776
2019-01-04,9.3,-0.0026,-3576.9230769230776
2019-01-07,9.5,-0.0026,-3653.846153846154
2019-01-08,9.44,-0.0026,-3630.769230769231
2019-01-09,9.45,-0.0026,-3634.6153846153843
2019-01-10,9.51,-0.0026,-3657.6923076923076
2019-01-11,9.51,-0.0026,-3657.6923076923076
2019-01-14,9.51,-0.0026,-3657.6923076923076
2019-01-15,9.35,-0.0026,-3596.153846153846
2019-01-16,9.35,-0.0026,-3596.153846153846
2019-01-17,9.57,-0.0026,-3680.769230769231
2019-01-18,9.55,-0.0026,-3673.0769230769233
2019-01-22,9.55,-0.0026,-3673.0769230769233
2019-01-23,9.69,-0.0026,-3726.9230769230767
2019-01-24,9.69,-0.0026,-3726.9230769230767
2019-01-25,9.69,-0.0026,-3726.9230769230767
2019-01-28,9.69,-0.0026,-3726.9230769230767
2019-01-29,9.69,-0.0026,-3726.9230769230767
2019-01-30,9.69,-0.0026,-3726.9230769230767
2019-01-31,9.69,-0.0026,-3726.9230769230767
2019-02-01,9.69,-0.0026,-3726.9230769230767
2019-02-04,9.69,-0.0026,-3726.9230769230767
2019-02-05,10.09,-0.0026,-3880.769230769231
2019-02-06,10.09,-0.0026,-3880.769230769231
2019-02-07,10.3,-0.0026,-3961.538461538462
2019-02-08,10.3,-0.0026,-3961.538461538462
2019-02-11,10.27,-0.0026,-3950.0
2019-02-12,10.27,-0.0026,-3950.0
2019-02-13,10.27,-0.0026,-3950.0
2019-02-14,10.27,-0.0026,-3950.0
2019-02-15,10.27,-0.0026,-3950.0
2019-02-19,10.27,-0.0026,-3950.0
2019-02-20,10.27,-0.0026,-3950.0
2019-02-21,10.27,-0.0026,-3950.0
2019-02-22,10.27,-0.0026,-3950.0
2019-02-25,10.7,-0.0026,-4115.384615384615
2019-02-26,10.7,-0.0026,-4115.384615384615
2019-02-27,10.7,-0.0026,-4115.384615384615
2019-02-28,10.7,-0.0026,-4115.384615384615
2019-03-01,10.7,-0.0026,-4115.384615384615
2019-03-04,10.7,-0.0026,-4115.384615384615
2019-03-05,10.3,-0.0026,-3961.538461538462
2019-03-06,10.34,-0.0026,-3976.923076923077
2019-03-07,10.34,-0.0026,-3976.923076923077
2019-03-08,10.34,-0.0026,-3976.923076923077
2019-03-11,10.34,-0.0026,-3976.923076923077
2019-03-12,10.49,-0.0026,-4034.6153846153848
2019-03-13,10.47,-0.0026,-4026.923076923077
2019-03-14,10.47,-0.0026,-4026.923076923077
2019-03-15,10.47,-0.0026,-4026.923076923077
2019-03-18,10.47,-0.0026,-4026.923076923077
2019-03-19,10.47,-0.0026,-4026.923076923077
2019-03-20,10.47,-0.0026,-4026.923076923077
2019-03-21,10.69,-0.0026,-4111.538461538462
2019-03-22,10.8,-0.0026,-4153.846153846154
2019-03-25,10.78,-0.0026,-4146.153846153846
2019-03-26,10.78,-0.0026,-4146.153846153846
2019-03-27,10.8,-0.0026,-4153.846153846154
2019-03-28,10.75,-0.0026,-4134.615384615385
2019-03-29,10.75,-0.0026,-4134.615384615385
2019-04-01,11.08,-0.0026,-4261.538461538462
2019-04-02,11.08,-0.0026,-4261.538461538462
2019-04-03,11.08,-0.0026,-4261.538461538462
2019-04-04,11.08,-0.0026,-4261.538461538462
2019-04-05,10.83,-0.0026,-4165.384615384615
2019-04-08,11.02,-0.0026,-4238.461538461538
2019-04-09,11.25,-0.0026,-4326.923076923077
2019-04-10,11.25,-0.0026,-4326.923076923077
2019-04-11,11.25,-0.0026,-4326.923076923077
2019-04-12,11.25,-0.0026,-4326.923076923077
2019-04-15,11.25,-0.0026,-4326.923076923077
2019-04-16,11.15,-0.0026,-4288.461538461539
2019-04-17,11.01,-0.0026,-4234.615384615385
2019-04-18,11.01,-0.0026,-4234.615384615385
2019-04-22,10.93,-0.0026,-4203.846153846154
2019-04-23,11.1,-0.0026,-4269.2307692307695
2019-04-24,11.1,-0.0026,-4269.2307692307695
2019-04-25,11.0,-0.0026,-4230.769230769231
2019-04-26,11.0,-0.0026,-4230.769230769231
2019-04-29,11.0,-0.0026,-4230.769230769231
2019-04-30,11.0,-0.0026,-4230.769230769231
2019-05-01,11.0,-0.0026,-4230.769230769231
2019-05-02,11.0,-0.0026,-4230.769230769231
2019-05-03,11.69,-0.0026,-4496.153846153846
2019-05-06,11.69,-0.0026,-4496.153846153846
2019-05-07,11.69,-0.0026,-4496.153846153846
2019-05-08,11.69,-0.0026,-4496.153846153846
2019-05-09,11.69,-0.0026,-4496.153846153846
2019-05-10,11.69,-0.0026,-4496.153846153846
2019-05-13,11.69,-0.0026,-4496.153846153846
2019-05-14,11.69,-0.0026,-4496.153846153846
2019-05-15,11.69,-0.0026,-4496.153846153846
2019-05-16,11.69,-0.0026,-4496.153846153846
2019-05-17,11.69,-0.0026,-4496.153846153846
2019-05-20,11.69,-0.0026,-4496.153846153846
2019-05-21,11.69,-0.0026,-4496.153846153846
2019-05-22,11.69,-0.0026,-4496.153846153846
2019-05-23,11.69,-0.0026,-4496.153846153846
2019-05-24,11.69,-0.0026,-4496.153846153846
2019-05-28,11.69,-0.0026,-4496.153846153846
2019-05-29,11.69,-0.0026,-4496.153846153846
2019-05-30,11.69,-0.0026,-4496.153846153846
2019-05-31,11.15,-0.0026,-4288.461538461539
2019-06-03,11.15,-0.0026,-4288.461538461539
2019-06-04,11.15,-0.0026,-4288.461538461539
2019-06-05,11.15,-0.0026,-4288.461538461539
2019-06-06,11.15,-0.0026,-4288.461538461539
2019-06-07,11.15,-0.0026,-4288.461538461539
2019-06-10,11.15,-0.0026,-4288.461538461539
2019-06-11,11.18,-0.0026,-4300.0
2019-06-12,11.22,-0.0026,-4315.384615384616
2019-06-13,10.98,-0.0026,-4223.076923076924
2019-06-14,10.93,-0.0026,-4203.846153846154
2019-06-17,10.65,-0.0026,-4096.153846153847
2019-06-18,10.8,-0.0026,-4153.846153846154
2019-06-19,10.59,-0.0026,-4073.0769230769233
2019-06-20,10.87,-0.0026,-4180.7692307692305
2019-06-21,11.02,-0.0026,-4238.461538461538
2019-06-24,11.14,-0.0026,-4284.615384615385
2019-06-25,11.46,-0.0026,-4407.6923076923085
2019-06-26,11.51,-0.0026,-4426.923076923077
2019-06-27,11.49,-0.0026,-4419.2307692307695
2019-06-28,11.49,-0.0026,-4419.2307692307695
2019-07-01,11.43,-0.0026,-4396.153846153847
2019-07-02,11.58,-0.0026,-4453.846153846154
2019-07-03,11.68,-0.0026,-4492.307692307692
2019-07-05,11.61,-0.0026,-4465.384615384615
2019-07-08,11.44,-0.0026,-4400.0
2019-07-09,11.02,-0.0026,-4238.461538461538
2019-07-10,10.96,-0.0026,-4215.384615384616
2019-07-11,11.08,-0.0026,-4261.538461538462
2019-07-12,11.15,-0.0026,-4288.461538461539
2019-07-15,11.08,-0.0026,-4261.538461538462
2019-07-16,10.9,-0.0026,-4192.307692307692
2019-07-17,11.18,-0.0026,-4300.0
2019-07-18,11.28,-0.0026,-4338.461538461538
2019-07-19,11.27,-0.0026,-4334.615384615385
2019-07-22,10.74,-0.0026,-4130.769230769231
2019-07-23,10.86,-0.0026,-4176.923076923077
2019-07-24,10.79,-0.0026,-4150.0
2019-07-25,10.98,-0.0026,-4223.076923076924
2019-07-26,10.96,-0.0026,-4215.384615384616
2019-07-29,10.87,-0.0026,-4180.7692307692305
2019-07-30,10.61,-0.0026,-4080.769230769231
2019-07-31,10.6,-0.0026,-4076.923076923077
2019-08-01,10.51,-0.0026,-4042.3076923076924
2019-08-02,10.54,-0.0026,-4053.846153846154
2019-08-05,10.3,-0.0026,-3961.538461538462
2019-08-06,10.24,-0.0026,-3938.4615384615386
2019-08-07,10.43,-0.0026,-4011.5384615384614
2019-08-08,10.61,-0.0026,-4080.769230769231
2019-08-09,10.47,-0.0026,-4026.923076923077
2019-08-12,10.27,-0.0026,-3950.0
2019-08-13,10.43,-0.0026,-4011.5384615384614
2019-08-14,9.95,-0.0026,-3826.9230769230767
2019-08-15,9.7,-0.0026,-3730.7692307692305
2019-08-16,9.92,-0.0026,-3815.3846153846157
2019-08-19,10.11,-0.0026,-3888.4615384615386
2019-08-20,9.97,-0.0026,-3834.615384615385
2019-08-21,9.65,-0.0026,-3711.538461538462
2019-08-22,9.54,-0.0026,-3669.230769230769
2019-08-23,9.44,-0.0026,-3630.769230769231
2019-08-26,9.72,-0.0026,-3738.461538461539
2019-08-27,9.78,-0.0026,-3761.5384615384614
2019-08-28,9.71,-0.0026,-3734.615384615385
2019-08-29,9.74,-0.0026,-3746.153846153846
2019-08-30,9.82,-0.0026,-3776.923076923077
2019-09-03,9.71,0.3626,26.778819635962495
2019-09-04,9.71,0.3626,26.778819635962495
2019-09-05,9.77,0.3626,26.944291230005515
2019-09-06,9.87,0.3626,27.22007722007722
2019-09-09,9.81,0.3626,27.0546056260342
2019-09-10,10.06,0.3626,27.744070601213462
2019-09-11,10.14,0.3626,27.964699393270823
2019-09-12,10.1,0.3626,27.85438499724214
2019-09-13,10.22,0.3626,28.18532818532819
2019-09-16,9.67,0.3626,26.66850523993381
2019-09-17,9.76,0.3626,26.916712630998347
2019-09-18,9.82,0.3626,27.08218422504137
2019-09-19,9.79,0.3626,26.999448428019857
2019-09-20,9.66,0.3626,26.640926640926644
2019-09-23,9.65,0.3626,26.613348041919473
2019-09-24,9.6,0.3626,26.475455046883617
2019-09-25,9.65,0.3626,26.613348041919473
2019-09-26,9.61,0.3626,26.50303364589079
2019-09-27,9.73,0.3626,26.833976833976838
2019-09-30,9.75,0.3626,26.889134031991176
2019-10-01,9.55,0.3626,26.33756205184777
2019-10-02,9.42,0.3626,25.979040264754552
2019-10-03,9.55,0.3626,26.33756205184777
2019-10-04,9.49,0.3626,26.172090457804746
2019-10-07,9.39,0.3626,25.896304467733042
2019-10-08,9.23,0.3626,25.455046883618316
2019-10-09,9.32,0.3626,25.70325427468285
2019-10-10,9.32,0.3626,25.70325427468285
2019-10-11,9.6,0.3626,26.475455046883617
2019-10-14,9.59,0.3626,26.44787644787645
2019-10-15,9.59,0.3626,26.44787644787645
2019-10-16,9.39,0.3626,25.896304467733042
2019-10-17,9.59,0.3626,26.44787644787645
2019-10-18,9.59,0.3626,26.44787644787645
2019-10-21,9.68,0.3626,26.696083838940982
2019-10-22,9.66,0.3626,26.640926640926644
2019-10-23,9.71,0.3626,26.778819635962495
2019-10-24,9.47,0.3626,26.116933259790407
2019-10-25,9.72,0.3626,26.806398234969667
2019-10-28,9.58,0.3626,26.42029784886928
2019-10-29,9.48,0.3626,26.144511858797575
2019-10-30,9.56,0.3626,26.36514065085494
2019-10-31,9.52,0.3626,26.254826254826256
2019-11-01,9.73,0.3626,26.833976833976838
2019-11-04,9.89,0.3626,27.275234418091564
2019-11-05,10.0,0.3626,27.57859900717044
2019-11-06,9.97,0.3626,27.49586321014893
2019-11-07,9.78,0.04,244.49999999999997
2019-11-08,9.77,0.04,244.24999999999997
2019-11-11,9.81,0.04,245.25
2019-11-12,9.83,0.04,245.75
2019-11-13,9.86,0.04,246.49999999999997
2019-11-14,9.95,0.04,248.74999999999997
2019-11-15,10.02,0.04,250.49999999999997
2019-11-18,10.02,0.04,250.49999999999997
2019-11-19,10.14,0.04,253.5
2019-11-20,9.83,0.04,245.75
2019-11-21,9.9,0.04,247.5
2019-11-22,10.06,0.04,251.5
2019-11-25,10.11,0.04,252.74999999999997
2019-11-26,10.15,0.04,253.75
2019-11-27,10.3,0.04,257.5
2019-11-29,10.26,0.04,256.5
2019-12-02,10.17,0.04,254.25
2019-12-03,10.07,0.04,251.75
2019-12-04,10.18,0.04,254.5
2019-12-05,10.33,0.04,258.25
2019-12-06,10.47,0.04,261.75
2019-12-09,10.43,0.04,260.75
2019-12-10,10.35,0.04,258.75
2019-12-11,10.48,0.04,262.0
2019-12-12,10.68,0.04,267.0
2019-12-13,10.56,0.04,264.0
2019-12-16,10.76,0.04,269.0
2019-12-17,10.81,0.04,270.25
2019-12-18,10.77,0.04,269.25
2019-12-19,10.8,0.04,270.0
2019-12-20,10.77,0.04,269.25
2019-12-23,10.91,0.04,272.75
2019-12-24,10.79,0.04,269.75
2019-12-26,10.85,0.04,271.25
2019-12-27,10.95,0.04,273.75
2019-12-30,10.85,0.04,271.25
2019-12-31,10.84,0.04,271.0
2020-01-02,10.63,0.04,265.75
2020-01-03,10.49,0.04,262.25
2020-01-06,10.42,0.04,260.5
2020-01-07,10.33,0.04,258.25
2020-01-08,10.37,0.04,259.25
2020-01-09,10.4,0.04,260.0
2020-01-10,10.45,0.04,261.25
2020-01-13,10.69,0.04,267.25
2020-01-14,10.62,0.04,265.5
2020-01-15,10.67,0.04,266.75
2020-01-16,10.82,0.04,270.5
2020-01-17,10.9,0.04,272.5
2020-01-21,10.7,0.04,267.5
2020-01-22,10.73,0.04,268.25
2020-01-23,10.73,0.04,268.25
2020-01-24,10.49,0.04,262.25
2020-01-27,10.77,0.04,269.25
2020-01-28,10.89,0.04,272.25
2020-01-29,10.85,0.04,271.25
2020-01-30,10.83,0.04,270.75
2020-01-31,10.59,0.04,264.75
2020-02-03,10.68,0.04,267.0
2020-02-04,10.87,0.04,271.75
2020-02-05,11.02,0.04,275.5
2020-02-06,11.01,0.04,275.25
2020-02-07,10.82,0.04,270.5
2020-02-10,10.81,0.04,270.25
2020-02-11,10.97,0.115,95.3913043478261
2020-02-12,10.47,0.115,91.04347826086956
2020-02-13,10.16,0.115,88.34782608695652
2020-02-14,10.21,0.115,88.78260869565217
2020-02-18,10.21,0.115,88.78260869565217
2020-02-19,10.18,0.115,88.52173913043478
2020-02-20,10.27,0.115,89.30434782608695
2020-02-21,10.24,0.115,89.04347826086956
2020-02-24,9.93,0.115,86.34782608695652
2020-02-25,9.67,0.115,84.08695652173913
2020-02-26,9.76,0.115,84.8695652173913
2020-02-27,9.46,0.115,82.26086956521739
2020-02-28,9.32,0.115,81.04347826086956
2020-03-02,9.79,0.115,85.13043478260869
2020-03-03,9.59,0.115,83.39130434782608
2020-03-04,9.77,0.115,84.95652173913042
2020-03-05,9.39,0.115,81.65217391304348
2020-03-06,9.32,0.115,81.04347826086956
2020-03-09,8.88,0.115,77.21739130434783
2020-03-10,8.97,0.115,78.0
2020-03-11,7.99,0.115,69.47826086956522
2020-03-12,6.7,0.115,58.26086956521739
2020-03-13,6.82,0.115,59.30434782608695
2020-03-16,5.95,0.115,51.73913043478261
2020-03-17,6.23,0.115,54.173913043478265
2020-03-18,6.39,0.115,55.565217391304344
2020-03-19,7.43,0.115,64.6086956521739
2020-03-20,7.3,0.115,63.47826086956521
2020-03-23,6.62,0.115,57.565217391304344
2020-03-24,7.52,0.115,65.39130434782608
2020-03-25,7.71,0.115,67.04347826086956
2020-03-26,8.13,0.115,70.69565217391305
2020-03-27,7.8,0.115,67.82608695652173
2020-03-30,8.28,0.115,71.99999999999999
2020-03-31,8.12,0.115,70.6086956521739
2020-04-01,7.86,0.115,68.34782608695652
2020-04-02,8.18,0.115,71.13043478260869
2020-04-03,7.84,0.115,68.17391304347825
2020-04-06,8.22,0.115,71.47826086956522
2020-04-07,8.13,0.115,70.69565217391305
2020-04-08,8.51,0.115,74.0
2020-04-09,9.16,0.115,79.65217391304347
2020-04-13,8.9,0.115,77.3913043478261
2020-04-14,9.04,0.115,78.6086956521739
2020-04-15,8.65,0.115,75.21739130434783
2020-04-16,8.46,0.115,73.56521739130436
2020-04-17,8.78,0.115,76.34782608695652
2020-04-20,8.64,0.115,75.1304347826087
2020-04-21,8.26,0.115,71.82608695652173
2020-04-22,8.36,0.115,72.69565217391303
2020-04-23,8.21,0.115,71.3913043478261
2020-04-24,8.42,0.115,73.21739130434783
2020-04-27,8.68,0.115,75.47826086956522
2020-04-28,9.02,0.115,78.43478260869564
2020-04-29,9.24,0.115,80.34782608695652
2020-04-30,8.97,0.115,78.0
2020-05-01,8.68,0.115,75.47826086956522
2020-05-04,8.69,0.115,75.56521739130434
2020-05-05,8.58,0.115,74.6086956521739
2020-05-06,8.48,0.115,73.73913043478261
2020-05-07,8.61,0.115,74.8695652173913
2020-05-08,8.97,0.115,78.0
2020-05-11,8.83,0.274,32.22627737226277
2020-05-12,9.11,0.274,33.248175182481745
2020-05-13,9.11,0.274,33.248175182481745
2020-05-14,9.09,0.274,33.17518248175182
2020-05-15,9.1,0.274,33.21167883211678
2020-05-18,9.64,0.274,35.18248175182482
2020-05-19,9.4,0.274,34.30656934306569
2020-05-20,9.45,0.274,34.489051094890506
2020-05-21,9.48,0.274,34.5985401459854
2020-05-22,9.6,0.274,35.036496350364956
2020-05-26,10.0,0.274,36.4963503649635
2020-05-27,9.86,0.274,35.98540145985401
2020-05-28,10.0,0.274,36.4963503649635
2020-05-29,10.21,0.274,37.262773722627735
2020-06-01,10.18,0.274,37.153284671532845
2020-06-02,10.33,0.274,37.700729927007295
2020-06-03,10.5,0.274,38.32116788321168
2020-06-04,10.53,0.274,38.43065693430656
2020-06-05,10.88,0.274,39.70802919708029
2020-06-08,10.5,0.274,38.32116788321168
2020-06-09,10.2,0.274,37.22627737226277
2020-06-10,9.82,0.274,35.83941605839416
2020-06-11,9.19,0.274,33.54014598540146
2020-06-12,9.81,0.274,35.802919708029194
2020-06-15,10.2,0.274,37.22627737226277
2020-06-16,10.26,0.274,37.44525547445255
2020-06-17,10.27,0.274,37.481751824817515
2020-06-18,10.28,0.274,37.51824817518248
2020-06-19,10.31,0.274,37.62773722627737
2020-06-22,10.27,0.274,37.481751824817515
2020-06-23,10.24,0.274,37.372262773722625
2020-06-24,9.96,0.274,36.35036496350365
2020-06-25,10.01,0.274,36.53284671532846
2020-06-26,9.67,0.274,35.29197080291971
2020-06-29,9.95,0.274,36.31386861313868
2020-06-30,10.21,0.274,37.262773722627735
2020-07-01,10.33,0.274,37.700729927007295
2020-07-02,10.6,0.274,38.68613138686131
2020-07-06,10.75,0.274,39.23357664233576
2020-07-07,10.62,0.274,38.75912408759123
2020-07-08,10.45,0.274,38.138686131386855
2020-07-09,10.37,0.274,37.84671532846715
2020-07-10,10.51,0.274,38.357664233576635
2020-07-13,10.41,0.274,37.992700729927
2020-07-14,10.61,0.274,38.722627737226276
2020-07-15,10.7,0.274,39.051094890510946
2020-07-16,10.75,0.274,39.23357664233576
2020-07-17,10.77,0.274,39.30656934306569
2020-07-20,10.73,0.274,39.160583941605836
2020-07-21,10.85,0.274,39.598540145985396
2020-07-22,10.9,0.274,39.78102189781022
2020-07-23,10.74,0.274,39.1970802919708
2020-07-24,10.67,0.274,38.941605839416056
2020-07-27,10.82,0.274,39.489051094890506
2020-07-28,10.71,0.274,39.08759124087591
2020-07-29,10.62,0.274,38.75912408759123
2020-07-30,10.36,0.274,37.810218978102185
2020-07-31,10.3,0.274,37.59124087591241
2020-08-03,10.44,0.274,38.10218978102189
2020-08-04,10.7,0.274,39.051094890510946
