date,APTV,APTV_EPS,PE Ratio
,,0.57,
2011-11-17,17.88,0.57,31.36842105263158
2011-11-18,17.6,0.57,30.877192982456144
2011-11-21,17.02,0.57,29.85964912280702
2011-11-22,16.68,0.57,29.263157894736842
2011-11-23,16.45,0.57,28.859649122807017
2011-11-25,16.47,0.57,28.894736842105264
2011-11-28,16.8,0.57,29.47368421052632
2011-11-29,16.76,0.57,29.40350877192983
2011-11-30,17.47,0.57,30.649122807017545
2011-12-01,17.44,0.57,30.59649122807018
2011-12-02,17.91,0.57,31.42105263157895
2011-12-05,18.25,0.57,32.01754385964912
2011-12-06,18.55,0.57,32.54385964912281
2011-12-07,18.44,0.57,32.35087719298246
2011-12-08,18.18,0.57,31.894736842105264
2011-12-09,18.23,0.57,31.98245614035088
2011-12-12,18.03,0.57,31.631578947368425
2011-12-13,17.86,0.57,31.333333333333336
2011-12-14,17.3,0.57,30.35087719298246
2011-12-15,17.57,0.57,30.824561403508774
2011-12-16,17.58,0.57,30.842105263157894
2011-12-19,17.59,0.57,30.85964912280702
2011-12-20,18.02,0.57,31.6140350877193
2011-12-21,17.94,0.57,31.473684210526322
2011-12-22,18.26,0.57,32.035087719298254
2011-12-23,18.39,0.57,32.26315789473684
2011-12-27,18.15,0.57,31.842105263157894
2011-12-28,17.76,0.57,31.15789473684211
2011-12-29,17.95,0.57,31.49122807017544
2011-12-30,18.06,0.57,31.68421052631579
2012-01-03,18.64,0.57,32.70175438596492
2012-01-04,18.89,0.57,33.140350877192986
2012-01-05,18.56,0.57,32.56140350877193
2012-01-06,18.9,0.57,33.1578947368421
2012-01-09,19.04,0.57,33.40350877192983
2012-01-10,19.97,0.57,35.03508771929825
2012-01-11,20.08,0.57,35.228070175438596
2012-01-12,20.7,0.57,36.31578947368421
2012-01-13,20.79,0.57,36.473684210526315
2012-01-17,20.42,0.57,35.82456140350878
2012-01-18,20.54,0.57,36.03508771929825
2012-01-19,21.01,0.57,36.85964912280702
2012-01-20,21.04,0.57,36.91228070175439
2012-01-23,21.36,0.57,37.473684210526315
2012-01-24,21.63,0.57,37.94736842105263
2012-01-25,21.59,0.57,37.877192982456144
2012-01-26,21.75,0.57,38.15789473684211
2012-01-27,22.77,0.57,39.94736842105264
2012-01-30,22.7,0.57,39.824561403508774
2012-01-31,22.49,0.57,39.45614035087719
2012-02-01,23.96,0.57,42.035087719298254
2012-02-02,24.28,0.57,42.59649122807018
2012-02-03,25.78,0.57,45.2280701754386
2012-02-06,25.58,0.57,44.877192982456144
2012-02-07,25.21,0.57,44.2280701754386
2012-02-08,25.06,0.57,43.96491228070175
2012-02-09,24.98,0.57,43.824561403508774
2012-02-10,25.18,0.57,44.17543859649123
2012-02-13,25.16,0.57,44.140350877192986
2012-02-14,24.36,0.57,42.73684210526316
2012-02-15,24.63,0.57,43.21052631578947
2012-02-16,25.41,0.57,44.578947368421055
2012-02-17,26.23,0.57,46.01754385964913
2012-02-21,25.93,0.57,45.491228070175445
2012-02-22,26.0,0.57,45.6140350877193
2012-02-23,25.98,0.57,45.578947368421055
2012-02-24,26.31,0.57,46.15789473684211
2012-02-27,26.23,0.57,46.01754385964913
2012-02-28,26.72,0.57,46.877192982456144
2012-02-29,26.82,0.57,47.05263157894737
2012-03-01,26.82,0.57,47.05263157894737
2012-03-02,27.1,0.57,47.543859649122815
2012-03-05,26.52,0.57,46.526315789473685
2012-03-06,25.13,0.57,44.08771929824562
2012-03-07,25.16,0.57,44.140350877192986
2012-03-08,26.57,0.57,46.6140350877193
2012-03-09,26.68,0.57,46.80701754385965
2012-03-12,26.76,0.57,46.94736842105264
2012-03-13,26.78,0.57,46.982456140350884
2012-03-14,26.64,0.57,46.736842105263165
2012-03-15,26.59,0.57,46.64912280701755
2012-03-16,26.82,0.57,47.05263157894737
2012-03-19,26.45,0.57,46.40350877192983
2012-03-20,26.1,0.57,45.789473684210535
2012-03-21,26.2,0.57,45.96491228070176
2012-03-22,25.96,0.57,45.543859649122815
2012-03-23,25.96,0.57,45.543859649122815
2012-03-26,26.79,0.57,47.0
2012-03-27,26.75,0.57,46.929824561403514
2012-03-28,26.45,0.57,46.40350877192983
2012-03-29,26.63,0.57,46.719298245614034
2012-03-30,26.49,0.57,46.473684210526315
2012-04-02,26.45,0.57,46.40350877192983
2012-04-03,26.21,0.57,45.982456140350884
2012-04-04,26.51,0.57,46.50877192982457
2012-04-05,26.62,0.57,46.70175438596492
2012-04-09,26.21,0.57,45.982456140350884
2012-04-10,25.85,0.57,45.35087719298246
2012-04-11,26.4,0.57,46.31578947368421
2012-04-12,26.63,0.57,46.719298245614034
2012-04-13,26.7,0.57,46.8421052631579
2012-04-16,26.81,0.57,47.03508771929825
2012-04-17,26.92,0.57,47.2280701754386
2012-04-18,26.99,0.57,47.35087719298246
2012-04-19,26.71,0.57,46.85964912280702
2012-04-20,26.71,0.57,46.85964912280702
2012-04-23,26.4,0.57,46.31578947368421
2012-04-24,25.33,0.57,44.43859649122807
2012-04-25,25.86,0.57,45.36842105263158
2012-04-26,25.67,1.06,24.21698113207547
2012-04-27,26.08,1.06,24.603773584905657
2012-04-30,25.73,1.06,24.27358490566038
2012-05-01,25.87,1.06,24.40566037735849
2012-05-02,25.77,1.06,24.31132075471698
2012-05-03,25.52,1.06,24.075471698113205
2012-05-04,24.62,1.06,23.22641509433962
2012-05-07,24.85,1.06,23.443396226415093
2012-05-08,23.89,1.06,22.537735849056602
2012-05-09,23.91,1.06,22.556603773584904
2012-05-10,24.13,1.06,22.764150943396224
2012-05-11,24.07,1.06,22.70754716981132
2012-05-14,23.48,1.06,22.150943396226413
2012-05-15,23.14,1.06,21.830188679245282
2012-05-16,23.45,1.06,22.12264150943396
2012-05-17,23.04,1.06,21.735849056603772
2012-05-18,22.85,1.06,21.556603773584907
2012-05-21,23.47,1.06,22.141509433962263
2012-05-22,23.63,1.06,22.292452830188676
2012-05-23,23.5,1.06,22.169811320754715
2012-05-24,23.22,1.06,21.905660377358487
2012-05-25,23.85,1.06,22.5
2012-05-29,25.01,1.06,23.59433962264151
2012-05-30,24.18,1.06,22.81132075471698
2012-05-31,24.33,1.06,22.952830188679243
2012-06-01,23.67,1.06,22.330188679245282
2012-06-04,23.24,1.06,21.92452830188679
2012-06-05,23.7,1.06,22.358490566037734
2012-06-06,24.31,1.06,22.933962264150942
2012-06-07,23.91,1.06,22.556603773584904
2012-06-08,24.1,1.06,22.735849056603772
2012-06-11,23.89,1.06,22.537735849056602
2012-06-12,24.2,1.06,22.830188679245282
2012-06-13,23.97,1.06,22.61320754716981
2012-06-14,23.84,1.06,22.49056603773585
2012-06-15,23.92,1.06,22.566037735849058
2012-06-18,24.23,1.06,22.858490566037734
2012-06-19,24.39,1.06,23.00943396226415
2012-06-20,23.96,1.06,22.60377358490566
2012-06-21,23.11,1.06,21.80188679245283
2012-06-22,22.65,1.06,21.367924528301884
2012-06-25,21.58,1.06,20.358490566037734
2012-06-26,21.72,1.06,20.490566037735846
2012-06-27,21.58,1.06,20.358490566037734
2012-06-28,21.32,1.06,20.11320754716981
2012-06-29,21.37,1.06,20.160377358490567
2012-07-02,21.2,1.06,20.0
2012-07-03,22.05,1.06,20.80188679245283
2012-07-05,22.47,1.06,21.198113207547166
2012-07-06,22.13,1.06,20.877358490566035
2012-07-09,22.35,1.06,21.08490566037736
2012-07-10,22.24,1.06,20.981132075471695
2012-07-11,21.9,1.06,20.660377358490564
2012-07-12,22.01,1.06,20.764150943396228
2012-07-13,22.52,1.06,21.245283018867923
2012-07-16,22.32,1.06,21.056603773584904
2012-07-17,22.63,1.06,21.349056603773583
2012-07-18,22.81,1.06,21.5188679245283
2012-07-19,22.8,1.06,21.50943396226415
2012-07-20,22.62,1.06,21.339622641509433
2012-07-23,22.54,1.06,21.264150943396224
2012-07-24,22.22,1.06,20.962264150943394
2012-07-25,22.39,1.06,21.12264150943396
2012-07-26,22.59,1.06,21.31132075471698
2012-07-27,23.29,1.06,21.971698113207545
2012-07-30,23.46,1.06,22.132075471698112
2012-07-31,23.8,1.03,23.106796116504853
2012-08-01,23.45,1.03,22.766990291262136
2012-08-02,23.04,1.03,22.36893203883495
2012-08-03,23.75,1.03,23.058252427184467
2012-08-06,24.33,1.03,23.621359223300967
2012-08-07,24.34,1.03,23.631067961165048
2012-08-08,24.05,1.03,23.349514563106798
2012-08-09,24.26,1.03,23.553398058252426
2012-08-10,23.92,1.03,23.223300970873787
2012-08-13,24.07,1.03,23.368932038834952
2012-08-14,24.0,1.03,23.300970873786408
2012-08-15,23.87,1.03,23.174757281553397
2012-08-16,24.62,1.03,23.902912621359224
2012-08-17,24.73,1.03,24.009708737864077
2012-08-20,24.64,1.03,23.92233009708738
2012-08-21,24.56,1.03,23.844660194174754
2012-08-22,24.51,1.03,23.79611650485437
2012-08-23,24.42,1.03,23.708737864077673
2012-08-24,24.46,1.03,23.74757281553398
2012-08-27,24.78,1.03,24.058252427184467
2012-08-28,25.59,1.03,24.844660194174757
2012-08-29,25.31,1.03,24.57281553398058
2012-08-30,24.97,1.03,24.24271844660194
2012-08-31,25.39,1.03,24.650485436893202
2012-09-04,25.15,1.03,24.41747572815534
2012-09-05,25.15,1.03,24.41747572815534
2012-09-06,25.87,1.03,25.116504854368934
2012-09-07,26.11,1.03,25.349514563106794
2012-09-10,25.88,1.03,25.126213592233007
2012-09-11,26.07,1.03,25.310679611650485
2012-09-12,25.97,1.03,25.213592233009706
2012-09-13,25.78,1.03,25.029126213592235
2012-09-14,26.67,1.03,25.893203883495147
2012-09-17,26.5,1.03,25.728155339805824
2012-09-18,26.61,1.03,25.83495145631068
2012-09-19,26.84,1.03,26.058252427184467
2012-09-20,26.84,1.03,26.058252427184467
2012-09-21,26.64,1.03,25.864077669902912
2012-09-24,26.54,1.03,25.766990291262136
2012-09-25,26.3,1.03,25.533980582524272
2012-09-26,26.27,1.03,25.504854368932037
2012-09-27,26.2,1.03,25.436893203883493
2012-09-28,25.98,1.03,25.223300970873787
2012-10-01,26.24,1.03,25.475728155339805
2012-10-02,26.44,1.03,25.66990291262136
2012-10-03,26.45,1.03,25.679611650485434
2012-10-04,26.99,1.03,26.20388349514563
2012-10-05,27.24,1.03,26.44660194174757
2012-10-08,27.05,1.03,26.262135922330096
2012-10-09,26.72,1.03,25.941747572815533
2012-10-10,26.4,1.03,25.631067961165048
2012-10-11,26.85,1.03,26.067961165048544
2012-10-12,26.89,1.03,26.106796116504853
2012-10-15,27.23,1.03,26.436893203883496
2012-10-16,27.46,1.03,26.660194174757283
2012-10-17,27.24,1.03,26.44660194174757
2012-10-18,27.21,1.03,26.41747572815534
2012-10-19,26.76,1.03,25.980582524271846
2012-10-22,27.11,1.03,26.320388349514563
2012-10-23,26.31,1.03,25.54368932038835
2012-10-24,26.27,1.03,25.504854368932037
2012-10-25,26.35,1.03,25.58252427184466
2012-10-26,25.57,1.03,24.825242718446603
2012-10-31,26.35,1.03,25.58252427184466
2012-11-01,27.29,0.85,32.10588235294118
2012-11-02,27.54,0.85,32.4
2012-11-05,26.99,0.85,31.752941176470586
2012-11-06,27.54,0.85,32.4
2012-11-07,26.89,0.85,31.63529411764706
2012-11-08,26.56,0.85,31.24705882352941
2012-11-09,27.03,0.85,31.8
2012-11-12,27.21,0.85,32.01176470588236
2012-11-13,26.98,0.85,31.741176470588236
2012-11-14,26.76,0.85,31.482352941176472
2012-11-15,26.55,0.85,31.23529411764706
2012-11-16,26.94,0.85,31.694117647058825
2012-11-19,27.97,0.85,32.90588235294118
2012-11-20,28.0,0.85,32.94117647058824
2012-11-21,28.16,0.85,33.129411764705885
2012-11-23,28.54,0.85,33.576470588235296
2012-11-26,27.96,0.85,32.89411764705883
2012-11-27,28.02,0.85,32.964705882352945
2012-11-28,28.16,0.85,33.129411764705885
2012-11-29,28.47,0.85,33.49411764705882
2012-11-30,28.49,0.85,33.51764705882353
2012-12-03,28.08,0.85,33.035294117647055
2012-12-04,28.42,0.85,33.43529411764706
2012-12-05,28.39,0.85,33.4
2012-12-06,28.44,0.85,33.45882352941177
2012-12-07,28.47,0.85,33.49411764705882
2012-12-10,28.54,0.85,33.576470588235296
2012-12-11,28.69,0.85,33.75294117647059
2012-12-12,28.83,0.85,33.917647058823526
2012-12-13,28.78,0.85,33.858823529411765
2012-12-14,28.72,0.85,33.78823529411765
2012-12-17,28.81,0.85,33.89411764705882
2012-12-18,28.88,0.85,33.976470588235294
2012-12-19,29.88,0.85,35.15294117647059
2012-12-20,30.21,0.85,35.54117647058824
2012-12-21,30.29,0.85,35.63529411764706
2012-12-24,30.41,0.85,35.7764705882353
2012-12-26,31.2,0.85,36.705882352941174
2012-12-27,31.96,0.85,37.6
2012-12-28,31.62,0.85,37.2
2012-12-31,32.06,0.85,37.71764705882353
2013-01-02,32.59,0.85,38.34117647058824
2013-01-03,32.15,0.85,37.8235294117647
2013-01-04,32.28,0.85,37.976470588235294
2013-01-07,32.01,0.85,37.65882352941176
2013-01-08,32.0,0.85,37.64705882352941
2013-01-09,32.25,0.85,37.94117647058824
2013-01-10,32.53,0.85,38.27058823529412
2013-01-11,31.93,0.85,37.56470588235294
2013-01-14,31.53,0.85,37.09411764705882
2013-01-15,32.1,0.85,37.76470588235294
2013-01-16,32.12,0.85,37.78823529411765
2013-01-17,32.69,0.85,38.45882352941176
2013-01-18,32.54,0.85,38.28235294117647
2013-01-22,32.56,0.85,38.30588235294118
2013-01-23,32.4,0.85,38.11764705882353
2013-01-24,32.58,0.85,38.32941176470588
2013-01-25,32.92,0.85,38.72941176470589
2013-01-28,33.36,0.85,39.247058823529414
2013-01-29,33.19,0.85,39.04705882352941
2013-01-30,32.59,0.85,38.34117647058824
2013-01-31,32.41,0.85,38.12941176470588
2013-02-01,32.88,0.85,38.682352941176475
2013-02-04,32.53,0.85,38.27058823529412
2013-02-05,32.98,0.85,38.8
2013-02-06,32.36,0.85,38.07058823529412
2013-02-07,32.11,0.85,37.77647058823529
2013-02-08,32.29,0.85,37.98823529411764
2013-02-11,32.85,0.79,41.58227848101266
2013-02-12,33.37,0.79,42.24050632911392
2013-02-13,33.49,0.79,42.39240506329114
2013-02-14,33.5,0.79,42.405063291139236
2013-02-15,33.51,0.79,42.417721518987335
2013-02-19,33.33,0.79,42.189873417721515
2013-02-20,32.51,0.79,41.15189873417721
2013-02-21,31.78,0.79,40.22784810126582
2013-02-22,32.16,0.79,40.70886075949367
2013-02-25,31.96,0.79,40.45569620253165
2013-02-26,33.3,0.79,42.15189873417721
2013-02-27,35.04,0.79,44.35443037974683
2013-02-28,35.08,0.79,44.405063291139236
2013-03-01,35.37,0.79,44.77215189873417
2013-03-04,35.43,0.79,44.848101265822784
2013-03-05,35.62,0.79,45.088607594936704
2013-03-06,35.51,0.79,44.94936708860759
2013-03-07,35.83,0.79,45.35443037974683
2013-03-08,36.04,0.79,45.62025316455696
2013-03-11,36.21,0.79,45.835443037974684
2013-03-12,36.07,0.79,45.65822784810126
2013-03-13,36.21,0.79,45.835443037974684
2013-03-14,36.25,0.79,45.88607594936709
2013-03-15,36.28,0.79,45.92405063291139
2013-03-18,35.87,0.79,45.405063291139236
2013-03-19,36.14,0.79,45.74683544303797
2013-03-20,36.33,0.79,45.98734177215189
2013-03-21,36.36,0.79,46.0253164556962
2013-03-22,36.22,0.79,45.848101265822784
2013-03-25,35.98,0.79,45.544303797468345
2013-03-26,37.26,0.79,47.16455696202531
2013-03-27,37.32,0.79,47.24050632911392
2013-03-28,37.22,0.79,47.11392405063291
2013-04-01,36.88,0.79,46.68354430379747
2013-04-02,36.97,0.79,46.79746835443038
2013-04-03,36.35,0.79,46.0126582278481
2013-04-04,36.26,0.79,45.89873417721518
2013-04-05,35.83,0.79,45.35443037974683
2013-04-08,35.62,0.79,45.088607594936704
2013-04-09,35.62,0.79,45.088607594936704
2013-04-10,36.58,0.79,46.303797468354425
2013-04-11,37.09,0.79,46.949367088607595
2013-04-12,37.63,0.79,47.63291139240506
2013-04-15,35.47,0.79,44.89873417721519
2013-04-16,36.5,0.79,46.20253164556962
2013-04-17,35.1,0.79,44.43037974683544
2013-04-18,34.32,0.79,43.44303797468354
2013-04-19,35.07,0.79,44.392405063291136
2013-04-22,35.38,0.79,44.78481012658228
2013-04-23,35.98,0.79,45.544303797468345
2013-04-24,36.71,0.79,46.46835443037975
2013-04-25,37.45,0.79,47.40506329113924
2013-04-26,37.47,0.79,47.43037974683544
2013-04-29,38.0,0.79,48.10126582278481
2013-04-30,38.73,0.79,49.0253164556962
2013-05-01,38.11,1.07,35.61682242990654
2013-05-02,38.14,1.07,35.64485981308411
2013-05-03,38.34,1.07,35.83177570093458
2013-05-06,38.78,1.07,36.242990654205606
2013-05-07,38.82,1.07,36.2803738317757
2013-05-08,38.64,1.07,36.112149532710276
2013-05-09,37.92,1.07,35.4392523364486
2013-05-10,38.06,1.07,35.570093457943926
2013-05-13,38.19,1.07,35.691588785046726
2013-05-14,38.83,1.07,36.28971962616822
2013-05-15,39.0,1.07,36.44859813084112
2013-05-16,39.4,1.07,36.822429906542055
2013-05-17,40.67,1.07,38.00934579439252
2013-05-20,40.9,1.07,38.22429906542056
2013-05-21,41.11,1.07,38.42056074766355
2013-05-22,40.88,1.07,38.205607476635514
2013-05-23,40.53,1.07,37.87850467289719
2013-05-24,40.28,1.07,37.64485981308411
2013-05-28,41.76,1.07,39.02803738317757
2013-05-29,41.53,1.07,38.81308411214953
2013-05-30,41.31,1.07,38.60747663551402
2013-05-31,40.91,1.07,38.233644859813076
2013-06-03,40.99,1.07,38.30841121495327
2013-06-04,40.87,1.07,38.196261682242984
2013-06-05,40.34,1.07,37.700934579439256
2013-06-06,41.4,1.07,38.691588785046726
2013-06-07,42.25,1.07,39.48598130841121
2013-06-10,42.46,1.07,39.6822429906542
2013-06-11,41.83,1.07,39.09345794392523
2013-06-12,41.91,1.07,39.168224299065415
2013-06-13,42.8,1.07,39.99999999999999
2013-06-14,42.93,1.07,40.1214953271028
2013-06-17,42.93,1.07,40.1214953271028
2013-06-18,43.53,1.07,40.6822429906542
2013-06-19,43.66,1.07,40.803738317757
2013-06-20,42.12,1.07,39.364485981308405
2013-06-21,41.65,1.07,38.92523364485981
2013-06-24,40.38,1.07,37.73831775700935
2013-06-25,41.08,1.07,38.392523364485974
2013-06-26,42.41,1.07,39.63551401869158
2013-06-27,42.75,1.07,39.95327102803738
2013-06-28,42.49,1.07,39.71028037383177
2013-07-01,43.55,1.07,40.70093457943925
2013-07-02,43.53,1.07,40.6822429906542
2013-07-03,43.27,1.07,40.4392523364486
2013-07-05,43.94,1.07,41.06542056074766
2013-07-08,44.95,1.07,42.00934579439252
2013-07-09,45.08,1.07,42.13084112149532
2013-07-10,45.08,1.07,42.13084112149532
2013-07-11,45.91,1.07,42.90654205607476
2013-07-12,46.04,1.07,43.02803738317757
2013-07-15,46.1,1.07,43.08411214953271
2013-07-16,45.26,1.07,42.299065420560744
2013-07-17,45.63,1.07,42.64485981308411
2013-07-18,46.18,1.07,43.15887850467289
2013-07-19,46.06,1.07,43.046728971962615
2013-07-22,46.19,1.07,43.168224299065415
2013-07-23,45.79,1.07,42.794392523364486
2013-07-24,46.51,1.07,43.467289719626166
2013-07-25,46.55,1.07,43.50467289719626
2013-07-26,46.71,1.07,43.654205607476634
2013-07-29,46.27,1.07,43.242990654205606
2013-07-30,46.37,1.07,43.336448598130836
2013-07-31,45.03,1.24,36.314516129032256
2013-08-01,46.46,1.24,37.46774193548387
2013-08-02,46.81,1.24,37.75
2013-08-05,46.87,1.24,37.79838709677419
2013-08-06,46.63,1.24,37.60483870967742
2013-08-07,46.03,1.24,37.12096774193549
2013-08-08,46.56,1.24,37.54838709677419
2013-08-09,46.57,1.24,37.556451612903224
2013-08-12,46.67,1.24,37.63709677419355
2013-08-13,47.61,1.24,38.395161290322584
2013-08-14,46.56,1.24,37.54838709677419
2013-08-15,45.43,1.24,36.63709677419355
2013-08-16,46.07,1.24,37.153225806451616
2013-08-19,45.86,1.24,36.983870967741936
2013-08-20,45.88,1.24,37.0
2013-08-21,45.62,1.24,36.79032258064516
2013-08-22,45.87,1.24,36.99193548387097
2013-08-23,46.57,1.24,37.556451612903224
2013-08-26,46.64,1.24,37.612903225806456
2013-08-27,45.21,1.24,36.45967741935484
2013-08-28,46.36,1.24,37.38709677419355
2013-08-29,46.53,1.24,37.524193548387096
2013-08-30,46.12,1.24,37.193548387096776
2013-09-03,46.92,1.24,37.83870967741936
2013-09-04,47.51,1.24,38.314516129032256
2013-09-05,48.17,1.24,38.84677419354839
2013-09-06,47.36,1.24,38.193548387096776
2013-09-09,47.39,1.24,38.21774193548387
2013-09-10,48.11,1.24,38.79838709677419
2013-09-11,48.32,1.24,38.96774193548387
2013-09-12,47.41,1.24,38.233870967741936
2013-09-13,47.69,1.24,38.45967741935484
2013-09-16,47.8,1.24,38.54838709677419
2013-09-17,47.85,1.24,38.58870967741936
2013-09-18,48.08,1.24,38.774193548387096
2013-09-19,48.71,1.24,39.28225806451613
2013-09-20,48.62,1.24,39.20967741935484
2013-09-23,48.04,1.24,38.74193548387097
2013-09-24,48.6,1.24,39.193548387096776
2013-09-25,48.34,1.24,38.983870967741936
2013-09-26,48.93,1.24,39.45967741935484
2013-09-27,48.99,1.24,39.50806451612903
2013-09-30,48.97,1.24,39.49193548387097
2013-10-01,49.31,1.24,39.766129032258064
2013-10-02,48.79,1.24,39.346774193548384
2013-10-03,48.23,1.24,38.89516129032258
2013-10-04,48.63,1.24,39.21774193548387
2013-10-07,48.42,1.24,39.04838709677419
2013-10-08,46.84,1.24,37.7741935483871
2013-10-09,46.87,1.24,37.79838709677419
2013-10-10,48.38,1.24,39.016129032258064
2013-10-11,48.04,1.24,38.74193548387097
2013-10-14,48.1,1.24,38.79032258064516
2013-10-15,47.69,1.24,38.45967741935484
2013-10-16,49.51,1.24,39.92741935483871
2013-10-17,50.33,1.24,40.58870967741935
2013-10-18,50.29,1.24,40.556451612903224
2013-10-21,49.87,1.24,40.21774193548387
2013-10-22,49.8,1.24,40.16129032258064
2013-10-23,48.53,1.24,39.13709677419355
2013-10-24,48.82,1.24,39.37096774193549
2013-10-25,48.64,1.24,39.225806451612904
2013-10-28,47.8,1.24,38.54838709677419
2013-10-29,47.44,1.24,38.25806451612903
2013-10-30,47.42,1.24,38.24193548387097
2013-10-31,47.95,1.24,38.66935483870968
2013-11-01,48.21,1.24,38.87903225806452
2013-11-04,48.62,1.24,39.20967741935484
2013-11-05,46.11,0.97,47.5360824742268
2013-11-06,46.82,0.97,48.2680412371134
2013-11-07,45.28,0.97,46.680412371134025
2013-11-08,46.45,0.97,47.886597938144334
2013-11-11,45.93,0.97,47.350515463917525
2013-11-12,46.24,0.97,47.670103092783506
2013-11-13,46.83,0.97,48.27835051546392
2013-11-14,47.74,0.97,49.21649484536083
2013-11-15,48.68,0.97,50.18556701030928
2013-11-18,48.34,0.97,49.83505154639176
2013-11-19,47.1,0.97,48.55670103092784
2013-11-20,47.69,0.97,49.16494845360825
2013-11-21,48.5,0.97,50.0
2013-11-22,48.52,0.97,50.02061855670104
2013-11-25,48.33,0.97,49.824742268041234
2013-11-26,48.37,0.97,49.865979381443296
2013-11-27,48.64,0.97,50.144329896907216
2013-11-29,49.08,0.97,50.597938144329895
2013-12-02,48.44,0.97,49.93814432989691
2013-12-03,47.96,0.97,49.44329896907217
2013-12-04,48.17,0.97,49.659793814432994
2013-12-05,48.18,0.97,49.670103092783506
2013-12-06,48.99,0.97,50.50515463917526
2013-12-09,48.82,0.97,50.329896907216494
2013-12-10,49.56,0.97,51.09278350515464
2013-12-11,48.32,0.97,49.81443298969072
2013-12-12,48.51,0.97,50.01030927835051
2013-12-13,49.12,0.97,50.63917525773196
2013-12-16,49.98,0.97,51.52577319587629
2013-12-17,50.13,0.97,51.680412371134025
2013-12-18,50.4,0.97,51.95876288659794
2013-12-19,49.43,0.97,50.95876288659794
2013-12-20,48.91,0.97,50.42268041237113
2013-12-23,49.82,0.97,51.36082474226804
2013-12-24,50.28,0.97,51.83505154639175
2013-12-26,50.34,0.97,51.89690721649485
2013-12-27,50.15,0.97,51.70103092783505
2013-12-30,50.16,0.97,51.71134020618557
2013-12-31,50.4,0.97,51.95876288659794
2014-01-02,49.81,0.97,51.35051546391753
2014-01-03,49.68,0.97,51.21649484536083
2014-01-06,49.69,0.97,51.22680412371134
2014-01-07,50.58,0.97,52.144329896907216
2014-01-08,50.93,0.97,52.50515463917526
2014-01-09,50.81,0.97,52.381443298969074
2014-01-10,51.53,0.97,53.123711340206185
2014-01-13,50.46,0.97,52.02061855670103
2014-01-14,51.95,0.97,53.55670103092784
2014-01-15,52.31,0.97,53.927835051546396
2014-01-16,52.15,0.97,53.76288659793814
2014-01-17,52.56,0.97,54.185567010309285
2014-01-21,52.81,0.97,54.44329896907217
2014-01-22,53.02,0.97,54.659793814432994
2014-01-23,52.22,0.97,53.83505154639175
2014-01-24,50.23,0.97,51.78350515463917
2014-01-27,49.95,0.97,51.49484536082475
2014-01-28,50.33,0.97,51.88659793814433
2014-01-29,50.15,0.97,51.70103092783505
2014-01-30,51.11,0.97,52.69072164948454
2014-01-31,51.04,0.97,52.618556701030926
2014-02-03,49.56,0.97,51.09278350515464
2014-02-04,50.3,0.97,51.855670103092784
2014-02-05,51.11,0.97,52.69072164948454
2014-02-06,51.59,0.97,53.185567010309285
2014-02-07,52.31,0.97,53.927835051546396
2014-02-10,52.46,0.92,57.02173913043478
2014-02-11,52.78,0.92,57.369565217391305
2014-02-12,53.72,0.92,58.391304347826086
2014-02-13,53.79,0.92,58.46739130434782
2014-02-14,53.75,0.92,58.42391304347826
2014-02-18,54.47,0.92,59.20652173913043
2014-02-19,54.61,0.92,59.35869565217391
2014-02-20,55.08,0.92,59.8695652173913
2014-02-21,55.25,0.92,60.05434782608695
2014-02-24,55.75,0.92,60.597826086956516
2014-02-25,55.69,0.92,60.53260869565217
2014-02-26,56.01,0.92,60.88043478260869
2014-02-27,55.83,0.92,60.68478260869565
2014-02-28,55.8,0.92,60.65217391304347
2014-03-03,55.55,0.92,60.38043478260869
2014-03-04,56.01,0.92,60.88043478260869
2014-03-05,55.16,0.92,59.95652173913043
2014-03-06,56.13,0.92,61.01086956521739
2014-03-07,55.85,0.92,60.70652173913043
2014-03-10,56.04,0.92,60.91304347826087
2014-03-11,56.81,0.92,61.75
2014-03-12,56.3,0.92,61.19565217391304
2014-03-13,55.12,0.92,59.91304347826087
2014-03-14,54.46,0.92,59.19565217391304
2014-03-17,55.76,0.92,60.60869565217391
2014-03-18,56.59,0.92,61.51086956521739
2014-03-19,56.29,0.92,61.18478260869565
2014-03-20,56.59,0.92,61.51086956521739
2014-03-21,55.86,0.92,60.71739130434782
2014-03-24,55.53,0.92,60.358695652173914
2014-03-25,54.84,0.92,59.608695652173914
2014-03-26,54.8,0.92,59.565217391304344
2014-03-27,55.05,0.92,59.836956521739125
2014-03-28,55.94,0.92,60.80434782608695
2014-03-31,56.88,0.92,61.82608695652174
2014-04-01,58.26,0.92,63.326086956521735
2014-04-02,58.77,0.92,63.880434782608695
2014-04-03,58.45,0.92,63.53260869565217
2014-04-04,56.84,0.92,61.78260869565217
2014-04-07,55.26,0.92,60.065217391304344
2014-04-08,55.41,0.92,60.22826086956521
2014-04-09,57.24,0.92,62.21739130434783
2014-04-10,55.85,0.92,60.70652173913043
2014-04-11,54.4,0.92,59.13043478260869
2014-04-14,55.0,0.92,59.78260869565217
2014-04-15,55.04,0.92,59.826086956521735
2014-04-16,55.24,0.92,60.04347826086956
2014-04-17,56.33,0.92,61.22826086956521
2014-04-21,56.87,0.92,61.815217391304344
2014-04-22,57.69,0.92,62.70652173913043
2014-04-23,57.63,0.92,62.641304347826086
2014-04-24,57.28,1.16,49.37931034482759
2014-04-25,55.73,1.16,48.043103448275865
2014-04-28,55.17,1.16,47.56034482758621
2014-04-29,55.52,1.16,47.862068965517246
2014-04-30,56.03,1.16,48.30172413793104
2014-05-01,56.24,1.16,48.48275862068966
2014-05-02,56.9,1.16,49.05172413793104
2014-05-05,56.94,1.16,49.08620689655172
2014-05-06,56.39,1.16,48.612068965517246
2014-05-07,56.6,1.16,48.793103448275865
2014-05-08,55.87,1.16,48.16379310344828
2014-05-09,56.03,1.16,48.30172413793104
2014-05-12,56.49,1.16,48.69827586206897
2014-05-13,56.55,1.16,48.75
2014-05-14,56.14,1.16,48.396551724137936
2014-05-15,55.29,1.16,47.66379310344828
2014-05-16,55.34,1.16,47.70689655172414
2014-05-19,55.93,1.16,48.21551724137932
2014-05-20,56.06,1.16,48.327586206896555
2014-05-21,56.61,1.16,48.80172413793104
2014-05-22,56.89,1.16,49.043103448275865
2014-05-23,58.68,1.16,50.58620689655173
2014-05-27,59.01,1.16,50.87068965517241
2014-05-28,58.2,1.16,50.17241379310345
2014-05-29,58.01,1.16,50.008620689655174
2014-05-30,57.89,1.16,49.90517241379311
2014-06-02,57.7,1.16,49.74137931034483
2014-06-03,58.42,1.16,50.362068965517246
2014-06-04,58.69,1.16,50.5948275862069
2014-06-05,59.1,1.16,50.94827586206897
2014-06-06,59.3,1.16,51.12068965517241
2014-06-09,58.88,1.16,50.75862068965518
2014-06-10,58.63,1.16,50.543103448275865
2014-06-11,58.04,1.16,50.03448275862069
2014-06-12,56.45,1.16,48.663793103448285
2014-06-13,56.99,1.16,49.129310344827594
2014-06-16,56.76,1.16,48.93103448275862
2014-06-17,56.67,1.16,48.85344827586207
2014-06-18,56.96,1.16,49.10344827586207
2014-06-19,56.48,1.16,48.689655172413794
2014-06-20,56.48,1.16,48.689655172413794
2014-06-23,56.03,1.16,48.30172413793104
2014-06-24,56.62,1.16,48.810344827586206
2014-06-25,57.0,1.16,49.13793103448276
2014-06-26,57.13,1.16,49.25000000000001
2014-06-27,57.42,1.16,49.50000000000001
2014-06-30,57.62,1.16,49.67241379310345
2014-07-01,58.52,1.16,50.448275862068975
2014-07-02,58.57,1.16,50.49137931034483
2014-07-03,58.86,1.16,50.74137931034483
2014-07-07,58.34,1.16,50.29310344827587
2014-07-08,58.16,1.16,50.13793103448276
2014-07-09,58.47,1.16,50.4051724137931
2014-07-10,58.23,1.16,50.19827586206897
2014-07-11,58.31,1.16,50.26724137931035
2014-07-14,58.47,1.16,50.4051724137931
2014-07-15,58.3,1.16,50.258620689655174
2014-07-16,57.9,1.16,49.91379310344828
2014-07-17,57.11,1.16,49.23275862068966
2014-07-18,57.51,1.16,49.577586206896555
2014-07-21,57.27,1.16,49.37068965517242
2014-07-22,57.8,1.16,49.827586206896555
2014-07-23,57.63,1.16,49.681034482758626
2014-07-24,57.52,1.16,49.58620689655173
2014-07-25,57.66,1.16,49.706896551724135
2014-07-28,57.8,1.16,49.827586206896555
2014-07-29,56.96,1.16,49.10344827586207
2014-07-30,56.65,1.16,48.83620689655173
2014-07-31,55.99,1.34,41.78358208955224
2014-08-01,56.06,1.34,41.83582089552239
2014-08-04,56.85,1.34,42.42537313432835
2014-08-05,57.37,1.34,42.81343283582089
2014-08-06,57.01,1.34,42.54477611940298
2014-08-07,56.42,1.34,42.1044776119403
2014-08-08,57.39,1.34,42.82835820895522
2014-08-11,57.02,1.34,42.55223880597015
2014-08-12,56.84,1.34,42.417910447761194
2014-08-13,57.16,1.34,42.656716417910445
2014-08-14,57.85,1.34,43.17164179104478
2014-08-15,57.54,1.34,42.940298507462686
2014-08-18,58.11,1.34,43.36567164179104
2014-08-19,58.5,1.34,43.656716417910445
2014-08-20,59.17,1.34,44.156716417910445
2014-08-21,59.22,1.34,44.19402985074627
2014-08-22,59.2,1.34,44.179104477611936
2014-08-25,59.3,1.34,44.253731343283576
2014-08-26,58.68,1.34,43.7910447761194
2014-08-27,58.26,1.34,43.4776119402985
2014-08-28,58.11,1.34,43.36567164179104
2014-08-29,58.32,1.34,43.52238805970149
2014-09-02,58.94,1.34,43.98507462686567
2014-09-03,58.68,1.34,43.7910447761194
2014-09-04,58.89,1.34,43.94776119402985
2014-09-05,59.08,1.34,44.089552238805965
2014-09-08,59.86,1.34,44.67164179104477
2014-09-09,59.72,1.34,44.56716417910447
2014-09-10,59.4,1.34,44.32835820895522
2014-09-11,59.07,1.34,44.082089552238806
2014-09-12,58.82,1.34,43.895522388059696
2014-09-15,57.9,1.34,43.208955223880594
2014-09-16,56.36,1.34,42.05970149253731
2014-09-17,55.8,1.34,41.64179104477611
2014-09-18,55.23,1.34,41.21641791044776
2014-09-19,54.85,1.34,40.93283582089552
2014-09-22,54.49,1.34,40.66417910447761
2014-09-23,53.91,1.34,40.231343283582085
2014-09-24,54.12,1.34,40.38805970149253
2014-09-25,53.86,1.34,40.19402985074627
2014-09-26,53.76,1.34,40.11940298507462
2014-09-29,52.64,1.34,39.28358208955224
2014-09-30,51.42,1.34,38.373134328358205
2014-10-01,51.28,1.34,38.26865671641791
2014-10-02,52.41,1.34,39.111940298507456
2014-10-03,53.02,1.34,39.56716417910448
2014-10-06,53.2,1.34,39.701492537313435
2014-10-07,52.56,1.34,39.223880597014926
2014-10-08,52.89,1.34,39.47014925373134
2014-10-09,51.77,1.34,38.634328358208954
2014-10-10,50.59,1.34,37.75373134328358
2014-10-13,48.87,1.34,36.470149253731336
2014-10-14,51.53,1.34,38.45522388059701
2014-10-15,51.62,1.34,38.52238805970149
2014-10-16,52.25,1.34,38.992537313432834
2014-10-17,52.88,1.34,39.46268656716418
2014-10-20,53.24,1.34,39.73134328358209
2014-10-21,54.44,1.34,40.62686567164179
2014-10-22,54.0,1.34,40.298507462686565
2014-10-23,55.07,1.34,41.09701492537313
2014-10-24,55.98,1.13,49.53982300884956
2014-10-27,56.06,1.13,49.61061946902655
2014-10-28,57.72,1.13,51.07964601769912
2014-10-29,56.76,1.13,50.230088495575224
2014-10-30,56.78,1.13,50.247787610619476
2014-10-31,57.82,1.13,51.16814159292036
2014-11-03,57.91,1.13,51.24778761061947
2014-11-04,57.37,1.13,50.76991150442478
2014-11-05,58.63,1.13,51.8849557522124
2014-11-06,59.04,1.13,52.247787610619476
2014-11-07,58.33,1.13,51.61946902654868
2014-11-10,58.57,1.13,51.83185840707965
2014-11-11,58.88,1.13,52.1061946902655
2014-11-12,59.05,1.13,52.256637168141594
2014-11-13,59.27,1.13,52.45132743362833
2014-11-14,59.25,1.13,52.43362831858408
2014-11-17,59.39,1.13,52.55752212389381
2014-11-18,60.13,1.13,53.21238938053098
2014-11-19,59.6,1.13,52.74336283185841
2014-11-20,59.63,1.13,52.76991150442478
2014-11-21,60.24,1.13,53.30973451327434
2014-11-24,61.03,1.13,54.00884955752213
2014-11-25,60.25,1.13,53.31858407079647
2014-11-26,60.17,1.13,53.247787610619476
2014-11-28,61.15,1.13,54.115044247787615
2014-12-01,61.11,1.13,54.07964601769912
2014-12-02,61.37,1.13,54.309734513274336
2014-12-03,62.15,1.13,55.00000000000001
2014-12-04,61.52,1.13,54.4424778761062
2014-12-05,61.52,1.13,54.4424778761062
2014-12-08,60.97,1.13,53.955752212389385
2014-12-09,61.06,1.13,54.035398230088504
2014-12-10,59.43,1.13,52.59292035398231
2014-12-11,59.65,1.13,52.78761061946903
2014-12-12,58.48,1.13,51.75221238938053
2014-12-15,58.76,1.13,52.0
2014-12-16,58.24,1.13,51.53982300884957
2014-12-17,59.51,1.13,52.663716814159294
2014-12-18,60.8,1.13,53.80530973451328
2014-12-19,61.62,1.13,54.530973451327434
2014-12-22,61.79,1.13,54.681415929203546
2014-12-23,61.92,1.13,54.796460176991154
2014-12-24,61.57,1.13,54.48672566371682
2014-12-26,61.71,1.13,54.61061946902655
2014-12-29,61.85,1.13,54.73451327433629
2014-12-30,61.46,1.13,54.389380530973455
2014-12-31,60.96,1.13,53.946902654867266
2015-01-02,60.85,1.13,53.8495575221239
2015-01-05,58.19,1.13,51.495575221238944
2015-01-06,57.82,1.13,51.16814159292036
2015-01-07,58.28,1.13,51.575221238938056
2015-01-08,59.72,1.13,52.849557522123895
2015-01-09,58.81,1.13,52.04424778761063
2015-01-12,57.75,1.13,51.10619469026549
2015-01-13,56.71,1.13,50.18584070796461
2015-01-14,56.28,1.13,49.80530973451328
2015-01-15,56.28,1.13,49.80530973451328
2015-01-16,55.82,1.13,49.39823008849558
2015-01-20,56.55,1.13,50.04424778761062
2015-01-21,57.53,1.13,50.91150442477877
2015-01-22,58.05,1.13,51.3716814159292
2015-01-23,58.4,1.13,51.681415929203546
2015-01-26,58.32,1.13,51.61061946902655
2015-01-27,58.51,1.13,51.77876106194691
2015-01-28,57.14,1.13,50.56637168141594
2015-01-29,57.98,1.13,51.309734513274336
2015-01-30,57.61,1.13,50.982300884955755
2015-02-02,59.35,1.13,52.522123893805315
2015-02-03,60.97,1.13,53.955752212389385
2015-02-04,60.98,1.13,53.9646017699115
2015-02-05,63.6,1.13,56.28318584070797
2015-02-06,64.68,1.13,57.23893805309736
2015-02-09,64.72,1.27,50.960629921259844
2015-02-10,65.88,1.27,51.87401574803149
2015-02-11,65.31,1.27,51.425196850393704
2015-02-12,65.43,1.27,51.51968503937008
2015-02-13,65.97,1.27,51.94488188976378
2015-02-17,65.8,1.27,51.811023622047244
2015-02-18,65.75,1.27,51.77165354330709
2015-02-19,66.56,1.27,52.40944881889764
2015-02-20,66.45,1.27,52.322834645669296
2015-02-23,66.39,1.27,52.275590551181104
2015-02-24,66.09,1.27,52.03937007874016
2015-02-25,66.93,1.27,52.70078740157481
2015-02-26,66.27,1.27,52.18110236220472
2015-02-27,66.09,1.27,52.03937007874016
2015-03-02,67.18,1.27,52.89763779527559
2015-03-03,67.07,1.27,52.81102362204724
2015-03-04,67.71,1.27,53.31496062992125
2015-03-05,67.17,1.27,52.88976377952756
2015-03-06,66.3,1.27,52.204724409448815
2015-03-09,66.2,1.27,52.125984251968504
2015-03-10,65.08,1.27,51.24409448818898
2015-03-11,64.44,1.27,50.740157480314956
2015-03-12,65.33,1.27,51.44094488188976
2015-03-13,64.38,1.27,50.69291338582677
2015-03-16,65.62,1.27,51.66929133858268
2015-03-17,65.56,1.27,51.62204724409449
2015-03-18,66.36,1.27,52.25196850393701
2015-03-19,66.37,1.27,52.259842519685044
2015-03-20,67.02,1.27,52.77165354330708
2015-03-23,66.92,1.27,52.69291338582677
2015-03-24,66.4,1.27,52.28346456692914
2015-03-25,64.93,1.27,51.12598425196851
2015-03-26,64.45,1.27,50.74803149606299
2015-03-27,64.95,1.27,51.14173228346457
2015-03-30,66.4,1.27,52.28346456692914
2015-03-31,66.84,1.27,52.62992125984252
2015-04-01,66.09,1.27,52.03937007874016
2015-04-02,68.05,1.27,53.582677165354326
2015-04-06,70.24,1.27,55.30708661417322
2015-04-07,69.47,1.27,54.7007874015748
2015-04-08,69.75,1.27,54.92125984251968
2015-04-09,70.6,1.27,55.590551181102356
2015-04-10,71.01,1.27,55.91338582677166
2015-04-13,70.39,1.27,55.425196850393704
2015-04-14,70.51,1.27,55.51968503937008
2015-04-15,70.2,1.27,55.275590551181104
2015-04-16,70.43,1.27,55.45669291338583
2015-04-17,69.8,1.27,54.96062992125984
2015-04-20,69.85,1.27,54.99999999999999
2015-04-21,69.6,1.27,54.80314960629921
2015-04-22,69.47,1.27,54.7007874015748
2015-04-23,69.73,1.27,54.90551181102362
2015-04-24,70.0,1.27,55.118110236220474
2015-04-27,69.34,1.27,54.59842519685039
2015-04-28,69.3,1.27,54.56692913385827
2015-04-29,68.68,1.27,54.07874015748032
2015-04-30,69.57,1.18,58.95762711864406
2015-05-01,70.7,1.18,59.91525423728814
2015-05-04,72.12,1.18,61.118644067796616
2015-05-05,70.52,1.18,59.76271186440678
2015-05-06,70.83,1.18,60.025423728813564
2015-05-07,70.28,1.18,59.55932203389831
2015-05-08,71.53,1.18,60.618644067796616
2015-05-11,71.11,1.18,60.26271186440678
2015-05-12,71.77,1.18,60.82203389830509
2015-05-13,71.55,1.18,60.63559322033898
2015-05-14,72.55,1.18,61.483050847457626
2015-05-15,73.13,1.18,61.97457627118644
2015-05-18,73.09,1.18,61.9406779661017
2015-05-19,73.08,1.18,61.93220338983051
2015-05-20,72.8,1.18,61.69491525423729
2015-05-21,73.17,1.18,62.00847457627119
2015-05-22,72.94,1.18,61.813559322033896
2015-05-26,72.24,1.18,61.220338983050844
2015-05-27,73.07,1.18,61.92372881355932
2015-05-28,73.43,1.18,62.22881355932204
2015-05-29,72.91,1.18,61.78813559322034
2015-06-01,72.78,1.18,61.67796610169492
2015-06-02,73.34,1.18,62.15254237288136
2015-06-03,74.06,1.18,62.76271186440678
2015-06-04,72.96,1.18,61.83050847457627
2015-06-05,73.19,1.18,62.025423728813564
2015-06-08,72.79,1.18,61.68644067796611
2015-06-09,72.56,1.18,61.49152542372882
2015-06-10,74.02,1.18,62.728813559322035
2015-06-11,73.56,1.18,62.33898305084746
2015-06-12,73.4,1.18,62.203389830508485
2015-06-15,73.19,1.18,62.025423728813564
2015-06-16,73.49,1.18,62.27966101694915
2015-06-17,74.47,1.18,63.110169491525426
2015-06-18,74.64,1.18,63.2542372881356
2015-06-19,74.74,1.18,63.33898305084745
2015-06-22,74.46,1.18,63.101694915254235
2015-06-23,74.22,1.18,62.898305084745765
2015-06-24,73.7,1.18,62.457627118644076
2015-06-25,74.38,1.18,63.03389830508475
2015-06-26,74.27,1.18,62.940677966101696
2015-06-29,70.85,1.18,60.04237288135593
2015-06-30,71.32,1.18,60.440677966101696
2015-07-01,72.09,1.18,61.09322033898306
2015-07-02,72.08,1.18,61.08474576271187
2015-07-06,71.09,1.18,60.245762711864415
2015-07-07,70.44,1.18,59.69491525423729
2015-07-08,65.57,1.18,55.56779661016949
2015-07-09,65.33,1.18,55.36440677966102
2015-07-10,66.39,1.18,56.26271186440678
2015-07-13,67.05,1.18,56.82203389830509
2015-07-14,67.24,1.18,56.983050847457626
2015-07-15,67.66,1.18,57.33898305084746
2015-07-16,64.38,1.18,54.559322033898304
2015-07-17,65.33,1.18,55.36440677966102
2015-07-20,65.44,1.18,55.45762711864407
2015-07-21,65.7,1.18,55.67796610169492
2015-07-22,64.96,1.18,55.050847457627114
2015-07-23,65.23,1.18,55.279661016949156
2015-07-24,64.84,1.18,54.949152542372886
2015-07-27,63.18,1.18,53.54237288135594
2015-07-28,64.84,1.18,54.949152542372886
2015-07-29,65.72,1.18,55.69491525423729
2015-07-30,64.96,1.26,51.55555555555555
2015-07-31,65.45,1.26,51.94444444444444
2015-08-03,64.68,1.26,51.333333333333336
2015-08-04,65.23,1.26,51.76984126984127
2015-08-05,64.95,1.26,51.54761904761905
2015-08-06,64.85,1.26,51.46825396825396
2015-08-07,66.38,1.26,52.68253968253968
2015-08-10,68.03,1.26,53.992063492063494
2015-08-11,65.14,1.26,51.698412698412696
2015-08-12,63.98,1.26,50.77777777777777
2015-08-13,64.57,1.26,51.24603174603174
2015-08-14,63.89,1.26,50.70634920634921
2015-08-17,65.15,1.26,51.70634920634921
2015-08-18,65.26,1.26,51.7936507936508
2015-08-19,64.54,1.26,51.22222222222223
2015-08-20,62.54,1.26,49.63492063492063
2015-08-21,60.41,1.26,47.94444444444444
2015-08-24,59.11,1.26,46.91269841269841
2015-08-25,58.87,1.26,46.72222222222222
2015-08-26,61.58,1.26,48.87301587301587
2015-08-27,62.89,1.26,49.91269841269841
2015-08-28,63.16,1.26,50.12698412698413
2015-08-31,63.3,1.26,50.238095238095234
2015-09-01,60.38,1.26,47.920634920634924
2015-09-02,61.01,1.26,48.42063492063492
2015-09-03,61.41,1.26,48.738095238095234
2015-09-04,60.36,1.26,47.904761904761905
2015-09-08,63.33,1.26,50.26190476190476
2015-09-09,63.43,1.26,50.34126984126984
2015-09-10,63.07,1.26,50.05555555555556
2015-09-11,64.04,1.26,50.82539682539683
2015-09-14,63.98,1.26,50.77777777777777
2015-09-15,64.7,1.26,51.34920634920635
2015-09-16,66.76,1.26,52.98412698412699
2015-09-17,66.4,1.26,52.6984126984127
2015-09-18,65.09,1.26,51.65873015873016
2015-09-21,64.74,1.26,51.38095238095238
2015-09-22,62.4,1.26,49.523809523809526
2015-09-23,62.11,1.26,49.29365079365079
2015-09-24,61.09,1.26,48.48412698412699
2015-09-25,61.41,1.26,48.738095238095234
2015-09-28,58.99,1.26,46.817460317460316
2015-09-29,61.14,1.26,48.523809523809526
2015-09-30,63.74,1.26,50.58730158730159
2015-10-01,64.91,1.26,51.51587301587301
2015-10-02,65.36,1.26,51.87301587301587
2015-10-05,65.91,1.26,52.3095238095238
2015-10-06,65.43,1.26,51.92857142857143
2015-10-07,66.84,1.26,53.04761904761905
2015-10-08,67.81,1.26,53.817460317460316
2015-10-09,68.64,1.26,54.476190476190474
2015-10-12,68.55,1.26,54.404761904761905
2015-10-13,66.92,1.26,53.111111111111114
2015-10-14,67.19,1.26,53.32539682539682
2015-10-15,67.75,1.26,53.76984126984127
2015-10-16,67.98,1.26,53.952380952380956
2015-10-19,68.37,1.26,54.261904761904766
2015-10-20,68.96,1.26,54.73015873015873
2015-10-21,68.66,1.26,54.49206349206349
2015-10-22,70.87,1.26,56.24603174603175
2015-10-23,71.3,1.26,56.58730158730158
2015-10-26,71.27,1.26,56.56349206349206
2015-10-27,70.65,1.26,56.07142857142858
2015-10-28,72.22,1.26,57.317460317460316
2015-10-29,67.09,1.38,48.615942028985515
2015-10-30,69.73,1.38,50.52898550724638
2015-11-02,70.76,1.38,51.275362318840585
2015-11-03,69.92,1.38,50.66666666666667
2015-11-04,69.42,1.38,50.30434782608696
2015-11-05,69.81,1.38,50.58695652173913
2015-11-06,69.82,1.38,50.594202898550726
2015-11-09,68.99,1.38,49.992753623188406
2015-11-10,69.6,1.38,50.43478260869565
2015-11-11,70.34,1.38,50.97101449275363
2015-11-12,69.3,1.38,50.21739130434783
2015-11-13,67.31,1.38,48.775362318840585
2015-11-16,68.04,1.38,49.30434782608697
2015-11-17,67.63,1.38,49.007246376811594
2015-11-18,68.79,1.38,49.84782608695653
2015-11-19,70.36,1.38,50.98550724637681
2015-11-20,72.26,1.38,52.36231884057972
2015-11-23,72.37,1.38,52.44202898550726
2015-11-24,72.88,1.38,52.811594202898554
2015-11-25,73.53,1.38,53.28260869565218
2015-11-27,73.42,1.38,53.20289855072464
2015-11-30,73.66,1.38,53.3768115942029
2015-12-01,74.29,1.38,53.83333333333334
2015-12-02,72.62,1.38,52.62318840579711
2015-12-03,71.98,1.38,52.15942028985508
2015-12-04,73.64,1.38,53.36231884057972
2015-12-07,72.53,1.38,52.55797101449276
2015-12-08,71.67,1.38,51.934782608695656
2015-12-09,70.75,1.38,51.26811594202899
2015-12-10,70.76,1.38,51.275362318840585
2015-12-11,68.73,1.38,49.80434782608696
2015-12-14,68.86,1.38,49.89855072463769
2015-12-15,70.13,1.38,50.81884057971015
2015-12-16,71.89,1.38,52.094202898550726
2015-12-17,69.96,1.38,50.69565217391304
2015-12-18,70.0,1.38,50.72463768115942
2015-12-21,70.45,1.38,51.050724637681164
2015-12-22,71.01,1.38,51.456521739130444
2015-12-23,73.03,1.38,52.92028985507247
2015-12-24,72.79,1.38,52.74637681159421
2015-12-28,73.08,1.38,52.95652173913044
2015-12-29,73.45,1.38,53.22463768115943
2015-12-30,72.54,1.38,52.56521739130436
2015-12-31,71.86,1.38,52.072463768115945
2016-01-04,70.4,1.38,51.014492753623195
2016-01-05,68.45,1.38,49.60144927536233
2016-01-06,66.63,1.38,48.28260869565217
2016-01-07,62.9,1.38,45.57971014492754
2016-01-08,61.68,1.38,44.69565217391305
2016-01-11,63.57,1.38,46.06521739130435
2016-01-12,62.82,1.38,45.52173913043479
2016-01-13,58.8,1.38,42.608695652173914
2016-01-14,58.19,1.38,42.16666666666667
2016-01-15,56.55,1.38,40.97826086956522
2016-01-19,56.45,1.38,40.90579710144928
2016-01-20,55.09,1.38,39.92028985507247
2016-01-21,54.57,1.38,39.54347826086957
2016-01-22,54.52,1.38,39.5072463768116
2016-01-25,53.88,1.38,39.04347826086957
2016-01-26,55.63,1.38,40.311594202898554
2016-01-27,55.52,1.38,40.23188405797102
2016-01-28,53.76,1.38,38.95652173913044
2016-01-29,54.43,1.38,39.44202898550725
2016-02-01,55.66,1.38,40.333333333333336
2016-02-02,53.62,1.38,38.85507246376812
2016-02-03,52.43,1.38,37.992753623188406
2016-02-04,52.16,1.38,37.79710144927536
2016-02-05,49.82,1.38,36.10144927536232
2016-02-08,47.79,-0.35,-136.54285714285714
2016-02-09,48.32,-0.35,-138.05714285714288
2016-02-10,49.42,-0.35,-141.20000000000002
2016-02-11,49.15,-0.35,-140.42857142857144
2016-02-12,51.33,-0.35,-146.65714285714287
2016-02-16,52.91,-0.35,-151.17142857142858
2016-02-17,55.33,-0.35,-158.0857142857143
2016-02-18,54.79,-0.35,-156.54285714285714
2016-02-19,54.62,-0.35,-156.05714285714285
2016-02-22,55.41,-0.35,-158.31428571428572
2016-02-23,53.99,-0.35,-154.25714285714287
2016-02-24,53.39,-0.35,-152.54285714285714
2016-02-25,55.89,-0.35,-159.68571428571428
2016-02-26,55.93,-0.35,-159.8
2016-02-29,55.89,-0.35,-159.68571428571428
2016-03-01,57.73,-0.35,-164.94285714285715
2016-03-02,57.79,-0.35,-165.11428571428573
2016-03-03,59.34,-0.35,-169.54285714285717
2016-03-04,59.96,-0.35,-171.31428571428572
2016-03-07,59.17,-0.35,-169.05714285714288
2016-03-08,57.79,-0.35,-165.11428571428573
2016-03-09,57.93,-0.35,-165.51428571428573
2016-03-10,57.31,-0.35,-163.74285714285716
2016-03-11,58.91,-0.35,-168.31428571428572
2016-03-14,58.73,-0.35,-167.8
2016-03-15,59.5,-0.35,-170.0
2016-03-16,60.47,-0.35,-172.77142857142857
2016-03-17,61.27,-0.35,-175.05714285714288
2016-03-18,60.89,-0.35,-173.9714285714286
2016-03-21,60.65,-0.35,-173.2857142857143
2016-03-22,61.41,-0.35,-175.45714285714286
2016-03-23,60.8,-0.35,-173.71428571428572
2016-03-24,60.66,-0.35,-173.31428571428572
2016-03-28,60.57,-0.35,-173.05714285714288
2016-03-29,61.96,-0.35,-177.02857142857144
2016-03-30,62.79,-0.35,-179.4
2016-03-31,62.88,-0.35,-179.65714285714287
2016-04-01,61.77,-0.35,-176.4857142857143
2016-04-04,59.37,-0.35,-169.62857142857143
2016-04-05,59.52,-0.35,-170.05714285714288
2016-04-06,60.07,-0.35,-171.62857142857143
2016-04-07,59.68,-0.35,-170.51428571428573
2016-04-08,60.01,-0.35,-171.45714285714286
2016-04-11,60.87,-0.35,-173.9142857142857
2016-04-12,60.65,-0.35,-173.2857142857143
2016-04-13,64.06,-0.35,-183.02857142857144
2016-04-14,64.7,-0.35,-184.8571428571429
2016-04-15,63.89,-0.35,-182.54285714285714
2016-04-18,64.13,-0.35,-183.22857142857143
2016-04-19,64.35,-0.35,-183.85714285714286
2016-04-20,64.23,-0.35,-183.51428571428573
2016-04-21,63.7,-0.35,-182.00000000000003
2016-04-22,63.48,-0.35,-181.37142857142857
2016-04-25,63.74,-0.35,-182.11428571428573
2016-04-26,65.27,-0.35,-186.4857142857143
2016-04-27,64.56,-0.35,-184.45714285714288
2016-04-28,62.86,-0.35,-179.60000000000002
2016-04-29,61.72,-0.35,-176.34285714285716
2016-05-02,61.79,-0.35,-176.54285714285714
2016-05-03,61.33,-0.35,-175.22857142857143
2016-05-04,58.75,1.35,43.51851851851852
2016-05-05,58.1,1.35,43.03703703703704
2016-05-06,59.06,1.35,43.74814814814815
2016-05-09,58.69,1.35,43.47407407407407
2016-05-10,59.77,1.35,44.27407407407407
2016-05-11,58.91,1.35,43.63703703703703
2016-05-12,58.4,1.35,43.25925925925925
2016-05-13,57.39,1.35,42.511111111111106
2016-05-16,57.49,1.35,42.58518518518518
2016-05-17,56.21,1.35,41.63703703703703
2016-05-18,56.42,1.35,41.79259259259259
2016-05-19,55.21,1.35,40.89629629629629
2016-05-20,55.96,1.35,41.45185185185185
2016-05-23,55.49,1.35,41.1037037037037
2016-05-24,57.05,1.35,42.25925925925925
2016-05-25,57.0,1.35,42.22222222222222
2016-05-26,56.32,1.35,41.718518518518515
2016-05-27,56.81,1.35,42.08148148148148
2016-05-31,56.97,1.35,42.199999999999996
2016-06-01,56.21,1.35,41.63703703703703
2016-06-02,57.28,1.35,42.42962962962963
2016-06-03,56.22,1.35,41.64444444444444
2016-06-06,56.61,1.35,41.93333333333333
2016-06-07,57.28,1.35,42.42962962962963
2016-06-08,57.87,1.35,42.86666666666666
2016-06-09,57.78,1.35,42.8
2016-06-10,56.44,1.35,41.8074074074074
2016-06-13,55.26,1.35,40.93333333333333
2016-06-14,54.61,1.35,40.45185185185185
2016-06-15,55.2,1.35,40.888888888888886
2016-06-16,55.52,1.35,41.12592592592593
2016-06-17,55.71,1.35,41.266666666666666
2016-06-20,58.42,1.35,43.27407407407407
2016-06-21,57.98,1.35,42.94814814814814
2016-06-22,57.86,1.35,42.859259259259254
2016-06-23,59.27,1.35,43.903703703703705
2016-06-24,52.03,1.35,38.54074074074074
2016-06-27,49.51,1.35,36.67407407407407
2016-06-28,50.9,1.35,37.7037037037037
2016-06-29,52.6,1.35,38.96296296296296
2016-06-30,52.47,1.35,38.86666666666666
2016-07-01,53.33,1.35,39.5037037037037
2016-07-05,50.45,1.35,37.37037037037037
2016-07-06,51.06,1.35,37.82222222222222
2016-07-07,52.55,1.35,38.925925925925924
2016-07-08,54.36,1.35,40.266666666666666
2016-07-11,54.67,1.35,40.49629629629629
2016-07-12,55.88,1.35,41.39259259259259
2016-07-13,56.16,1.35,41.599999999999994
2016-07-14,56.3,1.35,41.7037037037037
2016-07-15,56.22,1.35,41.64444444444444
2016-07-18,56.24,1.35,41.65925925925926
2016-07-19,55.94,1.35,41.43703703703703
2016-07-20,57.22,1.35,42.38518518518518
2016-07-21,57.64,1.35,42.696296296296296
2016-07-22,57.3,1.35,42.44444444444444
2016-07-25,57.28,1.35,42.42962962962963
2016-07-26,58.18,1.35,43.096296296296295
2016-07-27,58.04,1.35,42.99259259259259
2016-07-28,56.72,1.35,42.01481481481481
2016-07-29,56.85,1.35,42.11111111111111
2016-08-01,56.83,1.35,42.096296296296295
2016-08-02,54.75,1.35,40.55555555555555
2016-08-03,53.69,1.46,36.773972602739725
2016-08-04,53.22,1.46,36.45205479452055
2016-08-05,55.54,1.46,38.04109589041096
2016-08-08,55.05,1.46,37.705479452054796
2016-08-09,54.96,1.46,37.64383561643836
2016-08-10,54.64,1.46,37.42465753424658
2016-08-11,54.78,1.46,37.52054794520548
2016-08-12,53.63,1.46,36.73287671232877
2016-08-15,54.3,1.46,37.19178082191781
2016-08-16,54.09,1.46,37.04794520547946
2016-08-17,54.44,1.46,37.28767123287671
2016-08-18,54.54,1.46,37.35616438356164
2016-08-19,54.74,1.46,37.49315068493151
2016-08-22,54.53,1.46,37.349315068493155
2016-08-23,56.88,1.46,38.95890410958904
2016-08-24,57.54,1.46,39.41095890410959
2016-08-25,57.54,1.46,39.41095890410959
2016-08-26,58.36,1.46,39.97260273972603
2016-08-29,59.38,1.46,40.67123287671233
2016-08-30,59.02,1.46,40.42465753424658
2016-08-31,59.23,1.46,40.56849315068493
2016-09-01,58.93,1.46,40.36301369863014
2016-09-02,58.82,1.46,40.28767123287671
2016-09-06,59.07,1.46,40.45890410958904
2016-09-07,58.92,1.46,40.35616438356165
2016-09-08,59.24,1.46,40.57534246575343
2016-09-09,57.01,1.46,39.04794520547945
2016-09-12,57.85,1.46,39.62328767123288
2016-09-13,57.15,1.46,39.14383561643836
2016-09-14,57.37,1.46,39.294520547945204
2016-09-15,57.93,1.46,39.678082191780824
2016-09-16,58.48,1.46,40.054794520547944
2016-09-19,58.32,1.46,39.945205479452056
2016-09-20,57.71,1.46,39.52739726027397
2016-09-21,58.27,1.46,39.91095890410959
2016-09-22,58.87,1.46,40.321917808219176
2016-09-23,58.26,1.46,39.9041095890411
2016-09-26,57.64,1.46,39.47945205479452
2016-09-27,57.33,1.46,39.26712328767123
2016-09-28,59.2,1.46,40.54794520547946
2016-09-29,58.41,1.46,40.00684931506849
2016-09-30,59.78,1.46,40.945205479452056
2016-10-03,59.7,1.46,40.89041095890411
2016-10-04,59.27,1.46,40.59589041095891
2016-10-05,60.16,1.46,41.205479452054796
2016-10-06,59.54,1.46,40.78082191780822
2016-10-07,58.78,1.46,40.26027397260274
2016-10-10,58.64,1.46,40.16438356164384
2016-10-11,56.83,1.46,38.92465753424658
2016-10-12,56.72,1.46,38.84931506849315
2016-10-13,55.25,1.46,37.842465753424655
2016-10-14,55.31,1.46,37.88356164383562
2016-10-17,55.67,1.46,38.13013698630137
2016-10-18,53.74,1.46,36.8082191780822
2016-10-19,54.59,1.46,37.39041095890411
2016-10-20,54.0,1.46,36.986301369863014
2016-10-21,53.58,1.46,36.6986301369863
2016-10-24,53.84,1.46,36.87671232876713
2016-10-25,53.0,1.46,36.3013698630137
2016-10-26,53.87,1.46,36.8972602739726
2016-10-27,54.02,1.46,37.0
2016-10-28,54.24,1.46,37.15068493150685
2016-10-31,54.54,1.46,37.35616438356164
2016-11-01,54.65,1.46,37.43150684931507
2016-11-02,55.92,0.16,349.5
2016-11-03,55.61,0.16,347.5625
2016-11-04,55.96,0.16,349.75
2016-11-07,57.96,0.16,362.25
2016-11-08,58.77,0.16,367.3125
2016-11-09,54.97,0.16,343.5625
2016-11-10,55.72,0.16,348.25
2016-11-11,54.68,0.16,341.75
2016-11-14,55.79,0.16,348.6875
2016-11-15,55.97,0.16,349.8125
2016-11-16,55.78,0.16,348.625
2016-11-17,57.04,0.16,356.5
2016-11-18,57.16,0.16,357.24999999999994
2016-11-21,57.56,0.16,359.75
2016-11-22,56.14,0.16,350.875
2016-11-23,56.21,0.16,351.3125
2016-11-25,56.6,0.16,353.75
2016-11-28,55.59,0.16,347.4375
2016-11-29,53.18,0.16,332.375
2016-11-30,53.65,0.16,335.3125
2016-12-01,55.01,0.16,343.8125
2016-12-02,53.41,0.16,333.8125
2016-12-05,53.44,0.16,334.0
2016-12-06,55.22,0.16,345.125
2016-12-07,58.98,0.16,368.625
2016-12-08,59.81,0.16,373.8125
2016-12-09,59.95,0.16,374.6875
2016-12-12,58.16,0.16,363.49999999999994
2016-12-13,58.71,0.16,366.9375
2016-12-14,57.67,0.16,360.4375
2016-12-15,57.88,0.16,361.75
2016-12-16,57.08,0.16,356.75
2016-12-19,56.73,0.16,354.5625
2016-12-20,56.4,0.16,352.5
2016-12-21,58.0,0.16,362.5
2016-12-22,56.37,0.16,352.3125
2016-12-23,56.83,0.16,355.1875
2016-12-27,57.05,0.16,356.5625
2016-12-28,56.42,0.16,352.625
2016-12-29,56.46,0.16,352.875
2016-12-30,56.45,0.16,352.8125
2017-01-03,56.61,0.16,353.8125
2017-01-04,58.71,0.16,366.9375
2017-01-05,58.35,0.16,364.6875
2017-01-06,57.98,0.16,362.375
2017-01-09,57.05,0.16,356.5625
2017-01-10,59.07,0.16,369.1875
2017-01-11,59.97,0.16,374.8125
2017-01-12,59.56,0.16,372.25
2017-01-13,60.04,0.16,375.25
2017-01-17,60.09,0.16,375.5625
2017-01-18,59.93,0.16,374.5625
2017-01-19,60.36,0.16,377.25
2017-01-20,59.23,0.16,370.1875
2017-01-23,58.73,0.16,367.0625
2017-01-24,59.89,0.16,374.3125
2017-01-25,61.5,0.16,384.375
2017-01-26,60.23,0.16,376.4375
2017-01-27,59.51,0.16,371.9375
2017-01-30,58.42,0.16,365.125
2017-01-31,58.73,0.16,367.0625
2017-02-01,59.51,0.16,371.9375
2017-02-02,61.62,0.16,385.125
2017-02-03,61.81,0.16,386.3125
2017-02-06,61.8,1.64,37.68292682926829
2017-02-07,62.12,1.64,37.8780487804878
2017-02-08,61.98,1.64,37.79268292682927
2017-02-09,61.83,1.64,37.701219512195124
2017-02-10,62.3,1.64,37.987804878048784
2017-02-13,63.7,1.64,38.84146341463415
2017-02-14,63.67,1.64,38.82317073170732
2017-02-15,63.91,1.64,38.96951219512195
2017-02-16,63.05,1.64,38.44512195121951
2017-02-17,63.25,1.64,38.56707317073171
2017-02-21,63.57,1.64,38.76219512195122
2017-02-22,63.82,1.64,38.91463414634146
2017-02-23,63.69,1.64,38.83536585365854
2017-02-24,64.28,1.64,39.19512195121951
2017-02-27,64.71,1.64,39.45731707317073
2017-02-28,63.81,1.64,38.90853658536586
2017-03-01,64.35,1.64,39.23780487804878
2017-03-02,64.87,1.64,39.554878048780495
2017-03-03,64.69,1.64,39.44512195121951
2017-03-06,63.64,1.64,38.80487804878049
2017-03-07,63.68,1.64,38.829268292682926
2017-03-08,64.23,1.64,39.16463414634147
2017-03-09,63.95,1.64,38.993902439024396
2017-03-10,64.62,1.64,39.40243902439025
2017-03-13,67.23,1.64,40.993902439024396
2017-03-14,67.9,1.64,41.40243902439025
2017-03-15,68.98,1.64,42.0609756097561
2017-03-16,68.96,1.64,42.048780487804876
2017-03-17,68.61,1.64,41.83536585365854
2017-03-20,68.0,1.64,41.463414634146346
2017-03-21,65.52,1.64,39.951219512195124
2017-03-22,65.99,1.64,40.23780487804878
2017-03-23,65.88,1.64,40.170731707317074
2017-03-24,66.14,1.64,40.32926829268293
2017-03-27,66.6,1.64,40.609756097560975
2017-03-28,67.38,1.64,41.08536585365854
2017-03-29,67.47,1.64,41.140243902439025
2017-03-30,67.9,1.64,41.40243902439025
2017-03-31,67.47,1.64,41.140243902439025
2017-04-03,65.59,1.64,39.993902439024396
2017-04-04,63.69,1.64,38.83536585365854
2017-04-05,62.94,1.64,38.37804878048781
2017-04-06,62.97,1.64,38.396341463414636
2017-04-07,62.98,1.64,38.40243902439025
2017-04-10,63.31,1.64,38.60365853658537
2017-04-11,62.79,1.64,38.28658536585366
2017-04-12,62.26,1.64,37.96341463414634
2017-04-13,61.82,1.64,37.69512195121951
2017-04-17,62.62,1.64,38.1829268292683
2017-04-18,62.32,1.64,38.0
2017-04-19,63.18,1.64,38.52439024390244
2017-04-20,65.3,1.64,39.81707317073171
2017-04-21,64.21,1.64,39.15243902439024
2017-04-24,66.43,1.64,40.50609756097562
2017-04-25,66.57,1.64,40.59146341463414
2017-04-26,66.43,1.64,40.50609756097562
2017-04-27,67.02,1.64,40.86585365853659
2017-04-28,67.39,1.64,41.09146341463415
2017-05-01,67.06,1.64,40.890243902439025
2017-05-02,65.76,1.64,40.09756097560976
2017-05-03,72.93,1.08,67.52777777777779
2017-05-04,73.81,1.08,68.3425925925926
2017-05-05,73.51,1.08,68.06481481481481
2017-05-08,73.27,1.08,67.84259259259258
2017-05-09,73.99,1.08,68.50925925925925
2017-05-10,73.56,1.08,68.11111111111111
2017-05-11,72.82,1.08,67.42592592592591
2017-05-12,72.67,1.08,67.28703703703704
2017-05-15,72.67,1.08,67.28703703703704
2017-05-16,72.98,1.08,67.57407407407408
2017-05-17,71.42,1.08,66.12962962962963
2017-05-18,71.36,1.08,66.07407407407408
2017-05-19,72.0,1.08,66.66666666666666
2017-05-22,73.01,1.08,67.60185185185185
2017-05-23,72.42,1.08,67.05555555555556
2017-05-24,72.51,1.08,67.13888888888889
2017-05-25,72.62,1.08,67.24074074074075
2017-05-26,73.34,1.08,67.9074074074074
2017-05-30,72.59,1.08,67.21296296296296
2017-05-31,73.74,1.08,68.27777777777777
2017-06-01,74.75,1.08,69.21296296296296
2017-06-02,74.64,1.08,69.1111111111111
2017-06-05,73.87,1.08,68.39814814814815
2017-06-06,74.48,1.08,68.96296296296296
2017-06-07,73.93,1.08,68.45370370370371
2017-06-08,72.11,1.08,66.76851851851852
2017-06-09,71.83,1.08,66.50925925925925
2017-06-12,71.38,1.08,66.09259259259258
2017-06-13,72.61,1.08,67.23148148148148
2017-06-14,72.03,1.08,66.69444444444444
2017-06-15,72.01,1.08,66.67592592592592
2017-06-16,71.26,1.08,65.98148148148148
2017-06-19,72.51,1.08,67.13888888888889
2017-06-20,70.68,1.08,65.44444444444444
2017-06-21,71.93,1.08,66.60185185185185
2017-06-22,71.88,1.08,66.55555555555554
2017-06-23,72.11,1.08,66.76851851851852
2017-06-26,72.54,1.08,67.16666666666667
2017-06-27,72.5,1.08,67.12962962962962
2017-06-28,72.93,1.08,67.52777777777779
2017-06-29,72.45,1.08,67.08333333333333
2017-06-30,73.47,1.08,68.02777777777777
2017-07-03,73.6,1.08,68.14814814814814
2017-07-05,73.68,1.08,68.22222222222223
2017-07-06,72.7,1.08,67.31481481481481
2017-07-07,74.7,1.08,69.16666666666667
2017-07-10,76.22,1.08,70.57407407407406
2017-07-11,76.92,1.08,71.22222222222221
2017-07-12,77.62,1.08,71.87037037037037
2017-07-13,76.93,1.08,71.23148148148148
2017-07-14,76.64,1.08,70.96296296296296
2017-07-17,77.06,1.08,71.35185185185185
2017-07-18,76.79,1.08,71.10185185185185
2017-07-19,77.86,1.08,72.09259259259258
2017-07-20,78.04,1.08,72.25925925925927
2017-07-21,76.22,1.08,70.57407407407406
2017-07-24,75.86,1.08,70.24074074074073
2017-07-25,76.22,1.08,70.57407407407406
2017-07-26,76.0,1.08,70.37037037037037
2017-07-27,75.87,1.08,70.25
2017-07-28,75.4,1.08,69.81481481481481
2017-07-31,75.79,1.08,70.17592592592592
2017-08-01,75.3,1.08,69.72222222222221
2017-08-02,76.3,1.13,67.52212389380531
2017-08-03,77.84,1.13,68.8849557522124
2017-08-04,78.11,1.13,69.12389380530973
2017-08-07,78.35,1.13,69.33628318584071
2017-08-08,78.73,1.13,69.67256637168143
2017-08-09,77.79,1.13,68.84070796460178
2017-08-10,76.4,1.13,67.61061946902656
2017-08-11,77.4,1.13,68.49557522123895
2017-08-14,78.37,1.13,69.35398230088497
2017-08-15,78.24,1.13,69.23893805309734
2017-08-16,78.88,1.13,69.80530973451327
2017-08-17,77.47,1.13,68.5575221238938
2017-08-18,77.34,1.13,68.44247787610621
2017-08-21,77.88,1.13,68.92035398230088
2017-08-22,78.94,1.13,69.85840707964603
2017-08-23,78.95,1.13,69.86725663716815
2017-08-24,79.24,1.13,70.12389380530973
2017-08-25,79.01,1.13,69.9203539823009
2017-08-28,79.2,1.13,70.08849557522124
2017-08-29,79.01,1.13,69.9203539823009
2017-08-30,79.67,1.13,70.50442477876108
2017-08-31,80.8,1.13,71.50442477876106
2017-09-01,81.83,1.13,72.41592920353983
2017-09-05,80.96,1.13,71.64601769911505
2017-09-06,81.08,1.13,71.75221238938053
2017-09-07,81.2,1.13,71.85840707964603
2017-09-08,81.02,1.13,71.69911504424779
2017-09-11,81.72,1.13,72.31858407079646
2017-09-12,81.97,1.13,72.53982300884957
2017-09-13,82.14,1.13,72.69026548672566
2017-09-14,82.05,1.13,72.61061946902656
2017-09-15,83.98,1.13,74.31858407079648
2017-09-18,84.3,1.13,74.60176991150443
2017-09-19,84.58,1.13,74.8495575221239
2017-09-20,84.79,1.13,75.0353982300885
2017-09-21,84.69,1.13,74.94690265486726
2017-09-22,86.15,1.13,76.23893805309736
2017-09-25,86.71,1.13,76.73451327433628
2017-09-26,86.43,1.13,76.48672566371683
2017-09-27,82.8,1.13,73.27433628318585
2017-09-28,81.93,1.13,72.50442477876108
2017-09-29,82.48,1.13,72.99115044247789
2017-10-02,83.78,1.13,74.14159292035399
2017-10-03,83.5,1.13,73.89380530973452
2017-10-04,85.76,1.13,75.89380530973453
2017-10-05,85.76,1.13,75.89380530973453
2017-10-06,84.2,1.13,74.51327433628319
2017-10-09,83.92,1.13,74.26548672566372
2017-10-10,82.67,1.13,73.15929203539824
2017-10-11,83.19,1.13,73.61946902654867
2017-10-12,82.23,1.13,72.76991150442478
2017-10-13,81.71,1.13,72.30973451327434
2017-10-16,82.13,1.13,72.68141592920354
2017-10-17,81.51,1.13,72.13274336283187
2017-10-18,81.92,1.13,72.49557522123895
2017-10-19,81.84,1.13,72.42477876106196
2017-10-20,81.17,1.13,71.83185840707965
2017-10-23,81.95,1.13,72.52212389380531
2017-10-24,82.37,1.13,72.89380530973452
2017-10-25,81.64,1.13,72.24778761061948
2017-10-26,83.04,1.13,73.48672566371683
2017-10-27,82.76,1.13,73.23893805309736
2017-10-30,82.36,1.13,72.88495575221239
2017-10-31,83.3,1.13,73.71681415929204
2017-11-01,83.3,1.13,73.71681415929204
2017-11-02,83.24,1.15,72.38260869565218
2017-11-03,81.22,1.15,70.62608695652175
2017-11-06,81.53,1.15,70.89565217391305
2017-11-07,81.53,1.15,70.89565217391305
2017-11-08,80.76,1.15,70.22608695652175
2017-11-09,80.12,1.15,69.66956521739131
2017-11-10,79.87,1.15,69.45217391304348
2017-11-13,80.11,1.15,69.6608695652174
2017-11-14,84.07,1.15,73.10434782608695
2017-11-15,82.28,1.15,71.54782608695653
2017-11-16,83.19,1.15,72.33913043478262
2017-11-17,82.73,1.15,71.93913043478261
2017-11-20,85.62,1.15,74.45217391304348
2017-11-21,85.5,1.15,74.34782608695653
2017-11-22,84.48,1.15,73.4608695652174
2017-11-24,84.54,1.15,73.51304347826088
2017-11-27,84.47,1.15,73.45217391304348
2017-11-28,85.26,1.15,74.13913043478261
2017-11-29,85.54,1.15,74.38260869565218
2017-11-30,87.74,1.15,76.29565217391304
2017-12-01,86.76,1.15,75.44347826086957
2017-12-04,87.43,1.15,76.02608695652175
2017-12-05,88.77,1.15,77.19130434782609
2017-12-06,85.36,1.15,74.22608695652174
2017-12-07,84.38,1.15,73.37391304347827
2017-12-08,85.22,1.15,74.10434782608696
2017-12-11,85.89,1.15,74.68695652173913
2017-12-12,85.67,1.15,74.49565217391304
2017-12-13,83.56,1.15,72.6608695652174
2017-12-14,83.05,1.15,72.21739130434783
2017-12-15,84.4,1.15,73.3913043478261
2017-12-18,84.24,1.15,73.25217391304348
2017-12-19,85.62,1.15,74.45217391304348
2017-12-20,85.87,1.15,74.66956521739131
2017-12-21,84.98,1.15,73.89565217391305
2017-12-22,84.79,1.15,73.73043478260871
2017-12-26,84.88,1.15,73.80869565217391
2017-12-27,84.73,1.15,73.67826086956522
2017-12-28,85.56,1.15,74.4
2017-12-29,84.83,1.15,73.76521739130435
2018-01-02,86.11,1.15,74.87826086956522
2018-01-03,87.54,1.15,76.12173913043479
2018-01-04,88.91,1.15,77.31304347826087
2018-01-05,91.57,1.15,79.62608695652175
2018-01-08,91.93,1.15,79.93913043478263
2018-01-09,92.75,1.15,80.65217391304348
2018-01-10,90.46,1.15,78.6608695652174
2018-01-11,92.06,1.15,80.05217391304349
2018-01-12,92.91,1.15,80.79130434782608
2018-01-16,92.56,1.15,80.48695652173915
2018-01-17,93.56,1.15,81.35652173913044
2018-01-18,93.1,1.15,80.95652173913044
2018-01-19,93.52,1.15,81.32173913043478
2018-01-22,93.55,1.15,81.34782608695653
2018-01-23,92.83,1.15,80.72173913043478
2018-01-24,93.54,1.15,81.33913043478262
2018-01-25,92.49,1.15,80.42608695652174
2018-01-26,94.48,1.15,82.15652173913044
2018-01-29,94.89,1.15,82.51304347826088
2018-01-30,94.63,1.15,82.28695652173913
2018-01-31,94.88,1.15,82.50434782608696
2018-02-01,96.02,1.15,83.49565217391304
2018-02-02,94.21,1.15,81.92173913043479
2018-02-05,91.14,-4.11,-22.175182481751822
2018-02-06,92.6,-4.11,-22.53041362530413
2018-02-07,93.69,-4.11,-22.795620437956202
2018-02-08,89.27,-4.11,-21.720194647201943
2018-02-09,88.56,-4.11,-21.54744525547445
2018-02-12,91.44,-4.11,-22.24817518248175
2018-02-13,90.77,-4.11,-22.08515815085158
2018-02-14,92.69,-4.11,-22.552311435523112
2018-02-15,93.33,-4.11,-22.70802919708029
2018-02-16,92.4,-4.11,-22.48175182481752
2018-02-20,92.34,-4.11,-22.467153284671532
2018-02-21,92.55,-4.11,-22.518248175182478
2018-02-22,92.94,-4.11,-22.613138686131386
2018-02-23,93.06,-4.11,-22.642335766423358
2018-02-26,94.72,-4.11,-23.046228710462284
2018-02-27,92.62,-4.11,-22.535279805352797
2018-02-28,91.33,-4.11,-22.22141119221411
2018-03-01,87.77,-4.11,-21.35523114355231
2018-03-02,88.61,-4.11,-21.559610705596103
2018-03-05,88.82,-4.11,-21.610705596107053
2018-03-06,89.95,-4.11,-21.885644768856448
2018-03-07,89.42,-4.11,-21.75669099756691
2018-03-08,89.7,-4.11,-21.824817518248175
2018-03-09,92.27,-4.11,-22.450121654501213
2018-03-12,91.45,-4.11,-22.25060827250608
2018-03-13,90.9,-4.11,-22.11678832116788
2018-03-14,89.3,-4.11,-21.727493917274938
2018-03-15,88.96,-4.11,-21.644768856447687
2018-03-16,89.32,-4.11,-21.732360097323596
2018-03-19,87.89,-4.11,-21.38442822384428
2018-03-20,87.85,-4.11,-21.374695863746954
2018-03-21,88.14,-4.11,-21.445255474452555
2018-03-22,83.79,-4.11,-20.386861313868614
2018-03-23,81.21,-4.11,-19.75912408759124
2018-03-26,85.04,-4.11,-20.690997566909974
2018-03-27,84.33,-4.11,-20.518248175182478
2018-03-28,82.82,-4.11,-20.150851581508512
2018-03-29,84.97,-4.11,-20.67396593673966
2018-04-02,81.58,-4.11,-19.84914841849148
2018-04-03,82.58,-4.11,-20.09245742092457
2018-04-04,84.22,-4.11,-20.49148418491484
2018-04-05,85.9,-4.11,-20.900243309002434
2018-04-06,83.82,-4.11,-20.394160583941602
2018-04-09,83.67,-4.11,-20.357664233576642
2018-04-10,86.03,-4.11,-20.93187347931873
2018-04-11,85.4,-4.11,-20.778588807785887
2018-04-12,85.86,-4.11,-20.890510948905106
2018-04-13,85.51,-4.11,-20.805352798053526
2018-04-16,86.92,-4.11,-21.148418491484183
2018-04-17,88.13,-4.11,-21.442822384428222
2018-04-18,87.7,-4.11,-21.338199513381994
2018-04-19,86.02,-4.11,-20.929440389294403
2018-04-20,86.31,-4.11,-21.0
2018-04-23,86.54,-4.11,-21.05596107055961
2018-04-24,85.85,-4.11,-20.888077858880777
2018-04-25,85.21,-4.11,-20.732360097323596
2018-04-26,87.42,-4.11,-21.27007299270073
2018-04-27,86.01,-4.11,-20.927007299270073
2018-04-30,84.58,-4.11,-20.57907542579075
2018-05-01,84.53,-4.11,-20.5669099756691
2018-05-02,90.03,1.24,72.60483870967742
2018-05-03,91.12,1.24,73.48387096774194
2018-05-04,92.59,1.24,74.66935483870968
2018-05-07,93.28,1.24,75.22580645161291
2018-05-08,93.64,1.24,75.51612903225806
2018-05-09,94.39,1.24,76.12096774193549
2018-05-10,96.06,1.24,77.46774193548387
2018-05-11,96.22,1.24,77.59677419354838
2018-05-14,95.72,1.24,77.19354838709677
2018-05-15,96.0,1.24,77.41935483870968
2018-05-16,97.86,1.24,78.91935483870968
2018-05-17,98.23,1.24,79.21774193548387
2018-05-18,97.34,1.24,78.5
2018-05-21,98.18,1.24,79.17741935483872
2018-05-22,98.14,1.24,79.14516129032258
2018-05-23,97.89,1.24,78.94354838709677
2018-05-24,97.68,1.24,78.7741935483871
2018-05-25,97.65,1.24,78.75
2018-05-29,96.21,1.24,77.58870967741935
2018-05-30,96.47,1.24,77.79838709677419
2018-05-31,97.5,1.24,78.62903225806451
2018-06-01,99.08,1.24,79.90322580645162
2018-06-04,99.45,1.24,80.20161290322581
2018-06-05,100.13,1.24,80.75
2018-06-06,100.99,1.24,81.44354838709677
2018-06-07,100.66,1.24,81.1774193548387
2018-06-08,100.81,1.24,81.29838709677419
2018-06-11,101.82,1.24,82.11290322580645
2018-06-12,101.97,1.24,82.23387096774194
2018-06-13,101.62,1.24,81.95161290322581
2018-06-14,102.61,1.24,82.75
2018-06-15,102.73,1.24,82.84677419354838
2018-06-18,102.93,1.24,83.00806451612904
2018-06-19,100.56,1.24,81.09677419354838
2018-06-20,99.58,1.24,80.30645161290323
2018-06-21,97.28,1.24,78.45161290322581
2018-06-22,96.24,1.24,77.61290322580645
2018-06-25,95.12,1.24,76.70967741935485
2018-06-26,94.88,1.24,76.51612903225806
2018-06-27,93.28,1.24,75.22580645161291
2018-06-28,91.93,1.24,74.13709677419355
2018-06-29,91.63,1.24,73.89516129032258
2018-07-02,92.15,1.24,74.31451612903226
2018-07-03,90.91,1.24,73.31451612903226
2018-07-05,93.07,1.24,75.05645161290322
2018-07-06,94.26,1.24,76.01612903225806
2018-07-09,95.53,1.24,77.04032258064517
2018-07-10,96.34,1.24,77.69354838709678
2018-07-11,93.04,1.24,75.03225806451613
2018-07-12,93.11,1.24,75.08870967741936
2018-07-13,93.63,1.24,75.50806451612902
2018-07-16,93.55,1.24,75.44354838709677
2018-07-17,96.34,1.24,77.69354838709678
2018-07-18,96.78,1.24,78.04838709677419
2018-07-19,94.97,1.24,76.58870967741936
2018-07-20,92.94,1.24,74.95161290322581
2018-07-23,92.73,1.24,74.78225806451613
2018-07-24,93.22,1.24,75.1774193548387
2018-07-25,95.2,1.24,76.7741935483871
2018-07-26,93.25,1.24,75.20161290322581
2018-07-27,93.61,1.24,75.49193548387096
2018-07-30,92.5,1.24,74.59677419354838
2018-07-31,98.07,1.36,72.11029411764704
2018-08-01,95.89,1.36,70.50735294117646
2018-08-02,96.77,1.36,71.15441176470587
2018-08-03,98.45,1.36,72.38970588235294
2018-08-06,98.02,1.36,72.0735294117647
2018-08-07,98.45,1.36,72.38970588235294
2018-08-08,98.09,1.36,72.125
2018-08-09,96.72,1.36,71.11764705882352
2018-08-10,94.53,1.36,69.50735294117646
2018-08-13,92.77,1.36,68.21323529411764
2018-08-14,94.03,1.36,69.13970588235294
2018-08-15,90.98,1.36,66.8970588235294
2018-08-16,91.78,1.36,67.48529411764706
2018-08-17,92.76,1.36,68.20588235294117
2018-08-20,94.48,1.36,69.47058823529412
2018-08-21,93.76,1.36,68.94117647058823
2018-08-22,90.82,1.36,66.77941176470587
2018-08-23,89.09,1.36,65.50735294117646
2018-08-24,88.47,1.36,65.05147058823529
2018-08-27,92.05,1.36,67.68382352941175
2018-08-28,92.06,1.36,67.69117647058823
2018-08-29,90.78,1.36,66.75
2018-08-30,88.95,1.36,65.40441176470588
2018-08-31,88.01,1.36,64.71323529411765
2018-09-04,87.04,1.36,64.0
2018-09-05,85.26,1.36,62.69117647058823
2018-09-06,84.78,1.36,62.338235294117645
2018-09-07,84.33,1.36,62.007352941176464
2018-09-10,85.52,1.36,62.882352941176464
2018-09-11,84.96,1.36,62.47058823529411
2018-09-12,84.86,1.36,62.397058823529406
2018-09-13,86.07,1.36,63.28676470588234
2018-09-14,86.88,1.36,63.882352941176464
2018-09-17,85.45,1.36,62.830882352941174
2018-09-18,86.01,1.36,63.24264705882353
2018-09-19,87.3,1.36,64.19117647058823
2018-09-20,89.77,1.36,66.00735294117646
2018-09-21,90.27,1.36,66.37499999999999
2018-09-24,87.99,1.36,64.6985294117647
2018-09-25,84.81,1.36,62.36029411764706
2018-09-26,84.68,1.36,62.26470588235294
2018-09-27,84.14,1.36,61.86764705882352
2018-09-28,83.9,1.36,61.69117647058823
2018-10-01,84.09,1.36,61.830882352941174
2018-10-02,84.94,1.36,62.45588235294117
2018-10-03,85.13,1.36,62.59558823529411
2018-10-04,82.83,1.36,60.90441176470588
2018-10-05,79.01,1.36,58.095588235294116
2018-10-08,79.7,1.36,58.60294117647059
2018-10-09,76.56,1.36,56.29411764705882
2018-10-10,75.63,1.36,55.61029411764705
2018-10-11,73.92,1.36,54.35294117647059
2018-10-12,74.02,1.36,54.42647058823529
2018-10-15,73.65,1.36,54.154411764705884
2018-10-16,74.28,1.36,54.61764705882353
2018-10-17,73.98,1.36,54.39705882352941
2018-10-18,74.21,1.36,54.566176470588225
2018-10-19,74.29,1.36,54.625
2018-10-22,74.28,1.36,54.61764705882353
2018-10-23,76.33,1.36,56.12499999999999
2018-10-24,72.88,1.36,53.58823529411764
2018-10-25,74.13,1.36,54.507352941176464
2018-10-26,73.73,1.36,54.213235294117645
2018-10-29,76.22,1.36,56.04411764705882
2018-10-30,74.17,1.36,54.53676470588235
2018-10-31,76.8,1.07,71.77570093457943
2018-11-01,77.44,1.07,72.37383177570092
2018-11-02,79.46,1.07,74.26168224299064
2018-11-05,76.1,1.07,71.12149532710279
2018-11-06,76.37,1.07,71.37383177570094
2018-11-07,78.35,1.07,73.22429906542055
2018-11-08,77.68,1.07,72.5981308411215
2018-11-09,75.62,1.07,70.67289719626169
2018-11-12,74.5,1.07,69.62616822429906
2018-11-13,75.0,1.07,70.09345794392523
2018-11-14,75.0,1.07,70.09345794392523
2018-11-15,75.15,1.07,70.23364485981308
2018-11-16,74.18,1.07,69.32710280373831
2018-11-19,72.24,1.07,67.51401869158877
2018-11-20,71.06,1.07,66.41121495327103
2018-11-21,73.3,1.07,68.50467289719626
2018-11-23,72.99,1.07,68.21495327102802
2018-11-26,74.44,1.07,69.57009345794391
2018-11-27,71.09,1.07,66.4392523364486
2018-11-28,72.55,1.07,67.80373831775701
2018-11-29,71.5,1.07,66.82242990654206
2018-11-30,71.9,1.07,67.19626168224299
2018-12-03,74.71,1.07,69.82242990654204
2018-12-04,71.58,1.07,66.89719626168224
2018-12-06,69.87,1.07,65.29906542056075
2018-12-07,67.09,1.07,62.70093457943925
2018-12-10,65.33,1.07,61.05607476635514
2018-12-11,66.76,1.07,62.39252336448598
2018-12-12,67.37,1.07,62.96261682242991
2018-12-13,66.69,1.07,62.32710280373831
2018-12-14,65.95,1.07,61.63551401869159
2018-12-17,64.44,1.07,60.22429906542055
2018-12-18,63.39,1.07,59.242990654205606
2018-12-19,62.0,1.07,57.943925233644855
2018-12-20,62.36,1.07,58.2803738317757
2018-12-21,61.44,1.07,57.420560747663544
2018-12-24,60.08,1.07,56.14953271028037
2018-12-26,61.74,1.07,57.70093457943925
2018-12-27,61.96,1.07,57.90654205607476
2018-12-28,61.38,1.07,57.36448598130841
2018-12-31,61.57,1.07,57.54205607476635
2019-01-02,61.15,1.07,57.14953271028037
2019-01-03,60.42,1.07,56.467289719626166
2019-01-04,62.62,1.07,58.523364485981304
2019-01-07,63.57,1.07,59.41121495327103
2019-01-08,67.01,1.07,62.626168224299064
2019-01-09,69.54,1.07,64.99065420560748
2019-01-10,70.23,1.07,65.6355140186916
2019-01-11,69.43,1.07,64.88785046728972
2019-01-14,70.37,1.07,65.76635514018692
2019-01-15,69.82,1.07,65.25233644859811
2019-01-16,70.35,1.07,65.74766355140186
2019-01-17,71.14,1.07,66.48598130841121
2019-01-18,72.93,1.07,68.1588785046729
2019-01-22,71.72,1.07,67.02803738317756
2019-01-23,70.25,1.07,65.65420560747663
2019-01-24,71.82,1.07,67.12149532710279
2019-01-25,73.0,1.07,68.22429906542055
2019-01-28,73.03,1.07,68.25233644859813
2019-01-29,72.43,1.07,67.69158878504673
2019-01-30,73.79,1.07,68.96261682242991
2019-01-31,79.13,1.07,73.95327102803738
2019-02-01,78.02,1.07,72.91588785046729
2019-02-04,78.59,1.19577,65.72334144526121
2019-02-05,78.66,1.19577,65.78188113098672
2019-02-06,78.28,1.19577,65.46409426561965
2019-02-07,76.22,1.19577,63.741354942840175
2019-02-08,75.69,1.19577,63.298125893775556
2019-02-11,76.06,1.19577,63.60754994689614
2019-02-12,77.16,1.19577,64.5274592940114
2019-02-13,79.52,1.19577,66.50108298418591
2019-02-14,79.65,1.19577,66.60979954339045
2019-02-15,80.95,1.19577,67.69696513543575
2019-02-19,81.3,1.19577,67.98966356406332
2019-02-20,81.71,1.19577,68.33253886616991
2019-02-21,81.12,1.19577,67.83913294362628
2019-02-22,82.36,1.19577,68.87612166219256
2019-02-25,83.05,1.19577,69.45315570720122
2019-02-26,82.77,1.19577,69.21899696429915
2019-02-27,83.31,1.19577,69.67058882561028
2019-02-28,83.11,1.19577,69.50333258068024
2019-03-01,84.27,1.19577,70.47341880127449
2019-03-04,83.95,1.19577,70.20580880938643
2019-03-05,83.99,1.19577,70.23926005837242
2019-03-06,82.46,1.19577,68.95974978465757
2019-03-07,82.14,1.19577,68.69213979276951
2019-03-08,81.79,1.19577,68.39944136414194
2019-03-11,82.58,1.19577,69.06010353161561
2019-03-12,82.47,1.19577,68.96811259690409
2019-03-13,82.35,1.19577,68.86775884994606
2019-03-14,81.1,1.19577,67.82240731913328
2019-03-15,81.96,1.19577,68.54160917233247
2019-03-18,81.0,1.19577,67.73877919666826
2019-03-19,82.81,1.19577,69.25244821328516
2019-03-20,80.43,1.19577,67.26209889861764
2019-03-21,80.9,1.19577,67.65515107420323
2019-03-22,77.61,1.19577,64.903785845104
2019-03-25,78.02,1.19577,65.24666114721057
2019-03-26,78.98,1.19577,66.0494911228748
2019-03-27,77.71,1.19577,64.98741396756901
2019-03-28,78.81,1.19577,65.90732331468426
2019-03-29,79.49,1.19577,66.4759945474464
2019-04-01,82.58,1.19577,69.06010353161561
2019-04-02,82.93,1.19577,69.3528019602432
2019-04-03,84.98,1.19577,71.06717847077616
2019-04-04,86.44,1.19577,72.28814905876548
2019-04-05,86.94,1.19577,72.70628967109059
2019-04-08,88.49,1.19577,74.00252556929844
2019-04-09,87.51,1.19577,73.18296996914123
2019-04-10,88.56,1.19577,74.06106525502396
2019-04-11,89.08,1.19577,74.49593149184207
2019-04-12,90.79,1.19577,75.92597238599397
2019-04-15,89.72,1.19577,75.03115147561822
2019-04-16,90.12,1.19577,75.36566396547832
2019-04-17,90.72,1.19577,75.86743270026845
2019-04-18,90.34,1.19577,75.54964583490137
2019-04-22,89.74,1.19577,75.04787710011122
2019-04-23,89.49,1.19577,74.83880679394866
2019-04-24,88.95,1.19577,74.38721493263755
2019-04-25,85.45,1.19577,71.46023064636177
2019-04-26,86.51,1.19577,72.346688744491
2019-04-29,85.84,1.19577,71.78638032397535
2019-04-30,85.7,1.19577,71.66930095252432
2019-05-01,83.64,1.19577,69.94656162974485
2019-05-02,79.78,0.99588,80.11005342009078
2019-05-03,80.18,0.99588,80.51170823794033
2019-05-06,79.7,0.99588,80.02972245652087
2019-05-07,79.43,0.99588,79.75860545447243
2019-05-08,79.72,0.99588,80.04980519741335
2019-05-09,77.91,0.99588,78.23231714664418
2019-05-10,77.23,0.99588,77.54950395629996
2019-05-13,73.31,0.99588,73.61328674137447
2019-05-14,74.73,0.99588,75.03916134474034
2019-05-15,75.04,0.99588,75.35044382857373
2019-05-16,73.71,0.99588,74.014941559224
2019-05-17,73.65,0.99588,73.95469333654658
2019-05-20,72.73,0.99588,73.03088725549263
2019-05-21,72.38,0.99588,72.67943928987428
2019-05-22,69.35,0.99588,69.636904044664
2019-05-23,67.72,0.99588,68.00016066192714
2019-05-24,67.81,0.99588,68.09053299594329
2019-05-28,69.12,0.99588,69.40595252440053
2019-05-29,68.61,0.99588,68.89384263164237
2019-05-30,68.67,0.99588,68.9540908543198
2019-05-31,64.04,0.99588,64.30493633771138
2019-06-03,66.84,0.99588,67.11652006265815
2019-06-04,70.51,0.99588,70.8017030164277
2019-06-05,72.51,0.99588,72.80997710567539
2019-06-06,72.92,0.99588,73.22167329397116
2019-06-07,73.4,0.99588,73.70365907539062
2019-06-10,75.71,0.99588,76.02321564847169
2019-06-11,76.14,0.99588,76.45499457765996
2019-06-12,74.89,0.99588,75.19982327188015
2019-06-13,76.09,0.99588,76.40478772542878
2019-06-14,75.33,0.99588,75.64164357151463
2019-06-17,75.84,0.99588,76.15375346427281
2019-06-18,76.8,0.99588,77.1177250271117
2019-06-19,76.85,0.99588,77.16793187934289
2019-06-20,78.47,0.99588,78.79463389163352
2019-06-21,78.42,0.99588,78.74442703940234
2019-06-24,78.31,0.99588,78.63397196449371
2019-06-25,78.11,0.99588,78.43314455556894
2019-06-26,78.92,0.99588,79.24649556171427
2019-06-27,81.06,0.99588,81.39534883720931
2019-06-28,80.83,0.99588,81.16439731694581
2019-07-01,80.71,0.99588,81.04390087159095
2019-07-02,79.58,0.99588,79.909226011166
2019-07-03,79.32,0.99588,79.6481503795638
2019-07-05,79.19,0.99588,79.5176125637627
2019-07-08,76.77,0.99588,77.08760091577298
2019-07-09,76.07,0.99588,76.38470498453628
2019-07-10,77.52,0.99588,77.84070369924088
2019-07-11,77.72,0.99588,78.04153110816564
2019-07-12,80.2,0.99588,80.53179097883279
2019-07-15,80.78,0.99588,81.11419046471462
2019-07-16,79.99,0.99588,80.32092219946178
2019-07-17,78.36,0.99588,78.68417881672491
2019-07-18,78.65,0.99588,78.97537855966583
2019-07-19,80.09,0.99588,80.42133590392417
2019-07-22,80.09,0.99588,80.42133590392417
2019-07-23,82.2,0.99588,82.5400650680805
2019-07-24,83.68,0.99588,84.0261878941238
2019-07-25,81.91,0.99588,82.24886532513958
2019-07-26,82.4,0.99588,82.74089247700527
2019-07-29,82.18,0.99588,82.51998232718802
2019-07-30,81.57,0.99588,81.90745872996746
2019-07-31,87.65,1.14866,76.30630473769436
2019-08-01,83.63,1.14866,72.80657461738025
2019-08-02,83.25,1.14866,72.47575435725106
2019-08-05,80.99,1.14866,70.50824438911427
2019-08-06,83.2,1.14866,72.43222537565511
2019-08-07,83.52,1.14866,72.71081085786916
2019-08-08,85.46,1.14866,74.39973534379189
2019-08-09,83.54,1.14866,72.72822245050756
2019-08-12,82.56,1.14866,71.875054411227
2019-08-13,83.56,1.14866,72.74563404314593
2019-08-14,79.52,1.14866,69.22849233019343
2019-08-15,79.19,1.14866,68.94120105166019
2019-08-16,81.85,1.14866,71.25694287256455
2019-08-19,83.56,1.14866,72.74563404314593
2019-08-20,82.19,1.14866,71.55293994741699
2019-08-21,83.43,1.14866,72.63245869099647
2019-08-22,83.52,1.14866,72.71081085786916
2019-08-23,79.88,1.14866,69.54190099768425
2019-08-26,80.86,1.14866,70.39506903696481
2019-08-27,81.02,1.14866,70.53436177807184
2019-08-28,82.68,1.14866,71.97952396705728
2019-08-29,83.3,1.14866,72.519283338847
2019-08-30,83.17,1.14866,72.40610798669755
2019-09-03,81.56,1.14866,71.00447477930807
2019-09-04,84.19,1.14866,73.29409921125485
2019-09-05,88.17,1.14866,76.75900614629221
2019-09-06,88.75,1.14866,77.26394233280519
2019-09-09,90.31,1.14866,78.62204655859871
2019-09-10,90.76,1.14866,79.01380739296224
2019-09-11,91.1,1.14866,79.30980446781467
2019-09-12,91.15,1.14866,79.35333344941063
2019-09-13,90.18,1.14866,78.50887120644926
2019-09-16,89.59,1.14866,77.99522922361709
2019-09-17,89.64,1.14866,78.03875820521303
2019-09-18,89.51,1.14866,77.92558285306357
2019-09-19,89.47,1.14866,77.89075966778681
2019-09-20,87.07,1.14866,75.80136855118137
2019-09-23,87.99,1.14866,76.60230181254678
2019-09-24,86.69,1.14866,75.47054829105218
2019-09-25,88.07,1.14866,76.6719481831003
2019-09-26,87.71,1.14866,76.3585395156095
2019-09-27,86.88,1.14866,75.63595842111677
2019-09-30,87.42,1.14866,76.106071422353
2019-10-01,85.11,1.14866,74.09503247262028
2019-10-02,82.22,1.14866,71.57905733637456
2019-10-03,82.6,1.14866,71.90987759650375
2019-10-04,83.43,1.14866,72.63245869099647
2019-10-07,84.0,1.14866,73.12868908119026
2019-10-08,80.56,1.14866,70.13389514738914
2019-10-09,81.85,1.14866,71.25694287256455
2019-10-10,83.17,1.14866,72.40610798669755
2019-10-11,86.26,1.14866,75.09619904932704
2019-10-14,86.59,1.14866,75.38349032786029
2019-10-15,88.05,1.14866,76.65453659046193
2019-10-16,89.11,1.14866,77.57735100029599
2019-10-17,89.04,1.14866,77.51641042606168
2019-10-18,88.96,1.14866,77.44676405550815
2019-10-21,89.36,1.14866,77.79499590827572
2019-10-22,90.39,1.14866,78.69169292915223
2019-10-23,89.37,1.14866,77.80370170459493
2019-10-24,89.02,1.14866,77.49899883342329
2019-10-25,89.58,1.14866,77.9865234272979
2019-10-28,90.11,1.14866,78.44793063221493
2019-10-29,90.38,1.14866,78.68298713283303
2019-10-30,92.42,1.11376,82.98017526217497
2019-10-31,89.55,1.11376,80.40331848872287
2019-11-01,92.35,1.11376,82.91732509696881
2019-11-04,95.62,1.11376,85.85332567159891
2019-11-05,95.23,1.11376,85.50316046545036
2019-11-06,95.58,1.11376,85.81741129148111
2019-11-07,96.49,1.11376,86.63446343916102
2019-11-08,96.88,1.11376,86.98462864530957
2019-11-11,96.05,1.11376,86.23940525786524
2019-11-12,95.18,1.11376,85.45826749030311
2019-11-13,91.69,1.11376,82.32473782502514
2019-11-14,92.25,1.11376,82.82753914667433
2019-11-15,92.31,1.11376,82.88141071685102
2019-11-18,92.32,1.11376,82.89038931188047
2019-11-19,91.14,1.11376,81.8309150984054
2019-11-20,89.5,1.11376,80.35842551357563
2019-11-21,88.99,1.11376,79.90051716707369
2019-11-22,91.47,1.11376,82.12720873437723
2019-11-25,94.02,1.11376,84.41675046688694
2019-11-26,94.87,1.11376,85.17993104439017
2019-11-27,94.68,1.11376,85.00933773883062
2019-11-29,93.88,1.11376,84.29105013647464
2019-12-02,94.5,1.11376,84.84772302830052
2019-12-03,91.83,1.11376,82.45043815543742
2019-12-04,92.37,1.11376,82.93528228702772
2019-12-05,93.38,1.11376,83.84212038500215
2019-12-06,93.77,1.11376,84.19228559115069
2019-12-09,92.96,1.11376,83.46501939376525
2019-12-10,92.77,1.11376,83.29442608820571
2019-12-11,92.99,1.11376,83.4919551788536
2019-12-12,95.81,1.11376,86.02391897715844
2019-12-13,93.55,1.11376,83.99475650050279
2019-12-16,94.96,1.11376,85.26073839965521
2019-12-17,95.84,1.11376,86.0508547622468
2019-12-18,97.86,1.11376,87.86453095819566
2019-12-19,97.85,1.11376,87.8555523631662
2019-12-20,96.35,1.11376,86.50876310874874
2019-12-23,95.53,1.11376,85.77251831633386
2019-12-24,94.89,1.11376,85.19788823444907
2019-12-26,95.72,1.11376,85.9431116218934
2019-12-27,96.31,1.11376,86.47284872863094
2019-12-30,95.25,1.11376,85.52111765550926
2019-12-31,94.97,1.11376,85.26971699468467
2020-01-02,96.31,1.11376,86.47284872863094
2020-01-03,94.1,1.11376,84.48857922712253
2020-01-06,92.35,1.11376,82.91732509696881
2020-01-07,91.19,1.11376,81.87580807355265
2020-01-08,93.09,1.11376,83.58174112914811
2020-01-09,91.73,1.11376,82.36065220514294
2020-01-10,89.51,1.11376,80.36740410860509
2020-01-13,88.87,1.11376,79.7927740267203
2020-01-14,89.01,1.11376,79.9184743571326
2020-01-15,87.89,1.11376,78.9128717138342
2020-01-16,91.2,1.11376,81.8847866685821
2020-01-17,91.53,1.11376,82.18108030455394
2020-01-21,91.0,1.11376,81.7052147679931
2020-01-22,91.15,1.11376,81.83989369343485
2020-01-23,92.33,1.11376,82.89936790690992
2020-01-24,91.54,1.11376,82.19005889958339
2020-01-27,88.6,1.11376,79.55035196092514
2020-01-28,89.64,1.11376,80.48412584398793
2020-01-29,89.88,1.11376,80.69961212469472
2020-01-30,87.68,1.11376,78.72432121821578
2020-01-31,84.79,1.11376,76.12950725470478
2020-02-03,86.72,0.92388,93.86500411308828
2020-02-04,90.51,0.92388,97.96726847642552
2020-02-05,90.52,0.92388,97.97809239295145
2020-02-06,88.24,0.92388,95.51023942503355
2020-02-07,87.13,0.92388,94.30878469065246
2020-02-10,87.3,0.92388,94.4927912715937
2020-02-11,90.78,0.92388,98.25951422262631
2020-02-12,91.51,0.92388,99.04966012902109
2020-02-13,90.52,0.92388,97.97809239295145
2020-02-14,88.32,0.92388,95.5968307572412
2020-02-18,88.02,0.92388,95.27211326146252
2020-02-19,90.71,0.92388,98.18374680694461
2020-02-20,91.09,0.92388,98.59505563493094
2020-02-21,90.07,0.92388,97.49101614928344
2020-02-24,83.98,0.92388,90.8992509849764
2020-02-25,81.11,0.92388,87.79278694202709
2020-02-26,81.1,0.92388,87.78196302550114
2020-02-27,77.98,0.92388,84.40490106940295
2020-02-28,78.11,0.92388,84.54561198424038
2020-03-02,82.17,0.92388,88.94012209377841
2020-03-03,80.57,0.92388,87.20829544962548
2020-03-04,83.1,0.92388,89.94674633069229
2020-03-05,78.5,0.92388,84.96774472875265
2020-03-06,76.29,0.92388,82.57565917651644
2020-03-09,68.91,0.92388,74.58760878036108
2020-03-10,72.84,0.92388,78.8414079750617
2020-03-11,67.23,0.92388,72.76919080400052
2020-03-12,59.4,0.92388,64.29406416417716
2020-03-13,66.47,0.92388,71.94657314802788
2020-03-16,51.12,0.92388,55.3318612806858
2020-03-17,48.31,0.92388,52.29034073689224
2020-03-18,33.55,0.92388,36.314239944581544
2020-03-19,40.58,0.92388,43.92345326232844
2020-03-20,45.17,0.92388,48.89163094774213
2020-03-23,46.5,0.92388,50.33121184569424
2020-03-24,49.52,0.92388,53.60003463653288
2020-03-25,50.73,0.92388,54.909728536173525
2020-03-26,55.28,0.92388,59.834610555483394
2020-03-27,51.28,0.92388,55.50504394510109
2020-03-30,49.92,0.92388,54.032991297571115
2020-03-31,49.24,0.92388,53.29696497380612
2020-04-01,45.92,0.92388,49.703424687188814
2020-04-02,45.59,0.92388,49.34623544183228
2020-04-03,43.29,0.92388,46.85673464086245
2020-04-06,49.93,0.92388,54.043815214097066
2020-04-07,53.5,0.92388,57.90795341386327
2020-04-08,60.2,0.92388,65.15997748625362
2020-04-09,62.23,0.92388,67.35723254102264
2020-04-13,60.74,0.92388,65.74446897865523
2020-04-14,62.82,0.92388,67.99584361605403
2020-04-15,60.87,0.92388,65.88517989349266
2020-04-16,59.36,0.92388,64.25076849807334
2020-04-17,63.92,0.92388,69.18647443390917
2020-04-20,59.53,0.92388,64.43477507901459
2020-04-21,58.35,0.92388,63.15755292895181
2020-04-22,60.5,0.92388,65.4846949820323
2020-04-23,60.73,0.92388,65.73364506212927
2020-04-24,62.74,0.92388,67.90925228384639
2020-04-27,65.51,0.92388,70.90747716153614
2020-04-28,66.68,0.92388,72.17387539507295
2020-04-29,71.66,0.92388,77.56418582499892
2020-04-30,69.55,0.92388,75.28033943802225
2020-05-01,65.75,0.92388,71.16725115815906
2020-05-04,64.27,0.92388,69.5653115123176
2020-05-05,65.64,0.62939,104.29145680738493
2020-05-06,65.18,0.62939,103.56059041293952
2020-05-07,65.23,0.62939,103.64003241233576
2020-05-08,68.15,0.62939,108.27944517707623
2020-05-11,66.71,0.62939,105.99151559446447
2020-05-12,64.5,0.62939,102.48017922115064
2020-05-13,60.79,0.62939,96.58558286594956
2020-05-14,63.15,0.62939,100.33524523745213
2020-05-15,64.07,0.62939,101.79697802634296
2020-05-18,70.18,0.62939,111.5047903525636
2020-05-19,70.0,0.62939,111.21879915473713
2020-05-20,71.71,0.62939,113.93571553408854
2020-05-21,71.53,0.62939,113.6497243362621
2020-05-22,71.89,0.62939,114.22170673191503
2020-05-26,75.68,0.62939,120.2434102861501
2020-05-27,77.63,0.62939,123.34164826260347
2020-05-28,73.63,0.62939,116.9862883109042
2020-05-29,75.35,0.62939,119.71909309013488
2020-06-01,76.64,0.62939,121.7686966745579
2020-06-02,79.66,0.62939,126.56699343809085
2020-06-03,83.33,0.62939,132.3980361937749
2020-06-04,83.69,0.62939,132.97001858942787
2020-06-05,85.85,0.62939,136.40191296334544
2020-06-08,87.5,0.62939,139.0234989434214
2020-06-09,75.91,0.62939,120.60884348337278
2020-06-10,82.43,0.62939,130.9680802046426
2020-06-11,72.95,0.62939,115.90587711911533
2020-06-12,75.66,0.62939,120.21163348639158
2020-06-15,75.55,0.62939,120.03686108771986
2020-06-16,76.150002,0.62939,120.99016825815472
2020-06-17,76.050003,0.62939,120.83128584820223
2020-06-18,76.610001,0.62939,121.72103306376015
2020-06-19,77.730003,0.62939,123.50053702791591
2020-06-22,78.519997,0.62939,124.7557110853366
2020-06-23,78.760002,0.62939,125.1370406266385
2020-06-24,74.620003,0.62939,118.55924466546973
2020-06-25,76.629997,0.62939,121.75280350815869
2020-06-26,74.129997,0.62939,117.78070353834666
2020-06-29,75.669998,0.62939,120.22751870859086
2020-06-30,77.919998,0.62939,123.80240868142171
2020-07-01,75.419998,0.62939,119.83030871160966
2020-07-02,76.809998,0.62939,122.03879629482513
2020-07-06,78.43,0.62939,124.61272025294333
2020-07-07,77.110001,0.62939,122.51545305772255
2020-07-08,76.760002,0.62939,121.95936065078885
2020-07-09,75.389999,0.62939,119.7826451008119
2020-07-10,76.279999,0.62939,121.19671269006498
2020-07-13,76.68,0.62939,121.83225027407491
2020-07-14,78.190002,0.62939,124.23140183352136
2020-07-15,81.779999,0.62939,129.93533262365148
2020-07-16,82.269997,0.62939,130.71386104005467
2020-07-17,81.779999,0.62939,129.93533262365148
2020-07-20,81.940002,0.62939,130.1895517882394
2020-07-21,81.870003,0.62939,130.07833457792466
2020-07-22,82.720001,0.62939,131.42884538998078
2020-07-23,82.330002,0.62939,130.80919938353009
2020-07-24,82.25,0.62939,130.6820890068161
2020-07-27,83.550003,0.62939,132.74758575763835
2020-07-28,82.169998,0.62939,130.55497863010217
2020-07-29,83.669998,0.62939,132.9382386119894
2020-07-30,80.459999,0.62939,127.8380638395907
2020-07-31,77.75,0.62939,123.53230906115445
2020-08-03,79.720001,0.62939,126.66232542620632
2020-08-04,81.019997,0.62939,128.72781105514863
2020-08-05,83.839996,0.62939,133.20833823225664
2020-08-06,84.529999,0.62939,134.30464259044473
2020-08-07,83.860001,0.62939,133.24012297621505
2020-08-10,86.440002,0.62939,137.33933173390108
2020-08-11,88.839996,0.62939,141.1525381718807
2020-08-12,89.5,0.62939,142.20117891927103
2020-08-13,88.629997,0.62939,140.8188833632565
2020-08-14,88.339996,0.62939,140.3581181779183
2020-08-17,88.160004,0.62939,140.07213969081172
2020-08-18,87.239998,0.62939,138.61039736888097
2020-08-19,85.419998,0.62939,135.71870859085783
2020-08-20,84.489998,0.62939,134.24108740208774
2020-08-21,83.879997,0.62939,133.27189342061362
