date,GM,GM_EPS,PE Ratio
,,0.17,
2010-04-07,,0.0,
2010-05-17,,2.392,
2010-08-16,,5.616,
2010-11-10,,3.354,
2010-11-18,34.19,3.354,10.193798449612402
2010-11-19,34.26,3.354,10.214669051878353
2010-11-22,34.08,3.354,10.161001788908765
2010-11-23,33.25,3.354,9.913536076326773
2010-11-24,33.48,3.354,9.982110912343469
2010-11-26,33.8,3.354,10.07751937984496
2010-11-29,33.8,3.354,10.07751937984496
2010-11-30,34.2,3.354,10.196779964221825
2010-12-01,34.78,3.354,10.369707811568277
2010-12-02,34.68,3.354,10.33989266547406
2010-12-03,34.55,3.354,10.30113297555158
2010-12-06,34.48,3.354,10.280262373285629
2010-12-07,34.68,3.354,10.33989266547406
2010-12-08,34.45,3.354,10.271317829457365
2010-12-09,33.74,3.354,10.059630292188432
2010-12-10,33.81,3.354,10.080500894454383
2010-12-13,33.8,3.354,10.07751937984496
2010-12-14,33.89,3.354,10.104353011329755
2010-12-15,33.61,3.354,10.020870602265951
2010-12-16,33.61,3.354,10.020870602265951
2010-12-17,34.0,3.354,10.137149672033393
2010-12-20,33.76,3.354,10.065593321407274
2010-12-21,33.85,3.354,10.092426952892069
2010-12-22,34.92,3.354,10.411449016100178
2010-12-23,34.81,3.354,10.378652355396541
2010-12-27,34.6,3.354,10.316040548598687
2010-12-28,35.32,3.354,10.530709600477042
2010-12-29,36.02,3.354,10.739415623136553
2010-12-30,36.82,3.354,10.97793679189028
2010-12-31,36.86,3.354,10.989862850327967
2011-01-03,37.06,3.354,11.049493142516399
2011-01-04,37.9,3.354,11.29994036970781
2011-01-05,38.07,3.354,11.350626118067979
2011-01-06,38.9,3.354,11.59809183064997
2011-01-07,38.98,3.354,11.621943947525342
2011-01-10,38.56,3.354,11.496720333929636
2011-01-11,38.75,3.354,11.553369111508646
2011-01-12,38.62,3.354,11.514609421586165
2011-01-13,38.27,3.354,11.41025641025641
2011-01-14,38.2,3.354,11.38938580799046
2011-01-18,38.03,3.354,11.338700059630293
2011-01-19,37.4,3.354,11.150864639236731
2011-01-20,37.18,3.354,11.085271317829458
2011-01-21,37.24,3.354,11.103160405485987
2011-01-24,37.64,3.354,11.22242098986285
2011-01-25,38.4,3.354,11.44901610017889
2011-01-26,37.89,3.354,11.29695885509839
2011-01-27,38.67,3.354,11.529516994633275
2011-01-28,36.6,3.354,10.912343470483005
2011-01-31,36.49,3.354,10.879546809779368
2011-02-01,36.45,3.354,10.867620751341683
2011-02-02,35.68,3.354,10.638044126416219
2011-02-03,36.06,3.354,10.75134168157424
2011-02-04,36.59,3.354,10.909361955873585
2011-02-07,36.7,3.354,10.942158616577222
2011-02-08,36.89,3.354,10.99880739415623
2011-02-09,36.41,3.354,10.855694692903993
2011-02-10,35.88,3.354,10.697674418604652
2011-02-11,36.45,3.354,10.867620751341683
2011-02-14,36.29,3.354,10.819916517590936
2011-02-15,36.11,3.354,10.766249254621346
2011-02-16,36.75,3.354,10.957066189624328
2011-02-17,36.37,3.354,10.843768634466308
2011-02-18,36.51,3.354,10.88550983899821
2011-02-22,35.77,3.354,10.664877757901014
2011-02-23,34.59,3.354,10.313059033989267
2011-02-24,33.02,3.354,9.844961240310079
2011-02-25,33.25,3.354,9.913536076326773
2011-02-28,33.53,3.354,9.997018485390578
2011-03-01,32.95,0.0,inf
2011-03-02,32.88,0.0,inf
2011-03-03,33.03,0.0,inf
2011-03-04,32.39,0.0,inf
2011-03-07,31.7,0.0,inf
2011-03-08,32.72,0.0,inf
2011-03-09,32.25,0.0,inf
2011-03-10,31.42,0.0,inf
2011-03-11,31.93,0.0,inf
2011-03-14,31.59,0.0,inf
2011-03-15,32.35,0.0,inf
2011-03-16,31.78,0.0,inf
2011-03-17,31.44,0.0,inf
2011-03-18,31.85,0.0,inf
2011-03-21,31.28,0.0,inf
2011-03-22,30.74,0.0,inf
2011-03-23,31.16,0.0,inf
2011-03-24,31.39,0.0,inf
2011-03-25,31.47,0.0,inf
2011-03-28,30.85,0.0,inf
2011-03-29,31.1,0.0,inf
2011-03-30,31.55,0.0,inf
2011-03-31,31.03,0.0,inf
2011-04-01,32.41,0.0,inf
2011-04-04,32.39,0.0,inf
2011-04-05,32.87,0.0,inf
2011-04-06,32.87,0.0,inf
2011-04-07,32.31,0.0,inf
2011-04-08,31.52,0.0,inf
2011-04-11,30.77,0.0,inf
2011-04-12,31.15,0.0,inf
2011-04-13,30.86,0.0,inf
2011-04-14,30.58,0.0,inf
2011-04-15,30.24,0.0,inf
2011-04-18,29.97,0.0,inf
2011-04-19,29.59,0.0,inf
2011-04-20,29.93,0.0,inf
2011-04-21,30.95,0.0,inf
2011-04-25,31.14,0.0,inf
2011-04-26,31.27,0.0,inf
2011-04-27,31.78,0.0,inf
2011-04-28,31.91,0.0,inf
2011-04-29,32.09,0.0,inf
2011-05-02,32.18,0.0,inf
2011-05-03,32.99,0.0,inf
2011-05-04,33.04,0.0,inf
2011-05-05,32.02,0.0,inf
2011-05-06,31.91,2.2679521276595747,14.06996188800938
2011-05-09,31.39,2.2679521276595747,13.84068015244796
2011-05-10,31.61,2.2679521276595747,13.937683963647023
2011-05-11,31.3,2.2679521276595747,13.800996775139254
2011-05-12,31.42,2.2679521276595747,13.853907944884197
2011-05-13,31.07,2.2679521276595747,13.69958369979478
2011-05-16,31.1,2.2679521276595747,13.712811492231017
2011-05-17,31.1,2.2679521276595747,13.712811492231017
2011-05-18,31.52,2.2679521276595747,13.898000586338316
2011-05-19,31.47,2.2679521276595747,13.875954265611256
2011-05-20,31.18,2.2679521276595747,13.748085605394312
2011-05-23,30.96,2.2679521276595747,13.65108179419525
2011-05-24,30.83,2.2679521276595747,13.593761360304894
2011-05-25,31.27,2.2679521276595747,13.787768982703017
2011-05-26,30.68,2.2679521276595747,13.527622398123716
2011-05-27,31.28,2.2679521276595747,13.792178246848431
2011-05-31,31.81,2.2679521276595747,14.02586924655526
2011-06-01,30.23,2.2679521276595747,13.32920551158018
2011-06-02,29.6,2.2679521276595747,13.051421870419231
2011-06-03,29.12,2.2679521276595747,12.83977719143946
2011-06-06,28.56,2.2679521276595747,12.592858399296393
2011-06-07,28.78,2.2679521276595747,12.689862210495455
2011-06-08,28.86,2.2679521276595747,12.72513632365875
2011-06-09,29.45,2.2679521276595747,12.985282908238052
2011-06-10,28.85,2.2679521276595747,12.720727059513338
2011-06-13,28.59,2.2679521276595747,12.60608619173263
2011-06-14,29.11,2.2679521276595747,12.835367927294048
2011-06-15,28.95,2.2679521276595747,12.764819700967458
2011-06-16,28.59,2.2679521276595747,12.60608619173263
2011-06-17,29.0,2.2679521276595747,12.786866021694516
2011-06-20,29.52,2.2679521276595747,13.016147757255935
2011-06-21,29.59,2.2679521276595747,13.04701260627382
2011-06-22,29.97,2.2679521276595747,13.21456464379947
2011-06-23,30.14,2.2679521276595747,13.289522134271474
2011-06-24,29.92,2.2679521276595747,13.192518323072413
2011-06-27,30.26,2.2679521276595747,13.342433304016417
2011-06-28,30.5,2.2679521276595747,13.448255643506302
2011-06-29,30.3,2.2679521276595747,13.360070360598064
2011-06-30,30.36,2.2679521276595747,13.386525945470535
2011-07-01,30.58,2.2679521276595747,13.483529756669597
2011-07-05,30.86,2.2679521276595747,13.60698915274113
2011-07-06,31.19,2.2679521276595747,13.752494869539724
2011-07-07,31.8,2.2679521276595747,14.02145998240985
2011-07-08,31.58,2.2679521276595747,13.924456171210787
2011-07-11,30.75,2.2679521276595747,13.5584872471416
2011-07-12,30.68,2.2679521276595747,13.527622398123716
2011-07-13,30.75,2.2679521276595747,13.5584872471416
2011-07-14,30.1,2.2679521276595747,13.271885077689827
2011-07-15,29.76,2.2679521276595747,13.121970096745821
2011-07-18,29.1,2.2679521276595747,12.830958663148637
2011-07-19,29.33,2.2679521276595747,12.932371738493108
2011-07-20,29.24,2.2679521276595747,12.892688361184401
2011-07-21,29.96,2.2679521276595747,13.21015537965406
2011-07-22,30.1,2.2679521276595747,13.271885077689827
2011-07-25,29.5,2.2679521276595747,13.007329228965112
2011-07-26,29.09,2.2679521276595747,12.826549399003223
2011-07-27,28.14,2.2679521276595747,12.407669305189094
2011-07-28,28.1,2.2679521276595747,12.390032248607445
2011-07-29,27.68,2.2679521276595747,12.204843154500145
2011-08-01,28.07,2.2679521276595747,12.37680445617121
2011-08-02,27.05,2.2679521276595747,11.927059513339197
2011-08-03,27.17,2.2679521276595747,11.97997068308414
2011-08-04,25.99,2.2679521276595747,11.459677513925534
2011-08-05,26.31,3.58,7.349162011173184
2011-08-08,24.57,3.58,6.863128491620111
2011-08-09,25.54,3.58,7.134078212290502
2011-08-10,23.92,3.58,6.681564245810057
2011-08-11,25.81,3.58,7.20949720670391
2011-08-12,25.75,3.58,7.192737430167598
2011-08-15,26.42,3.58,7.379888268156425
2011-08-16,25.83,3.58,7.215083798882681
2011-08-17,24.94,3.58,6.966480446927375
2011-08-18,23.6,3.58,6.592178770949721
2011-08-19,22.16,3.58,6.189944134078212
2011-08-22,21.71,3.58,6.064245810055866
2011-08-23,22.06,3.58,6.162011173184357
2011-08-24,22.37,3.58,6.248603351955308
2011-08-25,22.3,3.58,6.229050279329609
2011-08-26,22.87,3.58,6.388268156424581
2011-08-29,23.79,3.58,6.645251396648044
2011-08-30,23.58,3.58,6.586592178770949
2011-08-31,24.03,3.58,6.712290502793296
2011-09-01,23.03,3.58,6.432960893854749
2011-09-02,22.07,3.58,6.164804469273743
2011-09-06,21.44,3.58,5.988826815642458
2011-09-07,22.86,3.58,6.385474860335195
2011-09-08,22.48,3.58,6.279329608938547
2011-09-09,21.76,3.58,6.078212290502794
2011-09-12,21.87,3.58,6.108938547486034
2011-09-13,22.0,3.58,6.145251396648044
2011-09-14,22.18,3.58,6.195530726256983
2011-09-15,22.7,3.58,6.340782122905027
2011-09-16,22.61,3.58,6.315642458100559
2011-09-19,23.05,3.58,6.43854748603352
2011-09-20,22.43,3.58,6.26536312849162
2011-09-21,21.28,3.58,5.944134078212291
2011-09-22,20.24,3.58,5.653631284916201
2011-09-23,21.0,3.58,5.865921787709497
2011-09-26,21.08,3.58,5.88826815642458
2011-09-27,21.19,3.58,5.918994413407821
2011-09-28,20.41,3.58,5.701117318435754
2011-09-29,20.76,3.58,5.798882681564246
2011-09-30,20.18,3.58,5.636871508379888
2011-10-03,19.73,3.58,5.511173184357542
2011-10-04,21.42,3.58,5.983240223463688
2011-10-05,22.27,3.58,6.220670391061453
2011-10-06,22.35,3.58,6.243016759776537
2011-10-07,22.01,3.58,6.148044692737431
2011-10-10,22.62,3.58,6.318435754189944
2011-10-11,22.5,3.58,6.284916201117318
2011-10-12,23.41,3.58,6.539106145251397
2011-10-13,23.15,3.58,6.466480446927374
2011-10-14,24.16,3.58,6.748603351955307
2011-10-17,23.18,3.58,6.4748603351955305
2011-10-18,23.54,3.58,6.575418994413408
2011-10-19,23.09,3.58,6.449720670391061
2011-10-20,22.96,3.58,6.41340782122905
2011-10-21,24.35,3.58,6.801675977653631
2011-10-24,24.98,3.58,6.977653631284916
2011-10-25,24.86,3.58,6.94413407821229
2011-10-26,24.99,3.58,6.9804469273743015
2011-10-27,26.32,3.58,7.351955307262569
2011-10-28,26.45,3.58,7.388268156424581
2011-10-31,25.85,3.58,7.220670391061453
2011-11-01,23.33,3.58,6.516759776536312
2011-11-02,23.2,3.58,6.4804469273743015
2011-11-03,24.03,3.58,6.712290502793296
2011-11-04,23.61,3.58,6.594972067039106
2011-11-07,24.01,3.58,6.706703910614525
2011-11-08,25.04,3.58,6.994413407821229
2011-11-09,22.31,1.09,20.46788990825688
2011-11-10,22.7,1.09,20.825688073394492
2011-11-11,22.51,1.09,20.65137614678899
2011-11-14,22.99,1.09,21.091743119266052
2011-11-15,23.35,1.09,21.422018348623855
2011-11-16,22.65,1.09,20.779816513761464
2011-11-17,21.79,1.09,19.990825688073393
2011-11-18,21.68,1.09,19.889908256880734
2011-11-21,21.05,1.09,19.311926605504585
2011-11-22,20.73,1.09,19.01834862385321
2011-11-23,20.24,1.09,18.56880733944954
2011-11-25,20.34,1.09,18.660550458715594
2011-11-28,20.74,1.09,19.027522935779814
2011-11-29,20.31,1.09,18.633027522935777
2011-11-30,21.29,1.09,19.532110091743117
2011-12-01,20.96,1.09,19.229357798165136
2011-12-02,21.28,1.09,19.522935779816514
2011-12-05,21.59,1.09,19.80733944954128
2011-12-06,21.68,1.09,19.889908256880734
2011-12-07,21.94,1.09,20.128440366972477
2011-12-08,20.98,1.09,19.247706422018346
2011-12-09,21.15,1.09,19.40366972477064
2011-12-12,20.8,1.09,19.08256880733945
2011-12-13,20.11,1.09,18.44954128440367
2011-12-14,19.47,1.09,17.862385321100916
2011-12-15,20.1,1.09,18.440366972477065
2011-12-16,20.15,1.09,18.48623853211009
2011-12-19,19.05,1.09,17.477064220183486
2011-12-20,19.69,1.09,18.06422018348624
2011-12-21,20.32,1.09,18.642201834862384
2011-12-22,20.7,1.09,18.990825688073393
2011-12-23,20.5,1.09,18.80733944954128
2011-12-27,20.09,1.09,18.431192660550458
2011-12-28,19.86,1.09,18.22018348623853
2011-12-29,20.21,1.09,18.541284403669724
2011-12-30,20.27,1.09,18.596330275229356
2012-01-03,21.05,1.09,19.311926605504585
2012-01-04,21.15,1.09,19.40366972477064
2012-01-05,22.17,1.09,20.339449541284402
2012-01-06,22.92,1.09,21.027522935779817
2012-01-09,22.84,1.09,20.954128440366972
2012-01-10,23.24,1.09,21.32110091743119
2012-01-11,24.47,1.09,22.44954128440367
2012-01-12,24.67,1.09,22.63302752293578
2012-01-13,24.29,1.09,22.284403669724767
2012-01-17,24.2,1.09,22.20183486238532
2012-01-18,24.51,1.09,22.486238532110093
2012-01-19,24.82,1.09,22.77064220183486
2012-01-20,25.0,1.09,22.935779816513758
2012-01-23,24.92,1.09,22.862385321100916
2012-01-24,24.79,1.09,22.743119266055043
2012-01-25,24.92,1.09,22.862385321100916
2012-01-26,24.72,1.09,22.678899082568805
2012-01-27,24.37,1.09,22.357798165137613
2012-01-30,24.23,1.09,22.229357798165136
2012-01-31,24.02,1.09,22.03669724770642
2012-02-01,24.37,1.09,22.357798165137613
2012-02-02,24.31,1.09,22.302752293577978
2012-02-03,26.18,1.09,24.01834862385321
2012-02-06,26.7,1.09,24.495412844036696
2012-02-07,26.22,1.09,24.05504587155963
2012-02-08,25.75,1.09,23.623853211009173
2012-02-09,25.74,1.09,23.614678899082566
2012-02-10,25.5,1.09,23.394495412844034
2012-02-13,25.34,1.09,23.247706422018346
2012-02-14,25.4,1.09,23.302752293577978
2012-02-15,24.93,1.09,22.87155963302752
2012-02-16,27.17,1.09,24.926605504587155
2012-02-17,27.34,1.09,25.08256880733945
2012-02-21,27.06,1.09,24.825688073394492
2012-02-22,26.55,1.09,24.357798165137613
2012-02-23,26.79,1.09,24.577981651376145
2012-02-24,26.07,1.09,23.917431192660548
2012-02-27,26.46,0.27,98.0
2012-02-28,26.14,0.27,96.81481481481481
2012-02-29,26.02,0.27,96.37037037037037
2012-03-01,26.47,0.27,98.03703703703702
2012-03-02,26.45,0.27,97.96296296296295
2012-03-05,26.0,0.27,96.29629629629629
2012-03-06,24.58,0.27,91.03703703703702
2012-03-07,24.88,0.27,92.14814814814814
2012-03-08,25.45,0.27,94.25925925925925
2012-03-09,25.62,0.27,94.88888888888889
2012-03-12,25.39,0.27,94.03703703703704
2012-03-13,26.07,0.27,96.55555555555556
2012-03-14,26.32,0.27,97.48148148148148
2012-03-15,26.05,0.27,96.48148148148148
2012-03-16,25.57,0.27,94.7037037037037
2012-03-19,25.39,0.27,94.03703703703704
2012-03-20,25.09,0.27,92.92592592592592
2012-03-21,25.29,0.27,93.66666666666666
2012-03-22,25.05,0.27,92.77777777777777
2012-03-23,25.17,0.27,93.22222222222223
2012-03-26,25.58,0.27,94.74074074074073
2012-03-27,25.35,0.27,93.88888888888889
2012-03-28,25.15,0.27,93.14814814814814
2012-03-29,25.31,0.27,93.74074074074073
2012-03-30,25.65,0.27,94.99999999999999
2012-04-02,26.76,0.27,99.11111111111111
2012-04-03,25.54,0.27,94.59259259259258
2012-04-04,25.1,0.27,92.96296296296296
2012-04-05,24.81,0.27,91.88888888888887
2012-04-09,24.2,0.27,89.62962962962962
2012-04-10,23.71,0.27,87.81481481481481
2012-04-11,24.03,0.27,89.0
2012-04-12,24.3,0.27,90.0
2012-04-13,23.8,0.27,88.14814814814814
2012-04-16,23.42,0.27,86.74074074074075
2012-04-17,24.04,0.27,89.03703703703702
2012-04-18,24.15,0.27,89.44444444444443
2012-04-19,24.01,0.27,88.92592592592592
2012-04-20,23.6,0.27,87.4074074074074
2012-04-23,22.95,0.27,84.99999999999999
2012-04-24,22.89,0.27,84.77777777777777
2012-04-25,23.31,0.27,86.33333333333333
2012-04-26,23.72,0.27,87.85185185185185
2012-04-27,23.53,0.27,87.14814814814815
2012-04-30,23.0,0.27,85.18518518518518
2012-05-01,23.31,0.27,86.33333333333333
2012-05-02,22.93,0.27,84.92592592592592
2012-05-03,22.37,0.64,34.953125
2012-05-04,22.36,0.64,34.9375
2012-05-07,22.41,0.64,35.015625
2012-05-08,22.23,0.64,34.734375
2012-05-09,22.44,0.64,35.0625
2012-05-10,22.37,0.64,34.953125
2012-05-11,22.0,0.64,34.375
2012-05-14,21.63,0.64,33.796875
2012-05-15,21.42,0.64,33.46875
2012-05-16,21.91,0.64,34.234375
2012-05-17,21.61,0.64,33.765625
2012-05-18,21.18,0.64,33.09375
2012-05-21,21.54,0.64,33.65625
2012-05-22,21.5,0.64,33.59375
2012-05-23,22.13,0.64,34.578125
2012-05-24,22.04,0.64,34.4375
2012-05-25,22.44,0.64,35.0625
2012-05-29,22.85,0.64,35.703125
2012-05-30,22.37,0.64,34.953125
2012-05-31,22.2,0.64,34.6875
2012-06-01,22.01,0.64,34.390625
2012-06-04,21.11,0.64,32.984375
2012-06-05,21.25,0.64,33.203125
2012-06-06,21.83,0.64,34.109375
2012-06-07,21.85,0.64,34.140625
2012-06-08,22.05,0.64,34.453125
2012-06-11,21.92,0.64,34.25
2012-06-12,22.17,0.64,34.640625
2012-06-13,21.87,0.64,34.171875
2012-06-14,21.8,0.64,34.0625
2012-06-15,21.74,0.64,33.96875
2012-06-18,21.43,0.64,33.484375
2012-06-19,21.74,0.64,33.96875
2012-06-20,21.48,0.64,33.5625
2012-06-21,20.64,0.64,32.25
2012-06-22,20.6,0.64,32.1875
2012-06-25,19.91,0.64,31.109375
2012-06-26,19.85,0.64,31.015625
2012-06-27,19.66,0.64,30.71875
2012-06-28,19.82,0.64,30.96875
2012-06-29,19.72,0.64,30.812499999999996
2012-07-02,19.57,0.64,30.578125
2012-07-03,20.67,0.64,32.296875
2012-07-05,20.54,0.64,32.09375
2012-07-06,20.31,0.64,31.734374999999996
2012-07-09,20.22,0.64,31.593749999999996
2012-07-10,19.8,0.64,30.9375
2012-07-11,19.9,0.64,31.093749999999996
2012-07-12,19.33,0.64,30.203124999999996
2012-07-13,19.62,0.64,30.65625
2012-07-16,19.38,0.64,30.281249999999996
2012-07-17,19.6,0.64,30.625
2012-07-18,20.07,0.64,31.359375
2012-07-19,20.14,0.64,31.46875
2012-07-20,19.36,0.64,30.25
2012-07-23,19.3,0.64,30.15625
2012-07-24,19.02,0.64,29.71875
2012-07-25,18.8,0.64,29.375
2012-07-26,19.11,0.64,29.859375
2012-07-27,19.67,0.64,30.734375000000004
2012-07-30,19.36,0.64,30.25
2012-07-31,19.71,0.64,30.796875
2012-08-01,19.66,0.64,30.71875
2012-08-02,19.14,0.64,29.90625
2012-08-03,20.04,0.95,21.094736842105263
2012-08-06,19.85,0.95,20.894736842105267
2012-08-07,20.42,0.95,21.494736842105265
2012-08-08,20.38,0.95,21.45263157894737
2012-08-09,20.65,0.95,21.736842105263158
2012-08-10,20.54,0.95,21.621052631578948
2012-08-13,20.47,0.95,21.54736842105263
2012-08-14,20.21,0.95,21.27368421052632
2012-08-15,20.14,0.95,21.200000000000003
2012-08-16,21.33,0.95,22.45263157894737
2012-08-17,22.01,0.95,23.168421052631583
2012-08-20,21.87,0.95,23.02105263157895
2012-08-21,21.63,0.95,22.768421052631577
2012-08-22,21.73,0.95,22.873684210526317
2012-08-23,21.34,0.95,22.46315789473684
2012-08-24,21.18,0.95,22.294736842105262
2012-08-27,21.22,0.95,22.33684210526316
2012-08-28,20.94,0.95,22.042105263157897
2012-08-29,21.3,0.95,22.42105263157895
2012-08-30,21.11,0.95,22.22105263157895
2012-08-31,21.35,0.95,22.47368421052632
2012-09-04,21.31,0.95,22.431578947368422
2012-09-05,21.76,0.95,22.90526315789474
2012-09-06,22.45,0.95,23.63157894736842
2012-09-07,23.37,0.95,24.6
2012-09-10,22.98,0.95,24.18947368421053
2012-09-11,22.97,0.95,24.178947368421053
2012-09-12,23.13,0.95,24.347368421052632
2012-09-13,23.53,0.95,24.76842105263158
2012-09-14,24.14,0.95,25.410526315789475
2012-09-17,23.8,0.95,25.05263157894737
2012-09-18,24.43,0.95,25.71578947368421
2012-09-19,24.75,0.95,26.05263157894737
2012-09-20,24.42,0.95,25.70526315789474
2012-09-21,24.8,0.95,26.10526315789474
2012-09-24,24.36,0.95,25.642105263157895
2012-09-25,23.52,0.95,24.757894736842108
2012-09-26,23.39,0.95,24.621052631578948
2012-09-27,23.18,0.95,24.400000000000002
2012-09-28,22.75,0.95,23.947368421052634
2012-10-01,23.09,0.95,24.30526315789474
2012-10-02,23.68,0.95,24.926315789473684
2012-10-03,24.39,0.95,25.673684210526318
2012-10-04,24.65,0.95,25.94736842105263
2012-10-05,24.8,0.95,26.10526315789474
2012-10-08,24.57,0.95,25.863157894736844
2012-10-09,24.37,0.95,25.65263157894737
2012-10-10,24.23,0.95,25.50526315789474
2012-10-11,24.66,0.95,25.957894736842107
2012-10-12,24.44,0.95,25.726315789473688
2012-10-15,24.48,0.95,25.76842105263158
2012-10-16,24.79,0.95,26.094736842105263
2012-10-17,25.06,0.95,26.378947368421052
2012-10-18,25.56,0.95,26.905263157894737
2012-10-19,24.59,0.95,25.88421052631579
2012-10-22,24.62,0.95,25.915789473684214
2012-10-23,23.87,0.95,25.126315789473686
2012-10-24,23.69,0.95,24.93684210526316
2012-10-25,23.63,0.95,24.873684210526317
2012-10-26,23.28,0.95,24.50526315789474
2012-10-31,25.5,0.94,27.127659574468087
2012-11-01,25.68,0.94,27.319148936170215
2012-11-02,25.79,0.94,27.43617021276596
2012-11-05,25.57,0.94,27.20212765957447
2012-11-06,26.19,0.94,27.861702127659576
2012-11-07,25.03,0.94,26.627659574468087
2012-11-08,24.72,0.94,26.29787234042553
2012-11-09,25.04,0.94,26.638297872340427
2012-11-12,25.26,0.94,26.872340425531917
2012-11-13,24.82,0.94,26.404255319148938
2012-11-14,24.17,0.94,25.712765957446813
2012-11-15,23.88,0.94,25.404255319148938
2012-11-16,23.85,0.94,25.372340425531917
2012-11-19,24.93,0.94,26.52127659574468
2012-11-20,24.6,0.94,26.17021276595745
2012-11-21,24.6,0.94,26.17021276595745
2012-11-23,25.21,0.94,26.819148936170215
2012-11-26,25.23,0.94,26.840425531914896
2012-11-27,25.01,0.94,26.606382978723406
2012-11-28,25.28,0.94,26.893617021276597
2012-11-29,26.09,0.94,27.75531914893617
2012-11-30,25.88,0.94,27.53191489361702
2012-12-03,25.51,0.94,27.138297872340427
2012-12-04,25.41,0.94,27.031914893617024
2012-12-05,25.0,0.94,26.595744680851066
2012-12-06,24.57,0.94,26.138297872340427
2012-12-07,25.19,0.94,26.797872340425535
2012-12-10,25.28,0.94,26.893617021276597
2012-12-11,25.45,0.94,27.074468085106385
2012-12-12,25.63,0.94,27.26595744680851
2012-12-13,25.12,0.94,26.723404255319153
2012-12-14,24.61,0.94,26.180851063829788
2012-12-17,24.85,0.94,26.436170212765962
2012-12-18,25.49,0.94,27.117021276595743
2012-12-19,27.18,0.94,28.914893617021278
2012-12-20,27.34,0.94,29.085106382978726
2012-12-21,27.32,0.94,29.063829787234045
2012-12-24,27.66,0.94,29.425531914893618
2012-12-26,27.62,0.94,29.382978723404257
2012-12-27,27.96,0.94,29.744680851063833
2012-12-28,27.85,0.94,29.627659574468087
2012-12-31,28.83,0.94,30.670212765957448
2013-01-02,29.13,0.94,30.98936170212766
2013-01-03,29.82,0.94,31.72340425531915
2013-01-04,29.86,0.94,31.76595744680851
2013-01-07,29.66,0.94,31.553191489361705
2013-01-08,29.37,0.94,31.244680851063833
2013-01-09,29.97,0.94,31.882978723404257
2013-01-10,30.44,0.94,32.38297872340426
2013-01-11,30.36,0.94,32.297872340425535
2013-01-14,30.33,0.94,32.265957446808514
2013-01-15,30.6,0.94,32.55319148936171
2013-01-16,29.31,0.94,31.180851063829788
2013-01-17,29.49,0.94,31.372340425531917
2013-01-18,29.28,0.94,31.148936170212767
2013-01-22,28.63,0.94,30.45744680851064
2013-01-23,28.57,0.94,30.393617021276597
2013-01-24,28.78,0.94,30.617021276595747
2013-01-25,29.07,0.94,30.925531914893618
2013-01-28,28.83,0.94,30.670212765957448
2013-01-29,28.45,0.94,30.26595744680851
2013-01-30,27.94,0.94,29.723404255319153
2013-01-31,28.09,0.94,29.882978723404257
2013-02-01,28.17,0.94,29.968085106382983
2013-02-04,27.96,0.94,29.744680851063833
2013-02-05,28.59,0.94,30.414893617021278
2013-02-06,28.52,0.94,30.340425531914896
2013-02-07,28.47,0.94,30.28723404255319
2013-02-08,28.57,0.94,30.393617021276597
2013-02-11,28.53,0.94,30.351063829787236
2013-02-12,28.55,0.94,30.372340425531917
2013-02-13,28.67,0.94,30.500000000000004
2013-02-14,27.75,0.94,29.521276595744684
2013-02-15,27.76,0.57,48.70175438596492
2013-02-19,27.68,0.57,48.56140350877193
2013-02-20,27.1,0.57,47.543859649122815
2013-02-21,26.51,0.57,46.50877192982457
2013-02-22,27.11,0.57,47.56140350877193
2013-02-25,26.33,0.57,46.19298245614035
2013-02-26,26.83,0.57,47.07017543859649
2013-02-27,27.4,0.57,48.07017543859649
2013-02-28,27.15,0.57,47.631578947368425
2013-03-01,27.21,0.57,47.736842105263165
2013-03-04,27.09,0.57,47.526315789473685
2013-03-05,27.58,0.57,48.385964912280706
2013-03-06,27.91,0.57,48.96491228070176
2013-03-07,27.88,0.57,48.91228070175439
2013-03-08,28.0,0.57,49.12280701754386
2013-03-11,28.31,0.57,49.66666666666667
2013-03-12,28.37,0.57,49.77192982456141
2013-03-13,28.07,0.57,49.245614035087726
2013-03-14,28.16,0.57,49.40350877192983
2013-03-15,28.21,0.57,49.491228070175445
2013-03-18,28.04,0.57,49.192982456140356
2013-03-19,28.1,0.57,49.298245614035096
2013-03-20,29.2,0.57,51.2280701754386
2013-03-21,28.63,0.57,50.228070175438596
2013-03-22,28.22,0.57,49.50877192982456
2013-03-25,28.16,0.57,49.40350877192983
2013-03-26,28.15,0.57,49.385964912280706
2013-03-27,28.06,0.57,49.228070175438596
2013-03-28,27.82,0.57,48.80701754385965
2013-04-01,27.8,0.57,48.77192982456141
2013-04-02,27.93,0.57,49.00000000000001
2013-04-03,27.8,0.57,48.77192982456141
2013-04-04,27.74,0.57,48.66666666666667
2013-04-05,27.52,0.57,48.280701754385966
2013-04-08,27.59,0.57,48.40350877192983
2013-04-09,27.53,0.57,48.298245614035096
2013-04-10,28.37,0.57,49.77192982456141
2013-04-11,29.72,0.57,52.140350877192986
2013-04-12,29.62,0.57,51.96491228070176
2013-04-15,28.91,0.57,50.71929824561404
2013-04-16,29.47,0.57,51.70175438596492
2013-04-17,29.27,0.57,51.35087719298246
2013-04-18,28.98,0.57,50.8421052631579
2013-04-19,29.15,0.57,51.140350877192986
2013-04-22,29.25,0.57,51.31578947368421
2013-04-23,29.85,0.57,52.36842105263159
2013-04-24,30.45,0.57,53.42105263157895
2013-04-25,30.71,0.57,53.877192982456144
2013-04-26,30.5,0.57,53.50877192982457
2013-04-29,30.79,0.57,54.01754385964912
2013-04-30,30.84,0.57,54.10526315789474
2013-05-01,30.18,0.57,52.94736842105264
2013-05-02,31.16,0.63,49.46031746031746
2013-05-03,32.1,0.63,50.952380952380956
2013-05-06,31.82,0.63,50.507936507936506
2013-05-07,31.65,0.63,50.238095238095234
2013-05-08,32.08,0.63,50.92063492063492
2013-05-09,31.65,0.63,50.238095238095234
2013-05-10,31.42,0.63,49.87301587301587
2013-05-13,31.0,0.63,49.20634920634921
2013-05-14,31.55,0.63,50.07936507936508
2013-05-15,32.31,0.63,51.28571428571429
2013-05-16,32.39,0.63,51.41269841269841
2013-05-17,33.42,0.63,53.04761904761905
2013-05-20,33.7,0.63,53.492063492063494
2013-05-21,33.4,0.63,53.01587301587301
2013-05-22,33.23,0.63,52.74603174603174
2013-05-23,32.85,0.63,52.142857142857146
2013-05-24,32.87,0.63,52.17460317460317
2013-05-28,33.96,0.63,53.904761904761905
2013-05-29,34.05,0.63,54.047619047619044
2013-05-30,34.64,0.63,54.98412698412699
2013-05-31,33.89,0.63,53.79365079365079
2013-06-03,34.42,0.63,54.63492063492064
2013-06-04,34.96,0.63,55.492063492063494
2013-06-05,34.02,0.63,54.00000000000001
2013-06-06,34.44,0.63,54.666666666666664
2013-06-07,35.03,0.63,55.60317460317461
2013-06-10,34.74,0.63,55.142857142857146
2013-06-11,33.93,0.63,53.857142857142854
2013-06-12,33.45,0.63,53.0952380952381
2013-06-13,34.5,0.63,54.76190476190476
2013-06-14,34.29,0.63,54.42857142857142
2013-06-17,33.73,0.63,53.53968253968254
2013-06-18,34.01,0.63,53.98412698412698
2013-06-19,33.66,0.63,53.42857142857142
2013-06-20,32.56,0.63,51.682539682539684
2013-06-21,32.21,0.63,51.12698412698413
2013-06-24,31.42,0.63,49.87301587301587
2013-06-25,31.82,0.63,50.507936507936506
2013-06-26,32.55,0.63,51.666666666666664
2013-06-27,33.1,0.63,52.539682539682545
2013-06-28,33.31,0.63,52.87301587301587
2013-07-01,34.0,0.63,53.96825396825397
2013-07-02,34.1,0.63,54.12698412698413
2013-07-03,34.14,0.63,54.19047619047619
2013-07-05,34.67,0.63,55.03174603174603
2013-07-08,34.64,0.63,54.98412698412699
2013-07-09,34.92,0.63,55.42857142857143
2013-07-10,35.33,0.63,56.079365079365076
2013-07-11,36.14,0.63,57.36507936507937
2013-07-12,36.4,0.63,57.77777777777778
2013-07-15,36.5,0.63,57.93650793650794
2013-07-16,36.18,0.63,57.42857142857143
2013-07-17,36.36,0.63,57.714285714285715
2013-07-18,36.84,0.63,58.47619047619048
2013-07-19,36.61,0.63,58.11111111111111
2013-07-22,36.76,0.63,58.34920634920635
2013-07-23,36.61,0.63,58.11111111111111
2013-07-24,37.14,0.63,58.952380952380956
2013-07-25,37.08,0.94,39.4468085106383
2013-07-26,36.67,0.94,39.01063829787235
2013-07-29,36.38,0.94,38.70212765957447
2013-07-30,36.5,0.94,38.829787234042556
2013-07-31,35.87,0.94,38.159574468085104
2013-08-01,36.47,0.94,38.797872340425535
2013-08-02,36.95,0.94,39.308510638297875
2013-08-05,36.75,0.94,39.09574468085107
2013-08-06,35.96,0.94,38.255319148936174
2013-08-07,35.48,0.94,37.744680851063826
2013-08-08,36.01,0.94,38.308510638297875
2013-08-09,36.02,0.94,38.319148936170215
2013-08-12,35.98,0.94,38.27659574468085
2013-08-13,35.84,0.94,38.12765957446809
2013-08-14,35.57,0.94,37.840425531914896
2013-08-15,34.55,0.94,36.75531914893617
2013-08-16,34.38,0.94,36.57446808510639
2013-08-19,34.49,0.94,36.69148936170213
2013-08-20,34.79,0.94,37.01063829787234
2013-08-21,34.53,0.94,36.73404255319149
2013-08-22,34.99,0.94,37.22340425531915
2013-08-23,35.06,0.94,37.297872340425535
2013-08-26,34.92,0.94,37.14893617021277
2013-08-27,33.69,0.94,35.840425531914896
2013-08-28,33.92,0.94,36.08510638297873
2013-08-29,34.45,0.94,36.64893617021277
2013-08-30,34.08,0.94,36.255319148936174
2013-09-03,34.14,0.94,36.319148936170215
2013-09-04,35.85,0.94,38.13829787234043
2013-09-05,36.33,0.94,38.648936170212764
2013-09-06,36.15,0.94,38.45744680851064
2013-09-09,36.48,0.94,38.80851063829787
2013-09-10,37.0,0.94,39.361702127659576
2013-09-11,36.35,0.94,38.67021276595745
2013-09-12,36.37,0.94,38.691489361702125
2013-09-13,36.06,0.94,38.361702127659576
2013-09-16,36.22,0.94,38.53191489361702
2013-09-17,36.71,0.94,39.05319148936171
2013-09-18,37.58,0.94,39.97872340425532
2013-09-19,37.23,0.94,39.6063829787234
2013-09-20,36.83,0.94,39.180851063829785
2013-09-23,37.13,0.94,39.50000000000001
2013-09-24,37.44,0.94,39.829787234042556
2013-09-25,37.18,0.94,39.5531914893617
2013-09-26,36.95,0.94,39.308510638297875
2013-09-27,36.37,0.94,38.691489361702125
2013-09-30,35.97,0.94,38.265957446808514
2013-10-01,35.91,0.94,38.202127659574465
2013-10-02,35.94,0.94,38.234042553191486
2013-10-03,35.29,0.94,37.54255319148936
2013-10-04,35.7,0.94,37.97872340425533
2013-10-07,35.18,0.94,37.42553191489362
2013-10-08,34.21,0.94,36.3936170212766
2013-10-09,34.16,0.94,36.34042553191489
2013-10-10,34.85,0.94,37.07446808510639
2013-10-11,35.35,0.94,37.60638297872341
2013-10-14,35.33,0.94,37.58510638297872
2013-10-15,34.7,0.94,36.914893617021285
2013-10-16,35.13,0.94,37.37234042553192
2013-10-17,35.66,0.94,37.93617021276596
2013-10-18,35.89,0.94,38.18085106382979
2013-10-21,35.5,0.94,37.765957446808514
2013-10-22,35.41,0.94,37.670212765957444
2013-10-23,35.05,0.94,37.28723404255319
2013-10-24,35.63,0.94,37.90425531914894
2013-10-25,35.59,0.94,37.86170212765958
2013-10-28,35.8,0.94,38.08510638297872
2013-10-29,36.06,0.94,38.361702127659576
2013-10-30,37.23,0.5,74.46
2013-10-31,36.95,0.5,73.9
2013-11-01,37.39,0.5,74.78
2013-11-04,37.47,0.5,74.94
2013-11-05,37.09,0.5,74.18
2013-11-06,36.59,0.5,73.18
2013-11-07,35.92,0.5,71.84
2013-11-08,36.66,0.5,73.32
2013-11-11,36.68,0.5,73.36
2013-11-12,36.66,0.5,73.32
2013-11-13,38.44,0.5,76.88
2013-11-14,38.5,0.5,77.0
2013-11-15,38.77,0.5,77.54
2013-11-18,38.57,0.5,77.14
2013-11-19,38.01,0.5,76.02
2013-11-20,37.69,0.5,75.38
2013-11-21,38.12,0.5,76.24
2013-11-22,37.63,0.5,75.26
2013-11-25,37.55,0.5,75.1
2013-11-26,37.67,0.5,75.34
2013-11-27,38.85,0.5,77.7
2013-11-29,38.73,0.5,77.46
2013-12-02,39.11,0.5,78.22
2013-12-03,38.14,0.5,76.28
2013-12-04,38.71,0.5,77.42
2013-12-05,39.09,0.5,78.18
2013-12-06,40.17,0.5,80.34
2013-12-09,40.9,0.5,81.8
2013-12-10,40.4,0.5,80.8
2013-12-11,40.16,0.5,80.32
2013-12-12,40.05,0.5,80.1
2013-12-13,40.04,0.5,80.08
2013-12-16,41.44,0.5,82.88
2013-12-17,41.53,0.5,83.06
2013-12-18,41.27,0.5,82.54
2013-12-19,40.3,0.5,80.6
2013-12-20,40.99,0.5,81.98
2013-12-23,41.29,0.5,82.58
2013-12-24,40.88,0.5,81.76
2013-12-26,41.52,0.5,83.04
2013-12-27,40.94,0.5,81.88
2013-12-30,40.69,0.5,81.38
2013-12-31,40.87,0.5,81.74
2014-01-02,40.95,0.5,81.9
2014-01-03,39.57,0.5,79.14
2014-01-06,40.4,0.5,80.8
2014-01-07,40.2,0.5,80.4
2014-01-08,40.42,0.5,80.84
2014-01-09,40.49,0.5,80.98
2014-01-10,40.03,0.5,80.06
2014-01-13,39.58,0.5,79.16
2014-01-14,40.02,0.5,80.04
2014-01-15,39.38,0.5,78.76
2014-01-16,39.0,0.5,78.0
2014-01-17,38.6,0.5,77.2
2014-01-21,38.34,0.5,76.68
2014-01-22,38.8,0.5,77.6
2014-01-23,38.42,0.5,76.84
2014-01-24,36.83,0.5,73.66
2014-01-27,36.76,0.5,73.52
2014-01-28,36.81,0.5,73.62
2014-01-29,36.35,0.5,72.7
2014-01-30,36.84,0.5,73.68
2014-01-31,36.08,0.5,72.16
2014-02-03,35.25,0.5,70.5
2014-02-04,35.82,0.5,71.64
2014-02-05,35.24,0.5,70.48
2014-02-06,35.23,0.64,55.04687499999999
2014-02-07,36.11,0.64,56.421875
2014-02-10,34.9,0.64,54.53125
2014-02-11,35.25,0.64,55.078125
2014-02-12,35.56,0.64,55.5625
2014-02-13,35.2,0.64,55.0
2014-02-14,35.95,0.64,56.171875
2014-02-18,36.31,0.64,56.734375
2014-02-19,36.03,0.64,56.296875
2014-02-20,36.51,0.64,57.04687499999999
2014-02-21,36.69,0.64,57.32812499999999
2014-02-24,36.55,0.64,57.10937499999999
2014-02-25,36.1,0.64,56.40625
2014-02-26,36.83,0.64,57.54687499999999
2014-02-27,36.77,0.64,57.45312500000001
2014-02-28,36.2,0.64,56.5625
2014-03-03,36.21,0.64,56.578125
2014-03-04,36.93,0.64,57.703125
2014-03-05,37.52,0.64,58.62500000000001
2014-03-06,37.54,0.64,58.65625
2014-03-07,37.69,0.64,58.89062499999999
2014-03-10,37.09,0.64,57.95312500000001
2014-03-11,35.18,0.64,54.96875
2014-03-12,34.86,0.64,54.46875
2014-03-13,34.09,0.64,53.26562500000001
2014-03-14,34.09,0.64,53.26562500000001
2014-03-17,34.63,0.64,54.109375
2014-03-18,35.17,0.64,54.953125
2014-03-19,34.91,0.64,54.54687499999999
2014-03-20,35.26,0.64,55.09374999999999
2014-03-21,35.01,0.64,54.70312499999999
2014-03-24,35.14,0.64,54.90625
2014-03-25,34.51,0.64,53.92187499999999
2014-03-26,34.22,0.64,53.46875
2014-03-27,34.51,0.64,53.92187499999999
2014-03-28,34.73,0.64,54.26562499999999
2014-03-31,34.42,0.64,53.78125
2014-04-01,34.34,0.64,53.65625000000001
2014-04-02,34.88,0.64,54.5
2014-04-03,35.44,0.64,55.37499999999999
2014-04-04,34.81,0.64,54.390625
2014-04-07,34.11,0.64,53.296875
2014-04-08,34.53,0.64,53.953125
2014-04-09,33.62,0.64,52.53124999999999
2014-04-10,33.3,0.64,52.03124999999999
2014-04-11,31.93,0.64,49.890625
2014-04-14,32.55,0.64,50.85937499999999
2014-04-15,33.36,0.64,52.125
2014-04-16,33.97,0.64,53.078125
2014-04-17,33.98,0.64,53.09374999999999
2014-04-21,33.98,0.64,53.09374999999999
2014-04-22,34.23,0.64,53.48437499999999
2014-04-23,34.39,0.64,53.734375
2014-04-24,34.17,0.08,427.125
2014-04-25,33.72,0.08,421.5
2014-04-28,33.76,0.08,421.99999999999994
2014-04-29,33.99,0.08,424.875
2014-04-30,34.48,0.08,430.99999999999994
2014-05-01,34.9,0.08,436.25
2014-05-02,34.97,0.08,437.125
2014-05-05,34.75,0.08,434.375
2014-05-06,34.75,0.08,434.375
2014-05-07,35.07,0.08,438.375
2014-05-08,34.85,0.08,435.625
2014-05-09,34.23,0.08,427.87499999999994
2014-05-12,34.82,0.08,435.25
2014-05-13,35.15,0.08,439.375
2014-05-14,34.94,0.08,436.74999999999994
2014-05-15,34.36,0.08,429.5
2014-05-16,34.0,0.08,425.0
2014-05-19,34.25,0.08,428.125
2014-05-20,33.07,0.08,413.375
2014-05-21,33.46,0.08,418.25
2014-05-22,33.42,0.08,417.75
2014-05-23,33.63,0.08,420.375
2014-05-27,33.94,0.08,424.24999999999994
2014-05-28,34.59,0.08,432.37500000000006
2014-05-29,34.45,0.08,430.625
2014-05-30,34.58,0.08,432.24999999999994
2014-06-02,34.86,0.08,435.75
2014-06-03,35.26,0.08,440.74999999999994
2014-06-04,36.52,0.08,456.50000000000006
2014-06-05,36.27,0.08,453.37500000000006
2014-06-06,36.55,0.08,456.87499999999994
2014-06-09,36.5,0.08,456.25
2014-06-10,36.4,0.08,455.0
2014-06-11,36.12,0.08,451.49999999999994
2014-06-12,35.52,0.08,444.00000000000006
2014-06-13,35.63,0.08,445.375
2014-06-16,36.06,0.08,450.75
2014-06-17,36.36,0.08,454.5
2014-06-18,36.3,0.08,453.74999999999994
2014-06-19,36.37,0.08,454.62499999999994
2014-06-20,36.22,0.08,452.75
2014-06-23,36.67,0.08,458.375
2014-06-24,36.58,0.08,457.24999999999994
2014-06-25,37.09,0.08,463.62500000000006
2014-06-26,36.9,0.08,461.25
2014-06-27,36.62,0.08,457.74999999999994
2014-06-30,36.3,0.08,453.74999999999994
2014-07-01,37.59,0.08,469.87500000000006
2014-07-02,37.74,0.08,471.75
2014-07-03,37.74,0.08,471.75
2014-07-07,37.44,0.08,467.99999999999994
2014-07-08,37.58,0.08,469.74999999999994
2014-07-09,37.97,0.08,474.625
2014-07-10,37.75,0.08,471.875
2014-07-11,37.95,0.08,474.375
2014-07-14,37.7,0.08,471.25
2014-07-15,37.58,0.08,469.74999999999994
2014-07-16,37.48,0.08,468.49999999999994
2014-07-17,37.1,0.08,463.75
2014-07-18,37.41,0.08,467.62499999999994
2014-07-21,37.43,0.08,467.875
2014-07-22,37.76,0.08,471.99999999999994
2014-07-23,37.41,0.08,467.62499999999994
2014-07-24,35.74,0.12,297.83333333333337
2014-07-25,35.07,0.12,292.25
2014-07-28,34.9,0.12,290.8333333333333
2014-07-29,34.45,0.12,287.08333333333337
2014-07-30,34.31,0.12,285.9166666666667
2014-07-31,33.82,0.12,281.83333333333337
2014-08-01,33.44,0.12,278.6666666666667
2014-08-04,33.61,0.12,280.0833333333333
2014-08-05,33.36,0.12,278.0
2014-08-06,33.4,0.12,278.3333333333333
2014-08-07,33.11,0.12,275.9166666666667
2014-08-08,33.53,0.12,279.4166666666667
2014-08-11,33.8,0.12,281.66666666666663
2014-08-12,33.7,0.12,280.83333333333337
2014-08-13,33.95,0.12,282.9166666666667
2014-08-14,33.95,0.12,282.9166666666667
2014-08-15,33.84,0.12,282.00000000000006
2014-08-18,34.4,0.12,286.6666666666667
2014-08-19,34.57,0.12,288.08333333333337
2014-08-20,34.53,0.12,287.75
2014-08-21,34.6,0.12,288.33333333333337
2014-08-22,34.24,0.12,285.33333333333337
2014-08-25,34.67,0.12,288.9166666666667
2014-08-26,34.85,0.12,290.4166666666667
2014-08-27,34.71,0.12,289.25
2014-08-28,34.68,0.12,289.0
2014-08-29,34.8,0.12,290.0
2014-09-02,34.8,0.12,290.0
2014-09-03,34.47,0.12,287.25
2014-09-04,34.63,0.12,288.58333333333337
2014-09-05,34.58,0.12,288.1666666666667
2014-09-08,33.24,0.12,277.0
2014-09-09,33.07,0.12,275.58333333333337
2014-09-10,33.29,0.12,277.4166666666667
2014-09-11,33.61,0.12,280.0833333333333
2014-09-12,33.27,0.12,277.25000000000006
2014-09-15,33.63,0.12,280.25000000000006
2014-09-16,33.71,0.12,280.9166666666667
2014-09-17,33.85,0.12,282.08333333333337
2014-09-18,34.03,0.12,283.58333333333337
2014-09-19,33.94,0.12,282.8333333333333
2014-09-22,33.44,0.12,278.6666666666667
2014-09-23,33.22,0.12,276.8333333333333
2014-09-24,33.65,0.12,280.4166666666667
2014-09-25,32.87,0.12,273.91666666666663
2014-09-26,33.17,0.12,276.4166666666667
2014-09-29,32.22,0.12,268.5
2014-09-30,31.94,0.12,266.1666666666667
2014-10-01,32.49,0.12,270.75
2014-10-02,33.18,0.12,276.5
2014-10-03,33.76,0.12,281.3333333333333
2014-10-06,33.75,0.12,281.25
2014-10-07,31.77,0.12,264.75
2014-10-08,32.18,0.12,268.1666666666667
2014-10-09,31.03,0.12,258.58333333333337
2014-10-10,30.29,0.12,252.41666666666666
2014-10-13,29.79,0.12,248.25
2014-10-14,30.11,0.12,250.91666666666666
2014-10-15,29.69,0.12,247.41666666666669
2014-10-16,29.94,0.12,249.50000000000003
2014-10-17,30.24,0.12,252.0
2014-10-20,30.34,0.12,252.83333333333334
2014-10-21,30.84,0.12,257.0
2014-10-22,31.31,0.12,260.9166666666667
2014-10-23,30.93,0.86,35.96511627906977
2014-10-24,30.04,0.86,34.93023255813954
2014-10-27,30.08,0.86,34.97674418604651
2014-10-28,31.17,0.86,36.24418604651163
2014-10-29,30.72,0.86,35.72093023255814
2014-10-30,30.78,0.86,35.79069767441861
2014-10-31,31.4,0.86,36.51162790697674
2014-11-03,31.18,0.86,36.25581395348837
2014-11-04,30.82,0.86,35.83720930232558
2014-11-05,30.73,0.86,35.73255813953489
2014-11-06,31.37,0.86,36.47674418604651
2014-11-07,31.59,0.86,36.73255813953488
2014-11-10,31.12,0.86,36.18604651162791
2014-11-11,31.35,0.86,36.45348837209303
2014-11-12,31.42,0.86,36.53488372093023
2014-11-13,31.65,0.86,36.80232558139535
2014-11-14,31.79,0.86,36.96511627906977
2014-11-17,32.31,0.86,37.56976744186047
2014-11-18,32.27,0.86,37.52325581395349
2014-11-19,32.15,0.86,37.383720930232556
2014-11-20,32.13,0.86,37.36046511627907
2014-11-21,32.13,0.86,37.36046511627907
2014-11-24,32.19,0.86,37.43023255813953
2014-11-25,32.23,0.86,37.47674418604651
2014-11-26,32.07,0.86,37.2906976744186
2014-11-28,33.43,0.86,38.872093023255815
2014-12-01,32.94,0.86,38.302325581395344
2014-12-02,33.26,0.86,38.67441860465116
2014-12-03,33.64,0.86,39.116279069767444
2014-12-04,33.09,0.86,38.47674418604652
2014-12-05,33.93,0.86,39.45348837209303
2014-12-08,32.68,0.86,38.0
2014-12-09,32.81,0.86,38.151162790697676
2014-12-10,31.97,0.86,37.17441860465116
2014-12-11,32.19,0.86,37.43023255813953
2014-12-12,31.57,0.86,36.7093023255814
2014-12-15,31.0,0.86,36.04651162790698
2014-12-16,30.73,0.86,35.73255813953489
2014-12-17,31.15,0.86,36.22093023255814
2014-12-18,31.75,0.86,36.91860465116279
2014-12-19,32.81,0.86,38.151162790697676
2014-12-22,33.23,0.86,38.63953488372093
2014-12-23,33.56,0.86,39.02325581395349
2014-12-24,33.43,0.86,38.872093023255815
2014-12-26,33.73,0.86,39.22093023255814
2014-12-29,34.6,0.86,40.23255813953489
2014-12-30,35.09,0.86,40.80232558139535
2014-12-31,34.91,0.86,40.593023255813954
2015-01-02,34.84,0.86,40.51162790697675
2015-01-05,34.33,0.86,39.91860465116279
2015-01-06,34.85,0.86,40.52325581395349
2015-01-07,35.84,0.86,41.674418604651166
2015-01-08,36.2,0.86,42.09302325581396
2015-01-09,35.59,0.86,41.38372093023256
2015-01-12,35.84,0.86,41.674418604651166
2015-01-13,35.25,0.86,40.98837209302326
2015-01-14,34.3,0.86,39.883720930232556
2015-01-15,33.43,0.86,38.872093023255815
2015-01-16,33.68,0.86,39.16279069767442
2015-01-20,33.93,0.86,39.45348837209303
2015-01-21,33.89,0.86,39.406976744186046
2015-01-22,33.82,0.86,39.32558139534884
2015-01-23,33.75,0.86,39.24418604651163
2015-01-26,33.7,0.86,39.186046511627914
2015-01-27,33.42,0.86,38.86046511627907
2015-01-28,32.84,0.86,38.186046511627914
2015-01-29,33.16,0.86,38.558139534883715
2015-01-30,32.62,0.86,37.93023255813953
2015-02-02,33.11,0.86,38.5
2015-02-03,33.98,0.86,39.51162790697674
2015-02-04,35.83,0.69,51.92753623188406
2015-02-05,36.25,0.69,52.536231884057976
2015-02-06,36.0,0.69,52.173913043478265
2015-02-09,36.0,0.69,52.173913043478265
2015-02-10,37.52,0.69,54.376811594202906
2015-02-11,37.67,0.69,54.59420289855073
2015-02-12,38.02,0.69,55.10144927536233
2015-02-13,37.62,0.69,54.52173913043478
2015-02-17,37.24,0.69,53.97101449275363
2015-02-18,37.19,0.69,53.89855072463768
2015-02-19,37.51,0.69,54.36231884057971
2015-02-20,37.65,0.69,54.56521739130435
2015-02-23,37.69,0.69,54.6231884057971
2015-02-24,37.75,0.69,54.710144927536234
2015-02-25,37.86,0.69,54.869565217391305
2015-02-26,37.56,0.69,54.43478260869566
2015-02-27,37.31,0.69,54.07246376811595
2015-03-02,37.61,0.69,54.5072463768116
2015-03-03,37.8,0.69,54.78260869565217
2015-03-04,37.57,0.69,54.44927536231884
2015-03-05,37.61,0.69,54.5072463768116
2015-03-06,36.84,0.69,53.39130434782609
2015-03-09,37.66,0.69,54.57971014492754
2015-03-10,37.55,0.69,54.42028985507246
2015-03-11,37.78,0.69,54.753623188405804
2015-03-12,38.43,0.69,55.69565217391305
2015-03-13,38.05,0.69,55.14492753623188
2015-03-16,38.58,0.69,55.913043478260875
2015-03-17,38.29,0.69,55.492753623188406
2015-03-18,38.5,0.69,55.79710144927537
2015-03-19,38.65,0.69,56.01449275362319
2015-03-20,38.87,0.69,56.333333333333336
2015-03-23,38.59,0.69,55.92753623188407
2015-03-24,37.85,0.69,54.855072463768124
2015-03-25,37.38,0.69,54.17391304347827
2015-03-26,37.35,0.69,54.1304347826087
2015-03-27,37.31,0.69,54.07246376811595
2015-03-30,37.68,0.69,54.608695652173914
2015-03-31,37.5,0.69,54.34782608695652
2015-04-01,36.74,0.69,53.24637681159421
2015-04-02,36.5,0.69,52.89855072463769
2015-04-06,36.66,0.69,53.130434782608695
2015-04-07,35.73,0.69,51.78260869565217
2015-04-08,36.11,0.69,52.333333333333336
2015-04-09,36.29,0.69,52.594202898550726
2015-04-10,36.57,0.69,53.00000000000001
2015-04-13,36.4,0.69,52.7536231884058
2015-04-14,36.48,0.69,52.869565217391305
2015-04-15,36.94,0.69,53.53623188405797
2015-04-16,37.08,0.69,53.73913043478261
2015-04-17,36.64,0.69,53.10144927536233
2015-04-20,37.11,0.69,53.78260869565218
2015-04-21,37.16,0.69,53.85507246376812
2015-04-22,37.16,0.69,53.85507246376812
2015-04-23,35.92,0.58,61.931034482758626
2015-04-24,35.59,0.58,61.36206896551725
2015-04-27,35.78,0.58,61.6896551724138
2015-04-28,35.72,0.58,61.58620689655173
2015-04-29,35.51,0.58,61.224137931034484
2015-04-30,35.06,0.58,60.448275862068975
2015-05-01,35.42,0.58,61.06896551724139
2015-05-04,35.4,0.58,61.03448275862069
2015-05-05,35.01,0.58,60.362068965517246
2015-05-06,34.77,0.58,59.948275862068975
2015-05-07,34.88,0.58,60.13793103448277
2015-05-08,35.32,0.58,60.896551724137936
2015-05-11,35.22,0.58,60.724137931034484
2015-05-12,34.74,0.58,59.896551724137936
2015-05-13,34.8,0.58,60.0
2015-05-14,34.65,0.58,59.74137931034483
2015-05-15,34.91,0.58,60.189655172413794
2015-05-18,35.05,0.58,60.43103448275862
2015-05-19,35.12,0.58,60.55172413793103
2015-05-20,35.02,0.58,60.379310344827594
2015-05-21,35.58,0.58,61.3448275862069
2015-05-22,35.7,0.58,61.551724137931046
2015-05-26,35.52,0.58,61.24137931034484
2015-05-27,35.81,0.58,61.74137931034483
2015-05-28,36.39,0.58,62.74137931034483
2015-05-29,35.97,0.58,62.01724137931035
2015-06-01,36.18,0.58,62.37931034482759
2015-06-02,36.22,0.58,62.44827586206897
2015-06-03,35.94,0.58,61.96551724137931
2015-06-04,35.54,0.58,61.27586206896552
2015-06-05,35.12,0.58,60.55172413793103
2015-06-08,34.99,0.58,60.32758620689656
2015-06-09,35.26,0.58,60.793103448275865
2015-06-10,35.59,0.58,61.36206896551725
2015-06-11,35.55,0.58,61.293103448275865
2015-06-12,35.71,0.58,61.56896551724139
2015-06-15,35.46,0.58,61.13793103448276
2015-06-16,35.61,0.58,61.396551724137936
2015-06-17,35.81,0.58,61.74137931034483
2015-06-18,36.2,0.58,62.413793103448285
2015-06-19,36.11,0.58,62.258620689655174
2015-06-22,36.19,0.58,62.39655172413793
2015-06-23,36.3,0.58,62.58620689655172
2015-06-24,35.16,0.58,60.62068965517241
2015-06-25,34.7,0.58,59.82758620689656
2015-06-26,34.38,0.58,59.27586206896552
2015-06-29,33.23,0.58,57.29310344827586
2015-06-30,33.33,0.58,57.46551724137931
2015-07-01,33.04,0.58,56.96551724137931
2015-07-02,33.23,0.58,57.29310344827586
2015-07-06,32.65,0.58,56.293103448275865
2015-07-07,32.86,0.58,56.6551724137931
2015-07-08,31.19,0.58,53.77586206896552
2015-07-09,31.01,0.58,53.46551724137932
2015-07-10,31.4,0.58,54.13793103448276
2015-07-13,31.68,0.58,54.62068965517242
2015-07-14,31.77,0.58,54.77586206896552
2015-07-15,31.43,0.58,54.189655172413794
2015-07-16,30.61,0.58,52.77586206896552
2015-07-17,30.65,0.58,52.8448275862069
2015-07-20,30.5,0.58,52.58620689655173
2015-07-21,30.39,0.58,52.396551724137936
2015-07-22,30.3,0.58,52.24137931034483
2015-07-23,31.5,0.7,45.0
2015-07-24,31.06,0.7,44.371428571428574
2015-07-27,31.05,0.7,44.35714285714286
2015-07-28,31.32,0.7,44.74285714285715
2015-07-29,31.95,0.7,45.642857142857146
2015-07-30,31.91,0.7,45.58571428571429
2015-07-31,31.51,0.7,45.01428571428572
2015-08-03,31.68,0.7,45.25714285714286
2015-08-04,31.52,0.7,45.02857142857143
2015-08-05,31.6,0.7,45.142857142857146
2015-08-06,31.86,0.7,45.51428571428572
2015-08-07,31.74,0.7,45.34285714285714
2015-08-10,31.94,0.7,45.62857142857143
2015-08-11,30.83,0.7,44.042857142857144
2015-08-12,30.87,0.7,44.1
2015-08-13,31.06,0.7,44.371428571428574
2015-08-14,31.49,0.7,44.98571428571429
2015-08-17,31.61,0.7,45.15714285714286
2015-08-18,31.71,0.7,45.300000000000004
2015-08-19,31.63,0.7,45.18571428571429
2015-08-20,30.84,0.7,44.05714285714286
2015-08-21,29.6,0.7,42.28571428571429
2015-08-24,27.8,0.7,39.714285714285715
2015-08-25,27.28,0.7,38.971428571428575
2015-08-26,28.1,0.7,40.142857142857146
2015-08-27,28.58,0.7,40.82857142857143
2015-08-28,29.0,0.7,41.42857142857143
2015-08-31,29.44,0.7,42.057142857142864
2015-09-01,28.64,0.7,40.91428571428572
2015-09-02,29.21,0.7,41.728571428571435
2015-09-03,29.11,0.7,41.58571428571429
2015-09-04,28.88,0.7,41.25714285714286
2015-09-08,29.88,0.7,42.68571428571429
2015-09-09,29.62,0.7,42.31428571428572
2015-09-10,30.0,0.7,42.85714285714286
2015-09-11,30.15,0.7,43.07142857142857
2015-09-14,30.72,0.7,43.885714285714286
2015-09-15,30.99,0.7,44.27142857142857
2015-09-16,31.2,0.7,44.57142857142858
2015-09-17,31.31,0.7,44.72857142857143
2015-09-18,30.51,0.7,43.58571428571429
2015-09-21,30.62,0.7,43.74285714285715
2015-09-22,30.03,0.7,42.900000000000006
2015-09-23,29.72,0.7,42.457142857142856
2015-09-24,29.44,0.7,42.057142857142864
2015-09-25,29.41,0.7,42.01428571428572
2015-09-28,28.56,0.7,40.800000000000004
2015-09-29,29.15,0.7,41.642857142857146
2015-09-30,30.02,0.7,42.885714285714286
2015-10-01,30.67,0.7,43.81428571428572
2015-10-02,31.73,0.7,45.32857142857143
2015-10-05,31.76,0.7,45.371428571428574
2015-10-06,32.22,0.7,46.02857142857143
2015-10-07,33.05,0.7,47.214285714285715
2015-10-08,33.43,0.7,47.75714285714286
2015-10-09,32.95,0.7,47.07142857142858
2015-10-12,33.02,0.7,47.17142857142858
2015-10-13,33.13,0.7,47.328571428571436
2015-10-14,33.33,0.7,47.614285714285714
2015-10-15,33.32,0.7,47.6
2015-10-16,33.15,0.7,47.35714285714286
2015-10-19,33.24,0.7,47.485714285714295
2015-10-20,33.48,0.7,47.82857142857143
2015-10-21,35.42,0.86,41.18604651162791
2015-10-22,35.42,0.86,41.18604651162791
2015-10-23,35.95,0.86,41.80232558139535
2015-10-26,35.67,0.86,41.47674418604652
2015-10-27,34.97,0.86,40.66279069767442
2015-10-28,35.22,0.86,40.95348837209302
2015-10-29,34.75,0.86,40.406976744186046
2015-10-30,34.91,0.86,40.593023255813954
2015-11-02,35.57,0.86,41.36046511627907
2015-11-03,35.78,0.86,41.6046511627907
2015-11-04,35.42,0.86,41.18604651162791
2015-11-05,35.44,0.86,41.20930232558139
2015-11-06,35.75,0.86,41.56976744186046
2015-11-09,35.67,0.86,41.47674418604652
2015-11-10,35.62,0.86,41.41860465116279
2015-11-11,35.55,0.86,41.337209302325576
2015-11-12,35.09,0.86,40.80232558139535
2015-11-13,34.31,0.86,39.895348837209305
2015-11-16,35.17,0.86,40.895348837209305
2015-11-17,35.21,0.86,40.94186046511628
2015-11-18,36.46,0.86,42.395348837209305
2015-11-19,36.14,0.86,42.02325581395349
2015-11-20,36.34,0.86,42.25581395348838
2015-11-23,36.08,0.86,41.95348837209302
2015-11-24,36.22,0.86,42.116279069767444
2015-11-25,36.34,0.86,42.25581395348838
2015-11-27,36.37,0.86,42.2906976744186
2015-11-30,36.2,0.86,42.09302325581396
2015-12-01,36.26,0.86,42.16279069767442
2015-12-02,35.73,0.86,41.54651162790697
2015-12-03,35.47,0.86,41.24418604651163
2015-12-04,36.25,0.86,42.151162790697676
2015-12-07,36.13,0.86,42.01162790697675
2015-12-08,35.48,0.86,41.25581395348837
2015-12-09,35.45,0.86,41.220930232558146
2015-12-10,35.63,0.86,41.43023255813954
2015-12-11,34.55,0.86,40.17441860465116
2015-12-14,34.39,0.86,39.98837209302326
2015-12-15,34.54,0.86,40.16279069767442
2015-12-16,35.14,0.86,40.86046511627907
2015-12-17,34.11,0.86,39.66279069767442
2015-12-18,33.67,0.86,39.151162790697676
2015-12-21,33.83,0.86,39.33720930232558
2015-12-22,34.29,0.86,39.872093023255815
2015-12-23,34.78,0.86,40.44186046511628
2015-12-24,34.6,0.86,40.23255813953489
2015-12-28,34.51,0.86,40.127906976744185
2015-12-29,34.5,0.86,40.116279069767444
2015-12-30,34.33,0.86,39.91860465116279
2015-12-31,34.01,0.86,39.54651162790697
2016-01-04,33.31,0.86,38.73255813953489
2016-01-05,32.43,0.86,37.7093023255814
2016-01-06,31.27,0.86,36.36046511627907
2016-01-07,29.99,0.86,34.872093023255815
2016-01-08,29.53,0.86,34.33720930232558
2016-01-11,30.25,0.86,35.174418604651166
2016-01-12,30.3,0.86,35.23255813953489
2016-01-13,30.49,0.86,35.45348837209302
2016-01-14,30.3,0.86,35.23255813953489
2016-01-15,29.57,0.86,34.383720930232556
2016-01-19,29.4,0.86,34.18604651162791
2016-01-20,29.42,0.86,34.2093023255814
2016-01-21,29.55,0.86,34.36046511627907
2016-01-22,29.28,0.86,34.04651162790698
2016-01-25,29.23,0.86,33.98837209302326
2016-01-26,29.65,0.86,34.47674418604651
2016-01-27,29.21,0.86,33.96511627906977
2016-01-28,29.02,0.86,33.74418604651163
2016-01-29,29.64,0.86,34.46511627906977
2016-02-01,30.11,0.86,35.01162790697674
2016-02-02,29.65,0.86,34.47674418604651
2016-02-03,28.92,3.97,7.2846347607052895
2016-02-04,28.64,3.97,7.214105793450881
2016-02-05,28.54,3.97,7.188916876574306
2016-02-08,28.68,3.97,7.224181360201511
2016-02-09,27.87,3.97,7.020151133501259
2016-02-10,27.71,3.97,6.979848866498741
2016-02-11,26.9,3.97,6.775818639798488
2016-02-12,27.71,3.97,6.979848866498741
2016-02-16,28.58,3.97,7.198992443324936
2016-02-17,29.27,3.97,7.372795969773299
2016-02-18,29.03,3.97,7.312342569269521
2016-02-19,28.78,3.97,7.249370277078086
2016-02-22,29.63,3.97,7.463476070528967
2016-02-23,29.38,3.97,7.400503778337531
2016-02-24,28.84,3.97,7.264483627204029
2016-02-25,29.5,3.97,7.43073047858942
2016-02-26,29.63,3.97,7.463476070528967
2016-02-29,29.44,3.97,7.415617128463476
2016-03-01,30.01,3.97,7.55919395465995
2016-03-02,30.15,3.97,7.594458438287153
2016-03-03,31.07,3.97,7.826196473551637
2016-03-04,31.37,3.97,7.9017632241813605
2016-03-07,31.59,3.97,7.9571788413098234
2016-03-08,30.68,3.97,7.727959697732997
2016-03-09,30.54,3.97,7.692695214105793
2016-03-10,30.82,3.97,7.763224181360201
2016-03-11,31.26,3.97,7.8740554156171285
2016-03-14,31.18,3.97,7.853904282115868
2016-03-15,31.05,3.97,7.821158690176322
2016-03-16,31.69,3.97,7.982367758186398
2016-03-17,31.96,3.97,8.05037783375315
2016-03-18,31.96,3.97,8.05037783375315
2016-03-21,32.08,3.97,8.080604534005037
2016-03-22,31.9,3.97,8.035264483627204
2016-03-23,31.31,3.97,7.886649874055415
2016-03-24,30.96,3.97,7.7984886649874054
2016-03-28,31.02,3.97,7.81360201511335
2016-03-29,31.19,3.97,7.856423173803527
2016-03-30,30.99,3.97,7.806045340050377
2016-03-31,31.43,3.97,7.916876574307304
2016-04-01,30.47,3.97,7.67506297229219
2016-04-04,29.9,3.97,7.531486146095717
2016-04-05,29.6,3.97,7.455919395465995
2016-04-06,29.94,3.97,7.541561712846348
2016-04-07,29.42,3.97,7.410579345088161
2016-04-08,29.37,3.97,7.397984886649874
2016-04-11,29.53,3.97,7.438287153652393
2016-04-12,29.71,3.97,7.483627204030227
2016-04-13,30.78,3.97,7.753148614609572
2016-04-14,30.72,3.97,7.738035264483626
2016-04-15,30.56,3.97,7.697732997481108
2016-04-18,31.31,3.97,7.886649874055415
2016-04-19,31.97,3.97,8.052896725440805
2016-04-20,32.19,3.97,8.108312342569269
2016-04-21,32.66,1.26,25.920634920634917
2016-04-22,32.18,1.26,25.539682539682538
2016-04-25,31.95,1.26,25.357142857142858
2016-04-26,32.19,1.26,25.547619047619044
2016-04-27,32.16,1.26,25.523809523809522
2016-04-28,32.44,1.26,25.746031746031743
2016-04-29,31.8,1.26,25.238095238095237
2016-05-02,31.75,1.26,25.1984126984127
2016-05-03,31.25,1.26,24.8015873015873
2016-05-04,30.59,1.26,24.27777777777778
2016-05-05,30.54,1.26,24.238095238095237
2016-05-06,30.96,1.26,24.571428571428573
2016-05-09,30.78,1.26,24.42857142857143
2016-05-10,31.35,1.26,24.880952380952383
2016-05-11,31.08,1.26,24.666666666666664
2016-05-12,31.18,1.26,24.746031746031747
2016-05-13,30.52,1.26,24.22222222222222
2016-05-16,30.67,1.26,24.341269841269842
2016-05-17,30.63,1.26,24.30952380952381
2016-05-18,30.75,1.26,24.404761904761905
2016-05-19,30.32,1.26,24.063492063492063
2016-05-20,30.57,1.26,24.261904761904763
2016-05-23,30.59,1.26,24.27777777777778
2016-05-24,31.05,1.26,24.642857142857142
2016-05-25,31.65,1.26,25.119047619047617
2016-05-26,31.29,1.26,24.833333333333332
2016-05-27,31.39,1.26,24.91269841269841
2016-05-31,31.28,1.26,24.825396825396826
2016-06-01,30.22,1.26,23.984126984126984
2016-06-02,30.26,1.26,24.015873015873016
2016-06-03,29.6,1.26,23.492063492063494
2016-06-06,29.99,1.26,23.8015873015873
2016-06-07,30.23,1.26,23.992063492063494
2016-06-08,29.57,1.26,23.46825396825397
2016-06-09,29.36,1.26,23.3015873015873
2016-06-10,29.06,1.26,23.063492063492063
2016-06-13,29.08,1.26,23.07936507936508
2016-06-14,28.83,1.26,22.88095238095238
2016-06-15,28.86,1.26,22.904761904761905
2016-06-16,29.02,1.26,23.03174603174603
2016-06-17,29.23,1.26,23.1984126984127
2016-06-20,29.65,1.26,23.53174603174603
2016-06-21,29.51,1.26,23.42063492063492
2016-06-22,29.32,1.26,23.26984126984127
2016-06-23,29.82,1.26,23.666666666666668
2016-06-24,28.35,1.26,22.5
2016-06-27,27.51,1.26,21.833333333333336
2016-06-28,27.74,1.26,22.015873015873016
2016-06-29,28.17,1.26,22.357142857142858
2016-06-30,28.3,1.26,22.460317460317462
2016-07-01,28.89,1.26,22.92857142857143
2016-07-05,28.17,1.26,22.357142857142858
2016-07-06,28.4,1.26,22.539682539682538
2016-07-07,28.74,1.26,22.809523809523807
2016-07-08,29.66,1.26,23.53968253968254
2016-07-11,30.13,1.26,23.91269841269841
2016-07-12,30.6,1.26,24.28571428571429
2016-07-13,30.63,1.26,24.30952380952381
2016-07-14,30.76,1.26,24.412698412698415
2016-07-15,30.77,1.26,24.42063492063492
2016-07-18,30.87,1.26,24.5
2016-07-19,31.25,1.26,24.8015873015873
2016-07-20,31.49,1.26,24.99206349206349
2016-07-21,32.03,1.86,17.22043010752688
2016-07-22,32.16,1.86,17.29032258064516
2016-07-25,32.06,1.86,17.236559139784948
2016-07-26,32.15,1.86,17.284946236559136
2016-07-27,32.02,1.86,17.21505376344086
2016-07-28,30.99,1.86,16.661290322580644
2016-07-29,31.54,1.86,16.956989247311828
2016-08-01,31.3,1.86,16.827956989247312
2016-08-02,29.93,1.86,16.091397849462364
2016-08-03,30.24,1.86,16.258064516129032
2016-08-04,30.34,1.86,16.311827956989248
2016-08-05,30.8,1.86,16.559139784946236
2016-08-08,30.88,1.86,16.602150537634408
2016-08-09,31.07,1.86,16.704301075268816
2016-08-10,31.25,1.86,16.801075268817204
2016-08-11,31.75,1.86,17.06989247311828
2016-08-12,31.57,1.86,16.973118279569892
2016-08-15,31.86,1.86,17.129032258064516
2016-08-16,31.71,1.86,17.048387096774192
2016-08-17,31.85,1.86,17.123655913978496
2016-08-18,31.55,1.86,16.962365591397848
2016-08-19,31.83,1.86,17.11290322580645
2016-08-22,31.87,1.86,17.134408602150536
2016-08-23,31.9,1.86,17.1505376344086
2016-08-24,31.78,1.86,17.086021505376344
2016-08-25,31.54,1.86,16.956989247311828
2016-08-26,31.53,1.86,16.951612903225808
2016-08-29,31.81,1.86,17.102150537634408
2016-08-30,31.67,1.86,17.026881720430108
2016-08-31,31.92,1.86,17.161290322580644
2016-09-01,31.8,1.86,17.096774193548388
2016-09-02,32.16,1.86,17.29032258064516
2016-09-06,32.12,1.86,17.268817204301072
2016-09-07,31.89,1.86,17.14516129032258
2016-09-08,31.71,1.86,17.048387096774192
2016-09-09,30.48,1.86,16.387096774193548
2016-09-12,31.18,1.86,16.763440860215052
2016-09-13,30.94,1.86,16.634408602150536
2016-09-14,30.71,1.86,16.510752688172044
2016-09-15,31.12,1.86,16.731182795698924
2016-09-16,30.97,1.86,16.6505376344086
2016-09-19,31.72,1.86,17.053763440860212
2016-09-20,31.65,1.86,17.016129032258064
2016-09-21,32.11,1.86,17.263440860215052
2016-09-22,32.39,1.86,17.413978494623656
2016-09-23,32.12,1.86,17.268817204301072
2016-09-26,31.8,1.86,17.096774193548388
2016-09-27,31.6,1.86,16.989247311827956
2016-09-28,31.9,1.86,17.1505376344086
2016-09-29,31.48,1.86,16.9247311827957
2016-09-30,31.77,1.86,17.08064516129032
2016-10-03,32.04,1.86,17.2258064516129
2016-10-04,32.17,1.86,17.295698924731184
2016-10-05,32.68,1.86,17.56989247311828
2016-10-06,32.53,1.86,17.489247311827956
2016-10-07,32.34,1.86,17.387096774193548
2016-10-10,32.15,1.86,17.284946236559136
2016-10-11,31.89,1.86,17.14516129032258
2016-10-12,31.68,1.86,17.032258064516128
2016-10-13,31.51,1.86,16.940860215053764
2016-10-14,31.87,1.86,17.134408602150536
2016-10-17,31.56,1.86,16.96774193548387
2016-10-18,31.4,1.86,16.881720430107524
2016-10-19,31.85,1.86,17.123655913978496
2016-10-20,31.75,1.86,17.06989247311828
2016-10-21,32.04,1.86,17.2258064516129
2016-10-24,32.98,1.86,17.73118279569892
2016-10-25,31.6,1.78,17.752808988764045
2016-10-26,31.58,1.78,17.741573033707866
2016-10-27,31.33,1.78,17.601123595505616
2016-10-28,31.32,1.78,17.595505617977526
2016-10-31,31.6,1.78,17.752808988764045
2016-11-01,31.48,1.78,17.685393258426966
2016-11-02,31.45,1.78,17.668539325842698
2016-11-03,31.07,1.78,17.45505617977528
2016-11-04,31.16,1.78,17.50561797752809
2016-11-07,32.02,1.78,17.98876404494382
2016-11-08,31.73,1.78,17.825842696629213
2016-11-09,30.96,1.78,17.39325842696629
2016-11-10,32.73,1.78,18.3876404494382
2016-11-11,34.02,1.78,19.1123595505618
2016-11-14,33.28,1.78,18.696629213483146
2016-11-15,33.43,1.78,18.780898876404493
2016-11-16,33.23,1.78,18.668539325842694
2016-11-17,33.42,1.78,18.775280898876407
2016-11-18,33.0,1.78,18.53932584269663
2016-11-21,33.01,1.78,18.544943820224717
2016-11-22,33.81,1.78,18.99438202247191
2016-11-23,33.86,1.78,19.02247191011236
2016-11-25,34.25,1.78,19.241573033707866
2016-11-28,34.05,1.78,19.129213483146067
2016-11-29,34.57,1.78,19.421348314606742
2016-11-30,34.53,1.78,19.39887640449438
2016-12-01,36.43,1.78,20.46629213483146
2016-12-02,35.41,1.78,19.89325842696629
2016-12-05,34.94,1.78,19.629213483146067
2016-12-06,35.07,1.78,19.702247191011235
2016-12-07,36.3,1.78,20.39325842696629
2016-12-08,36.42,1.78,20.460674157303373
2016-12-09,37.66,1.78,21.157303370786515
2016-12-12,37.1,1.78,20.842696629213485
2016-12-13,37.36,1.78,20.98876404494382
2016-12-14,35.95,1.78,20.19662921348315
2016-12-15,36.24,1.78,20.359550561797754
2016-12-16,36.37,1.78,20.432584269662918
2016-12-19,36.4,1.78,20.44943820224719
2016-12-20,36.61,1.78,20.56741573033708
2016-12-21,36.42,1.78,20.460674157303373
2016-12-22,35.69,1.78,20.050561797752806
2016-12-23,35.69,1.78,20.050561797752806
2016-12-27,35.54,1.78,19.96629213483146
2016-12-28,35.15,1.78,19.747191011235955
2016-12-29,35.14,1.78,19.741573033707866
2016-12-30,34.84,1.78,19.57303370786517
2017-01-03,35.15,1.78,19.747191011235955
2017-01-04,37.09,1.78,20.837078651685395
2017-01-05,36.39,1.78,20.4438202247191
2017-01-06,35.99,1.78,20.219101123595507
2017-01-09,36.01,1.78,20.230337078651683
2017-01-10,37.35,1.78,20.98314606741573
2017-01-11,37.95,1.78,21.320224719101123
2017-01-12,37.51,1.78,21.073033707865168
2017-01-13,37.34,1.78,20.97752808988764
2017-01-17,37.31,1.78,20.960674157303373
2017-01-18,37.47,1.78,21.05056179775281
2017-01-19,37.3,1.78,20.95505617977528
2017-01-20,37.01,1.78,20.79213483146067
2017-01-23,36.65,1.78,20.589887640449437
2017-01-24,37.0,1.78,20.786516853932582
2017-01-25,38.28,1.78,21.50561797752809
2017-01-26,37.52,1.78,21.07865168539326
2017-01-27,37.01,1.78,20.79213483146067
2017-01-30,36.33,1.78,20.41011235955056
2017-01-31,36.61,1.78,20.56741573033708
2017-02-01,36.14,1.78,20.303370786516854
2017-02-02,35.73,1.78,20.073033707865168
2017-02-03,36.33,1.78,20.41011235955056
2017-02-06,36.83,1.78,20.691011235955056
2017-02-07,35.1,1.22,28.77049180327869
2017-02-08,35.14,1.22,28.803278688524593
2017-02-09,35.08,1.22,28.754098360655735
2017-02-10,35.17,1.22,28.82786885245902
2017-02-13,35.52,1.22,29.11475409836066
2017-02-14,37.24,1.22,30.524590163934427
2017-02-15,37.08,1.22,30.39344262295082
2017-02-16,37.03,1.22,30.352459016393443
2017-02-17,37.22,1.22,30.508196721311474
2017-02-21,37.81,1.22,30.991803278688526
2017-02-22,37.84,1.22,31.016393442622956
2017-02-23,37.25,1.22,30.5327868852459
2017-02-24,36.9,1.22,30.24590163934426
2017-02-27,37.27,1.22,30.549180327868857
2017-02-28,36.84,1.22,30.196721311475414
2017-03-01,37.43,1.22,30.68032786885246
2017-03-02,37.76,1.22,30.950819672131146
2017-03-03,38.23,1.22,31.33606557377049
2017-03-06,37.91,1.22,31.073770491803277
2017-03-07,37.52,1.22,30.754098360655743
2017-03-08,37.27,1.22,30.549180327868857
2017-03-09,36.83,1.22,30.188524590163933
2017-03-10,36.83,1.22,30.188524590163933
2017-03-13,36.87,1.22,30.221311475409834
2017-03-14,36.96,1.22,30.295081967213115
2017-03-15,37.09,1.22,30.4016393442623
2017-03-16,37.08,1.22,30.39344262295082
2017-03-17,36.33,1.22,29.778688524590162
2017-03-20,35.71,1.22,29.27049180327869
2017-03-21,34.55,1.22,28.319672131147538
2017-03-22,34.39,1.22,28.188524590163937
2017-03-23,34.26,1.22,28.081967213114755
2017-03-24,34.56,1.22,28.32786885245902
2017-03-27,34.71,1.22,28.45081967213115
2017-03-28,35.56,1.22,29.14754098360656
2017-03-29,35.54,1.22,29.131147540983605
2017-03-30,35.41,1.22,29.024590163934423
2017-03-31,35.36,1.22,28.983606557377048
2017-04-03,34.17,1.22,28.008196721311478
2017-04-04,34.27,1.22,28.090163934426233
2017-04-05,34.0,1.22,27.868852459016395
2017-04-06,34.16,1.22,27.999999999999996
2017-04-07,33.71,1.22,27.63114754098361
2017-04-10,33.97,1.22,27.84426229508197
2017-04-11,33.92,1.22,27.803278688524593
2017-04-12,33.94,1.22,27.81967213114754
2017-04-13,33.39,1.22,27.368852459016395
2017-04-17,33.9,1.22,27.78688524590164
2017-04-18,33.69,1.22,27.614754098360656
2017-04-19,33.79,1.22,27.69672131147541
2017-04-20,34.1,1.22,27.95081967213115
2017-04-21,33.75,1.22,27.66393442622951
2017-04-24,33.91,1.22,27.79508196721311
2017-04-25,33.99,1.22,27.86065573770492
2017-04-26,34.38,1.22,28.180327868852462
2017-04-27,34.54,1.22,28.311475409836067
2017-04-28,34.64,1.73,20.023121387283236
2017-05-01,34.2,1.73,19.768786127167633
2017-05-02,33.2,1.73,19.190751445086708
2017-05-03,33.48,1.73,19.352601156069362
2017-05-04,33.15,1.73,19.161849710982658
2017-05-05,33.77,1.73,19.520231213872833
2017-05-08,33.97,1.73,19.63583815028902
2017-05-09,34.26,1.73,19.803468208092486
2017-05-10,34.23,1.73,19.786127167630056
2017-05-11,34.11,1.73,19.716763005780347
2017-05-12,33.62,1.73,19.43352601156069
2017-05-15,33.82,1.73,19.54913294797688
2017-05-16,33.42,1.73,19.31791907514451
2017-05-17,32.42,1.73,18.739884393063583
2017-05-18,32.47,1.73,18.76878612716763
2017-05-19,32.72,1.73,18.91329479768786
2017-05-22,32.92,1.73,19.028901734104046
2017-05-23,33.22,1.73,19.202312138728324
2017-05-24,33.2,1.73,19.190751445086708
2017-05-25,32.6,1.73,18.843930635838152
2017-05-26,33.07,1.73,19.115606936416185
2017-05-30,33.53,1.73,19.38150289017341
2017-05-31,33.93,1.73,19.612716763005782
2017-06-01,34.43,1.73,19.90173410404624
2017-06-02,34.45,1.73,19.913294797687865
2017-06-05,34.46,1.73,19.91907514450867
2017-06-06,34.43,1.73,19.90173410404624
2017-06-07,34.34,1.73,19.849710982658962
2017-06-08,34.11,1.73,19.716763005780347
2017-06-09,34.34,1.73,19.849710982658962
2017-06-12,34.68,1.73,20.046242774566473
2017-06-13,34.51,1.73,19.947976878612717
2017-06-14,34.61,1.73,20.00578034682081
2017-06-15,34.6,1.73,20.0
2017-06-16,34.29,1.73,19.820809248554912
2017-06-19,34.35,1.73,19.85549132947977
2017-06-20,34.4,1.73,19.884393063583815
2017-06-21,34.13,1.73,19.728323699421967
2017-06-22,34.19,1.73,19.76300578034682
2017-06-23,34.2,1.73,19.768786127167633
2017-06-26,34.52,1.73,19.953757225433527
2017-06-27,34.21,1.73,19.77456647398844
2017-06-28,34.58,1.73,19.98843930635838
2017-06-29,34.86,1.73,20.15028901734104
2017-06-30,34.93,1.73,20.190751445086704
2017-07-03,35.57,1.73,20.560693641618496
2017-07-05,35.01,1.73,20.236994219653177
2017-07-06,34.87,1.73,20.156069364161848
2017-07-07,34.94,1.73,20.196531791907514
2017-07-10,35.19,1.73,20.341040462427745
2017-07-11,35.4,1.73,20.46242774566474
2017-07-12,35.5,1.73,20.520231213872833
2017-07-13,35.86,1.73,20.728323699421964
2017-07-14,36.35,1.73,21.01156069364162
2017-07-17,36.38,1.73,21.028901734104046
2017-07-18,36.43,1.73,21.057803468208093
2017-07-19,36.47,1.73,21.08092485549133
2017-07-20,36.41,1.73,21.046242774566473
2017-07-21,36.07,1.73,20.84971098265896
2017-07-24,35.82,1.73,20.705202312138727
2017-07-25,35.57,1.11,32.04504504504504
2017-07-26,35.62,1.11,32.09009009009009
2017-07-27,35.94,1.11,32.37837837837837
2017-07-28,35.77,1.11,32.22522522522522
2017-07-31,35.98,1.11,32.41441441441441
2017-08-01,34.76,1.11,31.31531531531531
2017-08-02,34.82,1.11,31.369369369369366
2017-08-03,34.77,1.11,31.324324324324323
2017-08-04,35.27,1.11,31.774774774774773
2017-08-07,35.3,1.11,31.801801801801798
2017-08-08,35.39,1.11,31.882882882882882
2017-08-09,35.28,1.11,31.783783783783782
2017-08-10,34.88,1.11,31.423423423423422
2017-08-11,34.93,1.11,31.468468468468465
2017-08-14,35.47,1.11,31.95495495495495
2017-08-15,35.54,1.11,32.01801801801801
2017-08-16,35.75,1.11,32.207207207207205
2017-08-17,35.0,1.11,31.531531531531527
2017-08-18,34.83,1.11,31.378378378378375
2017-08-21,34.91,1.11,31.450450450450443
2017-08-22,35.3,1.11,31.801801801801798
2017-08-23,35.49,1.11,31.972972972972972
2017-08-24,35.52,1.11,32.0
2017-08-25,35.6,1.11,32.07207207207207
2017-08-28,35.51,1.11,31.990990990990987
2017-08-29,35.52,1.11,32.0
2017-08-30,35.82,1.11,32.27027027027027
2017-08-31,36.54,1.11,32.91891891891891
2017-09-01,37.36,1.11,33.65765765765765
2017-09-05,37.23,1.11,33.54054054054053
2017-09-06,37.67,1.11,33.93693693693694
2017-09-07,36.91,1.11,33.25225225225225
2017-09-08,37.0,1.11,33.33333333333333
2017-09-11,37.35,1.11,33.648648648648646
2017-09-12,37.89,1.11,34.13513513513513
2017-09-13,38.21,1.11,34.42342342342342
2017-09-14,38.79,1.11,34.945945945945944
2017-09-15,38.88,1.11,35.027027027027025
2017-09-18,38.59,1.11,34.765765765765764
2017-09-19,38.7,1.11,34.86486486486486
2017-09-20,38.88,1.11,35.027027027027025
2017-09-21,39.1,1.11,35.22522522522522
2017-09-22,39.42,1.11,35.51351351351351
2017-09-25,40.3,1.11,36.306306306306304
2017-09-26,40.26,1.11,36.27027027027027
2017-09-27,40.58,1.11,36.55855855855855
2017-09-28,40.58,1.11,36.55855855855855
2017-09-29,40.38,1.11,36.37837837837838
2017-10-02,42.15,1.11,37.97297297297297
2017-10-03,43.45,1.11,39.14414414414414
2017-10-04,43.78,1.11,39.44144144144144
2017-10-05,43.85,1.11,39.5045045045045
2017-10-06,44.93,1.11,40.47747747747747
2017-10-09,45.33,1.11,40.83783783783783
2017-10-10,45.21,1.11,40.729729729729726
2017-10-11,45.47,1.11,40.96396396396396
2017-10-12,44.89,1.11,40.44144144144144
2017-10-13,45.88,1.11,41.33333333333333
2017-10-16,45.76,1.11,41.225225225225216
2017-10-17,45.02,1.11,40.55855855855856
2017-10-18,45.12,1.11,40.648648648648646
2017-10-19,45.35,1.11,40.85585585585585
2017-10-20,45.61,1.11,41.09009009009009
2017-10-23,45.15,1.11,40.67567567567567
2017-10-24,46.48,-1.97,-23.59390862944162
2017-10-25,45.12,-1.97,-22.903553299492383
2017-10-26,45.25,-1.97,-22.96954314720812
2017-10-27,44.64,-1.97,-22.659898477157363
2017-10-30,43.37,-1.97,-22.01522842639594
2017-10-31,42.98,-1.97,-21.81725888324873
2017-11-01,43.13,-1.97,-21.893401015228427
2017-11-02,42.6,-1.97,-21.624365482233504
2017-11-03,42.34,-1.97,-21.492385786802032
2017-11-06,42.14,-1.97,-21.390862944162436
2017-11-07,41.7,-1.97,-21.16751269035533
2017-11-08,42.11,-1.97,-21.375634517766496
2017-11-09,42.11,-1.97,-21.375634517766496
2017-11-10,42.66,-1.97,-21.65482233502538
2017-11-13,43.57,-1.97,-22.116751269035532
2017-11-14,43.0,-1.97,-21.82741116751269
2017-11-15,42.86,-1.97,-21.756345177664976
2017-11-16,43.6,-1.97,-22.131979695431472
2017-11-17,43.88,-1.97,-22.274111675126907
2017-11-20,44.88,-1.97,-22.781725888324875
2017-11-21,44.97,-1.97,-22.82741116751269
2017-11-22,44.29,-1.97,-22.482233502538072
2017-11-24,44.46,-1.97,-22.568527918781726
2017-11-27,44.17,-1.97,-22.421319796954315
2017-11-28,44.92,-1.97,-22.802030456852794
2017-11-29,43.81,-1.97,-22.238578680203048
2017-11-30,43.09,-1.97,-21.873096446700508
2017-12-01,42.79,-1.97,-21.720812182741117
2017-12-04,43.05,-1.97,-21.85279187817259
2017-12-05,42.8,-1.97,-21.725888324873097
2017-12-06,42.15,-1.97,-21.395939086294415
2017-12-07,42.02,-1.97,-21.32994923857868
2017-12-08,42.02,-1.97,-21.32994923857868
2017-12-11,41.67,-1.97,-21.15228426395939
2017-12-12,41.53,-1.97,-21.081218274111677
2017-12-13,41.4,-1.97,-21.01522842639594
2017-12-14,40.81,-1.97,-20.715736040609137
2017-12-15,40.95,-1.97,-20.786802030456855
2017-12-18,42.15,-1.97,-21.395939086294415
2017-12-19,42.49,-1.97,-21.568527918781726
2017-12-20,42.52,-1.97,-21.583756345177665
2017-12-21,42.16,-1.97,-21.401015228426395
2017-12-22,42.02,-1.97,-21.32994923857868
2017-12-26,41.8,-1.97,-21.218274111675125
2017-12-27,41.31,-1.97,-20.969543147208125
2017-12-28,41.38,-1.97,-21.00507614213198
2017-12-29,40.99,-1.97,-20.807106598984774
2018-01-02,41.8,-1.97,-21.218274111675125
2018-01-03,42.82,-1.97,-21.736040609137056
2018-01-04,44.14,-1.97,-22.406091370558375
2018-01-05,44.01,-1.97,-22.340101522842637
2018-01-08,44.22,-1.97,-22.446700507614214
2018-01-09,44.05,-1.97,-22.360406091370557
2018-01-10,43.0,-1.97,-21.82741116751269
2018-01-11,44.19,-1.97,-22.431472081218274
2018-01-12,44.07,-1.97,-22.37055837563452
2018-01-16,44.19,-1.97,-22.431472081218274
2018-01-17,44.03,-1.97,-22.3502538071066
2018-01-18,43.86,-1.97,-22.263959390862944
2018-01-19,43.15,-1.97,-21.903553299492387
2018-01-22,43.29,-1.97,-21.9746192893401
2018-01-23,43.38,-1.97,-22.02030456852792
2018-01-24,44.16,-1.97,-22.416243654822335
2018-01-25,43.16,-1.97,-21.908629441624363
2018-01-26,43.49,-1.97,-22.076142131979697
2018-01-29,43.02,-1.97,-21.837563451776653
2018-01-30,42.7,-1.97,-21.675126903553302
2018-01-31,42.41,-1.97,-21.527918781725887
2018-02-01,42.43,-1.97,-21.538071065989847
2018-02-02,41.0,-1.97,-20.81218274111675
2018-02-05,39.54,-1.97,-20.071065989847714
2018-02-06,41.86,-3.52,-11.892045454545455
2018-02-07,42.39,-3.52,-12.042613636363637
2018-02-08,40.75,-3.52,-11.576704545454545
2018-02-09,41.46,-3.52,-11.778409090909092
2018-02-12,42.0,-3.52,-11.931818181818182
2018-02-13,41.4,-3.52,-11.761363636363637
2018-02-14,41.81,-3.52,-11.87784090909091
2018-02-15,41.85,-3.52,-11.889204545454545
2018-02-16,41.09,-3.52,-11.673295454545455
2018-02-20,40.77,-3.52,-11.582386363636365
2018-02-21,40.56,-3.52,-11.522727272727273
2018-02-22,40.91,-3.52,-11.62215909090909
2018-02-23,40.91,-3.52,-11.62215909090909
2018-02-26,41.54,-3.52,-11.801136363636363
2018-02-27,40.17,-3.52,-11.411931818181818
2018-02-28,39.35,-3.52,-11.178977272727273
2018-03-01,37.79,-3.52,-10.735795454545455
2018-03-02,37.43,-3.52,-10.633522727272727
2018-03-05,37.74,-3.52,-10.72159090909091
2018-03-06,37.93,-3.52,-10.775568181818182
2018-03-07,37.74,-3.52,-10.72159090909091
2018-03-08,37.84,-3.52,-10.750000000000002
2018-03-09,37.84,-3.52,-10.750000000000002
2018-03-12,37.83,-3.52,-10.74715909090909
2018-03-13,38.01,-3.52,-10.798295454545453
2018-03-14,37.69,-3.52,-10.707386363636363
2018-03-15,37.85,-3.52,-10.75284090909091
2018-03-16,37.94,-3.52,-10.77840909090909
2018-03-19,37.01,-3.52,-10.514204545454545
2018-03-20,36.89,-3.52,-10.480113636363637
2018-03-21,37.58,-3.52,-10.676136363636363
2018-03-22,36.35,-3.52,-10.326704545454545
2018-03-23,35.17,-3.52,-9.991477272727273
2018-03-26,35.99,-3.52,-10.224431818181818
2018-03-27,34.87,-3.52,-9.90625
2018-03-28,35.47,-3.52,-10.076704545454545
2018-03-29,36.34,-3.52,-10.323863636363637
2018-04-02,35.76,-3.52,-10.159090909090908
2018-04-03,36.94,-3.52,-10.494318181818182
2018-04-04,38.03,-3.52,-10.803977272727273
2018-04-05,38.0,-3.52,-10.795454545454545
2018-04-06,37.68,-3.52,-10.704545454545455
2018-04-09,37.83,-3.52,-10.74715909090909
2018-04-10,39.07,-3.52,-11.099431818181818
2018-04-11,39.0,-3.52,-11.079545454545455
2018-04-12,38.83,-3.52,-11.03125
2018-04-13,38.73,-3.52,-11.002840909090908
2018-04-16,39.17,-3.52,-11.12784090909091
2018-04-17,39.22,-3.52,-11.142045454545455
2018-04-18,38.93,-3.52,-11.05965909090909
2018-04-19,37.77,-3.52,-10.730113636363637
2018-04-20,37.61,-3.52,-10.68465909090909
2018-04-23,37.69,-3.52,-10.707386363636363
2018-04-24,37.93,-3.52,-10.775568181818182
2018-04-25,38.11,-3.52,-10.826704545454545
2018-04-26,38.25,0.73,52.397260273972606
2018-04-27,37.65,0.73,51.57534246575342
2018-04-30,36.74,0.73,50.328767123287676
2018-05-01,36.42,0.73,49.89041095890411
2018-05-02,36.2,0.73,49.589041095890416
2018-05-03,36.15,0.73,49.52054794520548
2018-05-04,36.71,0.73,50.28767123287671
2018-05-07,36.34,0.73,49.780821917808225
2018-05-08,36.33,0.73,49.76712328767123
2018-05-09,36.27,0.73,49.684931506849324
2018-05-10,37.16,0.73,50.90410958904109
2018-05-11,36.89,0.73,50.534246575342465
2018-05-14,36.63,0.73,50.178082191780824
2018-05-15,36.94,0.73,50.602739726027394
2018-05-16,38.03,0.73,52.09589041095891
2018-05-17,38.3,0.73,52.46575342465753
2018-05-18,37.79,0.73,51.76712328767123
2018-05-21,38.09,0.73,52.17808219178083
2018-05-22,38.28,0.73,52.43835616438356
2018-05-23,37.85,0.73,51.849315068493155
2018-05-24,38.39,0.73,52.589041095890416
2018-05-25,38.3,0.73,52.46575342465753
2018-05-29,37.38,0.73,51.205479452054796
2018-05-30,37.83,0.73,51.821917808219176
2018-05-31,42.7,0.73,58.493150684931514
2018-06-01,43.2,0.73,59.178082191780824
2018-06-04,43.78,0.73,59.97260273972603
2018-06-05,43.41,0.73,59.46575342465753
2018-06-06,43.93,0.73,60.178082191780824
2018-06-07,44.01,0.73,60.28767123287671
2018-06-08,44.25,0.73,60.61643835616439
2018-06-11,44.85,0.73,61.43835616438356
2018-06-12,44.18,0.73,60.52054794520548
2018-06-13,44.45,0.73,60.89041095890411
2018-06-14,43.57,0.73,59.68493150684932
2018-06-15,43.91,0.73,60.150684931506845
2018-06-18,43.95,0.73,60.2054794520548
2018-06-19,42.26,0.73,57.890410958904106
2018-06-20,41.95,0.73,57.46575342465754
2018-06-21,41.12,0.73,56.32876712328767
2018-06-22,41.25,0.73,56.50684931506849
2018-06-25,40.61,0.73,55.63013698630137
2018-06-26,41.01,0.73,56.178082191780824
2018-06-27,40.37,0.73,55.3013698630137
2018-06-28,40.52,0.73,55.5068493150685
2018-06-29,39.4,0.73,53.97260273972603
2018-07-02,39.5,0.73,54.109589041095894
2018-07-03,38.97,0.73,53.38356164383561
2018-07-05,39.47,0.73,54.06849315068493
2018-07-06,39.16,0.73,53.64383561643835
2018-07-09,39.75,0.73,54.45205479452055
2018-07-10,40.09,0.73,54.91780821917809
2018-07-11,39.3,0.73,53.83561643835616
2018-07-12,39.27,0.73,53.79452054794521
2018-07-13,39.36,0.73,53.917808219178085
2018-07-16,39.56,0.73,54.19178082191781
2018-07-17,40.03,0.73,54.83561643835617
2018-07-18,39.87,0.73,54.61643835616438
2018-07-19,39.31,0.73,53.849315068493155
2018-07-20,39.4,0.73,53.97260273972603
2018-07-23,39.27,0.73,53.79452054794521
2018-07-24,39.48,0.73,54.082191780821915
2018-07-25,37.65,1.69,22.27810650887574
2018-07-26,36.75,1.69,21.745562130177515
2018-07-27,37.53,1.69,22.207100591715978
2018-07-30,37.67,1.69,22.28994082840237
2018-07-31,37.91,1.69,22.43195266272189
2018-08-01,37.14,1.69,21.976331360946748
2018-08-02,36.62,1.69,21.668639053254438
2018-08-03,37.73,1.69,22.325443786982248
2018-08-06,37.6,1.69,22.24852071005917
2018-08-07,37.58,1.69,22.236686390532544
2018-08-08,37.66,1.69,22.28402366863905
2018-08-09,37.51,1.69,22.19526627218935
2018-08-10,36.59,1.69,21.6508875739645
2018-08-13,36.16,1.69,21.39644970414201
2018-08-14,36.2,1.69,21.42011834319527
2018-08-15,35.94,1.69,21.266272189349113
2018-08-16,36.29,1.69,21.473372781065088
2018-08-17,36.38,1.69,21.526627218934912
2018-08-20,36.77,1.69,21.757396449704146
2018-08-21,36.91,1.69,21.840236686390533
2018-08-22,36.13,1.69,21.378698224852073
2018-08-23,35.67,1.69,21.106508875739646
2018-08-24,35.95,1.69,21.272189349112427
2018-08-27,37.69,1.69,22.301775147928993
2018-08-28,37.32,1.69,22.08284023668639
2018-08-29,37.12,1.69,21.964497041420117
2018-08-30,36.36,1.69,21.514792899408285
2018-08-31,36.05,1.69,21.331360946745562
2018-09-04,35.6,1.69,21.065088757396452
2018-09-05,35.29,1.69,20.881656804733726
2018-09-06,34.38,1.69,20.34319526627219
2018-09-07,33.91,1.69,20.06508875739645
2018-09-10,33.87,1.69,20.041420118343193
2018-09-11,33.77,1.69,19.982248520710062
2018-09-12,34.06,1.69,20.153846153846157
2018-09-13,34.25,1.69,20.266272189349113
2018-09-14,34.63,1.69,20.491124260355033
2018-09-17,35.02,1.69,20.721893491124263
2018-09-18,35.1,1.69,20.76923076923077
2018-09-19,35.73,1.69,21.142011834319526
2018-09-20,36.08,1.69,21.349112426035504
2018-09-21,35.32,1.69,20.899408284023668
2018-09-24,34.75,1.69,20.562130177514792
2018-09-25,33.55,1.69,19.852071005917157
2018-09-26,33.73,1.69,19.958579881656803
2018-09-27,33.67,1.69,19.923076923076923
2018-09-28,33.67,1.69,19.923076923076923
2018-10-01,34.2,1.69,20.236686390532547
2018-10-02,33.3,1.69,19.704142011834318
2018-10-03,34.0,1.69,20.118343195266274
2018-10-04,34.25,1.69,20.266272189349113
2018-10-05,34.12,1.69,20.189349112426033
2018-10-08,34.25,1.69,20.266272189349113
2018-10-09,32.65,1.69,19.319526627218934
2018-10-10,32.6,1.69,19.28994082840237
2018-10-11,32.31,1.69,19.118343195266274
2018-10-12,31.79,1.69,18.810650887573964
2018-10-15,32.12,1.69,19.005917159763314
2018-10-16,32.34,1.69,19.136094674556215
2018-10-17,31.93,1.69,18.893491124260354
2018-10-18,31.08,1.69,18.390532544378697
2018-10-19,31.2,1.69,18.461538461538463
2018-10-22,31.34,1.69,18.544378698224854
2018-10-23,32.12,1.69,19.005917159763314
2018-10-24,30.56,1.69,18.08284023668639
2018-10-25,32.0,1.69,18.93491124260355
2018-10-26,32.65,1.69,19.319526627218934
2018-10-29,33.13,1.69,19.60355029585799
2018-10-30,33.54,1.69,19.846153846153847
2018-10-31,36.59,1.77,20.672316384180792
2018-11-01,36.47,1.77,20.604519774011298
2018-11-02,36.03,1.77,20.35593220338983
2018-11-05,36.25,1.77,20.480225988700564
2018-11-06,36.46,1.77,20.598870056497177
2018-11-07,36.88,1.77,20.836158192090398
2018-11-08,36.57,1.77,20.661016949152543
2018-11-09,35.7,1.77,20.16949152542373
2018-11-12,35.69,1.77,20.163841807909602
2018-11-13,35.93,1.77,20.29943502824859
2018-11-14,35.23,1.77,19.903954802259886
2018-11-15,35.55,1.77,20.08474576271186
2018-11-16,35.75,1.77,20.19774011299435
2018-11-19,35.68,1.77,20.15819209039548
2018-11-20,35.09,1.77,19.82485875706215
2018-11-21,35.55,1.77,20.08474576271186
2018-11-23,35.93,1.77,20.29943502824859
2018-11-26,37.65,1.77,21.271186440677965
2018-11-27,36.69,1.77,20.72881355932203
2018-11-28,36.95,1.77,20.875706214689266
2018-11-29,36.76,1.77,20.768361581920903
2018-11-30,37.95,1.77,21.440677966101696
2018-12-03,38.45,1.77,21.72316384180791
2018-12-04,36.52,1.77,20.632768361581924
2018-12-06,35.7,1.77,20.16949152542373
2018-12-07,34.69,1.77,19.598870056497173
2018-12-10,34.42,1.77,19.44632768361582
2018-12-11,34.69,1.77,19.598870056497173
2018-12-12,35.68,1.77,20.15819209039548
2018-12-13,35.11,1.77,19.836158192090394
2018-12-14,35.1,1.77,19.830508474576273
2018-12-17,34.66,1.77,19.5819209039548
2018-12-18,34.9,1.77,19.717514124293785
2018-12-19,34.93,1.77,19.73446327683616
2018-12-20,34.27,1.77,19.361581920903955
2018-12-21,32.98,1.77,18.63276836158192
2018-12-24,32.37,1.77,18.28813559322034
2018-12-26,33.52,1.77,18.937853107344633
2018-12-27,33.96,1.77,19.1864406779661
2018-12-28,33.92,1.77,19.163841807909606
2018-12-31,33.45,1.77,18.898305084745765
2019-01-02,33.64,1.77,19.005649717514125
2019-01-03,32.25,1.77,18.220338983050848
2019-01-04,33.33,1.77,18.83050847457627
2019-01-07,34.36,1.77,19.412429378531073
2019-01-08,34.81,1.77,19.666666666666668
2019-01-09,35.18,1.77,19.875706214689266
2019-01-10,34.73,1.77,19.62146892655367
2019-01-11,37.18,1.77,21.005649717514125
2019-01-14,37.66,1.77,21.27683615819209
2019-01-15,37.55,1.77,21.21468926553672
2019-01-16,37.67,1.77,21.282485875706215
2019-01-17,38.26,1.77,21.615819209039547
2019-01-18,38.61,1.77,21.813559322033896
2019-01-22,38.15,1.77,21.55367231638418
2019-01-23,37.67,1.77,21.282485875706215
2019-01-24,38.16,1.77,21.559322033898304
2019-01-25,38.64,1.77,21.83050847457627
2019-01-28,38.46,1.77,21.728813559322035
2019-01-29,38.47,1.77,21.734463276836156
2019-01-30,39.09,1.77,22.084745762711865
2019-01-31,39.02,1.77,22.045197740112997
2019-02-01,38.78,1.77,21.90960451977401
2019-02-04,38.93,1.77,21.994350282485875
2019-02-05,39.3,1.77,22.203389830508474
2019-02-06,39.91,1.42,28.1056338028169
2019-02-07,38.65,1.42,27.218309859154928
2019-02-08,38.7,1.42,27.253521126760567
2019-02-11,38.63,1.42,27.20422535211268
2019-02-12,39.03,1.42,27.485915492957748
2019-02-13,39.0,1.42,27.464788732394368
2019-02-14,38.89,1.42,27.387323943661972
2019-02-15,39.09,1.42,27.52816901408451
2019-02-19,39.53,1.42,27.838028169014088
2019-02-20,39.95,1.42,28.13380281690141
2019-02-21,39.62,1.42,27.901408450704224
2019-02-22,39.99,1.42,28.16197183098592
2019-02-25,40.14,1.42,28.26760563380282
2019-02-26,40.11,1.42,28.246478873239436
2019-02-27,40.0,1.42,28.169014084507044
2019-02-28,39.48,1.42,27.80281690140845
2019-03-01,39.53,1.42,27.838028169014088
2019-03-04,39.25,1.42,27.640845070422536
2019-03-05,39.28,1.42,27.661971830985916
2019-03-06,38.67,1.42,27.232394366197184
2019-03-07,38.04,1.42,26.7887323943662
2019-03-08,37.99,1.42,26.753521126760567
2019-03-11,38.62,1.42,27.197183098591548
2019-03-12,38.62,1.42,27.197183098591548
2019-03-13,38.8,1.42,27.323943661971832
2019-03-14,38.03,1.42,26.781690140845072
2019-03-15,38.07,1.42,26.80985915492958
2019-03-18,37.98,1.42,26.746478873239436
2019-03-19,38.27,1.42,26.950704225352116
2019-03-20,37.0,1.42,26.056338028169016
2019-03-21,37.35,1.42,26.302816901408452
2019-03-22,36.44,1.42,25.661971830985916
2019-03-25,36.75,1.42,25.880281690140848
2019-03-26,36.87,1.42,25.964788732394364
2019-03-27,36.61,1.42,25.781690140845072
2019-03-28,37.06,1.42,26.098591549295776
2019-03-29,37.1,1.42,26.126760563380284
2019-04-01,37.76,1.42,26.591549295774648
2019-04-02,37.81,1.42,26.626760563380284
2019-04-03,38.39,1.42,27.035211267605636
2019-04-04,38.79,1.42,27.316901408450704
2019-04-05,38.94,1.42,27.422535211267604
2019-04-08,39.06,1.42,27.50704225352113
2019-04-09,38.86,1.42,27.366197183098592
2019-04-10,39.25,1.42,27.640845070422536
2019-04-11,39.33,1.42,27.697183098591548
2019-04-12,39.71,1.42,27.964788732394368
2019-04-15,39.57,1.42,27.866197183098592
2019-04-16,39.66,1.42,27.929577464788732
2019-04-17,39.99,1.42,28.16197183098592
2019-04-18,40.3,1.42,28.380281690140844
2019-04-22,39.5,1.42,27.816901408450704
2019-04-23,39.83,1.42,28.049295774647888
2019-04-24,39.72,1.42,27.971830985915492
2019-04-25,39.11,1.42,27.54225352112676
2019-04-26,39.68,1.42,27.943661971830988
2019-04-29,40.01,1.42,28.176056338028168
2019-04-30,38.95,1.5,25.96666666666667
2019-05-01,38.75,1.5,25.833333333333332
2019-05-02,38.25,1.5,25.5
2019-05-03,38.8,1.5,25.866666666666664
2019-05-06,38.09,1.5,25.393333333333334
2019-05-07,38.53,1.5,25.686666666666667
2019-05-08,38.21,1.5,25.473333333333333
2019-05-09,37.58,1.5,25.05333333333333
2019-05-10,37.89,1.5,25.26
2019-05-13,36.56,1.5,24.373333333333335
2019-05-14,37.04,1.5,24.69333333333333
2019-05-15,37.37,1.5,24.91333333333333
2019-05-16,37.38,1.5,24.92
2019-05-17,37.0,1.5,24.666666666666668
2019-05-20,36.97,1.5,24.646666666666665
2019-05-21,37.13,1.5,24.753333333333334
2019-05-22,35.55,1.5,23.7
2019-05-23,35.13,1.5,23.42
2019-05-24,35.12,1.5,23.41333333333333
2019-05-28,34.85,1.5,23.233333333333334
2019-05-29,34.79,1.5,23.19333333333333
2019-05-30,34.82,1.5,23.213333333333335
2019-05-31,33.34,1.5,22.22666666666667
2019-06-03,33.7,1.5,22.46666666666667
2019-06-04,35.73,1.5,23.819999999999997
2019-06-05,35.84,1.5,23.893333333333334
2019-06-06,35.19,1.5,23.459999999999997
2019-06-07,35.49,1.5,23.66
2019-06-10,36.01,1.5,24.006666666666664
2019-06-11,36.2,1.5,24.133333333333336
2019-06-12,35.67,1.5,23.78
2019-06-13,36.02,1.5,24.013333333333335
2019-06-14,35.66,1.5,23.77333333333333
2019-06-17,36.14,1.5,24.093333333333334
2019-06-18,36.7,1.5,24.46666666666667
2019-06-19,36.78,1.5,24.52
2019-06-20,36.96,1.5,24.64
2019-06-21,36.92,1.5,24.613333333333333
2019-06-24,36.96,1.5,24.64
2019-06-25,37.68,1.5,25.12
2019-06-26,38.13,1.5,25.42
2019-06-27,38.32,1.5,25.546666666666667
2019-06-28,38.53,1.5,25.686666666666667
2019-07-01,38.75,1.5,25.833333333333332
2019-07-02,38.34,1.5,25.560000000000002
2019-07-03,38.16,1.5,25.439999999999998
2019-07-05,38.5,1.5,25.666666666666668
2019-07-08,38.23,1.5,25.486666666666665
2019-07-09,38.08,1.5,25.386666666666667
2019-07-10,38.1,1.5,25.400000000000002
2019-07-11,38.43,1.5,25.62
2019-07-12,39.21,1.5,26.14
2019-07-15,39.36,1.5,26.24
2019-07-16,39.43,1.5,26.286666666666665
2019-07-17,39.16,1.5,26.106666666666666
2019-07-18,39.12,1.5,26.08
2019-07-19,39.48,1.5,26.319999999999997
2019-07-22,39.86,1.5,26.573333333333334
2019-07-23,40.71,1.5,27.14
2019-07-24,40.88,1.5,27.253333333333334
2019-07-25,40.75,1.5,27.166666666666668
2019-07-26,40.77,1.5,27.180000000000003
2019-07-29,40.68,1.5,27.12
2019-07-30,40.43,1.5,26.953333333333333
2019-07-31,40.34,1.5,26.893333333333334
2019-08-01,40.15,1.67,24.04191616766467
2019-08-02,39.78,1.67,23.820359281437128
2019-08-05,39.01,1.67,23.35928143712575
2019-08-06,39.08,1.67,23.40119760479042
2019-08-07,39.39,1.67,23.58682634730539
2019-08-08,40.1,1.67,24.011976047904195
2019-08-09,39.61,1.67,23.718562874251496
2019-08-12,38.86,1.67,23.269461077844312
2019-08-13,39.01,1.67,23.35928143712575
2019-08-14,37.19,1.67,22.269461077844312
2019-08-15,36.47,1.67,21.838323353293415
2019-08-16,37.0,1.67,22.155688622754493
2019-08-19,37.36,1.67,22.37125748502994
2019-08-20,36.96,1.67,22.13173652694611
2019-08-21,37.12,1.67,22.227544910179642
2019-08-22,37.26,1.67,22.311377245508982
2019-08-23,36.06,1.67,21.592814371257486
2019-08-26,36.25,1.67,21.706586826347305
2019-08-27,35.89,1.67,21.491017964071858
2019-08-28,36.44,1.67,21.820359281437124
2019-08-29,36.91,1.67,22.101796407185628
2019-08-30,37.09,1.67,22.209580838323355
2019-09-03,36.91,1.67,22.101796407185628
2019-09-04,38.24,1.67,22.898203592814372
2019-09-05,38.73,1.67,23.191616766467064
2019-09-06,38.78,1.67,23.221556886227546
2019-09-09,39.58,1.67,23.70059880239521
2019-09-10,39.58,1.67,23.70059880239521
2019-09-11,39.46,1.67,23.62874251497006
2019-09-12,39.07,1.67,23.395209580838326
2019-09-13,38.86,1.67,23.269461077844312
2019-09-16,37.21,1.67,22.281437125748504
2019-09-17,38.29,1.67,22.92814371257485
2019-09-18,38.18,1.67,22.862275449101798
2019-09-19,37.78,1.67,22.622754491017965
2019-09-20,37.37,1.67,22.377245508982035
2019-09-23,37.24,1.67,22.299401197604794
2019-09-24,36.77,1.67,22.01796407185629
2019-09-25,37.11,1.67,22.221556886227546
2019-09-26,37.61,1.67,22.520958083832337
2019-09-27,37.42,1.67,22.407185628742518
2019-09-30,37.48,1.67,22.44311377245509
2019-10-01,36.11,1.67,21.622754491017965
2019-10-02,34.68,1.67,20.766467065868266
2019-10-03,34.98,1.67,20.94610778443114
2019-10-04,34.91,1.67,20.904191616766465
2019-10-07,34.75,1.67,20.808383233532936
2019-10-08,33.88,1.67,20.287425149700603
2019-10-09,34.14,1.67,20.443113772455092
2019-10-10,34.66,1.67,20.75449101796407
2019-10-11,35.57,1.67,21.29940119760479
2019-10-14,35.5,1.67,21.25748502994012
2019-10-15,36.26,1.67,21.7125748502994
2019-10-16,36.65,1.67,21.94610778443114
2019-10-17,36.19,1.67,21.67065868263473
2019-10-18,36.17,1.67,21.658682634730543
2019-10-21,35.93,1.67,21.51497005988024
2019-10-22,36.31,1.67,21.742514970059883
2019-10-23,36.61,1.67,21.922155688622755
2019-10-24,35.82,1.67,21.449101796407188
2019-10-25,36.74,1.67,22.000000000000004
2019-10-28,36.64,1.67,21.940119760479043
2019-10-29,38.21,1.62,23.586419753086417
2019-10-30,37.91,1.62,23.40123456790123
2019-10-31,37.16,1.62,22.93827160493827
2019-11-01,37.97,1.62,23.43827160493827
2019-11-04,38.39,1.62,23.697530864197528
2019-11-05,38.23,1.62,23.598765432098762
2019-11-06,38.42,1.62,23.716049382716047
2019-11-07,38.49,1.62,23.75925925925926
2019-11-08,38.67,1.62,23.87037037037037
2019-11-11,38.72,1.62,23.90123456790123
2019-11-12,38.59,1.62,23.820987654320987
2019-11-13,37.19,1.62,22.956790123456788
2019-11-14,36.8,1.62,22.716049382716047
2019-11-15,36.89,1.62,22.771604938271604
2019-11-18,36.62,1.62,22.604938271604937
2019-11-19,36.38,1.62,22.45679012345679
2019-11-20,35.28,1.62,21.77777777777778
2019-11-21,34.67,1.62,21.401234567901234
2019-11-22,35.33,1.62,21.80864197530864
2019-11-25,35.81,1.62,22.104938271604937
2019-11-26,35.91,1.62,22.166666666666664
2019-11-27,36.14,1.62,22.308641975308642
2019-11-29,36.0,1.62,22.22222222222222
2019-12-02,35.88,1.62,22.14814814814815
2019-12-03,35.53,1.62,21.932098765432098
2019-12-04,35.8,1.62,22.098765432098762
2019-12-05,35.31,1.62,21.796296296296298
2019-12-06,35.54,1.62,21.93827160493827
2019-12-09,35.38,1.62,21.839506172839506
2019-12-10,35.11,1.62,21.67283950617284
2019-12-11,35.24,1.62,21.753086419753085
2019-12-12,36.1,1.62,22.28395061728395
2019-12-13,35.65,1.62,22.00617283950617
2019-12-16,36.11,1.62,22.290123456790123
2019-12-17,36.31,1.62,22.41358024691358
2019-12-18,37.31,1.62,23.030864197530864
2019-12-19,37.26,1.62,22.999999999999996
2019-12-20,37.25,1.62,22.993827160493826
2019-12-23,36.77,1.62,22.69753086419753
2019-12-24,36.58,1.62,22.580246913580243
2019-12-26,36.48,1.62,22.518518518518515
2019-12-27,36.56,1.62,22.567901234567902
2019-12-30,36.44,1.62,22.493827160493826
2019-12-31,36.6,1.62,22.59259259259259
2020-01-02,37.38,1.62,23.074074074074073
2020-01-03,36.32,1.62,22.419753086419753
2020-01-06,35.84,1.62,22.12345679012346
2020-01-07,35.15,1.62,21.697530864197528
2020-01-08,34.65,1.62,21.388888888888886
2020-01-09,35.08,1.62,21.65432098765432
2020-01-10,34.65,1.62,21.388888888888886
2020-01-13,34.98,1.62,21.592592592592588
2020-01-14,35.15,1.62,21.697530864197528
2020-01-15,35.15,1.62,21.697530864197528
2020-01-16,35.55,1.62,21.944444444444443
2020-01-17,35.6,1.62,21.975308641975307
2020-01-21,34.99,1.62,21.598765432098766
2020-01-22,34.91,1.62,21.54938271604938
2020-01-23,34.88,1.62,21.530864197530864
2020-01-24,34.31,1.62,21.179012345679013
2020-01-27,33.41,1.62,20.623456790123452
2020-01-28,33.64,1.62,20.76543209876543
2020-01-29,33.6,1.62,20.74074074074074
2020-01-30,33.33,1.62,20.574074074074073
2020-01-31,33.39,1.62,20.61111111111111
2020-02-03,33.72,1.62,20.814814814814813
2020-02-04,34.37,1.62,21.216049382716047
2020-02-05,35.03,-0.17,-206.05882352941177
2020-02-06,34.33,-0.17,-201.9411764705882
2020-02-07,33.63,-0.17,-197.8235294117647
2020-02-10,34.25,-0.17,-201.47058823529412
2020-02-11,35.01,-0.17,-205.9411764705882
2020-02-12,35.49,-0.17,-208.76470588235293
2020-02-13,35.29,-0.17,-207.58823529411762
2020-02-14,34.76,-0.17,-204.4705882352941
2020-02-18,34.41,-0.17,-202.41176470588232
2020-02-19,34.92,-0.17,-205.41176470588235
2020-02-20,35.29,-0.17,-207.58823529411762
2020-02-21,34.65,-0.17,-203.8235294117647
2020-02-24,33.09,-0.17,-194.64705882352942
2020-02-25,31.75,-0.17,-186.76470588235293
2020-02-26,32.0,-0.17,-188.23529411764704
2020-02-27,30.71,-0.17,-180.6470588235294
2020-02-28,30.5,-0.17,-179.41176470588235
2020-03-02,31.42,-0.17,-184.8235294117647
2020-03-03,30.52,-0.17,-179.52941176470586
2020-03-04,31.53,-0.17,-185.47058823529412
2020-03-05,30.1,-0.17,-177.05882352941177
2020-03-06,28.69,-0.17,-168.76470588235293
2020-03-09,24.69,-0.17,-145.23529411764704
2020-03-10,27.12,-0.17,-159.52941176470588
2020-03-11,26.0,-0.17,-152.94117647058823
2020-03-12,23.04,-0.17,-135.52941176470586
2020-03-13,24.71,-0.17,-145.35294117647058
2020-03-16,21.0,-0.17,-123.52941176470587
2020-03-17,20.32,-0.17,-119.52941176470587
2020-03-18,16.8,-0.17,-98.82352941176471
2020-03-19,17.71,-0.17,-104.17647058823529
2020-03-20,18.14,-0.17,-106.70588235294117
2020-03-23,17.6,-0.17,-103.52941176470588
2020-03-24,21.11,-0.17,-124.17647058823528
2020-03-25,21.49,-0.17,-126.41176470588233
2020-03-26,22.56,-0.17,-132.70588235294116
2020-03-27,21.38,-0.17,-125.76470588235293
2020-03-30,21.32,-0.17,-125.41176470588235
2020-03-31,20.78,-0.17,-122.23529411764706
2020-04-01,19.26,-0.17,-113.29411764705883
2020-04-02,18.19,-0.17,-107.0
2020-04-03,18.04,-0.17,-106.11764705882352
2020-04-06,19.55,-0.17,-115.0
2020-04-07,21.3,-0.17,-125.29411764705881
2020-04-08,23.13,-0.17,-136.05882352941174
2020-04-09,24.06,-0.17,-141.52941176470586
2020-04-13,23.01,-0.17,-135.35294117647058
2020-04-14,22.98,-0.17,-135.17647058823528
2020-04-15,21.66,-0.17,-127.41176470588235
2020-04-16,20.87,-0.17,-122.76470588235294
2020-04-17,22.48,-0.17,-132.23529411764704
2020-04-20,22.38,-0.17,-131.6470588235294
2020-04-21,21.24,-0.17,-124.94117647058822
2020-04-22,21.3,-0.17,-125.29411764705881
2020-04-23,21.52,-0.17,-126.58823529411764
2020-04-24,21.95,-0.17,-129.1176470588235
2020-04-27,22.45,-0.17,-132.05882352941174
2020-04-28,22.18,-0.17,-130.47058823529412
2020-04-29,23.78,-0.17,-139.88235294117646
2020-04-30,22.29,-0.17,-131.1176470588235
2020-05-01,20.9,-0.17,-122.94117647058822
2020-05-04,20.75,-0.17,-122.05882352941175
2020-05-05,21.26,-0.17,-125.05882352941177
2020-05-06,21.89,-0.17,-128.76470588235293
2020-05-07,22.44,-0.17,-132.0
2020-05-08,23.93,-0.17,-140.76470588235293
2020-05-11,22.8,-0.17,-134.11764705882354
2020-05-12,22.56,-0.17,-132.70588235294116
2020-05-13,21.46,-0.17,-126.23529411764706
2020-05-14,22.31,-0.17,-131.23529411764704
2020-05-15,22.63,-0.17,-133.1176470588235
2020-05-18,24.81,-0.17,-145.9411764705882
2020-05-19,24.69,-0.17,-145.23529411764704
2020-05-20,25.48,-0.17,-149.88235294117646
2020-05-21,25.8,-0.17,-151.76470588235293
2020-05-22,25.98,-0.17,-152.8235294117647
2020-05-26,27.4,-0.17,-161.17647058823528
2020-05-27,27.79,-0.17,-163.4705882352941
2020-05-28,26.68,-0.17,-156.94117647058823
2020-05-29,25.88,-0.17,-152.23529411764704
2020-06-01,26.94,-0.17,-158.47058823529412
2020-06-02,27.41,-0.17,-161.23529411764704
2020-06-03,29.07,-0.17,-171.0
2020-06-04,29.16,-0.17,-171.52941176470588
2020-06-05,30.61,-0.17,-180.05882352941174
2020-06-08,30.68,-0.17,-180.47058823529412
2020-06-09,29.86,-0.17,-175.6470588235294
2020-06-10,28.75,-0.17,-169.1176470588235
2020-06-11,26.5,-0.17,-155.88235294117646
2020-06-12,27.96,-0.17,-164.47058823529412
2020-06-15,27.77,-0.17,-163.35294117647058
2020-06-16,27.780001,-0.17,-163.41177058823527
2020-06-17,27.16,-0.17,-159.76470588235293
2020-06-18,27.09,-0.17,-159.35294117647058
2020-06-19,26.59,-0.17,-156.41176470588235
2020-06-22,26.370001,-0.17,-155.11765294117646
2020-06-23,26.25,-0.17,-154.41176470588235
2020-06-24,25.280001,-0.17,-148.7058882352941
2020-06-25,25.23,-0.17,-148.41176470588235
2020-06-26,24.459999,-0.17,-143.8823470588235
2020-06-29,25.299999,-0.17,-148.82352352941174
2020-06-30,25.299999,-0.17,-148.82352352941174
2020-07-01,24.959999,-0.17,-146.82352352941174
2020-07-02,25.24,-0.17,-148.4705882352941
2020-07-06,25.73,-0.17,-151.35294117647058
2020-07-07,25.129999,-0.17,-147.82352352941177
2020-07-08,24.940001,-0.17,-146.7058882352941
2020-07-09,23.42,-0.17,-137.76470588235293
2020-07-10,24.389999,-0.17,-143.47058235294116
2020-07-13,24.860001,-0.17,-146.2353
2020-07-14,25.639999,-0.17,-150.82352352941174
2020-07-15,26.879999,-0.17,-158.11764117647058
2020-07-16,26.85,-0.17,-157.94117647058823
2020-07-17,26.450001,-0.17,-155.58824117647058
2020-07-20,26.01,-0.17,-153.0
2020-07-21,26.15,-0.17,-153.8235294117647
2020-07-22,26.299999,-0.17,-154.7058764705882
2020-07-23,26.76,-0.17,-157.41176470588235
2020-07-24,26.25,-0.17,-154.41176470588235
2020-07-27,25.700001,-0.17,-151.17647647058823
2020-07-28,26.33,-0.17,-154.88235294117644
2020-07-29,25.889999,-0.56,-46.232141071428565
2020-07-30,25.200001,-0.56,-45.00000178571428
2020-07-31,24.889999,-0.56,-44.44642678571428
2020-08-03,25.639999,-0.56,-45.785712499999995
2020-08-04,25.799999,-0.56,-46.07142678571428
2020-08-05,26.33,-0.56,-47.01785714285714
2020-08-06,26.620001,-0.56,-47.53571607142857
