date,HCA,HCA_EPS,PE Ratio
,,0.03,
1994-05-16,,0.09,
1994-08-12,,0.09,
1994-11-14,,0.07,
1995-05-15,,0.12,
1995-08-14,,0.11,
1995-11-13,,0.09,
1996-05-10,,0.14,
1996-08-09,,0.11,
1996-11-12,,0.1,
2000-05-11,,0.12,
2000-08-07,,0.08,
2000-11-08,,0.07,
2001-05-11,,0.13,
2001-08-14,,0.11,
2001-11-14,,0.09,
2002-08-14,,0.16,
2002-11-14,,0.13,
2003-03-28,,0.13,
2003-05-13,,0.18,
2003-08-11,,0.14,
2003-11-13,,0.13,
2004-03-12,,0.13,
2004-05-06,,0.15,
2004-08-06,,0.16,
2004-11-09,,0.11,
2005-03-11,,0.16,
2005-05-06,,0.21,
2005-08-04,,0.19,
2005-11-08,,0.14,
2006-03-14,,0.15,
2006-05-10,,0.2,
2006-08-04,,0.16,
2006-10-31,,0.11,
2007-03-27,,0.0,
2007-05-15,,0.0,
2007-08-14,,0.0,
2007-11-08,,0.0,
2008-03-28,,0.0,
2008-05-12,,0.0,
2008-08-13,,0.0,
2008-11-13,,0.0,
2009-03-04,,0.0,
2009-05-14,,0.0,
2009-08-14,,0.0,
2009-11-12,,0.0,
2010-03-01,,0.0,
2010-05-07,,0.92,
2010-08-11,,0.82,
2010-11-09,,0.57,
2011-02-17,,0.64,
2011-03-10,31.02,0.64,48.46875
2011-03-11,31.12,0.64,48.625
2011-03-14,30.91,0.64,48.296875
2011-03-15,31.34,0.64,48.96875
2011-03-16,31.25,0.64,48.828125
2011-03-17,31.91,0.64,49.859375
2011-03-18,33.06,0.64,51.65625
2011-03-21,32.25,0.64,50.390625
2011-03-22,31.87,0.64,49.796875
2011-03-23,32.68,0.64,51.0625
2011-03-24,32.69,0.64,51.07812499999999
2011-03-25,32.95,0.64,51.484375
2011-03-28,33.04,0.64,51.625
2011-03-29,33.89,0.64,52.953125
2011-03-30,34.24,0.64,53.5
2011-03-31,33.87,0.64,52.92187499999999
2011-04-01,33.74,0.64,52.71875
2011-04-04,33.67,0.64,52.609375
2011-04-05,34.02,0.64,53.15625000000001
2011-04-06,33.3,0.64,52.03124999999999
2011-04-07,33.66,0.64,52.59374999999999
2011-04-08,33.17,0.64,51.828125
2011-04-11,32.12,0.64,50.18749999999999
2011-04-12,31.53,0.64,49.265625
2011-04-13,32.06,0.64,50.09375
2011-04-14,32.14,0.64,50.21875
2011-04-15,31.98,0.64,49.96875
2011-04-18,32.08,0.64,50.12499999999999
2011-04-19,31.74,0.64,49.59375
2011-04-20,31.65,0.64,49.453125
2011-04-21,31.4,0.64,49.0625
2011-04-25,31.4,0.64,49.0625
2011-04-26,32.0,0.64,50.0
2011-04-27,32.65,0.64,51.015625
2011-04-28,32.57,0.64,50.890625
2011-04-29,32.8,0.64,51.24999999999999
2011-05-02,33.44,0.64,52.24999999999999
2011-05-03,32.61,0.64,50.953125
2011-05-04,33.55,0.64,52.42187499999999
2011-05-05,34.34,0.64,53.65625000000001
2011-05-06,34.25,0.64,53.515625
2011-05-09,34.49,0.64,53.890625
2011-05-10,34.59,0.64,54.04687500000001
2011-05-11,34.54,0.77,44.857142857142854
2011-05-12,34.51,0.77,44.81818181818181
2011-05-13,34.6,0.77,44.935064935064936
2011-05-16,34.25,0.77,44.48051948051948
2011-05-17,34.54,0.77,44.857142857142854
2011-05-18,35.07,0.77,45.54545454545455
2011-05-19,35.05,0.77,45.51948051948052
2011-05-20,34.63,0.77,44.97402597402598
2011-05-23,34.41,0.77,44.688311688311686
2011-05-24,34.49,0.77,44.79220779220779
2011-05-25,34.68,0.77,45.03896103896104
2011-05-26,34.83,0.77,45.23376623376623
2011-05-27,34.74,0.77,45.116883116883116
2011-05-31,34.89,0.77,45.311688311688314
2011-06-01,34.77,0.77,45.15584415584416
2011-06-02,34.36,0.77,44.62337662337662
2011-06-03,34.14,0.77,44.33766233766234
2011-06-06,33.74,0.77,43.81818181818182
2011-06-07,34.52,0.77,44.83116883116883
2011-06-08,34.76,0.77,45.14285714285714
2011-06-09,35.24,0.77,45.76623376623377
2011-06-10,33.9,0.77,44.02597402597402
2011-06-13,33.65,0.77,43.7012987012987
2011-06-14,33.54,0.77,43.55844155844156
2011-06-15,33.15,0.77,43.05194805194805
2011-06-16,33.87,0.77,43.98701298701298
2011-06-17,34.59,0.77,44.922077922077925
2011-06-20,34.23,0.77,44.454545454545446
2011-06-21,33.9,0.77,44.02597402597402
2011-06-22,33.42,0.77,43.4025974025974
2011-06-23,33.21,0.77,43.12987012987013
2011-06-24,32.25,0.77,41.883116883116884
2011-06-27,32.48,0.77,42.18181818181818
2011-06-28,32.75,0.77,42.53246753246753
2011-06-29,32.76,0.77,42.54545454545454
2011-06-30,33.0,0.77,42.857142857142854
2011-07-01,33.06,0.77,42.935064935064936
2011-07-05,33.17,0.77,43.07792207792208
2011-07-06,33.99,0.77,44.142857142857146
2011-07-07,34.29,0.77,44.53246753246753
2011-07-08,33.83,0.77,43.93506493506493
2011-07-11,33.06,0.77,42.935064935064936
2011-07-12,32.8,0.77,42.59740259740259
2011-07-13,33.24,0.77,43.16883116883117
2011-07-14,33.22,0.77,43.14285714285714
2011-07-15,33.22,0.77,43.14285714285714
2011-07-18,32.59,0.77,42.324675324675326
2011-07-19,33.03,0.77,42.896103896103895
2011-07-20,33.25,0.77,43.18181818181818
2011-07-21,34.43,0.77,44.714285714285715
2011-07-22,34.61,0.77,44.94805194805195
2011-07-25,27.97,0.77,36.324675324675326
2011-07-26,28.04,0.77,36.41558441558441
2011-07-27,27.37,0.77,35.54545454545455
2011-07-28,27.22,0.77,35.35064935064935
2011-07-29,26.68,0.77,34.64935064935065
2011-08-01,24.94,0.77,32.38961038961039
2011-08-02,24.64,0.77,32.0
2011-08-03,24.76,0.77,32.15584415584416
2011-08-04,22.9,0.77,29.740259740259738
2011-08-05,21.99,0.52,42.28846153846153
2011-08-08,18.19,0.52,34.98076923076923
2011-08-09,18.35,0.52,35.28846153846154
2011-08-10,18.58,0.52,35.730769230769226
2011-08-11,19.47,0.52,37.442307692307686
2011-08-12,21.22,0.52,40.80769230769231
2011-08-15,22.58,0.52,43.42307692307692
2011-08-16,21.77,0.52,41.86538461538461
2011-08-17,20.99,0.52,40.36538461538461
2011-08-18,19.96,0.52,38.38461538461539
2011-08-19,19.27,0.52,37.05769230769231
2011-08-22,19.06,0.52,36.65384615384615
2011-08-23,19.58,0.52,37.653846153846146
2011-08-24,20.04,0.52,38.53846153846153
2011-08-25,19.06,0.52,36.65384615384615
2011-08-26,19.5,0.52,37.5
2011-08-29,19.98,0.52,38.42307692307692
2011-08-30,19.86,0.52,38.19230769230769
2011-08-31,20.03,0.52,38.519230769230774
2011-09-01,19.19,0.52,36.90384615384615
2011-09-02,18.65,0.52,35.86538461538461
2011-09-06,18.76,0.52,36.07692307692308
2011-09-07,19.84,0.52,38.15384615384615
2011-09-08,19.49,0.52,37.480769230769226
2011-09-09,18.3,0.52,35.19230769230769
2011-09-12,18.4,0.52,35.38461538461538
2011-09-13,17.66,0.52,33.96153846153846
2011-09-14,18.61,0.52,35.78846153846153
2011-09-15,20.84,0.52,40.07692307692307
2011-09-16,21.23,0.52,40.82692307692307
2011-09-19,19.81,0.52,38.09615384615384
2011-09-20,19.9,0.52,38.26923076923077
2011-09-21,19.82,0.52,38.11538461538461
2011-09-22,19.92,0.52,38.30769230769231
2011-09-23,19.46,0.52,37.42307692307693
2011-09-26,19.85,0.52,38.17307692307693
2011-09-27,19.83,0.52,38.13461538461538
2011-09-28,19.2,0.52,36.92307692307692
2011-09-29,19.8,0.52,38.07692307692308
2011-09-30,20.16,0.52,38.76923076923077
2011-10-03,18.81,0.52,36.17307692307692
2011-10-04,18.61,0.52,35.78846153846153
2011-10-05,18.07,0.52,34.75
2011-10-06,18.27,0.52,35.13461538461538
2011-10-07,18.6,0.52,35.769230769230774
2011-10-10,19.18,0.52,36.88461538461538
2011-10-11,19.1,0.52,36.73076923076923
2011-10-12,20.32,0.52,39.07692307692307
2011-10-13,21.13,0.52,40.63461538461538
2011-10-14,22.05,0.52,42.40384615384615
2011-10-17,21.8,0.52,41.92307692307692
2011-10-18,22.7,0.52,43.65384615384615
2011-10-19,21.94,0.52,42.19230769230769
2011-10-20,21.67,0.52,41.67307692307693
2011-10-21,23.31,0.52,44.82692307692307
2011-10-24,22.8,0.52,43.84615384615385
2011-10-25,22.16,0.52,42.61538461538461
2011-10-26,22.34,0.52,42.96153846153846
2011-10-27,22.54,0.52,43.34615384615384
2011-10-28,22.78,0.52,43.80769230769231
2011-10-31,23.45,0.52,45.09615384615385
2011-11-01,23.5,0.52,45.19230769230769
2011-11-02,23.35,0.52,44.90384615384615
2011-11-03,23.09,0.52,44.40384615384615
2011-11-04,23.51,0.52,45.21153846153846
2011-11-07,24.52,0.52,47.15384615384615
2011-11-08,25.21,0.52,48.48076923076923
2011-11-09,25.02,0.62,40.354838709677416
2011-11-10,25.87,0.62,41.725806451612904
2011-11-11,26.53,0.62,42.79032258064516
2011-11-14,26.53,0.62,42.79032258064516
2011-11-15,26.61,0.62,42.91935483870968
2011-11-16,25.52,0.62,41.16129032258065
2011-11-17,25.05,0.62,40.403225806451616
2011-11-18,25.2,0.62,40.64516129032258
2011-11-21,25.04,0.62,40.387096774193544
2011-11-22,23.95,0.62,38.62903225806451
2011-11-23,23.58,0.62,38.03225806451613
2011-11-25,23.46,0.62,37.83870967741936
2011-11-28,23.77,0.62,38.33870967741935
2011-11-29,24.05,0.62,38.79032258064516
2011-11-30,24.38,0.62,39.32258064516129
2011-12-01,24.19,0.62,39.016129032258064
2011-12-02,22.45,0.62,36.20967741935484
2011-12-05,23.65,0.62,38.14516129032258
2011-12-06,23.24,0.62,37.483870967741936
2011-12-07,22.67,0.62,36.56451612903226
2011-12-08,21.45,0.62,34.596774193548384
2011-12-09,21.18,0.62,34.16129032258065
2011-12-12,20.66,0.62,33.32258064516129
2011-12-13,20.22,0.62,32.61290322580645
2011-12-14,20.6,0.62,33.225806451612904
2011-12-15,21.14,0.62,34.09677419354839
2011-12-16,21.57,0.62,34.79032258064516
2011-12-19,21.23,0.62,34.24193548387097
2011-12-20,21.06,0.62,33.96774193548387
2011-12-21,21.9,0.62,35.32258064516129
2011-12-22,21.88,0.62,35.29032258064516
2011-12-23,21.46,0.62,34.612903225806456
2011-12-27,21.38,0.62,34.483870967741936
2011-12-28,20.91,0.62,33.725806451612904
2011-12-29,21.27,0.62,34.306451612903224
2011-12-30,22.03,0.62,35.53225806451613
2012-01-03,21.64,0.62,34.903225806451616
2012-01-04,20.8,0.62,33.54838709677419
2012-01-05,21.29,0.62,34.33870967741935
2012-01-06,22.34,0.62,36.03225806451613
2012-01-09,21.65,0.62,34.91935483870967
2012-01-10,22.46,0.62,36.225806451612904
2012-01-11,23.8,0.62,38.38709677419355
2012-01-12,23.32,0.62,37.612903225806456
2012-01-13,23.9,0.62,38.54838709677419
2012-01-17,24.02,0.62,38.74193548387097
2012-01-18,24.26,0.62,39.12903225806452
2012-01-19,24.51,0.62,39.532258064516135
2012-01-20,24.5,0.62,39.516129032258064
2012-01-23,24.64,0.62,39.74193548387097
2012-01-24,26.06,0.62,42.03225806451613
2012-01-25,27.0,0.62,43.54838709677419
2012-01-26,26.36,0.62,42.516129032258064
2012-01-27,25.72,0.62,41.483870967741936
2012-01-30,24.85,0.62,40.08064516129033
2012-01-31,24.44,0.62,39.41935483870968
2012-02-01,24.97,0.62,40.274193548387096
2012-02-02,25.27,0.62,40.75806451612903
2012-02-03,26.46,0.62,42.67741935483871
2012-02-06,28.4,0.62,45.806451612903224
2012-02-07,28.82,0.62,46.483870967741936
2012-02-08,28.97,0.62,46.725806451612904
2012-02-09,27.8,0.62,44.83870967741936
2012-02-10,27.83,0.62,44.887096774193544
2012-02-13,27.31,0.62,44.04838709677419
2012-02-14,25.09,0.62,40.46774193548387
2012-02-15,24.84,0.62,40.064516129032256
2012-02-16,25.94,0.62,41.83870967741936
2012-02-17,25.08,0.62,40.4516129032258
2012-02-21,25.17,0.62,40.59677419354839
2012-02-22,25.6,0.62,41.29032258064517
2012-02-23,26.07,0.62,42.04838709677419
2012-02-24,26.74,1.27,21.05511811023622
2012-02-27,26.98,1.27,21.244094488188978
2012-02-28,26.93,1.27,21.20472440944882
2012-02-29,26.67,1.27,21.0
2012-03-01,26.25,1.27,20.669291338582678
2012-03-02,25.91,1.27,20.401574803149607
2012-03-05,25.88,1.27,20.37795275590551
2012-03-06,25.16,1.27,19.811023622047244
2012-03-07,25.39,1.27,19.99212598425197
2012-03-08,25.28,1.27,19.905511811023622
2012-03-09,25.62,1.27,20.173228346456693
2012-03-12,25.02,1.27,19.700787401574804
2012-03-13,25.25,1.27,19.881889763779526
2012-03-14,25.76,1.27,20.283464566929133
2012-03-15,25.42,1.27,20.015748031496063
2012-03-16,25.44,1.27,20.031496062992126
2012-03-19,25.16,1.27,19.811023622047244
2012-03-20,24.67,1.27,19.425196850393704
2012-03-21,25.02,1.27,19.700787401574804
2012-03-22,24.78,1.27,19.511811023622048
2012-03-23,25.05,1.27,19.724409448818896
2012-03-26,25.31,1.27,19.929133858267715
2012-03-27,24.28,1.27,19.118110236220474
2012-03-28,23.96,1.27,18.866141732283467
2012-03-29,23.89,1.27,18.811023622047244
2012-03-30,24.74,1.27,19.48031496062992
2012-04-02,25.98,1.27,20.456692913385826
2012-04-03,26.92,1.27,21.19685039370079
2012-04-04,26.86,1.27,21.149606299212596
2012-04-05,26.96,1.27,21.228346456692915
2012-04-09,26.85,1.27,21.141732283464567
2012-04-10,26.35,1.27,20.748031496062993
2012-04-11,26.73,1.27,21.04724409448819
2012-04-12,27.57,1.27,21.708661417322833
2012-04-13,27.0,1.27,21.25984251968504
2012-04-16,27.18,1.27,21.401574803149607
2012-04-17,27.61,1.27,21.74015748031496
2012-04-18,27.49,1.27,21.64566929133858
2012-04-19,27.6,1.27,21.73228346456693
2012-04-20,26.98,1.27,21.244094488188978
2012-04-23,26.26,1.27,20.67716535433071
2012-04-24,26.86,1.27,21.149606299212596
2012-04-25,27.05,1.27,21.299212598425196
2012-04-26,27.3,1.27,21.496062992125985
2012-04-27,27.23,1.27,21.440944881889763
2012-04-30,26.92,1.27,21.19685039370079
2012-05-01,27.56,1.27,21.7007874015748
2012-05-02,26.99,1.27,21.251968503937007
2012-05-03,26.76,1.27,21.070866141732285
2012-05-04,26.69,1.27,21.015748031496063
2012-05-07,26.26,1.27,20.67716535433071
2012-05-08,26.6,1.27,20.94488188976378
2012-05-09,26.44,1.18,22.40677966101695
2012-05-10,26.27,1.18,22.262711864406782
2012-05-11,26.25,1.18,22.24576271186441
2012-05-14,25.89,1.18,21.940677966101696
2012-05-15,25.72,1.18,21.796610169491526
2012-05-16,25.37,1.18,21.500000000000004
2012-05-17,25.44,1.18,21.559322033898308
2012-05-18,24.63,1.18,20.872881355932204
2012-05-21,25.85,1.18,21.90677966101695
2012-05-22,26.07,1.18,22.093220338983052
2012-05-23,26.0,1.18,22.033898305084747
2012-05-24,26.1,1.18,22.118644067796613
2012-05-25,26.02,1.18,22.05084745762712
2012-05-29,26.35,1.18,22.330508474576273
2012-05-30,26.0,1.18,22.033898305084747
2012-05-31,25.99,1.18,22.02542372881356
2012-06-01,24.74,1.18,20.966101694915253
2012-06-04,24.4,1.18,20.677966101694913
2012-06-05,25.03,1.18,21.211864406779664
2012-06-06,25.77,1.18,21.838983050847457
2012-06-07,25.45,1.18,21.56779661016949
2012-06-08,25.75,1.18,21.822033898305087
2012-06-11,26.09,1.18,22.110169491525426
2012-06-12,26.2,1.18,22.203389830508474
2012-06-13,26.22,1.18,22.220338983050848
2012-06-14,26.4,1.18,22.372881355932204
2012-06-15,26.73,1.18,22.652542372881356
2012-06-18,26.87,1.18,22.77118644067797
2012-06-19,27.15,1.18,23.008474576271187
2012-06-20,27.23,1.18,23.076271186440678
2012-06-21,26.53,1.18,22.48305084745763
2012-06-22,26.25,1.18,22.24576271186441
2012-06-25,25.61,1.18,21.703389830508474
2012-06-26,26.19,1.18,22.19491525423729
2012-06-27,26.61,1.18,22.550847457627118
2012-06-28,29.47,1.18,24.97457627118644
2012-06-29,30.43,1.18,25.78813559322034
2012-07-02,29.99,1.18,25.415254237288135
2012-07-03,29.5,1.18,25.0
2012-07-05,28.74,1.18,24.35593220338983
2012-07-06,28.41,1.18,24.076271186440678
2012-07-09,28.15,1.18,23.85593220338983
2012-07-10,28.03,1.18,23.754237288135595
2012-07-11,27.91,1.18,23.652542372881356
2012-07-12,27.83,1.18,23.584745762711865
2012-07-13,28.16,1.18,23.864406779661017
2012-07-16,27.77,1.18,23.533898305084747
2012-07-17,28.13,1.18,23.838983050847457
2012-07-18,28.6,1.18,24.23728813559322
2012-07-19,27.79,1.18,23.550847457627118
2012-07-20,27.52,1.18,23.322033898305087
2012-07-23,27.02,1.18,22.898305084745765
2012-07-24,26.76,1.18,22.677966101694917
2012-07-25,27.16,1.18,23.016949152542374
2012-07-26,26.9,1.18,22.796610169491526
2012-07-27,27.31,1.18,23.14406779661017
2012-07-30,27.14,1.18,23.0
2012-07-31,26.48,1.18,22.440677966101696
2012-08-01,26.24,1.18,22.23728813559322
2012-08-02,26.44,1.18,22.40677966101695
2012-08-03,26.6,1.18,22.542372881355934
2012-08-06,25.55,-1.23,-20.772357723577237
2012-08-07,26.89,-1.23,-21.86178861788618
2012-08-08,27.25,-1.23,-22.15447154471545
2012-08-09,27.41,-1.23,-22.284552845528456
2012-08-10,27.21,-1.23,-22.121951219512198
2012-08-13,27.09,-1.23,-22.024390243902438
2012-08-14,27.19,-1.23,-22.10569105691057
2012-08-15,27.27,-1.23,-22.170731707317074
2012-08-16,28.11,-1.23,-22.853658536585364
2012-08-17,29.01,-1.23,-23.585365853658537
2012-08-20,29.04,-1.23,-23.609756097560975
2012-08-21,28.6,-1.23,-23.252032520325205
2012-08-22,28.3,-1.23,-23.008130081300813
2012-08-23,28.13,-1.23,-22.869918699186993
2012-08-24,28.12,-1.23,-22.86178861788618
2012-08-27,28.36,-1.23,-23.056910569105693
2012-08-28,28.35,-1.23,-23.04878048780488
2012-08-29,28.32,-1.23,-23.024390243902438
2012-08-30,28.51,-1.23,-23.178861788617887
2012-08-31,28.55,-1.23,-23.211382113821138
2012-09-04,28.54,-1.23,-23.203252032520325
2012-09-05,28.73,-1.23,-23.357723577235774
2012-09-06,29.34,-1.23,-23.853658536585368
2012-09-07,29.31,-1.23,-23.829268292682926
2012-09-10,29.2,-1.23,-23.739837398373982
2012-09-11,28.93,-1.23,-23.520325203252032
2012-09-12,29.16,-1.23,-23.70731707317073
2012-09-13,30.3,-1.23,-24.634146341463417
2012-09-14,31.16,-1.23,-25.333333333333332
2012-09-17,31.84,-1.23,-25.88617886178862
2012-09-18,32.67,-1.23,-26.5609756097561
2012-09-19,32.75,-1.23,-26.6260162601626
2012-09-20,32.51,-1.23,-26.43089430894309
2012-09-21,32.56,-1.23,-26.471544715447155
2012-09-24,32.2,-1.23,-26.17886178861789
2012-09-25,31.84,-1.23,-25.88617886178862
2012-09-26,31.97,-1.23,-25.991869918699187
2012-09-27,33.05,-1.23,-26.86991869918699
2012-09-28,33.25,-1.23,-27.03252032520325
2012-10-01,33.75,-1.23,-27.439024390243905
2012-10-02,33.26,-1.23,-27.040650406504064
2012-10-03,32.88,-1.23,-26.731707317073173
2012-10-04,32.18,-1.23,-26.16260162601626
2012-10-05,31.96,-1.23,-25.983739837398375
2012-10-08,31.32,-1.23,-25.463414634146343
2012-10-09,30.73,-1.23,-24.983739837398375
2012-10-10,30.4,-1.23,-24.715447154471544
2012-10-11,30.99,-1.23,-25.195121951219512
2012-10-12,30.92,-1.23,-25.138211382113823
2012-10-15,31.8,-1.23,-25.853658536585368
2012-10-16,30.85,-1.23,-25.08130081300813
2012-10-17,30.76,-1.23,-25.008130081300816
2012-10-18,30.78,-1.23,-25.02439024390244
2012-10-19,30.05,-1.23,-24.430894308943092
2012-10-22,30.75,-1.23,-25.0
2012-10-23,29.64,-1.23,-24.097560975609756
2012-10-24,30.62,-1.23,-24.89430894308943
2012-10-25,31.26,-1.23,-25.414634146341466
2012-10-26,31.53,-1.23,-25.634146341463417
2012-10-31,28.41,-1.23,-23.097560975609756
2012-11-01,30.01,-1.23,-24.398373983739837
2012-11-02,30.67,-1.23,-24.9349593495935
2012-11-05,32.23,-1.23,-26.20325203252032
2012-11-06,30.93,0.77,40.16883116883117
2012-11-07,33.85,0.77,43.96103896103896
2012-11-08,32.26,0.77,41.896103896103895
2012-11-09,32.62,0.77,42.36363636363636
2012-11-12,32.52,0.77,42.23376623376624
2012-11-13,31.69,0.77,41.15584415584416
2012-11-14,30.37,0.77,39.44155844155844
2012-11-15,29.92,0.77,38.85714285714286
2012-11-16,30.5,0.77,39.61038961038961
2012-11-19,31.49,0.77,40.896103896103895
2012-11-20,31.36,0.77,40.72727272727273
2012-11-21,31.36,0.77,40.72727272727273
2012-11-23,31.46,0.77,40.857142857142854
2012-11-26,30.96,0.77,40.20779220779221
2012-11-27,30.75,0.77,39.935064935064936
2012-11-28,30.7,0.77,39.870129870129865
2012-11-29,31.74,0.77,41.22077922077922
2012-11-30,31.75,0.77,41.23376623376623
2012-12-03,32.21,0.77,41.83116883116883
2012-12-04,32.01,0.77,41.57142857142857
2012-12-05,32.4,0.77,42.077922077922075
2012-12-06,33.22,0.77,43.14285714285714
2012-12-07,33.76,0.77,43.84415584415584
2012-12-10,33.87,0.77,43.98701298701298
2012-12-11,32.98,0.77,42.831168831168824
2012-12-12,32.91,0.77,42.74025974025974
2012-12-13,30.85,0.77,40.064935064935064
2012-12-14,30.75,0.77,39.935064935064936
2012-12-17,31.21,0.77,40.532467532467535
2012-12-18,31.76,0.77,41.24675324675325
2012-12-19,31.71,0.77,41.18181818181818
2012-12-20,31.17,0.77,40.48051948051948
2012-12-21,31.14,0.77,40.44155844155844
2012-12-24,31.01,0.77,40.27272727272727
2012-12-26,30.44,0.77,39.532467532467535
2012-12-27,30.6,0.77,39.74025974025974
2012-12-28,30.14,0.77,39.142857142857146
2012-12-31,30.17,0.77,39.18181818181818
2013-01-02,31.3,0.77,40.64935064935065
2013-01-03,31.65,0.77,41.1038961038961
2013-01-04,31.94,0.77,41.48051948051948
2013-01-07,32.32,0.77,41.97402597402597
2013-01-08,31.7,0.77,41.16883116883117
2013-01-09,33.05,0.77,42.92207792207792
2013-01-10,33.17,0.77,43.07792207792208
2013-01-11,33.2,0.77,43.116883116883116
2013-01-14,33.85,0.77,43.96103896103896
2013-01-15,34.99,0.77,45.44155844155844
2013-01-16,35.18,0.77,45.688311688311686
2013-01-17,36.54,0.77,47.45454545454545
2013-01-18,36.95,0.77,47.98701298701299
2013-01-22,38.0,0.77,49.35064935064935
2013-01-23,37.56,0.77,48.77922077922078
2013-01-24,37.73,0.77,48.99999999999999
2013-01-25,37.74,0.77,49.01298701298701
2013-01-28,37.38,0.77,48.54545454545455
2013-01-29,36.66,0.77,47.6103896103896
2013-01-30,38.07,0.77,49.44155844155844
2013-01-31,37.65,0.77,48.896103896103895
2013-02-01,38.22,0.77,49.63636363636363
2013-02-04,37.61,0.77,48.84415584415584
2013-02-05,37.51,0.77,48.71428571428571
2013-02-06,37.18,0.77,48.285714285714285
2013-02-07,37.07,0.77,48.14285714285714
2013-02-08,37.22,0.77,48.33766233766234
2013-02-11,36.66,0.77,47.6103896103896
2013-02-12,36.45,0.77,47.33766233766234
2013-02-13,36.89,0.77,47.90909090909091
2013-02-14,36.83,0.77,47.831168831168824
2013-02-15,36.28,0.77,47.116883116883116
2013-02-19,36.41,0.77,47.28571428571428
2013-02-20,35.41,0.77,45.98701298701298
2013-02-21,35.79,0.77,46.480519480519476
2013-02-22,35.76,0.77,46.441558441558435
2013-02-25,35.21,0.77,45.72727272727273
2013-02-26,35.64,0.77,46.285714285714285
2013-02-27,36.68,0.96,38.208333333333336
2013-02-28,37.09,0.96,38.63541666666667
2013-03-01,36.96,0.96,38.5
2013-03-04,36.65,0.96,38.177083333333336
2013-03-05,36.94,0.96,38.479166666666664
2013-03-06,36.91,0.96,38.447916666666664
2013-03-07,37.04,0.96,38.583333333333336
2013-03-08,37.25,0.96,38.802083333333336
2013-03-11,37.79,0.96,39.364583333333336
2013-03-12,38.02,0.96,39.60416666666667
2013-03-13,38.28,0.96,39.875
2013-03-14,38.45,0.96,40.052083333333336
2013-03-15,37.92,0.96,39.5
2013-03-18,37.78,0.96,39.35416666666667
2013-03-19,38.27,0.96,39.864583333333336
2013-03-20,38.56,0.96,40.16666666666667
2013-03-21,38.56,0.96,40.16666666666667
2013-03-22,39.31,0.96,40.94791666666667
2013-03-25,39.4,0.96,41.041666666666664
2013-03-26,40.19,0.96,41.864583333333336
2013-03-27,40.43,0.96,42.114583333333336
2013-03-28,40.63,0.96,42.32291666666667
2013-04-01,40.72,0.96,42.416666666666664
2013-04-02,39.86,0.96,41.520833333333336
2013-04-03,37.91,0.96,39.48958333333333
2013-04-04,37.69,0.96,39.260416666666664
2013-04-05,37.48,0.96,39.041666666666664
2013-04-08,37.7,0.96,39.270833333333336
2013-04-09,37.63,0.96,39.19791666666667
2013-04-10,36.67,0.96,38.19791666666667
2013-04-11,38.43,0.96,40.03125
2013-04-12,38.32,0.96,39.91666666666667
2013-04-15,36.72,0.96,38.25
2013-04-16,37.87,0.96,39.447916666666664
2013-04-17,37.54,0.96,39.104166666666664
2013-04-18,36.92,0.96,38.458333333333336
2013-04-19,37.66,0.96,39.229166666666664
2013-04-22,37.72,0.96,39.291666666666664
2013-04-23,37.86,0.96,39.4375
2013-04-24,38.16,0.96,39.75
2013-04-25,37.94,0.96,39.520833333333336
2013-04-26,38.25,0.96,39.84375
2013-04-29,40.37,0.96,42.052083333333336
2013-04-30,39.89,0.96,41.552083333333336
2013-05-01,39.49,0.96,41.13541666666667
2013-05-02,40.47,0.96,42.15625
2013-05-03,41.0,0.96,42.708333333333336
2013-05-06,41.4,0.96,43.125
2013-05-07,41.18,0.79,52.12658227848101
2013-05-08,40.44,0.79,51.189873417721515
2013-05-09,40.34,0.79,51.063291139240505
2013-05-10,40.73,0.79,51.55696202531645
2013-05-13,40.69,0.79,51.506329113924046
2013-05-14,40.81,0.79,51.65822784810127
2013-05-15,40.2,0.79,50.88607594936709
2013-05-16,39.49,0.79,49.9873417721519
2013-05-17,39.09,0.79,49.48101265822785
2013-05-20,38.2,0.79,48.35443037974684
2013-05-21,37.66,0.79,47.67088607594936
2013-05-22,37.29,0.79,47.202531645569614
2013-05-23,37.9,0.79,47.974683544303794
2013-05-24,37.53,0.79,47.50632911392405
2013-05-28,38.31,0.79,48.49367088607595
2013-05-29,38.03,0.79,48.139240506329116
2013-05-30,38.82,0.79,49.13924050632911
2013-05-31,39.06,0.79,49.44303797468355
2013-06-03,39.28,0.79,49.721518987341774
2013-06-04,39.02,0.79,49.39240506329114
2013-06-05,38.11,0.79,48.24050632911392
2013-06-06,38.4,0.79,48.60759493670886
2013-06-07,39.6,0.79,50.12658227848101
2013-06-10,40.24,0.79,50.936708860759495
2013-06-11,39.73,0.79,50.291139240506325
2013-06-12,39.53,0.79,50.037974683544306
2013-06-13,40.29,0.79,51.0
2013-06-14,39.9,0.79,50.506329113924046
2013-06-17,39.26,0.79,49.69620253164557
2013-06-18,38.83,0.79,49.15189873417721
2013-06-19,38.75,0.79,49.050632911392405
2013-06-20,37.68,0.79,47.69620253164557
2013-06-21,37.44,0.79,47.392405063291136
2013-06-24,36.6,0.79,46.32911392405063
2013-06-25,36.62,0.79,46.35443037974683
2013-06-26,36.52,0.79,46.22784810126583
2013-06-27,36.39,0.79,46.063291139240505
2013-06-28,36.06,0.79,45.64556962025316
2013-07-01,36.94,0.79,46.75949367088607
2013-07-02,36.91,0.79,46.72151898734177
2013-07-03,35.49,0.79,44.924050632911396
2013-07-05,35.86,0.79,45.392405063291136
2013-07-08,36.45,0.79,46.139240506329116
2013-07-09,36.87,0.79,46.67088607594936
2013-07-10,37.27,0.79,47.17721518987342
2013-07-11,37.24,0.79,47.139240506329116
2013-07-12,37.62,0.79,47.62025316455696
2013-07-15,37.21,0.79,47.10126582278481
2013-07-16,38.86,0.79,49.189873417721515
2013-07-17,38.49,0.79,48.721518987341774
2013-07-18,39.16,0.79,49.56962025316455
2013-07-19,38.63,0.79,48.89873417721519
2013-07-22,39.22,0.79,49.64556962025316
2013-07-23,39.1,0.79,49.49367088607595
2013-07-24,38.76,0.79,49.063291139240505
2013-07-25,38.68,0.79,48.962025316455694
2013-07-26,39.74,0.79,50.30379746835443
2013-07-29,39.05,0.79,49.430379746835435
2013-07-30,39.09,0.79,49.48101265822785
2013-07-31,39.0,0.79,49.36708860759494
2013-08-01,39.08,0.79,49.46835443037974
2013-08-02,39.04,0.79,49.417721518987335
2013-08-05,39.56,0.79,50.07594936708861
2013-08-06,38.33,0.79,48.518987341772146
2013-08-07,38.06,0.91,41.824175824175825
2013-08-08,38.53,0.91,42.34065934065934
2013-08-09,39.01,0.91,42.86813186813186
2013-08-12,38.77,0.91,42.604395604395606
2013-08-13,38.63,0.91,42.45054945054945
2013-08-14,39.12,0.91,42.989010989010985
2013-08-15,38.41,0.91,42.208791208791204
2013-08-16,37.9,0.91,41.64835164835164
2013-08-19,38.05,0.91,41.81318681318681
2013-08-20,38.58,0.91,42.395604395604394
2013-08-21,38.26,0.91,42.043956043956044
2013-08-22,38.5,0.91,42.30769230769231
2013-08-23,38.26,0.91,42.043956043956044
2013-08-26,39.38,0.91,43.27472527472528
2013-08-27,38.5,0.91,42.30769230769231
2013-08-28,38.57,0.91,42.38461538461539
2013-08-29,38.75,0.91,42.582417582417584
2013-08-30,38.19,0.91,41.967032967032964
2013-09-03,38.68,0.91,42.505494505494504
2013-09-04,38.51,0.91,42.318681318681314
2013-09-05,38.69,0.91,42.51648351648351
2013-09-06,39.52,0.91,43.42857142857143
2013-09-09,38.84,0.91,42.681318681318686
2013-09-10,39.34,0.91,43.23076923076923
2013-09-11,39.7,0.91,43.62637362637363
2013-09-12,39.74,0.91,43.67032967032967
2013-09-13,40.29,0.91,44.27472527472527
2013-09-16,41.1,0.91,45.16483516483517
2013-09-17,41.31,0.91,45.395604395604394
2013-09-18,42.75,0.91,46.97802197802198
2013-09-19,42.34,0.91,46.52747252747253
2013-09-20,42.16,0.91,46.32967032967032
2013-09-23,42.01,0.91,46.16483516483516
2013-09-24,41.45,0.91,45.54945054945055
2013-09-25,42.03,0.91,46.18681318681319
2013-09-26,42.37,0.91,46.560439560439555
2013-09-27,42.07,0.91,46.230769230769226
2013-09-30,42.75,0.91,46.97802197802198
2013-10-01,44.6,0.91,49.01098901098901
2013-10-02,45.34,0.91,49.824175824175825
2013-10-03,45.94,0.91,50.48351648351648
2013-10-04,46.1,0.91,50.65934065934066
2013-10-07,46.26,0.91,50.83516483516483
2013-10-08,45.81,0.91,50.34065934065934
2013-10-09,46.01,0.91,50.560439560439555
2013-10-10,45.65,0.91,50.16483516483516
2013-10-11,46.56,0.91,51.16483516483517
2013-10-14,46.33,0.91,50.912087912087905
2013-10-15,45.9,0.91,50.43956043956044
2013-10-16,46.22,0.91,50.79120879120879
2013-10-17,47.38,0.91,52.065934065934066
2013-10-18,48.54,0.91,53.340659340659336
2013-10-21,47.53,0.91,52.23076923076923
2013-10-22,47.0,0.91,51.64835164835165
2013-10-23,46.77,0.91,51.395604395604394
2013-10-24,45.8,0.91,50.32967032967032
2013-10-25,46.92,0.91,51.56043956043956
2013-10-28,47.02,0.91,51.67032967032967
2013-10-29,47.34,0.91,52.02197802197802
2013-10-30,46.67,0.91,51.285714285714285
2013-10-31,47.14,0.91,51.8021978021978
2013-11-01,47.31,0.91,51.98901098901099
2013-11-04,47.74,0.91,52.46153846153846
2013-11-05,46.45,0.91,51.043956043956044
2013-11-06,45.3,0.79,57.34177215189873
2013-11-07,44.24,0.79,56.0
2013-11-08,45.13,0.79,57.12658227848101
2013-11-11,45.5,0.79,57.59493670886076
2013-11-12,45.44,0.79,57.518987341772146
2013-11-13,45.63,0.79,57.75949367088608
2013-11-14,45.85,0.79,58.037974683544306
2013-11-15,45.07,0.79,57.050632911392405
2013-11-18,44.31,0.79,56.08860759493671
2013-11-19,43.78,0.79,55.41772151898734
2013-11-20,44.2,0.79,55.949367088607595
2013-11-21,44.44,0.79,56.25316455696202
2013-11-22,44.76,0.79,56.65822784810126
2013-11-25,44.35,0.79,56.139240506329116
2013-11-26,45.48,0.79,57.56962025316455
2013-11-27,46.52,0.79,58.88607594936709
2013-11-29,46.42,0.79,58.75949367088607
2013-12-02,46.72,0.79,59.13924050632911
2013-12-03,47.06,0.79,59.56962025316456
2013-12-04,47.0,0.79,59.49367088607595
2013-12-05,46.57,0.79,58.949367088607595
2013-12-06,47.24,0.79,59.79746835443038
2013-12-09,46.98,0.79,59.46835443037974
2013-12-10,47.3,0.79,59.87341772151898
2013-12-11,46.73,0.79,59.15189873417721
2013-12-12,46.32,0.79,58.63291139240506
2013-12-13,46.83,0.79,59.278481012658226
2013-12-16,47.18,0.79,59.72151898734177
2013-12-17,45.54,0.79,57.64556962025316
2013-12-18,46.55,0.79,58.92405063291139
2013-12-19,45.66,0.79,57.79746835443037
2013-12-20,46.89,0.79,59.35443037974683
2013-12-23,46.04,0.79,58.278481012658226
2013-12-24,46.53,0.79,58.89873417721519
2013-12-26,46.62,0.79,59.01265822784809
2013-12-27,46.47,0.79,58.82278481012658
2013-12-30,47.19,0.79,59.73417721518987
2013-12-31,47.71,0.79,60.392405063291136
2014-01-02,47.77,0.79,60.46835443037975
2014-01-03,48.77,0.79,61.734177215189874
2014-01-06,48.53,0.79,61.43037974683544
2014-01-07,49.85,0.79,63.10126582278481
2014-01-08,50.55,0.79,63.98734177215189
2014-01-09,50.9,0.79,64.43037974683544
2014-01-10,51.32,0.79,64.9620253164557
2014-01-13,50.96,0.79,64.50632911392405
2014-01-14,51.41,0.79,65.0759493670886
2014-01-15,51.07,0.79,64.64556962025316
2014-01-16,51.22,0.79,64.83544303797468
2014-01-17,51.41,0.79,65.0759493670886
2014-01-21,50.0,0.79,63.291139240506325
2014-01-22,49.82,0.79,63.063291139240505
2014-01-23,49.79,0.79,63.0253164556962
2014-01-24,48.4,0.79,61.26582278481012
2014-01-27,49.1,0.79,62.151898734177216
2014-01-28,49.52,0.79,62.68354430379747
2014-01-29,49.3,0.79,62.405063291139236
2014-01-30,49.49,0.79,62.64556962025316
2014-01-31,50.27,0.79,63.63291139240506
2014-02-03,48.46,0.79,61.34177215189873
2014-02-04,48.52,0.79,61.41772151898734
2014-02-05,47.97,0.79,60.72151898734177
2014-02-06,48.37,0.79,61.22784810126581
2014-02-07,48.33,0.79,61.177215189873415
2014-02-10,48.97,0.79,61.98734177215189
2014-02-11,48.96,0.79,61.974683544303794
2014-02-12,49.07,0.79,62.11392405063291
2014-02-13,50.0,0.79,63.291139240506325
2014-02-14,49.76,0.79,62.98734177215189
2014-02-18,49.84,0.79,63.08860759493671
2014-02-19,49.56,0.79,62.734177215189874
2014-02-20,50.23,0.79,63.58227848101265
2014-02-21,50.01,0.79,63.303797468354425
2014-02-24,50.37,0.79,63.75949367088607
2014-02-25,49.56,0.79,62.734177215189874
2014-02-26,50.48,0.92,54.8695652173913
2014-02-27,51.52,0.92,56.0
2014-02-28,51.2,0.92,55.65217391304348
2014-03-03,51.69,0.92,56.18478260869565
2014-03-04,51.06,0.92,55.5
2014-03-05,50.29,0.92,54.66304347826087
2014-03-06,49.62,0.92,53.93478260869565
2014-03-07,49.63,0.92,53.94565217391305
2014-03-10,49.55,0.92,53.85869565217391
2014-03-11,49.24,0.92,53.52173913043478
2014-03-12,49.21,0.92,53.48913043478261
2014-03-13,48.0,0.92,52.17391304347826
2014-03-14,47.65,0.92,51.79347826086956
2014-03-17,48.27,0.92,52.46739130434783
2014-03-18,49.23,0.92,53.510869565217384
2014-03-19,49.95,0.92,54.29347826086956
2014-03-20,49.43,0.92,53.72826086956521
2014-03-21,50.14,0.92,54.5
2014-03-24,48.79,0.92,53.03260869565217
2014-03-25,48.84,0.92,53.08695652173913
2014-03-26,50.35,0.92,54.72826086956522
2014-03-27,50.36,0.92,54.7391304347826
2014-03-28,51.14,0.92,55.586956521739125
2014-03-31,52.5,0.92,57.065217391304344
2014-04-01,51.9,0.92,56.41304347826087
2014-04-02,52.24,0.92,56.78260869565217
2014-04-03,51.15,0.92,55.597826086956516
2014-04-04,50.17,0.92,54.53260869565217
2014-04-07,48.76,0.92,52.99999999999999
2014-04-08,49.98,0.92,54.326086956521735
2014-04-09,50.75,0.92,55.16304347826087
2014-04-10,49.21,0.92,53.48913043478261
2014-04-11,48.21,0.92,52.40217391304348
2014-04-14,48.5,0.92,52.71739130434782
2014-04-15,48.74,0.92,52.97826086956522
2014-04-16,48.57,0.92,52.79347826086956
2014-04-17,49.01,0.92,53.27173913043478
2014-04-21,49.46,0.92,53.76086956521739
2014-04-22,49.42,0.92,53.71739130434783
2014-04-23,50.4,0.92,54.78260869565217
2014-04-24,50.53,0.92,54.92391304347826
2014-04-25,53.44,0.92,58.086956521739125
2014-04-28,52.61,0.92,57.18478260869565
2014-04-29,51.4,0.92,55.8695652173913
2014-04-30,52.0,0.92,56.52173913043478
2014-05-01,52.4,0.92,56.95652173913043
2014-05-02,51.88,0.92,56.391304347826086
2014-05-05,52.35,0.92,56.90217391304348
2014-05-06,51.96,0.86,60.418604651162795
2014-05-07,51.54,0.86,59.93023255813954
2014-05-08,51.18,0.86,59.51162790697674
2014-05-09,51.51,0.86,59.8953488372093
2014-05-12,52.3,0.86,60.81395348837209
2014-05-13,52.36,0.86,60.883720930232556
2014-05-14,52.68,0.86,61.25581395348837
2014-05-15,52.1,0.86,60.58139534883721
2014-05-16,51.25,0.86,59.593023255813954
2014-05-19,51.51,0.86,59.8953488372093
2014-05-20,51.72,0.86,60.13953488372093
2014-05-21,52.27,0.86,60.77906976744187
2014-05-22,52.33,0.86,60.848837209302324
2014-05-23,53.44,0.86,62.13953488372093
2014-05-27,53.12,0.86,61.76744186046511
2014-05-28,53.37,0.86,62.05813953488372
2014-05-29,53.39,0.86,62.08139534883721
2014-05-30,52.99,0.86,61.616279069767444
2014-06-02,52.99,0.86,61.616279069767444
2014-06-03,54.5,0.86,63.372093023255815
2014-06-04,54.77,0.86,63.686046511627914
2014-06-05,56.26,0.86,65.4186046511628
2014-06-06,55.59,0.86,64.63953488372094
2014-06-09,55.38,0.86,64.39534883720931
2014-06-10,55.26,0.86,64.25581395348837
2014-06-11,55.01,0.86,63.96511627906977
2014-06-12,54.52,0.86,63.395348837209305
2014-06-13,54.98,0.86,63.93023255813953
2014-06-16,55.99,0.86,65.1046511627907
2014-06-17,55.56,0.86,64.6046511627907
2014-06-18,55.81,0.86,64.89534883720931
2014-06-19,56.49,0.86,65.68604651162791
2014-06-20,57.61,0.86,66.98837209302326
2014-06-23,58.01,0.86,67.45348837209302
2014-06-24,56.54,0.86,65.74418604651163
2014-06-25,56.85,0.86,66.1046511627907
2014-06-26,55.76,0.86,64.83720930232558
2014-06-27,55.43,0.86,64.45348837209302
2014-06-30,56.38,0.86,65.55813953488372
2014-07-01,56.09,0.86,65.22093023255815
2014-07-02,57.27,0.86,66.59302325581396
2014-07-03,57.11,0.86,66.40697674418605
2014-07-07,55.48,0.86,64.51162790697674
2014-07-08,54.52,0.86,63.395348837209305
2014-07-09,54.95,0.86,63.895348837209305
2014-07-10,55.7,0.86,64.76744186046513
2014-07-11,55.94,0.86,65.04651162790698
2014-07-14,55.78,0.86,64.86046511627907
2014-07-15,55.21,0.86,64.19767441860465
2014-07-16,60.99,0.86,70.9186046511628
2014-07-17,60.61,0.86,70.47674418604652
2014-07-18,62.44,0.86,72.6046511627907
2014-07-21,61.55,0.86,71.56976744186046
2014-07-22,61.77,0.86,71.82558139534885
2014-07-23,62.05,0.86,72.15116279069767
2014-07-24,61.5,0.86,71.51162790697674
2014-07-25,62.9,0.86,73.13953488372093
2014-07-28,63.65,0.86,74.01162790697674
2014-07-29,65.07,0.86,75.66279069767441
2014-07-30,66.26,0.86,77.04651162790698
2014-07-31,65.31,0.86,75.94186046511628
2014-08-01,65.49,0.86,76.15116279069767
2014-08-04,65.83,0.86,76.54651162790698
2014-08-05,66.8,1.42,47.04225352112676
2014-08-06,67.03,1.42,47.20422535211268
2014-08-07,67.22,1.42,47.33802816901409
2014-08-08,67.13,1.42,47.274647887323944
2014-08-11,65.93,1.42,46.42957746478874
2014-08-12,65.41,1.42,46.063380281690144
2014-08-13,66.39,1.42,46.75352112676057
2014-08-14,67.2,1.42,47.32394366197183
2014-08-15,67.74,1.42,47.70422535211267
2014-08-18,68.87,1.42,48.50000000000001
2014-08-19,68.69,1.42,48.37323943661972
2014-08-20,68.53,1.42,48.260563380281695
2014-08-21,68.45,1.42,48.20422535211268
2014-08-22,69.26,1.42,48.77464788732395
2014-08-25,68.77,1.42,48.42957746478873
2014-08-26,69.27,1.42,48.78169014084507
2014-08-27,69.25,1.42,48.767605633802816
2014-08-28,68.98,1.42,48.5774647887324
2014-08-29,69.82,1.42,49.16901408450704
2014-09-02,70.15,1.42,49.40140845070423
2014-09-03,69.15,1.42,48.69718309859156
2014-09-04,68.08,1.42,47.943661971830984
2014-09-05,69.24,1.42,48.76056338028169
2014-09-08,70.23,1.42,49.45774647887325
2014-09-09,70.7,1.42,49.7887323943662
2014-09-10,70.83,1.42,49.88028169014085
2014-09-11,72.35,1.42,50.95070422535211
2014-09-12,71.56,1.42,50.3943661971831
2014-09-15,71.34,1.42,50.23943661971831
2014-09-16,71.7,1.42,50.49295774647888
2014-09-17,71.48,1.42,50.33802816901409
2014-09-18,72.36,1.42,50.95774647887324
2014-09-19,73.48,1.42,51.74647887323944
2014-09-22,72.63,1.42,51.147887323943664
2014-09-23,72.08,1.42,50.76056338028169
2014-09-24,73.12,1.42,51.49295774647888
2014-09-25,71.54,1.42,50.380281690140855
2014-09-26,71.2,1.42,50.14084507042254
2014-09-29,71.77,1.42,50.54225352112676
2014-09-30,70.52,1.42,49.66197183098591
2014-10-01,68.45,1.42,48.20422535211268
2014-10-02,69.37,1.42,48.85211267605634
2014-10-03,71.25,1.42,50.17605633802817
2014-10-06,70.91,1.42,49.936619718309856
2014-10-07,70.99,1.42,49.99295774647887
2014-10-08,72.09,1.42,50.76760563380282
2014-10-09,69.48,1.42,48.929577464788736
2014-10-10,69.06,1.42,48.633802816901415
2014-10-13,67.05,1.42,47.21830985915493
2014-10-14,66.98,1.42,47.16901408450705
2014-10-15,64.84,1.42,45.66197183098592
2014-10-16,68.23,1.42,48.049295774647895
2014-10-17,69.44,1.42,48.901408450704224
2014-10-20,70.46,1.42,49.61971830985915
2014-10-21,71.61,1.42,50.429577464788736
2014-10-22,70.24,1.42,49.46478873239437
2014-10-23,71.36,1.42,50.25352112676057
2014-10-24,72.07,1.42,50.75352112676056
2014-10-27,71.4,1.42,50.28169014084508
2014-10-28,71.28,1.42,50.19718309859155
2014-10-29,69.92,1.42,49.23943661971831
2014-10-30,69.4,1.42,48.87323943661973
2014-10-31,70.05,1.42,49.33098591549296
2014-11-03,70.23,1.42,49.45774647887325
2014-11-04,69.34,1.2,57.78333333333334
2014-11-05,67.85,1.2,56.541666666666664
2014-11-06,68.97,1.2,57.475
2014-11-07,65.75,1.2,54.79166666666667
2014-11-10,65.75,1.2,54.79166666666667
2014-11-11,66.01,1.2,55.00833333333334
2014-11-12,64.84,1.2,54.03333333333334
2014-11-13,64.77,1.2,53.975
2014-11-14,62.94,1.2,52.45
2014-11-17,65.73,1.2,54.775000000000006
2014-11-18,67.23,1.2,56.025000000000006
2014-11-19,67.04,1.2,55.866666666666674
2014-11-20,67.87,1.2,56.55833333333334
2014-11-21,68.47,1.2,57.05833333333334
2014-11-24,69.43,1.2,57.85833333333334
2014-11-25,69.6,1.2,58.0
2014-11-26,69.48,1.2,57.900000000000006
2014-11-28,69.69,1.2,58.075
2014-12-01,68.69,1.2,57.24166666666667
2014-12-02,68.95,1.2,57.458333333333336
2014-12-03,70.6,1.2,58.83333333333333
2014-12-04,72.53,1.2,60.44166666666667
2014-12-05,74.0,1.2,61.66666666666667
2014-12-08,74.35,1.2,61.95833333333333
2014-12-09,73.88,1.2,61.56666666666666
2014-12-10,72.6,1.2,60.5
2014-12-11,73.56,1.2,61.300000000000004
2014-12-12,72.94,1.2,60.78333333333333
2014-12-15,73.49,1.2,61.24166666666667
2014-12-16,72.46,1.2,60.38333333333333
2014-12-17,72.58,1.2,60.483333333333334
2014-12-18,74.22,1.2,61.85
2014-12-19,74.47,1.2,62.05833333333334
2014-12-22,74.96,1.2,62.46666666666666
2014-12-23,75.0,1.2,62.5
2014-12-24,74.89,1.2,62.40833333333334
2014-12-26,74.82,1.2,62.349999999999994
2014-12-29,74.58,1.2,62.15
2014-12-30,74.27,1.2,61.891666666666666
2014-12-31,73.39,1.2,61.15833333333334
2015-01-02,73.97,1.2,61.641666666666666
2015-01-05,71.81,1.2,59.84166666666667
2015-01-06,71.69,1.2,59.74166666666667
2015-01-07,72.99,1.2,60.824999999999996
2015-01-08,74.93,1.2,62.44166666666668
2015-01-09,74.65,1.2,62.20833333333334
2015-01-12,72.2,1.2,60.16666666666667
2015-01-13,72.14,1.2,60.11666666666667
2015-01-14,70.46,1.2,58.71666666666666
2015-01-15,70.07,1.2,58.391666666666666
2015-01-16,69.84,1.2,58.2
2015-01-20,67.86,1.2,56.550000000000004
2015-01-21,69.27,1.2,57.725
2015-01-22,70.4,1.2,58.66666666666667
2015-01-23,68.64,1.2,57.2
2015-01-26,73.0,1.2,60.833333333333336
2015-01-27,72.42,1.2,60.35
2015-01-28,71.5,1.2,59.583333333333336
2015-01-29,72.19,1.2,60.15833333333333
2015-01-30,70.8,1.2,59.0
2015-02-02,70.18,1.2,58.48333333333334
2015-02-03,69.89,1.2,58.24166666666667
2015-02-04,68.96,1.2,57.46666666666666
2015-02-05,68.85,1.2,57.375
2015-02-06,67.98,1.2,56.650000000000006
2015-02-09,67.26,1.2,56.050000000000004
2015-02-10,69.01,1.2,57.50833333333334
2015-02-11,68.97,1.2,57.475
2015-02-12,69.02,1.2,57.516666666666666
2015-02-13,68.54,1.2,57.116666666666674
2015-02-17,69.32,1.2,57.766666666666666
2015-02-18,69.0,1.2,57.5
2015-02-19,69.6,1.2,58.0
2015-02-20,69.79,1.2,58.15833333333334
2015-02-23,70.86,1.2,59.050000000000004
2015-02-24,70.41,1.2,58.675
2015-02-25,70.98,1.2,59.150000000000006
2015-02-26,72.27,1.34,53.93283582089552
2015-02-27,71.54,1.34,53.38805970149254
2015-03-02,71.99,1.34,53.72388059701492
2015-03-03,70.79,1.34,52.82835820895522
2015-03-04,74.93,1.34,55.917910447761194
2015-03-05,72.91,1.34,54.41044776119402
2015-03-06,72.82,1.34,54.34328358208954
2015-03-09,71.69,1.34,53.49999999999999
2015-03-10,70.24,1.34,52.41791044776119
2015-03-11,71.76,1.34,53.55223880597015
2015-03-12,72.42,1.34,54.04477611940298
2015-03-13,71.8,1.34,53.5820895522388
2015-03-16,73.14,1.34,54.582089552238806
2015-03-17,73.16,1.34,54.59701492537313
2015-03-18,75.03,1.34,55.992537313432834
2015-03-19,75.42,1.34,56.28358208955223
2015-03-20,76.03,1.34,56.73880597014925
2015-03-23,77.64,1.34,57.940298507462686
2015-03-24,76.5,1.34,57.089552238805965
2015-03-25,75.65,1.34,56.45522388059702
2015-03-26,76.1,1.34,56.79104477611939
2015-03-27,76.07,1.34,56.7686567164179
2015-03-30,76.17,1.34,56.84328358208955
2015-03-31,75.23,1.34,56.14179104477612
2015-04-01,74.85,1.34,55.85820895522387
2015-04-02,75.05,1.34,56.00746268656716
2015-04-06,75.95,1.34,56.679104477611936
2015-04-07,75.72,1.34,56.50746268656716
2015-04-08,76.76,1.34,57.28358208955224
2015-04-09,77.85,1.34,58.097014925373124
2015-04-10,78.24,1.34,58.38805970149253
2015-04-13,77.41,1.34,57.7686567164179
2015-04-14,77.34,1.34,57.71641791044776
2015-04-15,79.24,1.34,59.13432835820895
2015-04-16,77.81,1.34,58.06716417910447
2015-04-17,78.04,1.34,58.23880597014926
2015-04-20,78.56,1.34,58.62686567164179
2015-04-21,77.68,1.34,57.97014925373134
2015-04-22,77.53,1.34,57.85820895522388
2015-04-23,77.44,1.34,57.7910447761194
2015-04-24,77.74,1.34,58.01492537313432
2015-04-27,76.38,1.34,56.99999999999999
2015-04-28,75.95,1.34,56.679104477611936
2015-04-29,76.06,1.34,56.76119402985074
2015-04-30,74.01,1.34,55.23134328358209
2015-05-01,74.5,1.34,55.59701492537313
2015-05-04,75.44,1.34,56.298507462686565
2015-05-05,73.61,1.34,54.93283582089552
2015-05-06,74.5,1.34,55.59701492537313
2015-05-07,76.59,1.34,57.156716417910445
2015-05-08,76.9,1.34,57.38805970149254
2015-05-11,77.63,1.34,57.93283582089551
2015-05-12,76.51,1.34,57.09701492537314
2015-05-13,77.73,1.34,58.007462686567166
2015-05-14,79.07,1.34,59.00746268656716
2015-05-15,79.84,1.34,59.582089552238806
2015-05-18,81.0,1.34,60.447761194029844
2015-05-19,82.52,1.34,61.5820895522388
2015-05-20,82.14,1.34,61.298507462686565
2015-05-21,81.59,1.34,60.88805970149254
2015-05-22,82.13,1.34,61.2910447761194
2015-05-26,82.19,1.34,61.33582089552238
2015-05-27,81.95,1.34,61.156716417910445
2015-05-28,81.8,1.34,61.04477611940298
2015-05-29,81.83,1.34,61.06716417910447
2015-06-01,82.39,1.34,61.48507462686567
2015-06-02,81.55,1.34,60.85820895522387
2015-06-03,81.09,1.34,60.514925373134325
2015-06-04,80.48,1.34,60.059701492537314
2015-06-05,81.28,1.34,60.656716417910445
2015-06-08,80.25,1.34,59.88805970149254
2015-06-09,81.32,1.34,60.686567164179095
2015-06-10,83.09,1.34,62.007462686567166
2015-06-11,83.62,1.34,62.40298507462686
2015-06-12,82.46,1.34,61.53731343283581
2015-06-15,83.83,1.34,62.55970149253731
2015-06-16,83.02,1.34,61.95522388059701
2015-06-17,84.12,1.34,62.776119402985074
2015-06-18,83.6,1.34,62.38805970149253
2015-06-19,84.4,1.34,62.985074626865675
2015-06-22,84.51,1.34,63.06716417910448
2015-06-23,83.96,1.34,62.65671641791044
2015-06-24,83.37,1.34,62.21641791044776
2015-06-25,90.72,1.34,67.70149253731343
2015-06-26,91.84,1.34,68.53731343283582
2015-06-29,90.61,1.34,67.61940298507463
2015-06-30,90.72,1.34,67.70149253731343
2015-07-01,90.87,1.34,67.81343283582089
2015-07-02,90.5,1.34,67.53731343283582
2015-07-06,92.1,1.34,68.73134328358208
2015-07-07,92.45,1.34,68.99253731343283
2015-07-08,91.04,1.34,67.94029850746269
2015-07-09,91.64,1.34,68.38805970149254
2015-07-10,92.97,1.34,69.38059701492537
2015-07-13,94.81,1.34,70.75373134328358
2015-07-14,94.72,1.34,70.6865671641791
2015-07-15,94.12,1.34,70.23880597014926
2015-07-16,93.74,1.34,69.955223880597
2015-07-17,93.24,1.34,69.5820895522388
2015-07-20,93.17,1.34,69.52985074626865
2015-07-21,92.28,1.34,68.86567164179104
2015-07-22,93.27,1.34,69.6044776119403
2015-07-23,93.32,1.34,69.64179104477611
2015-07-24,92.83,1.34,69.27611940298507
2015-07-27,92.03,1.34,68.67910447761194
2015-07-28,92.29,1.34,68.8731343283582
2015-07-29,93.56,1.34,69.82089552238806
2015-07-30,92.96,1.34,69.3731343283582
2015-07-31,93.01,1.34,69.41044776119404
2015-08-03,92.88,1.34,69.31343283582089
2015-08-04,94.04,1.34,70.17910447761194
2015-08-05,92.26,1.39,66.37410071942448
2015-08-06,91.38,1.39,65.7410071942446
2015-08-07,91.46,1.39,65.79856115107914
2015-08-10,91.43,1.39,65.77697841726619
2015-08-11,90.46,1.39,65.07913669064749
2015-08-12,90.88,1.39,65.38129496402878
2015-08-13,90.85,1.39,65.35971223021583
2015-08-14,91.4,1.39,65.75539568345324
2015-08-17,91.32,1.39,65.6978417266187
2015-08-18,90.48,1.39,65.09352517985613
2015-08-19,89.82,1.39,64.61870503597122
2015-08-20,87.05,1.39,62.625899280575545
2015-08-21,86.25,1.39,62.05035971223022
2015-08-24,84.31,1.39,60.654676258992815
2015-08-25,83.11,1.39,59.79136690647482
2015-08-26,86.95,1.39,62.55395683453238
2015-08-27,88.84,1.39,63.913669064748206
2015-08-28,88.82,1.39,63.89928057553957
2015-08-31,86.62,1.39,62.31654676258994
2015-09-01,84.32,1.39,60.66187050359712
2015-09-02,85.47,1.39,61.489208633093526
2015-09-03,86.4,1.39,62.158273381294975
2015-09-04,85.41,1.39,61.44604316546763
2015-09-08,87.42,1.39,62.89208633093526
2015-09-09,85.97,1.39,61.84892086330935
2015-09-10,85.28,1.39,61.35251798561151
2015-09-11,84.69,1.39,60.92805755395684
2015-09-14,84.98,1.39,61.13669064748202
2015-09-15,85.84,1.39,61.755395683453244
2015-09-16,85.2,1.39,61.29496402877699
2015-09-17,86.02,1.39,61.884892086330936
2015-09-18,82.48,1.39,59.338129496402885
2015-09-21,82.24,1.39,59.16546762589928
2015-09-22,82.7,1.39,59.49640287769785
2015-09-23,84.16,1.39,60.54676258992806
2015-09-24,81.9,1.39,58.92086330935253
2015-09-25,79.45,1.39,57.15827338129497
2015-09-28,74.03,1.39,53.2589928057554
2015-09-29,74.08,1.39,53.29496402877698
2015-09-30,77.36,1.39,55.65467625899281
2015-10-01,77.09,1.39,55.46043165467626
2015-10-02,77.89,1.39,56.03597122302159
2015-10-05,78.85,1.39,56.72661870503597
2015-10-06,77.2,1.39,55.539568345323744
2015-10-07,77.55,1.39,55.79136690647482
2015-10-08,76.66,1.39,55.15107913669065
2015-10-09,77.91,1.39,56.05035971223022
2015-10-12,77.79,1.39,55.964028776978424
2015-10-13,75.86,1.39,54.57553956834533
2015-10-14,76.02,1.39,54.69064748201439
2015-10-15,72.21,1.39,51.94964028776978
2015-10-16,72.95,1.39,52.48201438848921
2015-10-19,73.51,1.39,52.88489208633094
2015-10-20,72.42,1.39,52.100719424460436
2015-10-21,71.2,1.39,51.22302158273382
2015-10-22,66.08,1.39,47.539568345323744
2015-10-23,68.98,1.39,49.625899280575545
2015-10-26,69.08,1.39,49.697841726618705
2015-10-27,68.8,1.39,49.49640287769785
2015-10-28,68.98,1.39,49.625899280575545
2015-10-29,67.7,1.18,57.37288135593221
2015-10-30,68.79,1.18,58.29661016949154
2015-11-02,69.75,1.18,59.110169491525426
2015-11-03,68.8,1.18,58.30508474576271
2015-11-04,68.67,1.18,58.194915254237294
2015-11-05,68.59,1.18,58.1271186440678
2015-11-06,69.97,1.18,59.29661016949153
2015-11-09,69.98,1.18,59.30508474576272
2015-11-10,70.08,1.18,59.38983050847458
2015-11-11,67.66,1.18,57.33898305084746
2015-11-12,65.11,1.18,55.17796610169492
2015-11-13,66.45,1.18,56.3135593220339
2015-11-16,67.2,1.18,56.949152542372886
2015-11-17,69.25,1.18,58.686440677966104
2015-11-18,70.21,1.18,59.5
2015-11-19,65.39,1.18,55.41525423728814
2015-11-20,67.42,1.18,57.13559322033899
2015-11-23,67.36,1.18,57.08474576271187
2015-11-24,68.99,1.18,58.46610169491525
2015-11-25,68.96,1.18,58.440677966101696
2015-11-27,69.45,1.18,58.855932203389834
2015-11-30,68.06,1.18,57.67796610169492
2015-12-01,71.16,1.18,60.30508474576271
2015-12-02,70.01,1.18,59.33050847457628
2015-12-03,67.38,1.18,57.101694915254235
2015-12-04,67.25,1.18,56.99152542372882
2015-12-07,66.42,1.18,56.288135593220346
2015-12-08,67.25,1.18,56.99152542372882
2015-12-09,67.38,1.18,57.101694915254235
2015-12-10,68.43,1.18,57.991525423728824
2015-12-11,66.3,1.18,56.186440677966104
2015-12-14,65.46,1.18,55.474576271186436
2015-12-15,65.66,1.18,55.644067796610166
2015-12-16,65.46,1.18,55.474576271186436
2015-12-17,64.74,1.18,54.86440677966102
2015-12-18,64.47,1.18,54.63559322033898
2015-12-21,67.61,1.18,57.29661016949153
2015-12-22,66.86,1.18,56.66101694915255
2015-12-23,69.54,1.18,58.93220338983052
2015-12-24,68.92,1.18,58.406779661016955
2015-12-28,68.04,1.18,57.661016949152554
2015-12-29,68.99,1.18,58.46610169491525
2015-12-30,68.44,1.18,58.0
2015-12-31,67.63,1.18,57.313559322033896
2016-01-04,66.29,1.18,56.17796610169492
2016-01-05,66.44,1.18,56.30508474576271
2016-01-06,65.98,1.18,55.91525423728814
2016-01-07,64.29,1.18,54.48305084745763
2016-01-08,64.27,1.18,54.46610169491525
2016-01-11,67.83,1.18,57.483050847457626
2016-01-12,66.65,1.18,56.48305084745763
2016-01-13,64.95,1.18,55.04237288135594
2016-01-14,65.12,1.18,55.18644067796611
2016-01-15,64.27,1.18,54.46610169491525
2016-01-19,63.47,1.18,53.78813559322034
2016-01-20,62.83,1.18,53.24576271186441
2016-01-21,64.03,1.18,54.26271186440678
2016-01-22,65.82,1.18,55.77966101694915
2016-01-25,65.58,1.18,55.57627118644068
2016-01-26,66.96,1.18,56.7457627118644
2016-01-27,67.47,1.18,57.17796610169492
2016-01-28,67.51,1.18,57.21186440677967
2016-01-29,69.58,1.18,58.96610169491525
2016-02-01,71.02,1.18,60.186440677966104
2016-02-02,71.96,1.18,60.983050847457626
2016-02-03,70.2,1.18,59.49152542372882
2016-02-04,70.13,1.18,59.432203389830505
2016-02-05,69.19,1.18,58.63559322033898
2016-02-08,66.77,1.18,56.58474576271186
2016-02-09,66.5,1.18,56.355932203389834
2016-02-10,67.3,1.18,57.03389830508475
2016-02-11,64.25,1.18,54.449152542372886
2016-02-12,66.01,1.18,55.9406779661017
2016-02-16,65.6,1.18,55.59322033898305
2016-02-17,67.05,1.18,56.82203389830509
2016-02-18,67.52,1.18,57.220338983050844
2016-02-19,67.62,1.18,57.30508474576272
2016-02-22,69.95,1.18,59.279661016949156
2016-02-23,69.84,1.18,59.18644067796611
2016-02-24,70.14,1.18,59.440677966101696
2016-02-25,70.0,1.18,59.32203389830509
2016-02-26,70.44,1.72,40.95348837209302
2016-02-29,69.21,1.72,40.23837209302325
2016-03-01,70.79,1.72,41.15697674418605
2016-03-02,71.3,1.72,41.45348837209302
2016-03-03,72.93,1.72,42.401162790697676
2016-03-04,73.0,1.72,42.44186046511628
2016-03-07,72.94,1.72,42.406976744186046
2016-03-08,71.49,1.72,41.56395348837209
2016-03-09,72.26,1.72,42.01162790697675
2016-03-10,72.2,1.72,41.97674418604652
2016-03-11,74.95,1.72,43.57558139534884
2016-03-14,74.72,1.72,43.44186046511628
2016-03-15,73.17,1.72,42.54069767441861
2016-03-16,74.49,1.72,43.30813953488372
2016-03-17,73.72,1.72,42.86046511627907
2016-03-18,75.46,1.72,43.87209302325581
2016-03-21,75.52,1.72,43.906976744186046
2016-03-22,77.16,1.72,44.860465116279066
2016-03-23,76.95,1.72,44.73837209302326
2016-03-24,76.37,1.72,44.401162790697676
2016-03-28,76.44,1.72,44.44186046511628
2016-03-29,77.56,1.72,45.093023255813954
2016-03-30,78.1,1.72,45.406976744186046
2016-03-31,78.05,1.72,45.377906976744185
2016-04-01,79.2,1.72,46.04651162790698
2016-04-04,78.73,1.72,45.77325581395349
2016-04-05,78.24,1.72,45.48837209302325
2016-04-06,79.1,1.72,45.98837209302325
2016-04-07,78.84,1.72,45.83720930232558
2016-04-08,79.14,1.72,46.01162790697675
2016-04-11,79.57,1.72,46.26162790697674
2016-04-12,79.78,1.72,46.383720930232556
2016-04-13,80.6,1.72,46.860465116279066
2016-04-14,80.72,1.72,46.93023255813954
2016-04-15,80.33,1.72,46.70348837209302
2016-04-18,80.88,1.72,47.02325581395348
2016-04-19,79.78,1.72,46.383720930232556
2016-04-20,80.11,1.72,46.575581395348834
2016-04-21,80.22,1.72,46.63953488372093
2016-04-22,80.91,1.72,47.0406976744186
2016-04-25,80.12,1.72,46.58139534883721
2016-04-26,81.18,1.72,47.197674418604656
2016-04-27,81.78,1.72,47.54651162790698
2016-04-28,81.96,1.72,47.65116279069767
2016-04-29,80.62,1.72,46.872093023255815
2016-05-02,81.21,1.72,47.21511627906976
2016-05-03,79.06,1.72,45.96511627906977
2016-05-04,79.8,1.72,46.395348837209305
2016-05-05,80.61,1.72,46.866279069767444
2016-05-06,80.9,1.71,47.30994152046784
2016-05-09,80.98,1.71,47.35672514619883
2016-05-10,80.93,1.71,47.32748538011696
2016-05-11,80.25,1.71,46.92982456140351
2016-05-12,77.69,1.71,45.432748538011694
2016-05-13,77.92,1.71,45.567251461988306
2016-05-16,77.81,1.71,45.50292397660819
2016-05-17,77.27,1.71,45.187134502923975
2016-05-18,76.58,1.71,44.78362573099415
2016-05-19,76.72,1.71,44.865497076023395
2016-05-20,77.12,1.71,45.099415204678365
2016-05-23,76.22,1.71,44.57309941520468
2016-05-24,77.56,1.71,45.35672514619883
2016-05-25,77.73,1.71,45.4561403508772
2016-05-26,77.2,1.71,45.14619883040936
2016-05-27,77.36,1.71,45.239766081871345
2016-05-31,78.02,1.71,45.62573099415204
2016-06-01,78.37,1.71,45.83040935672515
2016-06-02,78.98,1.71,46.18713450292398
2016-06-03,78.14,1.71,45.69590643274854
2016-06-06,78.67,1.71,46.005847953216374
2016-06-07,79.24,1.71,46.3391812865497
2016-06-08,80.98,1.71,47.35672514619883
2016-06-09,81.03,1.71,47.385964912280706
2016-06-10,79.55,1.71,46.52046783625731
2016-06-13,77.95,1.71,45.58479532163743
2016-06-14,78.01,1.71,45.619883040935676
2016-06-15,77.81,1.71,45.50292397660819
2016-06-16,77.66,1.71,45.41520467836257
2016-06-17,77.43,1.71,45.28070175438597
2016-06-20,78.57,1.71,45.94736842105263
2016-06-21,78.75,1.71,46.05263157894737
2016-06-22,79.3,1.71,46.37426900584795
2016-06-23,79.75,1.71,46.6374269005848
2016-06-24,76.72,1.71,44.865497076023395
2016-06-27,74.43,1.71,43.52631578947369
2016-06-28,75.93,1.71,44.40350877192983
2016-06-29,77.05,1.71,45.058479532163744
2016-06-30,77.01,1.71,45.03508771929825
2016-07-01,76.66,1.71,44.83040935672515
2016-07-05,76.11,1.71,44.50877192982456
2016-07-06,76.17,1.71,44.54385964912281
2016-07-07,76.99,1.71,45.0233918128655
2016-07-08,78.21,1.71,45.73684210526316
2016-07-11,78.16,1.71,45.707602339181285
2016-07-12,78.4,1.71,45.84795321637427
2016-07-13,79.55,1.71,46.52046783625731
2016-07-14,78.31,1.71,45.7953216374269
2016-07-15,78.71,1.71,46.02923976608187
2016-07-18,79.55,1.71,46.52046783625731
2016-07-19,79.36,1.71,46.409356725146196
2016-07-20,80.53,1.71,47.09356725146199
2016-07-21,80.63,1.71,47.15204678362573
2016-07-22,80.35,1.71,46.98830409356725
2016-07-25,79.7,1.71,46.60818713450293
2016-07-26,79.66,1.71,46.58479532163743
2016-07-27,77.98,1.71,45.60233918128655
2016-07-28,77.88,1.71,45.54385964912281
2016-07-29,77.13,1.71,45.10526315789473
2016-08-01,75.52,1.71,44.16374269005848
2016-08-02,75.04,1.71,43.88304093567252
2016-08-03,75.71,1.71,44.27485380116959
2016-08-04,75.25,1.66,45.33132530120482
2016-08-05,75.84,1.66,45.686746987951814
2016-08-08,76.25,1.66,45.93373493975904
2016-08-09,76.14,1.66,45.867469879518076
2016-08-10,76.48,1.66,46.07228915662651
2016-08-11,77.12,1.66,46.45783132530121
2016-08-12,76.64,1.66,46.168674698795186
2016-08-15,77.42,1.66,46.638554216867476
2016-08-16,76.11,1.66,45.84939759036145
2016-08-17,74.02,1.66,44.59036144578313
2016-08-18,74.66,1.66,44.975903614457835
2016-08-19,74.51,1.66,44.885542168674704
2016-08-22,74.79,1.66,45.05421686746988
2016-08-23,74.97,1.66,45.16265060240964
2016-08-24,74.02,1.66,44.59036144578313
2016-08-25,75.02,1.66,45.19277108433735
2016-08-26,74.26,1.66,44.73493975903615
2016-08-29,74.96,1.66,45.1566265060241
2016-08-30,76.12,1.66,45.85542168674699
2016-08-31,75.55,1.66,45.51204819277108
2016-09-01,75.16,1.66,45.27710843373494
2016-09-02,76.51,1.66,46.09036144578314
2016-09-06,76.15,1.66,45.87349397590362
2016-09-07,78.13,1.66,47.066265060240966
2016-09-08,77.98,1.66,46.975903614457835
2016-09-09,75.94,1.66,45.74698795180723
2016-09-12,77.05,1.66,46.41566265060241
2016-09-13,76.16,1.66,45.87951807228916
2016-09-14,75.13,1.66,45.25903614457831
2016-09-15,75.39,1.66,45.415662650602414
2016-09-16,75.29,1.66,45.35542168674699
2016-09-19,75.85,1.66,45.692771084337345
2016-09-20,74.95,1.66,45.15060240963856
2016-09-21,75.44,1.66,45.445783132530124
2016-09-22,76.38,1.66,46.01204819277108
2016-09-23,76.12,1.66,45.85542168674699
2016-09-26,74.91,1.66,45.126506024096386
2016-09-27,75.13,1.66,45.25903614457831
2016-09-28,75.43,1.66,45.439759036144586
2016-09-29,75.26,1.66,45.337349397590366
2016-09-30,75.63,1.66,45.56024096385542
2016-10-03,74.55,1.66,44.90963855421687
2016-10-04,74.5,1.66,44.87951807228916
2016-10-05,74.74,1.66,45.024096385542165
2016-10-06,74.6,1.66,44.93975903614458
2016-10-07,74.23,1.66,44.716867469879524
2016-10-10,75.95,1.66,45.75301204819277
2016-10-11,75.76,1.66,45.638554216867476
2016-10-12,76.89,1.66,46.31927710843374
2016-10-13,80.29,1.66,48.367469879518076
2016-10-14,80.32,1.66,48.3855421686747
2016-10-17,80.39,1.66,48.4277108433735
2016-10-18,82.02,1.66,49.40963855421687
2016-10-19,81.83,1.66,49.295180722891565
2016-10-20,82.01,1.66,49.40361445783133
2016-10-21,81.74,1.66,49.24096385542168
2016-10-24,81.72,1.66,49.22891566265061
2016-10-25,80.96,1.66,48.77108433734939
2016-10-26,78.93,1.66,47.548192771084345
2016-10-27,79.31,1.66,47.777108433734945
2016-10-28,77.31,1.66,46.57228915662651
2016-10-31,76.53,1.66,46.10240963855422
2016-11-01,75.4,1.66,45.42168674698796
2016-11-02,75.1,1.66,45.24096385542168
2016-11-03,73.41,1.61,45.59627329192546
2016-11-04,75.33,1.61,46.78881987577639
2016-11-07,79.62,1.61,49.453416149068325
2016-11-08,80.88,1.61,50.23602484472049
2016-11-09,72.16,1.61,44.81987577639751
2016-11-10,72.06,1.61,44.75776397515528
2016-11-11,69.58,1.61,43.21739130434782
2016-11-14,71.94,1.61,44.68322981366459
2016-11-15,74.0,1.61,45.962732919254655
2016-11-16,73.54,1.61,45.67701863354037
2016-11-17,74.66,1.61,46.37267080745341
2016-11-18,72.39,1.61,44.962732919254655
2016-11-21,72.94,1.61,45.30434782608695
2016-11-22,70.09,1.61,43.53416149068323
2016-11-23,71.0,1.61,44.099378881987576
2016-11-25,71.39,1.61,44.3416149068323
2016-11-28,70.44,1.61,43.75155279503105
2016-11-29,71.52,1.61,44.4223602484472
2016-11-30,70.89,1.61,44.03105590062111
2016-12-01,71.2,1.61,44.223602484472046
2016-12-02,70.31,1.61,43.670807453416145
2016-12-05,70.58,1.61,43.838509316770185
2016-12-06,71.2,1.61,44.223602484472046
2016-12-07,71.96,1.61,44.69565217391304
2016-12-08,72.54,1.61,45.05590062111801
2016-12-09,73.25,1.61,45.49689440993789
2016-12-12,73.97,1.61,45.94409937888199
2016-12-13,73.95,1.61,45.931677018633536
2016-12-14,73.07,1.61,45.385093167701854
2016-12-15,74.46,1.61,46.24844720496894
2016-12-16,74.16,1.61,46.06211180124223
2016-12-19,73.5,1.61,45.65217391304348
2016-12-20,73.35,1.61,45.55900621118012
2016-12-21,73.52,1.61,45.66459627329192
2016-12-22,73.96,1.61,45.937888198757754
2016-12-23,74.46,1.61,46.24844720496894
2016-12-27,74.37,1.61,46.192546583850934
2016-12-28,73.56,1.61,45.68944099378882
2016-12-29,73.89,1.61,45.8944099378882
2016-12-30,74.02,1.61,45.9751552795031
2017-01-03,74.46,1.61,46.24844720496894
2017-01-04,77.13,1.61,47.90683229813664
2017-01-05,76.81,1.61,47.70807453416149
2017-01-06,76.62,1.61,47.590062111801245
2017-01-09,78.92,1.61,49.01863354037267
2017-01-10,78.27,1.61,48.61490683229813
2017-01-11,79.31,1.61,49.26086956521739
2017-01-12,79.12,1.61,49.142857142857146
2017-01-13,79.4,1.61,49.316770186335404
2017-01-17,80.93,1.61,50.267080745341616
2017-01-18,79.73,1.61,49.52173913043478
2017-01-19,78.62,1.61,48.83229813664596
2017-01-20,79.71,1.61,49.50931677018633
2017-01-23,79.84,1.61,49.59006211180124
2017-01-24,80.33,1.61,49.89440993788819
2017-01-25,80.57,1.61,50.043478260869556
2017-01-26,80.28,1.61,49.86335403726708
2017-01-27,79.52,1.61,49.39130434782608
2017-01-30,79.29,1.61,49.24844720496895
2017-01-31,80.28,1.61,49.86335403726708
2017-02-01,81.96,1.61,50.90683229813664
2017-02-02,82.29,1.61,51.11180124223603
2017-02-03,83.8,1.61,52.04968944099378
2017-02-06,82.67,1.61,51.347826086956516
2017-02-07,82.59,1.61,51.298136645962735
2017-02-08,83.0,1.61,51.5527950310559
2017-02-09,83.64,1.61,51.950310559006205
2017-02-10,83.63,1.61,51.94409937888198
2017-02-13,83.75,1.61,52.01863354037267
2017-02-14,83.71,1.61,51.99378881987577
2017-02-15,84.29,1.61,52.35403726708075
2017-02-16,84.14,1.61,52.26086956521739
2017-02-17,84.63,1.61,52.565217391304344
2017-02-21,85.74,1.61,53.25465838509316
2017-02-22,85.91,1.86,46.188172043010745
2017-02-23,86.45,1.86,46.47849462365591
2017-02-24,87.07,1.86,46.81182795698924
2017-02-27,87.78,1.86,47.193548387096776
2017-02-28,87.24,1.86,46.90322580645161
2017-03-01,88.04,1.86,47.333333333333336
2017-03-02,87.34,1.86,46.956989247311824
2017-03-03,88.53,1.86,47.596774193548384
2017-03-06,87.78,1.86,47.193548387096776
2017-03-07,86.63,1.86,46.5752688172043
2017-03-08,86.48,1.86,46.494623655913976
2017-03-09,86.89,1.86,46.71505376344086
2017-03-10,85.75,1.86,46.10215053763441
2017-03-13,84.99,1.86,45.69354838709677
2017-03-14,83.68,1.86,44.98924731182796
2017-03-15,85.55,1.86,45.994623655913976
2017-03-16,84.25,1.86,45.295698924731184
2017-03-17,84.59,1.86,45.47849462365591
2017-03-20,83.92,1.86,45.11827956989247
2017-03-21,82.62,1.86,44.41935483870968
2017-03-22,82.54,1.86,44.376344086021504
2017-03-23,83.17,1.86,44.71505376344086
2017-03-24,86.04,1.86,46.25806451612903
2017-03-27,90.49,1.86,48.6505376344086
2017-03-28,89.63,1.86,48.188172043010745
2017-03-29,89.19,1.86,47.9516129032258
2017-03-30,89.25,1.86,47.983870967741936
2017-03-31,88.99,1.86,47.84408602150537
2017-04-03,89.33,1.86,48.026881720430104
2017-04-04,87.67,1.86,47.134408602150536
2017-04-05,88.47,1.86,47.564516129032256
2017-04-06,88.72,1.86,47.69892473118279
2017-04-07,87.9,1.86,47.25806451612903
2017-04-10,88.25,1.86,47.446236559139784
2017-04-11,88.0,1.86,47.31182795698925
2017-04-12,88.2,1.86,47.41935483870968
2017-04-13,87.72,1.86,47.16129032258064
2017-04-17,85.65,1.86,46.04838709677419
2017-04-18,85.21,1.86,45.81182795698924
2017-04-19,84.61,1.86,45.48924731182795
2017-04-20,84.12,1.86,45.225806451612904
2017-04-21,83.55,1.86,44.91935483870967
2017-04-24,84.26,1.86,45.30107526881721
2017-04-25,84.61,1.86,45.48924731182795
2017-04-26,83.54,1.86,44.913978494623656
2017-04-27,83.44,1.86,44.86021505376344
2017-04-28,84.21,1.86,45.27419354838709
2017-05-01,83.86,1.86,45.086021505376344
2017-05-02,84.74,1.86,45.55913978494623
2017-05-03,82.85,1.86,44.54301075268817
2017-05-04,83.48,1.86,44.88172043010753
2017-05-05,83.5,1.86,44.89247311827957
2017-05-08,83.86,1.86,45.086021505376344
2017-05-09,84.13,1.73,48.630057803468205
2017-05-10,85.56,1.73,49.456647398843934
2017-05-11,85.29,1.73,49.30057803468208
2017-05-12,84.61,1.73,48.907514450867055
2017-05-15,83.82,1.73,48.45086705202312
2017-05-16,83.49,1.73,48.26011560693642
2017-05-17,81.57,1.73,47.15028901734104
2017-05-18,81.26,1.73,46.971098265895954
2017-05-19,82.15,1.73,47.48554913294798
2017-05-22,82.32,1.73,47.58381502890173
2017-05-23,81.93,1.73,47.358381502890175
2017-05-24,82.43,1.73,47.64739884393064
2017-05-25,83.11,1.73,48.040462427745666
2017-05-26,82.7,1.73,47.80346820809249
2017-05-30,81.99,1.73,47.39306358381503
2017-05-31,81.91,1.73,47.346820809248555
2017-06-01,83.75,1.73,48.410404624277454
2017-06-02,83.33,1.73,48.167630057803464
2017-06-05,82.4,1.73,47.63005780346821
2017-06-06,82.48,1.73,47.676300578034684
2017-06-07,82.68,1.73,47.79190751445087
2017-06-08,82.8,1.73,47.861271676300575
2017-06-09,83.57,1.73,48.30635838150289
2017-06-12,84.86,1.73,49.052023121387286
2017-06-13,84.85,1.73,49.04624277456647
2017-06-14,85.35,1.73,49.335260115606935
2017-06-15,84.02,1.73,48.566473988439306
2017-06-16,83.41,1.73,48.213872832369944
2017-06-19,84.61,1.73,48.907514450867055
2017-06-20,83.74,1.73,48.40462427745665
2017-06-21,84.05,1.73,48.58381502890173
2017-06-22,86.14,1.73,49.79190751445087
2017-06-23,86.24,1.73,49.849710982658955
2017-06-26,86.62,1.73,50.06936416184971
2017-06-27,86.01,1.73,49.71676300578035
2017-06-28,86.98,1.73,50.27745664739885
2017-06-29,86.81,1.73,50.17919075144509
2017-06-30,87.2,1.73,50.40462427745665
2017-07-03,87.19,1.73,50.398843930635834
2017-07-05,87.24,1.73,50.42774566473988
2017-07-06,84.83,1.73,49.03468208092485
2017-07-07,86.14,1.73,49.79190751445087
2017-07-10,85.88,1.73,49.641618497109825
2017-07-11,86.4,1.73,49.942196531791915
2017-07-12,86.45,1.73,49.971098265895954
2017-07-13,86.57,1.73,50.04046242774566
2017-07-14,86.64,1.73,50.08092485549133
2017-07-17,86.5,1.73,50.0
2017-07-18,85.87,1.73,49.63583815028902
2017-07-19,85.23,1.73,49.26589595375723
2017-07-20,85.76,1.73,49.57225433526012
2017-07-21,85.73,1.73,49.55491329479769
2017-07-24,86.09,1.73,49.76300578034682
2017-07-25,82.18,1.73,47.50289017341041
2017-07-26,81.63,1.73,47.18497109826589
2017-07-27,79.96,1.73,46.21965317919075
2017-07-28,80.44,1.73,46.49710982658959
2017-07-31,80.34,1.73,46.43930635838151
2017-08-01,79.28,1.73,45.82658959537572
2017-08-02,78.98,1.73,45.653179190751445
2017-08-03,78.96,1.73,45.641618497109825
2017-08-04,78.87,1.75,45.06857142857143
2017-08-07,78.49,1.75,44.85142857142857
2017-08-08,78.13,1.75,44.645714285714284
2017-08-09,77.92,1.75,44.52571428571429
2017-08-10,77.81,1.75,44.462857142857146
2017-08-11,79.37,1.75,45.354285714285716
2017-08-14,79.52,1.75,45.44
2017-08-15,79.25,1.75,45.285714285714285
2017-08-16,78.99,1.75,45.137142857142855
2017-08-17,77.79,1.75,44.45142857142857
2017-08-18,77.53,1.75,44.30285714285714
2017-08-21,78.26,1.75,44.720000000000006
2017-08-22,78.79,1.75,45.02285714285715
2017-08-23,78.9,1.75,45.08571428571429
2017-08-24,79.26,1.75,45.291428571428575
2017-08-25,79.51,1.75,45.434285714285714
2017-08-28,79.16,1.75,45.23428571428571
2017-08-29,77.59,1.75,44.33714285714286
2017-08-30,77.39,1.75,44.222857142857144
2017-08-31,78.66,1.75,44.94857142857143
2017-09-01,78.67,1.75,44.95428571428572
2017-09-05,78.31,1.75,44.74857142857143
2017-09-06,77.28,1.75,44.160000000000004
2017-09-07,76.37,1.75,43.64
2017-09-08,77.05,1.75,44.028571428571425
2017-09-11,78.35,1.75,44.771428571428565
2017-09-12,78.76,1.75,45.00571428571429
2017-09-13,78.94,1.75,45.10857142857143
2017-09-14,79.87,1.75,45.64
2017-09-15,79.24,1.75,45.279999999999994
2017-09-18,77.68,1.75,44.38857142857143
2017-09-19,76.3,1.75,43.6
2017-09-20,77.75,1.75,44.42857142857143
2017-09-21,77.65,1.75,44.371428571428574
2017-09-22,78.22,1.75,44.69714285714286
2017-09-25,76.25,1.75,43.57142857142857
2017-09-26,77.65,1.75,44.371428571428574
2017-09-27,78.17,1.75,44.66857142857143
2017-09-28,79.1,1.75,45.199999999999996
2017-09-29,79.59,1.75,45.480000000000004
2017-10-02,79.92,1.75,45.66857142857143
2017-10-03,79.48,1.75,45.417142857142856
2017-10-04,77.69,1.75,44.394285714285715
2017-10-05,77.26,1.75,44.14857142857143
2017-10-06,76.64,1.75,43.794285714285714
2017-10-09,75.31,1.75,43.034285714285716
2017-10-10,75.45,1.75,43.114285714285714
2017-10-11,75.53,1.75,43.160000000000004
2017-10-12,74.22,1.75,42.41142857142857
2017-10-13,74.58,1.75,42.61714285714286
2017-10-16,75.19,1.75,42.965714285714284
2017-10-17,76.82,1.75,43.89714285714285
2017-10-18,77.45,1.75,44.25714285714286
2017-10-19,79.79,1.75,45.59428571428572
2017-10-20,81.05,1.75,46.31428571428571
2017-10-23,80.75,1.75,46.142857142857146
2017-10-24,79.57,1.75,45.46857142857142
2017-10-25,79.2,1.75,45.25714285714286
2017-10-26,76.89,1.75,43.93714285714286
2017-10-27,76.67,1.75,43.81142857142857
2017-10-30,76.18,1.75,43.53142857142858
2017-10-31,75.65,1.75,43.228571428571435
2017-11-01,76.83,1.75,43.902857142857144
2017-11-02,76.43,1.75,43.674285714285716
2017-11-03,76.43,1.75,43.674285714285716
2017-11-06,76.87,1.75,43.925714285714285
2017-11-07,77.92,1.21,64.39669421487604
2017-11-08,78.86,1.21,65.17355371900827
2017-11-09,79.41,1.21,65.62809917355372
2017-11-10,78.68,1.21,65.02479338842976
2017-11-13,77.71,1.21,64.22314049586777
2017-11-14,76.05,1.21,62.85123966942149
2017-11-15,74.93,1.21,61.92561983471075
2017-11-16,75.97,1.21,62.78512396694215
2017-11-17,75.24,1.21,62.18181818181818
2017-11-20,74.61,1.21,61.66115702479339
2017-11-21,75.89,1.21,62.719008264462815
2017-11-22,77.07,1.21,63.69421487603305
2017-11-24,77.19,1.21,63.79338842975206
2017-11-27,77.35,1.21,63.925619834710744
2017-11-28,78.07,1.21,64.52066115702479
2017-11-29,80.14,1.21,66.23140495867769
2017-11-30,85.0,1.21,70.24793388429752
2017-12-01,84.05,1.21,69.46280991735537
2017-12-04,84.27,1.21,69.64462809917356
2017-12-05,83.22,1.21,68.77685950413223
2017-12-06,83.1,1.21,68.67768595041322
2017-12-07,85.06,1.21,70.29752066115702
2017-12-08,84.84,1.21,70.11570247933885
2017-12-11,84.97,1.21,70.22314049586777
2017-12-12,86.45,1.21,71.44628099173555
2017-12-13,87.59,1.21,72.38842975206612
2017-12-14,86.15,1.21,71.19834710743802
2017-12-15,88.46,1.21,73.10743801652892
2017-12-18,89.69,1.21,74.12396694214875
2017-12-19,88.83,1.21,73.41322314049587
2017-12-20,86.45,1.21,71.44628099173555
2017-12-21,87.84,1.21,72.59504132231406
2017-12-22,89.09,1.21,73.62809917355372
2017-12-26,89.14,1.21,73.6694214876033
2017-12-27,87.89,1.21,72.63636363636364
2017-12-28,88.31,1.21,72.98347107438016
2017-12-29,87.84,1.21,72.59504132231406
2018-01-02,89.51,1.21,73.97520661157026
2018-01-03,87.04,1.21,71.93388429752066
2018-01-04,85.96,1.21,71.04132231404958
2018-01-05,86.93,1.21,71.84297520661158
2018-01-08,86.75,1.21,71.69421487603306
2018-01-09,86.0,1.21,71.07438016528926
2018-01-10,84.96,1.21,70.21487603305785
2018-01-11,86.97,1.21,71.87603305785125
2018-01-12,88.8,1.21,73.38842975206612
2018-01-16,88.79,1.21,73.38016528925621
2018-01-17,89.4,1.21,73.88429752066116
2018-01-18,90.11,1.21,74.47107438016529
2018-01-19,93.01,1.21,76.86776859504133
2018-01-22,92.86,1.21,76.74380165289256
2018-01-23,91.73,1.21,75.80991735537191
2018-01-24,91.49,1.21,75.61157024793388
2018-01-25,92.83,1.21,76.71900826446281
2018-01-26,97.07,1.21,80.22314049586777
2018-01-29,97.62,1.21,80.67768595041323
2018-01-30,101.45,1.21,83.84297520661157
2018-01-31,101.16,1.21,83.60330578512396
2018-02-01,102.24,1.21,84.49586776859503
2018-02-02,99.69,1.21,82.38842975206612
2018-02-05,95.89,1.21,79.24793388429752
2018-02-06,98.71,1.21,81.57851239669421
2018-02-07,98.4,1.21,81.32231404958678
2018-02-08,95.97,1.21,79.31404958677686
2018-02-09,97.84,1.21,80.85950413223141
2018-02-12,98.28,1.21,81.22314049586777
2018-02-13,98.92,1.21,81.75206611570248
2018-02-14,99.91,1.21,82.5702479338843
2018-02-15,100.95,1.21,83.42975206611571
2018-02-16,101.0,1.21,83.47107438016529
2018-02-20,101.0,1.21,83.47107438016529
2018-02-21,100.35,1.21,82.93388429752066
2018-02-22,100.54,1.21,83.0909090909091
2018-02-23,100.84,2.13,47.34272300469484
2018-02-26,100.02,2.13,46.95774647887324
2018-02-27,101.56,2.13,47.68075117370893
2018-02-28,99.25,2.13,46.5962441314554
2018-03-01,99.43,2.13,46.68075117370893
2018-03-02,101.38,2.13,47.5962441314554
2018-03-05,101.11,2.13,47.46948356807512
2018-03-06,100.99,2.13,47.413145539906104
2018-03-07,101.31,2.13,47.563380281690144
2018-03-08,102.35,2.13,48.051643192488264
2018-03-09,103.9,2.13,48.7793427230047
2018-03-12,103.56,2.13,48.61971830985916
2018-03-13,102.58,2.13,48.15962441314554
2018-03-14,101.93,2.13,47.85446009389672
2018-03-15,103.15,2.13,48.42723004694836
2018-03-16,102.77,2.13,48.248826291079816
2018-03-19,102.66,2.13,48.19718309859155
2018-03-20,100.6,2.13,47.23004694835681
2018-03-21,100.9,2.13,47.37089201877935
2018-03-22,99.79,2.13,46.84976525821597
2018-03-23,98.78,2.13,46.375586854460096
2018-03-26,97.98,2.13,46.00000000000001
2018-03-27,97.43,2.13,45.74178403755869
2018-03-28,97.15,2.13,45.610328638497656
2018-03-29,97.0,2.13,45.539906103286384
2018-04-02,95.32,2.13,44.751173708920184
2018-04-03,97.07,2.13,45.57276995305164
2018-04-04,96.86,2.13,45.47417840375587
2018-04-05,98.24,2.13,46.12206572769953
2018-04-06,96.24,2.13,45.183098591549296
2018-04-09,96.31,2.13,45.21596244131456
2018-04-10,96.93,2.13,45.507042253521135
2018-04-11,96.19,2.13,45.15962441314554
2018-04-12,96.63,2.13,45.36619718309859
2018-04-13,96.28,2.13,45.201877934272304
2018-04-16,97.44,2.13,45.74647887323944
2018-04-17,97.71,2.13,45.87323943661972
2018-04-18,98.73,2.13,46.35211267605634
2018-04-19,98.41,2.13,46.201877934272304
2018-04-20,97.45,2.13,45.75117370892019
2018-04-23,96.9,2.13,45.49295774647888
2018-04-24,96.81,2.13,45.45070422535212
2018-04-25,98.42,2.13,46.206572769953056
2018-04-26,95.34,2.13,44.760563380281695
2018-04-27,96.25,2.13,45.18779342723005
2018-04-30,95.74,2.13,44.948356807511736
2018-05-01,96.2,2.13,45.164319248826295
2018-05-02,97.74,2.13,45.88732394366197
2018-05-03,95.84,2.13,44.995305164319255
2018-05-04,97.55,2.13,45.7981220657277
2018-05-07,97.62,2.13,45.83098591549296
2018-05-08,97.4,1.99,48.94472361809046
2018-05-09,100.12,1.99,50.311557788944725
2018-05-10,101.47,1.99,50.98994974874372
2018-05-11,101.78,1.99,51.14572864321608
2018-05-14,101.78,1.99,51.14572864321608
2018-05-15,101.06,1.99,50.78391959798995
2018-05-16,102.92,1.99,51.71859296482412
2018-05-17,103.1,1.99,51.80904522613065
2018-05-18,102.83,1.99,51.67336683417086
2018-05-21,103.86,1.99,52.19095477386934
2018-05-22,103.41,1.99,51.96482412060301
2018-05-23,103.51,1.99,52.015075376884425
2018-05-24,103.6,1.99,52.06030150753769
2018-05-25,103.69,1.99,52.10552763819096
2018-05-29,103.28,1.99,51.89949748743719
2018-05-30,104.9,1.99,52.71356783919598
2018-05-31,103.14,1.99,51.82914572864322
2018-06-01,104.32,1.99,52.42211055276382
2018-06-04,104.31,1.99,52.41708542713568
2018-06-05,104.25,1.99,52.38693467336684
2018-06-06,104.65,1.99,52.58793969849246
2018-06-07,105.32,1.99,52.92462311557789
2018-06-08,105.39,1.99,52.959798994974875
2018-06-11,106.44,1.99,53.48743718592965
2018-06-12,106.31,1.99,53.42211055276382
2018-06-13,105.68,1.99,53.10552763819096
2018-06-14,106.01,1.99,53.2713567839196
2018-06-15,106.51,1.99,53.52261306532664
2018-06-18,105.95,1.99,53.24120603015076
2018-06-19,105.52,1.99,53.0251256281407
2018-06-20,107.79,1.99,54.165829145728644
2018-06-21,107.57,1.99,54.05527638190954
2018-06-22,106.74,1.99,53.63819095477387
2018-06-25,105.22,1.99,52.87437185929648
2018-06-26,105.34,1.99,52.934673366834176
2018-06-27,104.18,1.99,52.35175879396985
2018-06-28,103.09,1.99,51.80402010050251
2018-06-29,102.6,1.99,51.55778894472362
2018-07-02,103.19,1.99,51.85427135678392
2018-07-03,103.87,1.99,52.19597989949749
2018-07-05,103.48,1.99,52.0
2018-07-06,105.22,1.99,52.87437185929648
2018-07-09,105.72,1.99,53.12562814070352
2018-07-10,105.8,1.99,53.165829145728644
2018-07-11,105.52,1.99,53.0251256281407
2018-07-12,105.37,1.99,52.949748743718594
2018-07-13,106.55,1.99,53.54271356783919
2018-07-16,106.83,1.99,53.68341708542714
2018-07-17,108.41,1.99,54.47738693467336
2018-07-18,106.59,1.99,53.56281407035176
2018-07-19,107.7,1.99,54.12060301507538
2018-07-20,108.0,1.99,54.2713567839196
2018-07-23,108.36,1.99,54.45226130653266
2018-07-24,108.16,1.99,54.35175879396985
2018-07-25,118.13,1.99,59.36180904522613
2018-07-26,124.3,1.99,62.462311557788944
2018-07-27,124.15,1.99,62.38693467336684
2018-07-30,124.05,1.99,62.336683417085425
2018-07-31,124.23,1.99,62.42713567839196
2018-08-01,124.58,1.99,62.60301507537688
2018-08-02,125.28,1.99,62.95477386934674
2018-08-03,130.16,1.95,66.74871794871795
2018-08-06,128.81,1.95,66.05641025641026
2018-08-07,129.44,1.95,66.37948717948719
2018-08-08,128.31,1.95,65.8
2018-08-09,128.2,1.95,65.74358974358974
2018-08-10,128.17,1.95,65.72820512820512
2018-08-13,128.65,1.95,65.97435897435898
2018-08-14,130.01,1.95,66.67179487179487
2018-08-15,129.63,1.95,66.47692307692307
2018-08-16,129.02,1.95,66.16410256410258
2018-08-17,131.57,1.95,67.47179487179487
2018-08-20,131.46,1.95,67.41538461538462
2018-08-21,130.61,1.95,66.9794871794872
2018-08-22,131.11,1.95,67.23589743589744
2018-08-23,131.08,1.95,67.22051282051282
2018-08-24,131.36,1.95,67.36410256410257
2018-08-27,131.26,1.95,67.31282051282051
2018-08-28,130.24,1.95,66.7897435897436
2018-08-29,132.13,1.95,67.75897435897436
2018-08-30,131.79,1.95,67.58461538461538
2018-08-31,134.11,1.95,68.77435897435899
2018-09-04,134.03,1.95,68.73333333333333
2018-09-05,133.79,1.95,68.61025641025641
2018-09-06,132.3,1.95,67.84615384615385
2018-09-07,132.47,1.95,67.93333333333334
2018-09-10,131.5,1.95,67.43589743589743
2018-09-11,131.78,1.95,67.57948717948719
2018-09-12,131.5,1.95,67.43589743589743
2018-09-13,133.84,1.95,68.63589743589743
2018-09-14,133.63,1.95,68.52820512820513
2018-09-17,132.7,1.95,68.05128205128204
2018-09-18,133.78,1.95,68.60512820512821
2018-09-19,131.92,1.95,67.65128205128205
2018-09-20,132.7,1.95,68.05128205128204
2018-09-21,133.37,1.95,68.3948717948718
2018-09-24,134.31,1.95,68.87692307692308
2018-09-25,134.52,1.95,68.9846153846154
2018-09-26,136.63,1.95,70.06666666666666
2018-09-27,138.33,1.95,70.93846153846155
2018-09-28,139.12,1.95,71.34358974358975
2018-10-01,140.3,1.95,71.94871794871796
2018-10-02,137.93,1.95,70.73333333333333
2018-10-03,138.65,1.95,71.1025641025641
2018-10-04,139.22,1.95,71.39487179487179
2018-10-05,138.97,1.95,71.26666666666667
2018-10-08,138.88,1.95,71.22051282051282
2018-10-09,139.58,1.95,71.57948717948719
2018-10-10,135.09,1.95,69.27692307692308
2018-10-11,132.43,1.95,67.91282051282052
2018-10-12,133.86,1.95,68.64615384615385
2018-10-15,132.76,1.95,68.08205128205128
2018-10-16,135.5,1.95,69.48717948717949
2018-10-17,136.47,1.95,69.98461538461538
2018-10-18,136.37,1.95,69.93333333333334
2018-10-19,133.71,1.95,68.56923076923077
2018-10-22,132.36,1.95,67.87692307692309
2018-10-23,130.63,1.95,66.98974358974358
2018-10-24,126.5,1.95,64.87179487179488
2018-10-25,127.06,1.95,65.15897435897436
2018-10-26,127.86,1.95,65.56923076923077
2018-10-29,129.0,1.95,66.15384615384616
2018-10-30,135.21,1.95,69.33846153846154
2018-10-31,133.53,1.95,68.47692307692309
2018-11-01,135.69,1.95,69.58461538461539
2018-11-02,134.44,1.95,68.94358974358974
2018-11-05,135.36,1.95,69.41538461538462
2018-11-06,135.24,1.95,69.35384615384616
2018-11-07,141.65,1.95,72.64102564102565
2018-11-08,141.63,1.95,72.63076923076923
2018-11-09,143.95,1.95,73.82051282051282
2018-11-12,141.91,1.95,72.77435897435898
2018-11-13,141.54,1.95,72.58461538461538
2018-11-14,139.85,1.95,71.71794871794872
2018-11-15,137.74,1.95,70.63589743589745
2018-11-16,140.29,1.95,71.94358974358974
2018-11-19,135.16,1.95,69.31282051282051
2018-11-20,135.09,1.95,69.27692307692308
2018-11-21,134.81,1.95,69.13333333333334
2018-11-23,134.93,1.95,69.1948717948718
2018-11-26,135.51,1.95,69.49230769230769
2018-11-27,138.07,1.95,70.8051282051282
2018-11-28,144.38,1.95,74.04102564102564
2018-11-29,144.5,1.95,74.1025641025641
2018-11-30,143.99,1.95,73.84102564102565
2018-12-03,146.29,1.95,75.02051282051282
2018-12-04,142.13,1.95,72.88717948717948
2018-12-06,140.85,1.95,72.23076923076923
2018-12-07,135.86,1.95,69.67179487179489
2018-12-10,134.12,1.95,68.77948717948718
2018-12-11,133.89,1.95,68.66153846153846
2018-12-12,134.96,1.95,69.21025641025642
2018-12-13,136.32,1.95,69.9076923076923
2018-12-14,126.73,1.95,64.9897435897436
2018-12-17,123.12,1.95,63.13846153846154
2018-12-18,125.31,1.95,64.26153846153846
2018-12-19,122.25,1.95,62.69230769230769
2018-12-20,119.85,1.95,61.46153846153846
2018-12-21,120.08,1.95,61.57948717948718
2018-12-24,116.13,1.95,59.55384615384615
2018-12-26,121.29,1.95,62.2
2018-12-27,122.38,1.95,62.758974358974356
2018-12-28,122.51,1.95,62.825641025641026
2018-12-31,124.45,1.95,63.820512820512825
2019-01-02,121.76,1.95,62.44102564102565
2019-01-03,119.44,1.95,61.251282051282054
2019-01-04,123.39,1.95,63.276923076923076
2019-01-07,124.44,1.95,63.815384615384616
2019-01-08,126.19,1.95,64.71282051282051
2019-01-09,128.3,1.95,65.7948717948718
2019-01-10,129.75,1.95,66.53846153846153
2019-01-11,129.14,1.95,66.22564102564102
2019-01-14,129.26,1.95,66.28717948717949
2019-01-15,131.49,1.95,67.43076923076924
2019-01-16,132.31,1.95,67.85128205128206
2019-01-17,134.06,1.95,68.74871794871795
2019-01-18,134.54,1.95,68.9948717948718
2019-01-22,132.97,1.95,68.18974358974359
2019-01-23,133.79,1.95,68.61025641025641
2019-01-24,132.69,1.95,68.04615384615384
2019-01-25,132.9,1.95,68.15384615384616
2019-01-28,131.73,1.95,67.55384615384615
2019-01-29,138.03,1.95,70.78461538461539
2019-01-30,139.06,1.95,71.31282051282052
2019-01-31,139.43,1.95,71.50256410256411
2019-02-01,139.71,1.95,71.64615384615385
2019-02-04,138.76,1.95,71.15897435897436
2019-02-05,139.72,1.95,71.65128205128205
2019-02-06,140.03,1.95,71.81025641025641
2019-02-07,140.62,1.95,72.11282051282052
2019-02-08,139.53,1.95,71.55384615384615
2019-02-11,138.66,1.95,71.1076923076923
2019-02-12,140.22,1.95,71.90769230769232
2019-02-13,140.89,1.95,72.25128205128205
2019-02-14,142.22,1.95,72.93333333333334
2019-02-15,144.26,1.95,73.97948717948718
2019-02-19,143.59,1.95,73.63589743589743
2019-02-20,142.33,1.95,72.9897435897436
2019-02-21,142.01,2.33413,60.840655833222655
2019-02-22,144.04,2.33413,61.71035889174981
2019-02-25,143.26,2.33413,61.37618727320243
2019-02-26,142.52,2.33413,61.05915266073441
2019-02-27,138.81,2.33413,59.469695346874424
2019-02-28,139.04,2.33413,59.5682331318307
2019-03-01,138.47,2.33413,59.324030795199924
2019-03-04,136.1,2.33413,58.30866318499826
2019-03-05,135.39,2.33413,58.00448132708974
2019-03-06,128.73,2.33413,55.151169814877484
2019-03-07,126.89,2.33413,54.36286753522726
2019-03-08,124.74,2.33413,53.44175345846204
2019-03-11,125.89,2.33413,53.934442383243436
2019-03-12,128.88,2.33413,55.215433587675065
2019-03-13,130.82,2.33413,56.04657838252368
2019-03-14,131.77,2.33413,56.453582276908314
2019-03-15,132.35,2.33413,56.702068865058926
2019-03-18,134.75,2.33413,57.7302892298201
2019-03-19,136.62,2.33413,58.53144426402985
2019-03-20,135.08,2.33413,57.87166952997477
2019-03-21,136.91,2.33413,58.65568755810516
2019-03-22,134.44,2.33413,57.59747743270512
2019-03-25,132.66,2.33413,56.834880662173916
2019-03-26,129.75,2.33413,55.58816346990099
2019-03-27,128.68,2.33413,55.129748557278305
2019-03-28,128.66,2.33413,55.12118005423862
2019-03-29,130.38,2.33413,55.8580713156508
2019-04-01,131.98,2.33413,56.54355155882491
2019-04-02,130.65,2.33413,55.973746106686434
2019-04-03,131.21,2.33413,56.21366419179738
2019-04-04,132.35,2.33413,56.702068865058926
2019-04-05,134.08,2.33413,57.44324437799095
2019-04-08,131.84,2.33413,56.483572037547184
2019-04-09,132.28,2.33413,56.672079104420064
2019-04-10,133.93,2.33413,57.37898060519337
2019-04-11,130.13,2.33413,55.75096502765484
2019-04-12,127.87,2.33413,54.78272418417141
2019-04-15,127.09,2.33413,54.44855256562402
2019-04-16,114.38,2.33413,49.003268883909634
2019-04-17,112.01,2.33413,47.987901273707976
2019-04-18,115.24,2.33413,49.37171451461572
2019-04-22,115.0,2.33413,49.268892478139605
2019-04-23,120.18,2.33413,51.48813476541581
2019-04-24,123.84,2.33413,53.0561708216766
2019-04-25,124.56,2.33413,53.364636931104954
2019-04-26,125.55,2.33413,53.788777831568936
2019-04-29,125.42,2.33413,53.73308256181104
2019-04-30,127.23,2.33413,54.50853208690176
2019-05-01,124.09,2.33413,53.163277109672556
2019-05-02,125.52,2.33413,53.77592507700942
2019-05-03,125.61,2.9682,42.3185769153022
2019-05-06,128.78,2.9682,43.386564247692206
2019-05-07,126.51,2.9682,42.621790984435016
2019-05-08,125.09,2.9682,42.14338656424769
2019-05-09,124.6,2.9682,41.97830334883094
2019-05-10,123.75,2.9682,41.69193450576107
2019-05-13,122.17,2.9682,41.15962536217236
2019-05-14,122.24,2.9682,41.18320867866046
2019-05-15,123.18,2.9682,41.499898928643624
2019-05-16,122.7,2.9682,41.33818475843946
2019-05-17,123.51,2.9682,41.61107742065899
2019-05-20,125.69,2.9682,42.345529277002896
2019-05-21,128.21,2.9682,43.19452867057476
2019-05-22,128.21,2.9682,43.19452867057476
2019-05-23,126.71,2.9682,42.689171888686744
2019-05-24,123.84,2.9682,41.72225591267435
2019-05-28,123.04,2.9682,41.45273229566741
2019-05-29,121.86,2.9682,41.055184960582174
2019-05-30,122.57,2.9682,41.294387170675826
2019-05-31,120.96,2.9682,40.75197089144936
2019-06-03,123.03,2.9682,41.44936325045482
2019-06-04,125.53,2.9682,42.29162455360151
2019-06-05,124.75,2.9682,42.02883902701974
2019-06-06,126.01,2.9682,42.45333872380568
2019-06-07,128.41,2.9682,43.2619095748265
2019-06-10,130.27,2.9682,43.88855198436764
2019-06-11,128.04,2.9682,43.13725490196078
2019-06-12,126.73,2.9682,42.695909979111924
2019-06-13,127.38,2.9682,42.914897917930055
2019-06-14,126.63,2.9682,42.66221952698605
2019-06-17,128.17,2.9682,43.18105248972441
2019-06-18,129.06,2.9682,43.480897513644635
2019-06-19,130.1,2.9682,43.831278215753656
2019-06-20,128.08,2.9682,43.150731082811134
2019-06-21,128.23,2.9682,43.20126676099993
2019-06-24,131.09,2.9682,44.16481369179974
2019-06-25,135.18,2.9682,45.54275318374773
2019-06-26,133.66,2.9682,45.030658311434536
2019-06-27,134.1,2.9682,45.17889630078835
2019-06-28,135.17,2.9682,45.539384138535134
2019-07-01,134.54,2.9682,45.32713429014217
2019-07-02,135.34,2.9682,45.596657907149115
2019-07-03,138.18,2.9682,46.55346674752376
2019-07-05,138.53,2.9682,46.67138332996429
2019-07-08,137.36,2.9682,46.277205040091644
2019-07-09,134.99,2.9682,45.47874132470858
2019-07-10,136.68,2.9682,46.04810996563574
2019-07-11,138.65,2.9682,46.711811872515334
2019-07-12,141.51,2.9682,47.67535880331514
2019-07-15,140.92,2.9682,47.47658513577252
2019-07-16,139.7,2.9682,47.065561619836934
2019-07-17,139.97,2.9682,47.15652584057678
2019-07-18,141.23,2.9682,47.581025537362706
2019-07-19,139.48,2.9682,46.991442625160026
2019-07-22,140.57,2.9682,47.35866855333198
2019-07-23,140.67,2.9682,47.39235900545785
2019-07-24,143.29,2.9682,48.27504885115558
2019-07-25,141.87,2.9682,47.796644430968264
2019-07-26,145.06,2.9682,48.87136985378344
2019-07-29,146.16,2.9682,49.24196482716798
2019-07-30,132.8,2.9682,44.74092042315208
2019-07-31,133.51,2.9682,44.980122633245735
2019-08-01,129.54,2.9682,43.6426116838488
2019-08-02,127.14,2.20761,57.59169418511422
2019-08-05,123.54,2.20761,55.9609713672252
2019-08-06,124.33,2.20761,56.318824430039726
2019-08-07,126.1,2.20761,57.1205964821685
2019-08-08,126.62,2.20761,57.356145333641365
2019-08-09,127.5,2.20761,57.75476646690313
2019-08-12,125.8,2.20761,56.98470291401108
2019-08-13,127.9,2.20761,57.93595789111302
2019-08-14,123.27,2.20761,55.83866715588351
2019-08-15,123.27,2.20761,55.83866715588351
2019-08-16,123.93,2.20761,56.13763300582984
2019-08-19,124.61,2.20761,56.445658426986654
2019-08-20,123.19,2.20761,55.802428871041535
2019-08-21,123.58,2.20761,55.979090509646184
2019-08-22,122.24,2.20761,55.37209923854304
2019-08-23,119.78,2.20761,54.257771979652205
2019-08-26,120.41,2.20761,54.54314847278278
2019-08-27,117.4,2.20761,53.17968300560335
2019-08-28,119.05,2.20761,53.92709763046915
2019-08-29,120.75,2.20761,54.697161183361196
2019-08-30,120.2,2.20761,54.4480229750726
2019-09-03,119.96,2.20761,54.339308120546654
2019-09-04,121.31,2.20761,54.950829177255045
2019-09-05,124.25,2.20761,56.282586145197754
2019-09-06,126.1,2.20761,57.1205964821685
2019-09-09,127.51,2.20761,57.75929625250838
2019-09-10,130.1,2.20761,58.93251072426742
2019-09-11,131.27,2.20761,59.462495640081364
2019-09-12,128.69,2.20761,58.293810953927554
2019-09-13,129.07,2.20761,58.46594280692695
2019-09-16,128.95,2.20761,58.41158537966398
2019-09-17,124.99,2.20761,56.61779027998605
2019-09-18,125.53,2.20761,56.86239870266941
2019-09-19,126.82,2.20761,57.44674104574631
2019-09-20,124.28,2.20761,56.2961755020135
2019-09-23,123.44,2.20761,55.91567351117272
2019-09-24,121.29,2.20761,54.94176960604455
2019-09-25,119.1,2.20761,53.949746558495384
2019-09-26,118.13,2.20761,53.5103573547864
2019-09-27,118.96,2.20761,53.88632956002193
2019-09-30,120.42,2.20761,54.54767825838803
2019-10-01,117.04,2.20761,53.016610723814445
2019-10-02,115.09,2.20761,52.13330253079122
2019-10-03,115.95,2.20761,52.52286409284249
2019-10-04,117.62,2.20761,53.279338288918794
2019-10-07,118.18,2.20761,53.53300628281264
2019-10-08,116.64,2.20761,52.83541929960455
2019-10-09,117.55,2.20761,53.24762978968206
2019-10-10,118.56,2.20761,53.705138135812035
2019-10-11,120.43,2.20761,54.55220804399328
2019-10-14,119.43,2.20761,54.099229483468555
2019-10-15,121.51,2.20761,55.041424889359995
2019-10-16,121.43,2.20761,55.005186604518016
2019-10-17,122.8,2.20761,55.62576723243689
2019-10-18,123.64,2.20761,56.00626922327767
2019-10-21,123.61,2.20761,55.99267986646193
2019-10-22,125.23,2.20761,56.72650513451199
2019-10-23,125.25,2.20761,56.73556470572248
2019-10-24,125.0,2.20761,56.622320065591296
2019-10-25,126.27,2.20761,57.19760283745771
2019-10-28,126.87,2.20761,57.46938997377255
2019-10-29,134.99,2.20761,61.14757588523336
2019-10-30,134.77,2.20761,61.04792060191792
2019-10-31,133.54,2.20761,60.4907569724725
2019-11-01,133.65,2.23508,59.79651735060938
2019-11-04,136.22,2.23508,60.94636433595218
2019-11-05,134.34,2.23508,60.1052311326664
2019-11-06,134.87,2.23508,60.342359110188454
2019-11-07,136.21,2.23508,60.94189022316875
2019-11-08,136.84,2.23508,61.223759328525155
2019-11-11,135.33,2.23508,60.54816829822647
2019-11-12,135.14,2.23508,60.46316015534119
2019-11-13,134.39,2.23508,60.12760169658356
2019-11-14,134.49,2.23508,60.172342824417925
2019-11-15,138.05,2.23508,61.7651269753208
2019-11-18,136.78,2.23508,61.19691465182454
2019-11-19,138.81,2.23508,62.10515954686186
2019-11-20,139.76,2.23508,62.530200261288186
2019-11-21,139.29,2.23508,62.319916960466735
2019-11-22,139.2,2.23508,62.27964994541582
2019-11-25,141.54,2.23508,63.32659233673962
2019-11-26,138.9,2.23508,62.14542656191278
2019-11-27,139.93,2.23508,62.60626017860659
2019-11-29,138.66,2.23508,62.03804785511033
2019-12-02,138.49,2.23508,61.96198793779194
2019-12-03,138.17,2.23508,61.81881632872201
2019-12-04,140.61,2.23508,62.910499847880175
2019-12-05,140.68,2.23508,62.941818637364214
2019-12-06,144.61,2.23508,64.7001449612542
2019-12-09,142.84,2.23508,63.90822699858618
2019-12-10,142.44,2.23508,63.72926248724878
2019-12-11,142.53,2.23508,63.7695295022997
2019-12-12,143.58,2.23508,64.23931134456038
2019-12-13,142.86,2.23508,63.917175224153056
2019-12-16,143.67,2.23508,64.27957835961128
2019-12-17,143.43,2.23508,64.17219965280886
2019-12-18,144.08,2.23508,64.46301698373213
2019-12-19,145.39,2.23508,65.04912575836211
2019-12-20,147.53,2.23508,66.00658589401722
2019-12-23,148.76,2.23508,66.55690176637972
2019-12-24,147.98,2.23508,66.2079209692718
2019-12-26,148.27,2.23508,66.33767023999141
2019-12-27,149.26,2.23508,66.78060740555148
2019-12-30,147.55,2.23508,66.01553411958409
2019-12-31,147.81,2.23508,66.1318610519534
2020-01-02,147.49,2.23508,65.98868944288348
2020-01-03,147.94,2.23508,66.19002451813806
2020-01-06,148.5,2.23508,66.44057483401042
2020-01-07,148.3,2.23508,66.35109257834172
2020-01-08,149.28,2.23508,66.78955563111835
2020-01-09,147.42,2.23508,65.95737065339942
2020-01-10,148.14,2.23508,66.27950677380674
2020-01-13,147.16,2.23508,65.84104372103012
2020-01-14,147.91,2.23508,66.17660217978775
2020-01-15,147.25,2.23508,65.88131073608103
2020-01-16,147.77,2.23508,66.11396460081966
2020-01-17,148.4,2.23508,66.39583370617606
2020-01-21,147.24,2.23508,65.8768366232976
2020-01-22,147.14,2.23508,65.83209549546325
2020-01-23,146.69,2.23508,65.63076042020867
2020-01-24,143.45,2.23508,64.18114787837571
2020-01-27,141.6,2.23508,63.353437013440235
2020-01-28,145.5,2.23508,65.09834099897991
2020-01-29,145.24,2.23508,64.9820140666106
2020-01-30,143.45,2.23508,64.18114787837571
2020-01-31,138.8,2.23508,62.10068543407843
2020-02-03,141.8,2.23508,63.44291926910894
2020-02-04,144.37,2.23508,64.59276625445175
2020-02-05,151.04,2.23508,67.57699948100291
2020-02-06,149.26,2.23508,66.78060740555148
2020-02-07,145.93,2.23508,65.29072784866761
2020-02-10,146.68,2.23508,65.62628630742525
2020-02-11,149.56,2.23508,66.91483078905453
2020-02-12,150.56,2.23508,67.36224206739804
2020-02-13,150.88,2.23508,67.50541367646795
2020-02-14,149.57,2.23508,66.91930490183796
2020-02-18,148.23,2.23508,66.31977378885766
2020-02-19,150.08,2.23508,67.14748465379316
2020-02-20,148.11,3.08624,47.99043496293224
2020-02-21,148.0,3.08624,47.95479288713774
2020-02-24,140.02,3.08624,45.36912229768262
2020-02-25,133.0,3.08624,43.094509824252164
2020-02-26,128.37,3.08624,41.594302452174816
2020-02-27,127.36,3.08624,41.267043392607185
2020-02-28,127.01,3.08624,41.15363678780652
2020-03-02,135.05,3.08624,43.7587485095132
2020-03-03,128.77,3.08624,41.72391000051843
2020-03-04,135.23,3.08624,43.81707190626781
2020-03-05,127.83,3.08624,41.41933226191093
2020-03-06,127.2,3.08624,41.21520037326974
2020-03-09,116.74,3.08624,37.82596298408419
2020-03-10,120.87,3.08624,39.16416092073202
2020-03-11,112.59,3.08624,36.48128467001918
2020-03-12,101.51,3.08624,32.891155580901035
2020-03-13,104.28,3.08624,33.78868785318057
2020-03-16,84.45,3.08624,27.36339364404583
2020-03-17,77.46,3.08624,25.098501736741145
2020-03-18,68.13,3.08624,22.075405671626314
2020-03-19,83.5,3.08624,27.05557571672974
2020-03-20,78.5,3.08624,25.435481362434547
2020-03-23,78.76,3.08624,25.519726268857898
2020-03-24,86.75,3.08624,28.108637047021617
2020-03-25,92.6,3.08624,30.004147441546994
2020-03-26,94.44,3.08624,30.600342163927625
2020-03-27,87.33,3.08624,28.29656799211986
2020-03-30,90.96,3.08624,29.47275649333817
2020-03-31,89.85,3.08624,29.113095546684637
2020-04-01,83.73,3.08624,27.13010005702732
2020-04-02,83.9,3.08624,27.18518326507336
2020-04-03,81.83,3.08624,26.514464202395146
2020-04-06,93.58,3.08624,30.321685934988853
2020-04-07,98.61,3.08624,31.95150085540982
2020-04-08,108.06,3.08624,35.013479185027734
2020-04-09,108.06,3.08624,35.013479185027734
2020-04-13,103.61,3.08624,33.57159520970501
2020-04-14,112.54,3.08624,36.46508372647623
2020-04-15,109.48,3.08624,35.473585981647574
2020-04-16,108.32,3.08624,35.097724091451084
2020-04-17,115.66,3.08624,37.47602260355643
2020-04-20,110.43,3.08624,35.78140390896366
2020-04-21,105.47,3.08624,34.17427030950282
2020-04-22,104.52,3.08624,33.866452382186736
2020-04-23,104.74,3.08624,33.93773653377573
2020-04-24,107.83,3.08624,34.938954844730155
2020-04-27,110.89,3.08624,35.93045258955882
2020-04-28,109.26,3.08624,35.40230183005858
2020-04-29,113.33,3.08624,36.72105863445487
2020-04-30,109.88,3.08624,35.60319352999118
2020-05-01,104.86,3.08624,33.976618798278814
2020-05-04,103.61,3.08624,33.57159520970501
2020-05-05,106.46,3.08624,34.49504899165327
2020-05-06,99.48,2.40973,41.28263332406535
2020-05-07,102.54,2.40973,42.552485133189194
2020-05-08,107.92,2.40973,44.785100405439614
2020-05-11,104.14,2.40973,43.21645993534545
2020-05-12,99.55,2.40973,41.31168222165969
2020-05-13,100.31,2.40973,41.62707025268391
2020-05-14,99.17,2.40973,41.153988206147574
2020-05-15,98.74,2.40973,40.97554497806808
2020-05-18,105.6,2.40973,43.822336942313036
2020-05-19,103.86,2.40973,43.1002643449681
2020-05-20,106.42,2.40973,44.16262402841812
2020-05-21,108.05,2.40973,44.83904835811481
2020-05-22,106.69,2.40973,44.27466977628199
2020-05-26,109.07,2.40973,45.26233229448942
2020-05-27,113.66,2.40973,47.167110008175186
2020-05-28,109.77,2.40973,45.55282127043278
2020-05-29,106.9,2.40973,44.361816469065
2020-06-01,108.83,2.40973,45.162736074165984
2020-06-02,109.02,2.40973,45.24158308192204
2020-06-03,107.94,2.40973,44.79340009046656
2020-06-04,106.96,2.40973,44.386715524145856
2020-06-05,115.56,2.40973,47.95558008573575
2020-06-08,118.04,2.40973,48.984741029077945
2020-06-09,116.0,2.40973,48.13817315632871
2020-06-10,110.09,2.40973,45.685616230864035
2020-06-11,101.11,2.40973,41.95905765376204
2020-06-12,100.55,2.40973,41.72666647300735
2020-06-15,103.540001,2.40973,42.967469799521105
2020-06-16,104.260002,2.40973,43.26625887547567
2020-06-17,99.099998,2.40973,41.12493847858474
2020-06-18,100.099998,2.40973,41.5399227299324
2020-06-19,97.529999,2.40973,40.47341361895316
2020-06-22,98.32,2.40973,40.80125159250206
2020-06-23,99.080002,2.40973,41.11664045349478
2020-06-24,93.730003,2.40973,38.89647512376905
2020-06-25,93.349998,2.40973,38.73877903333568
2020-06-26,92.480003,2.40973,38.37774480958447
2020-06-29,96.199997,2.40973,39.921483734692266
2020-06-30,97.059998,2.40973,40.278370605835505
2020-07-01,98.080002,2.40973,40.70165620214712
2020-07-02,97.970001,2.40973,40.65600751951463
2020-07-06,99.209999,2.40973,41.17058716121723
2020-07-07,96.239998,2.40973,39.93808351973043
2020-07-08,95.629997,2.40973,39.6849427114241
2020-07-09,94.339996,2.40973,39.149612612201366
2020-07-10,96.720001,2.40973,40.13727720533005
2020-07-13,96.830002,2.40973,40.18292588796255
2020-07-14,98.959999,2.40973,41.066841098380316
2020-07-15,105.650002,2.40973,43.843086984848924
2020-07-16,107.139999,2.40973,44.46141227440418
2020-07-17,106.059998,2.40973,44.01322886796446
2020-07-20,104.970001,2.40973,43.56089727894826
2020-07-21,109.330002,2.40973,45.370229029808314
2020-07-22,122.419998,2.40973,50.8023712200122
2020-07-23,126.970001,2.40973,52.69055080859681
2020-07-24,125.510002,2.40973,52.08467421661348
2020-07-27,125.330002,2.40973,52.009977051370896
2020-07-28,123.959999,2.40973,51.44144738207184
2020-07-29,129.779999,2.40973,53.856655724915235
2020-07-30,128.050003,1.34458,95.23420175816983
2020-07-31,126.639999,1.34458,94.1855441848012
2020-08-03,125.870003,1.34458,93.61287762721443
2020-08-04,128.389999,1.34458,95.48706584955896
2020-08-05,130.410004,1.34458,96.98939743265554
2020-08-06,132.320007,1.34458,98.40991759508545
2020-08-07,130.270004,1.34458,96.88527569947492
2020-08-10,132.470001,1.34458,98.52147213256183
2020-08-11,131.589996,1.34458,97.86698894822175
2020-08-12,132.130005,1.34458,98.26860804117271
2020-08-13,130.669998,1.34458,97.18276190334527
2020-08-14,134.429993,1.34458,99.97917044727721
2020-08-17,134.300003,1.34458,99.88249341801901
2020-08-18,133.910004,1.34458,99.59244076217107
2020-08-19,133.039993,1.34458,98.94539038212676
2020-08-20,131.149994,1.34458,97.53974772791503
2020-08-21,132.509995,1.34458,98.55121673682487
