date,IQV,IQV_EPS,PE Ratio
,,0.42,
2013-05-09,42.11,0.42,100.26190476190476
2013-05-10,42.39,0.42,100.92857142857143
2013-05-13,43.32,0.42,103.14285714285715
2013-05-14,44.43,0.42,105.78571428571429
2013-05-15,45.5,0.42,108.33333333333334
2013-05-16,45.85,0.42,109.16666666666667
2013-05-17,45.52,0.42,108.3809523809524
2013-05-20,45.38,0.42,108.04761904761905
2013-05-21,45.05,0.42,107.26190476190476
2013-05-22,44.65,0.42,106.30952380952381
2013-05-23,45.0,0.42,107.14285714285715
2013-05-24,45.03,0.42,107.21428571428572
2013-05-28,45.43,0.42,108.16666666666667
2013-05-29,44.47,0.42,105.88095238095238
2013-05-30,44.25,0.42,105.35714285714286
2013-05-31,44.04,0.42,104.85714285714286
2013-06-03,44.58,0.42,106.14285714285714
2013-06-04,43.19,0.42,102.83333333333333
2013-06-05,42.85,0.42,102.02380952380953
2013-06-06,43.23,0.42,102.92857142857143
2013-06-07,42.97,0.42,102.30952380952381
2013-06-10,43.64,0.42,103.90476190476191
2013-06-11,43.95,0.42,104.64285714285715
2013-06-12,43.0,0.42,102.38095238095238
2013-06-13,42.9,0.42,102.14285714285714
2013-06-14,43.09,0.42,102.5952380952381
2013-06-17,43.53,0.42,103.64285714285715
2013-06-18,43.89,0.42,104.5
2013-06-19,43.79,0.42,104.26190476190476
2013-06-20,43.34,0.42,103.1904761904762
2013-06-21,44.19,0.42,105.21428571428571
2013-06-24,43.32,0.42,103.14285714285715
2013-06-25,43.0,0.42,102.38095238095238
2013-06-26,42.02,0.42,100.04761904761907
2013-06-27,42.33,0.42,100.78571428571429
2013-06-28,42.56,0.42,101.33333333333334
2013-07-01,42.95,0.42,102.26190476190477
2013-07-02,43.06,0.42,102.52380952380953
2013-07-03,43.62,0.42,103.85714285714286
2013-07-05,43.24,0.42,102.95238095238096
2013-07-08,43.93,0.42,104.5952380952381
2013-07-09,43.69,0.42,104.02380952380952
2013-07-10,43.61,0.42,103.83333333333334
2013-07-11,43.27,0.42,103.02380952380953
2013-07-12,43.5,0.42,103.57142857142857
2013-07-15,43.65,0.42,103.92857142857143
2013-07-16,43.74,0.42,104.14285714285715
2013-07-17,43.83,0.42,104.35714285714286
2013-07-18,44.04,0.42,104.85714285714286
2013-07-19,44.07,0.42,104.92857142857143
2013-07-22,44.57,0.42,106.11904761904762
2013-07-23,44.32,0.42,105.52380952380953
2013-07-24,43.52,0.42,103.61904761904763
2013-07-25,43.48,0.42,103.52380952380952
2013-07-26,43.27,0.42,103.02380952380953
2013-07-29,43.47,0.42,103.5
2013-07-30,43.39,0.42,103.30952380952381
2013-07-31,44.85,0.42,106.78571428571429
2013-08-01,46.29,0.31,149.32258064516128
2013-08-02,45.22,0.31,145.8709677419355
2013-08-05,45.33,0.31,146.2258064516129
2013-08-06,45.95,0.31,148.22580645161293
2013-08-07,45.54,0.31,146.90322580645162
2013-08-08,45.38,0.31,146.38709677419357
2013-08-09,45.64,0.31,147.2258064516129
2013-08-12,45.58,0.31,147.03225806451613
2013-08-13,45.38,0.31,146.38709677419357
2013-08-14,45.3,0.31,146.1290322580645
2013-08-15,44.75,0.31,144.3548387096774
2013-08-16,44.16,0.31,142.4516129032258
2013-08-19,44.32,0.31,142.96774193548387
2013-08-20,44.29,0.31,142.8709677419355
2013-08-21,44.0,0.31,141.93548387096774
2013-08-22,43.66,0.31,140.83870967741933
2013-08-23,43.53,0.31,140.4193548387097
2013-08-26,43.43,0.31,140.09677419354838
2013-08-27,43.12,0.31,139.09677419354838
2013-08-28,43.98,0.31,141.8709677419355
2013-08-29,43.9,0.31,141.61290322580643
2013-08-30,43.26,0.31,139.54838709677418
2013-09-03,43.1,0.31,139.03225806451613
2013-09-04,43.23,0.31,139.4516129032258
2013-09-05,43.19,0.31,139.32258064516128
2013-09-06,42.82,0.31,138.1290322580645
2013-09-09,43.15,0.31,139.19354838709677
2013-09-10,43.77,0.31,141.1935483870968
2013-09-11,43.73,0.31,141.06451612903226
2013-09-12,44.47,0.31,143.4516129032258
2013-09-13,44.37,0.31,143.1290322580645
2013-09-16,44.45,0.31,143.38709677419357
2013-09-17,44.77,0.31,144.4193548387097
2013-09-18,45.09,0.31,145.45161290322582
2013-09-19,44.0,0.31,141.93548387096774
2013-09-20,44.72,0.31,144.25806451612902
2013-09-23,44.86,0.31,144.70967741935485
2013-09-24,44.76,0.31,144.38709677419354
2013-09-25,44.69,0.31,144.16129032258064
2013-09-26,45.1,0.31,145.48387096774195
2013-09-27,44.93,0.31,144.93548387096774
2013-09-30,44.88,0.31,144.7741935483871
2013-10-01,44.67,0.31,144.09677419354838
2013-10-02,44.04,0.31,142.06451612903226
2013-10-03,43.25,0.31,139.51612903225808
2013-10-04,43.98,0.31,141.8709677419355
2013-10-07,42.55,0.31,137.25806451612902
2013-10-08,41.58,0.31,134.1290322580645
2013-10-09,42.22,0.31,136.19354838709677
2013-10-10,42.57,0.31,137.32258064516128
2013-10-11,42.23,0.31,136.2258064516129
2013-10-14,42.02,0.31,135.5483870967742
2013-10-15,41.99,0.31,135.45161290322582
2013-10-16,43.12,0.31,139.09677419354838
2013-10-17,43.53,0.31,140.4193548387097
2013-10-18,43.93,0.31,141.70967741935485
2013-10-21,43.98,0.31,141.8709677419355
2013-10-22,44.11,0.31,142.29032258064515
2013-10-23,43.81,0.31,141.3225806451613
2013-10-24,44.55,0.31,143.70967741935482
2013-10-25,44.31,0.31,142.93548387096774
2013-10-28,43.9,0.31,141.61290322580643
2013-10-29,43.77,0.31,141.1935483870968
2013-10-30,43.38,0.31,139.93548387096774
2013-10-31,41.99,0.52,80.75
2013-11-01,43.43,0.52,83.51923076923076
2013-11-04,44.2,0.52,85.0
2013-11-05,44.09,0.52,84.78846153846155
2013-11-06,44.0,0.52,84.61538461538461
2013-11-07,44.05,0.52,84.71153846153845
2013-11-08,44.09,0.52,84.78846153846155
2013-11-11,43.98,0.52,84.57692307692307
2013-11-12,44.14,0.52,84.88461538461539
2013-11-13,44.37,0.52,85.32692307692307
2013-11-14,43.97,0.52,84.5576923076923
2013-11-15,43.98,0.52,84.57692307692307
2013-11-18,43.31,0.52,83.28846153846153
2013-11-19,42.86,0.52,82.42307692307692
2013-11-20,42.88,0.52,82.46153846153847
2013-11-21,43.25,0.52,83.17307692307692
2013-11-22,43.11,0.52,82.90384615384615
2013-11-25,42.7,0.52,82.11538461538461
2013-11-26,43.0,0.52,82.6923076923077
2013-11-27,42.99,0.52,82.67307692307692
2013-11-29,43.19,0.52,83.0576923076923
2013-12-02,42.79,0.52,82.28846153846153
2013-12-03,42.35,0.52,81.4423076923077
2013-12-04,41.94,0.52,80.65384615384615
2013-12-05,41.87,0.52,80.51923076923076
2013-12-06,42.03,0.52,80.82692307692308
2013-12-09,42.74,0.52,82.1923076923077
2013-12-10,43.73,0.52,84.09615384615384
2013-12-11,43.77,0.52,84.17307692307692
2013-12-12,45.07,0.52,86.67307692307692
2013-12-13,44.97,0.52,86.48076923076923
2013-12-16,45.15,0.52,86.82692307692307
2013-12-17,45.22,0.52,86.96153846153845
2013-12-18,45.68,0.52,87.84615384615384
2013-12-19,45.16,0.52,86.84615384615384
2013-12-20,45.42,0.52,87.34615384615384
2013-12-23,46.2,0.52,88.84615384615385
2013-12-24,46.4,0.52,89.23076923076923
2013-12-26,46.48,0.52,89.38461538461537
2013-12-27,46.4,0.52,89.23076923076923
2013-12-30,46.45,0.52,89.32692307692308
2013-12-31,46.34,0.52,89.11538461538461
2014-01-02,45.8,0.52,88.07692307692307
2014-01-03,46.29,0.52,89.01923076923076
2014-01-06,46.03,0.52,88.51923076923077
2014-01-07,46.79,0.52,89.98076923076923
2014-01-08,47.42,0.52,91.1923076923077
2014-01-09,47.84,0.52,92.0
2014-01-10,48.61,0.52,93.48076923076923
2014-01-13,49.16,0.52,94.53846153846153
2014-01-14,49.0,0.52,94.23076923076923
2014-01-15,49.5,0.52,95.1923076923077
2014-01-16,49.78,0.52,95.73076923076923
2014-01-17,48.98,0.52,94.19230769230768
2014-01-21,48.15,0.52,92.59615384615384
2014-01-22,48.01,0.52,92.32692307692307
2014-01-23,47.74,0.52,91.8076923076923
2014-01-24,46.21,0.52,88.86538461538461
2014-01-27,46.54,0.52,89.5
2014-01-28,47.3,0.52,90.96153846153845
2014-01-29,46.43,0.52,89.28846153846153
2014-01-30,47.7,0.52,91.73076923076923
2014-01-31,47.63,0.52,91.59615384615385
2014-02-03,46.43,0.52,89.28846153846153
2014-02-04,46.61,0.52,89.63461538461539
2014-02-05,48.37,0.52,93.01923076923076
2014-02-06,49.0,0.52,94.23076923076923
2014-02-07,48.23,0.52,92.74999999999999
2014-02-10,48.61,0.52,93.48076923076923
2014-02-11,49.15,0.52,94.51923076923076
2014-02-12,49.44,0.52,95.07692307692307
2014-02-13,52.2,0.58,90.00000000000001
2014-02-14,53.15,0.58,91.63793103448276
2014-02-18,53.77,0.58,92.70689655172416
2014-02-19,54.94,0.58,94.72413793103449
2014-02-20,54.54,0.58,94.0344827586207
2014-02-21,53.93,0.58,92.98275862068967
2014-02-24,53.63,0.58,92.46551724137932
2014-02-25,53.26,0.58,91.82758620689656
2014-02-26,53.62,0.58,92.44827586206897
2014-02-27,53.5,0.58,92.24137931034484
2014-02-28,54.15,0.58,93.36206896551724
2014-03-03,52.87,0.58,91.15517241379311
2014-03-04,54.06,0.58,93.20689655172414
2014-03-05,54.12,0.58,93.3103448275862
2014-03-06,54.48,0.58,93.93103448275862
2014-03-07,54.11,0.58,93.29310344827587
2014-03-10,54.3,0.58,93.62068965517241
2014-03-11,52.81,0.58,91.05172413793105
2014-03-12,52.82,0.58,91.06896551724138
2014-03-13,51.24,0.58,88.3448275862069
2014-03-14,52.17,0.58,89.94827586206897
2014-03-17,52.45,0.58,90.43103448275863
2014-03-18,52.96,0.58,91.31034482758622
2014-03-19,52.72,0.58,90.89655172413794
2014-03-20,52.92,0.58,91.24137931034484
2014-03-21,51.02,0.58,87.96551724137932
2014-03-24,50.44,0.58,86.96551724137932
2014-03-25,49.8,0.58,85.86206896551724
2014-03-26,50.01,0.58,86.22413793103449
2014-03-27,50.06,0.58,86.31034482758622
2014-03-28,49.97,0.58,86.15517241379311
2014-03-31,50.77,0.58,87.5344827586207
2014-04-01,51.11,0.58,88.12068965517241
2014-04-02,51.07,0.58,88.05172413793105
2014-04-03,50.94,0.58,87.82758620689656
2014-04-04,50.11,0.58,86.39655172413794
2014-04-07,49.71,0.58,85.70689655172414
2014-04-08,51.05,0.58,88.01724137931035
2014-04-09,51.34,0.58,88.51724137931036
2014-04-10,51.4,0.58,88.62068965517241
2014-04-11,50.28,0.58,86.68965517241381
2014-04-14,50.55,0.58,87.15517241379311
2014-04-15,50.67,0.58,87.36206896551725
2014-04-16,50.6,0.58,87.24137931034484
2014-04-17,50.22,0.58,86.58620689655173
2014-04-21,50.68,0.58,87.37931034482759
2014-04-22,49.95,0.58,86.12068965517243
2014-04-23,49.47,0.58,85.29310344827587
2014-04-24,49.94,0.58,86.10344827586206
2014-04-25,49.39,0.58,85.15517241379311
2014-04-28,47.52,0.58,81.93103448275863
2014-04-29,47.58,0.58,82.0344827586207
2014-04-30,47.13,0.58,81.25862068965519
2014-05-01,48.76,0.69,70.66666666666667
2014-05-02,47.32,0.69,68.57971014492755
2014-05-05,46.99,0.69,68.10144927536233
2014-05-06,46.75,0.69,67.7536231884058
2014-05-07,47.35,0.69,68.62318840579711
2014-05-08,46.99,0.69,68.10144927536233
2014-05-09,47.54,0.69,68.89855072463769
2014-05-12,47.87,0.69,69.3768115942029
2014-05-13,47.5,0.69,68.84057971014494
2014-05-14,47.76,0.69,69.21739130434783
2014-05-15,49.22,0.69,71.33333333333334
2014-05-16,49.6,0.69,71.8840579710145
2014-05-19,49.81,0.69,72.18840579710145
2014-05-20,50.4,0.69,73.04347826086956
2014-05-21,50.64,0.69,73.3913043478261
2014-05-22,50.89,0.69,73.7536231884058
2014-05-23,51.24,0.69,74.2608695652174
2014-05-27,51.26,0.69,74.28985507246377
2014-05-28,50.87,0.69,73.72463768115942
2014-05-29,50.87,0.69,73.72463768115942
2014-05-30,50.98,0.69,73.8840579710145
2014-06-02,51.1,0.69,74.05797101449276
2014-06-03,51.44,0.69,74.55072463768116
2014-06-04,52.63,0.69,76.27536231884059
2014-06-05,52.81,0.69,76.53623188405798
2014-06-06,52.99,0.69,76.79710144927537
2014-06-09,52.98,0.69,76.78260869565217
2014-06-10,52.67,0.69,76.33333333333334
2014-06-11,52.34,0.69,75.85507246376812
2014-06-12,52.14,0.69,75.56521739130436
2014-06-13,51.61,0.69,74.79710144927537
2014-06-16,51.05,0.69,73.98550724637681
2014-06-17,51.25,0.69,74.27536231884059
2014-06-18,51.25,0.69,74.27536231884059
2014-06-19,52.93,0.69,76.71014492753623
2014-06-20,53.33,0.69,77.28985507246377
2014-06-23,52.95,0.69,76.73913043478262
2014-06-24,52.88,0.69,76.6376811594203
2014-06-25,52.69,0.69,76.36231884057972
2014-06-26,52.28,0.69,75.768115942029
2014-06-27,51.92,0.69,75.24637681159422
2014-06-30,53.29,0.69,77.23188405797102
2014-07-01,53.56,0.69,77.62318840579711
2014-07-02,54.42,0.69,78.86956521739131
2014-07-03,54.96,0.69,79.65217391304348
2014-07-07,55.3,0.69,80.14492753623189
2014-07-08,54.92,0.69,79.59420289855073
2014-07-09,55.05,0.69,79.78260869565217
2014-07-10,55.55,0.69,80.5072463768116
2014-07-11,55.39,0.69,80.27536231884059
2014-07-14,55.02,0.69,79.73913043478262
2014-07-15,55.1,0.69,79.85507246376812
2014-07-16,54.9,0.69,79.56521739130436
2014-07-17,54.48,0.69,78.95652173913044
2014-07-18,55.21,0.69,80.0144927536232
2014-07-21,55.27,0.69,80.10144927536233
2014-07-22,54.97,0.69,79.66666666666667
2014-07-23,55.0,0.69,79.71014492753623
2014-07-24,54.84,0.69,79.47826086956523
2014-07-25,54.99,0.69,79.69565217391305
2014-07-28,54.8,0.69,79.42028985507247
2014-07-29,55.94,0.69,81.07246376811594
2014-07-30,56.82,0.69,82.34782608695653
2014-07-31,54.93,0.66,83.22727272727272
2014-08-01,55.04,0.66,83.39393939393939
2014-08-04,55.41,0.66,83.95454545454544
2014-08-05,55.53,0.66,84.13636363636364
2014-08-06,55.06,0.66,83.42424242424242
2014-08-07,55.76,0.66,84.48484848484848
2014-08-08,55.85,0.66,84.62121212121212
2014-08-11,55.94,0.66,84.75757575757575
2014-08-12,56.1,0.66,85.0
2014-08-13,56.39,0.66,85.43939393939394
2014-08-14,57.17,0.66,86.62121212121212
2014-08-15,57.02,0.66,86.39393939393939
2014-08-18,57.08,0.66,86.48484848484848
2014-08-19,56.13,0.66,85.04545454545455
2014-08-20,56.05,0.66,84.92424242424242
2014-08-21,56.34,0.66,85.36363636363636
2014-08-22,55.74,0.66,84.45454545454545
2014-08-25,55.49,0.66,84.07575757575758
2014-08-26,55.85,0.66,84.62121212121212
2014-08-27,56.76,0.66,86.0
2014-08-28,56.36,0.66,85.39393939393939
2014-08-29,56.12,0.66,85.03030303030302
2014-09-02,55.88,0.66,84.66666666666667
2014-09-03,55.98,0.66,84.81818181818181
2014-09-04,56.27,0.66,85.25757575757576
2014-09-05,55.69,0.66,84.37878787878788
2014-09-08,55.96,0.66,84.78787878787878
2014-09-09,55.54,0.66,84.15151515151514
2014-09-10,56.5,0.66,85.60606060606061
2014-09-11,58.67,0.66,88.89393939393939
2014-09-12,57.57,0.66,87.22727272727272
2014-09-15,57.25,0.66,86.74242424242424
2014-09-16,57.16,0.66,86.6060606060606
2014-09-17,56.22,0.66,85.18181818181817
2014-09-18,57.0,0.66,86.36363636363636
2014-09-19,57.32,0.66,86.84848484848484
2014-09-22,56.29,0.66,85.28787878787878
2014-09-23,55.76,0.66,84.48484848484848
2014-09-24,56.98,0.66,86.33333333333333
2014-09-25,55.83,0.66,84.59090909090908
2014-09-26,56.92,0.66,86.24242424242424
2014-09-29,57.2,0.66,86.66666666666667
2014-09-30,55.78,0.66,84.51515151515152
2014-10-01,54.56,0.66,82.66666666666667
2014-10-02,54.57,0.66,82.68181818181817
2014-10-03,56.19,0.66,85.13636363636363
2014-10-06,55.38,0.66,83.9090909090909
2014-10-07,54.6,0.66,82.72727272727272
2014-10-08,55.3,0.66,83.78787878787878
2014-10-09,54.64,0.66,82.78787878787878
2014-10-10,53.2,0.66,80.60606060606061
2014-10-13,52.6,0.66,79.69696969696969
2014-10-14,52.91,0.66,80.16666666666666
2014-10-15,52.54,0.66,79.6060606060606
2014-10-16,54.11,0.66,81.98484848484848
2014-10-17,55.3,0.66,83.78787878787878
2014-10-20,54.78,0.66,83.0
2014-10-21,56.5,0.66,85.60606060606061
2014-10-22,56.55,0.66,85.68181818181817
2014-10-23,56.99,0.66,86.34848484848484
2014-10-24,57.56,0.66,87.21212121212122
2014-10-27,57.53,0.66,87.16666666666666
2014-10-28,57.74,0.66,87.48484848484848
2014-10-29,57.99,0.66,87.86363636363636
2014-10-30,56.3,0.73,77.12328767123287
2014-10-31,58.54,0.73,80.1917808219178
2014-11-03,59.65,0.73,81.71232876712328
2014-11-04,58.85,0.73,80.6164383561644
2014-11-05,57.06,0.73,78.16438356164385
2014-11-06,57.95,0.73,79.38356164383562
2014-11-07,57.21,0.73,78.36986301369863
2014-11-10,57.22,0.73,78.38356164383562
2014-11-11,56.81,0.73,77.82191780821918
2014-11-12,56.41,0.73,77.27397260273972
2014-11-13,56.39,0.73,77.24657534246576
2014-11-14,55.83,0.73,76.47945205479452
2014-11-17,56.43,0.73,77.3013698630137
2014-11-18,57.33,0.73,78.53424657534246
2014-11-19,57.72,0.73,79.06849315068493
2014-11-20,57.75,0.73,79.10958904109589
2014-11-21,57.86,0.73,79.26027397260275
2014-11-24,57.59,0.73,78.89041095890411
2014-11-25,57.75,0.73,79.10958904109589
2014-11-26,57.96,0.73,79.3972602739726
2014-11-28,57.82,0.73,79.2054794520548
2014-12-01,56.75,0.73,77.73972602739727
2014-12-02,57.54,0.73,78.82191780821918
2014-12-03,58.25,0.73,79.79452054794521
2014-12-04,57.4,0.73,78.63013698630137
2014-12-05,57.37,0.73,78.58904109589041
2014-12-08,57.0,0.73,78.08219178082192
2014-12-09,57.79,0.73,79.16438356164383
2014-12-10,57.21,0.73,78.36986301369863
2014-12-11,57.48,0.73,78.73972602739725
2014-12-12,57.37,0.73,78.58904109589041
2014-12-15,57.05,0.73,78.15068493150685
2014-12-16,57.17,0.73,78.31506849315069
2014-12-17,57.54,0.73,78.82191780821918
2014-12-18,59.38,0.73,81.34246575342466
2014-12-19,60.39,0.73,82.72602739726028
2014-12-22,60.09,0.73,82.31506849315069
2014-12-23,59.47,0.73,81.46575342465754
2014-12-24,59.48,0.73,81.47945205479452
2014-12-26,60.66,0.73,83.0958904109589
2014-12-29,59.95,0.73,82.12328767123289
2014-12-30,59.69,0.73,81.76712328767123
2014-12-31,58.87,0.73,80.64383561643835
2015-01-02,59.11,0.73,80.97260273972603
2015-01-05,58.41,0.73,80.01369863013699
2015-01-06,57.07,0.73,78.17808219178083
2015-01-07,57.77,0.73,79.13698630136987
2015-01-08,59.2,0.73,81.09589041095892
2015-01-09,58.82,0.73,80.57534246575342
2015-01-12,59.06,0.73,80.9041095890411
2015-01-13,59.49,0.73,81.4931506849315
2015-01-14,59.1,0.73,80.95890410958904
2015-01-15,59.04,0.73,80.87671232876713
2015-01-16,59.58,0.73,81.61643835616438
2015-01-20,59.95,0.73,82.12328767123289
2015-01-21,59.78,0.73,81.89041095890411
2015-01-22,60.54,0.73,82.93150684931507
2015-01-23,60.97,0.73,83.52054794520548
2015-01-26,61.96,0.73,84.87671232876713
2015-01-27,61.9,0.73,84.79452054794521
2015-01-28,61.66,0.73,84.46575342465754
2015-01-29,61.76,0.73,84.6027397260274
2015-01-30,60.5,0.73,82.87671232876713
2015-02-02,60.56,0.73,82.95890410958904
2015-02-03,60.27,0.73,82.56164383561645
2015-02-04,60.75,0.73,83.21917808219179
2015-02-05,61.21,0.73,83.84931506849315
2015-02-06,60.46,0.73,82.82191780821918
2015-02-09,59.24,0.73,81.15068493150686
2015-02-10,60.11,0.73,82.34246575342466
2015-02-11,60.68,0.73,83.12328767123287
2015-02-12,63.25,0.7,90.35714285714286
2015-02-13,63.31,0.7,90.44285714285715
2015-02-17,64.01,0.7,91.44285714285715
2015-02-18,64.61,0.7,92.30000000000001
2015-02-19,64.52,0.7,92.17142857142858
2015-02-20,65.15,0.7,93.07142857142858
2015-02-23,64.99,0.7,92.84285714285714
2015-02-24,64.49,0.7,92.12857142857143
2015-02-25,65.03,0.7,92.9
2015-02-26,64.95,0.7,92.78571428571429
2015-02-27,64.98,0.7,92.82857142857144
2015-03-02,65.54,0.7,93.62857142857145
2015-03-03,65.54,0.7,93.62857142857145
2015-03-04,64.93,0.7,92.75714285714287
2015-03-05,65.7,0.7,93.85714285714286
2015-03-06,65.3,0.7,93.28571428571429
2015-03-09,65.34,0.7,93.34285714285716
2015-03-10,64.44,0.7,92.05714285714286
2015-03-11,64.98,0.7,92.82857142857144
2015-03-12,65.34,0.7,93.34285714285716
2015-03-13,66.05,0.7,94.35714285714286
2015-03-16,66.57,0.7,95.1
2015-03-17,66.8,0.7,95.42857142857143
2015-03-18,66.75,0.7,95.35714285714286
2015-03-19,66.87,0.7,95.52857142857144
2015-03-20,67.25,0.7,96.07142857142858
2015-03-23,67.97,0.7,97.10000000000001
2015-03-24,67.45,0.7,96.35714285714286
2015-03-25,66.31,0.7,94.72857142857144
2015-03-26,66.29,0.7,94.70000000000002
2015-03-27,67.26,0.7,96.0857142857143
2015-03-30,68.0,0.7,97.14285714285715
2015-03-31,66.97,0.7,95.67142857142858
2015-04-01,67.87,0.7,96.95714285714287
2015-04-02,66.39,0.7,94.84285714285716
2015-04-06,66.46,0.7,94.94285714285714
2015-04-07,66.2,0.7,94.57142857142858
2015-04-08,67.17,0.7,95.95714285714287
2015-04-09,67.41,0.7,96.3
2015-04-10,67.63,0.7,96.61428571428571
2015-04-13,67.87,0.7,96.95714285714287
2015-04-14,67.21,0.7,96.0142857142857
2015-04-15,67.16,0.7,95.94285714285715
2015-04-16,67.48,0.7,96.4
2015-04-17,66.69,0.7,95.27142857142857
2015-04-20,66.49,0.7,94.98571428571428
2015-04-21,66.7,0.7,95.28571428571429
2015-04-22,66.45,0.7,94.92857142857144
2015-04-23,67.69,0.7,96.7
2015-04-24,69.09,0.7,98.70000000000002
2015-04-27,68.9,0.7,98.42857142857144
2015-04-28,69.31,0.7,99.01428571428572
2015-04-29,68.47,0.69,99.23188405797102
2015-04-30,65.88,0.69,95.47826086956522
2015-05-01,67.3,0.69,97.53623188405797
2015-05-04,66.23,0.69,95.98550724637683
2015-05-05,64.59,0.69,93.60869565217392
2015-05-06,64.9,0.69,94.05797101449276
2015-05-07,64.86,0.69,94.0
2015-05-08,64.85,0.69,93.98550724637681
2015-05-11,64.36,0.69,93.27536231884059
2015-05-12,64.47,0.69,93.43478260869566
2015-05-13,65.48,0.69,94.8985507246377
2015-05-14,65.67,0.69,95.17391304347827
2015-05-15,67.14,0.69,97.30434782608697
2015-05-18,67.53,0.69,97.86956521739131
2015-05-19,68.37,0.69,99.08695652173914
2015-05-20,68.81,0.69,99.72463768115944
2015-05-21,68.71,0.69,99.57971014492753
2015-05-22,69.7,0.69,101.0144927536232
2015-05-26,69.27,0.69,100.3913043478261
2015-05-27,70.52,0.69,102.20289855072464
2015-05-28,70.59,0.69,102.30434782608697
2015-05-29,69.71,0.69,101.02898550724638
2015-06-01,70.04,0.69,101.50724637681161
2015-06-02,69.68,0.69,100.98550724637683
2015-06-03,69.64,0.69,100.92753623188406
2015-06-04,69.67,0.69,100.97101449275364
2015-06-05,69.71,0.69,101.02898550724638
2015-06-08,69.45,0.69,100.65217391304348
2015-06-09,69.43,0.69,100.62318840579712
2015-06-10,69.42,0.69,100.60869565217392
2015-06-11,69.86,0.69,101.2463768115942
2015-06-12,70.03,0.69,101.49275362318842
2015-06-15,69.69,0.69,101.0
2015-06-16,70.58,0.69,102.28985507246378
2015-06-17,70.78,0.69,102.57971014492755
2015-06-18,71.11,0.69,103.05797101449276
2015-06-19,71.85,0.69,104.1304347826087
2015-06-22,72.72,0.69,105.3913043478261
2015-06-23,73.51,0.69,106.53623188405798
2015-06-24,72.9,0.69,105.6521739130435
2015-06-25,73.49,0.69,106.5072463768116
2015-06-26,73.25,0.69,106.15942028985508
2015-06-29,72.08,0.69,104.46376811594203
2015-06-30,72.61,0.69,105.23188405797102
2015-07-01,72.97,0.69,105.7536231884058
2015-07-02,72.8,0.69,105.5072463768116
2015-07-06,72.62,0.69,105.24637681159422
2015-07-07,72.86,0.69,105.59420289855073
2015-07-08,71.67,0.69,103.86956521739131
2015-07-09,72.16,0.69,104.57971014492755
2015-07-10,74.17,0.69,107.49275362318842
2015-07-13,75.24,0.69,109.04347826086956
2015-07-14,76.07,0.69,110.2463768115942
2015-07-15,75.93,0.69,110.04347826086958
2015-07-16,76.72,0.69,111.18840579710145
2015-07-17,76.86,0.69,111.3913043478261
2015-07-20,76.41,0.69,110.73913043478261
2015-07-21,75.29,0.69,109.11594202898553
2015-07-22,76.23,0.69,110.47826086956523
2015-07-23,75.64,0.69,109.62318840579711
2015-07-24,74.94,0.69,108.60869565217392
2015-07-27,74.58,0.69,108.08695652173914
2015-07-28,76.75,0.69,111.23188405797103
2015-07-29,79.1,0.69,114.6376811594203
2015-07-30,78.75,0.69,114.1304347826087
2015-07-31,76.72,0.69,111.18840579710145
2015-08-03,77.11,0.69,111.75362318840581
2015-08-04,77.49,0.69,112.30434782608695
2015-08-05,77.32,0.69,112.05797101449275
2015-08-06,76.0,0.69,110.14492753623189
2015-08-07,75.29,0.69,109.11594202898553
2015-08-10,76.14,0.69,110.34782608695653
2015-08-11,75.38,0.69,109.2463768115942
2015-08-12,75.04,0.69,108.75362318840581
2015-08-13,75.0,0.69,108.69565217391305
2015-08-14,75.08,0.69,108.81159420289856
2015-08-17,76.17,0.69,110.3913043478261
2015-08-18,76.03,0.69,110.18840579710145
2015-08-19,75.69,0.69,109.69565217391305
2015-08-20,74.04,0.69,107.30434782608697
2015-08-21,72.94,0.69,105.71014492753623
2015-08-24,70.24,0.69,101.79710144927536
2015-08-25,71.01,0.69,102.91304347826089
2015-08-26,73.32,0.69,106.26086956521739
2015-08-27,74.2,0.69,107.53623188405798
2015-08-28,75.24,0.69,109.04347826086956
2015-08-31,74.51,0.69,107.98550724637683
2015-09-01,71.9,0.69,104.20289855072465
2015-09-02,73.84,0.69,107.0144927536232
2015-09-03,74.34,0.69,107.73913043478262
2015-09-04,72.78,0.69,105.47826086956523
2015-09-08,74.35,0.69,107.7536231884058
2015-09-09,73.99,0.69,107.23188405797102
2015-09-10,74.42,0.69,107.85507246376812
2015-09-11,75.89,0.69,109.98550724637683
2015-09-14,75.61,0.69,109.57971014492755
2015-09-15,76.94,0.69,111.5072463768116
2015-09-16,77.44,0.69,112.23188405797102
2015-09-17,78.44,0.69,113.68115942028986
2015-09-18,77.57,0.69,112.42028985507247
2015-09-21,76.65,0.69,111.08695652173915
2015-09-22,75.57,0.69,109.52173913043478
2015-09-23,76.01,0.69,110.15942028985509
2015-09-24,75.2,0.69,108.98550724637683
2015-09-25,73.36,0.69,106.31884057971016
2015-09-28,69.06,0.69,100.08695652173914
2015-09-29,68.86,0.69,99.79710144927537
2015-09-30,69.57,0.69,100.82608695652173
2015-10-01,69.61,0.69,100.8840579710145
2015-10-02,71.33,0.69,103.3768115942029
2015-10-05,70.67,0.69,102.42028985507247
2015-10-06,66.37,0.69,96.18840579710147
2015-10-07,67.77,0.69,98.21739130434783
2015-10-08,67.98,0.69,98.5217391304348
2015-10-09,69.83,0.69,101.20289855072464
2015-10-12,70.09,0.69,101.57971014492755
2015-10-13,69.88,0.69,101.27536231884058
2015-10-14,69.23,0.69,100.33333333333334
2015-10-15,70.63,0.69,102.36231884057972
2015-10-16,71.57,0.69,103.72463768115942
2015-10-19,71.75,0.69,103.98550724637683
2015-10-20,70.18,0.69,101.71014492753625
2015-10-21,68.79,0.69,99.69565217391306
2015-10-22,67.69,0.69,98.10144927536233
2015-10-23,68.27,0.69,98.94202898550725
2015-10-26,69.14,0.69,100.20289855072464
2015-10-27,68.76,0.69,99.6521739130435
2015-10-28,66.99,0.9,74.43333333333332
2015-10-29,64.47,0.9,71.63333333333333
2015-10-30,63.65,0.9,70.72222222222221
2015-11-02,66.05,0.9,73.38888888888889
2015-11-03,65.27,0.9,72.52222222222221
2015-11-04,65.82,0.9,73.13333333333333
2015-11-05,65.89,0.9,73.21111111111111
2015-11-06,66.09,0.9,73.43333333333334
2015-11-09,67.06,0.9,74.5111111111111
2015-11-10,67.26,0.9,74.73333333333333
2015-11-11,66.58,0.9,73.97777777777777
2015-11-12,66.8,0.9,74.22222222222221
2015-11-13,66.71,0.9,74.12222222222222
2015-11-16,67.19,0.9,74.65555555555555
2015-11-17,68.58,0.9,76.2
2015-11-18,69.73,0.9,77.47777777777777
2015-11-19,69.07,0.9,76.74444444444444
2015-11-20,68.73,0.9,76.36666666666667
2015-11-23,69.24,0.9,76.93333333333332
2015-11-24,69.16,0.9,76.84444444444443
2015-11-25,68.51,0.9,76.12222222222222
2015-11-27,69.26,0.9,76.95555555555556
2015-11-30,67.99,0.9,75.54444444444444
2015-12-01,68.94,0.9,76.6
2015-12-02,66.75,0.9,74.16666666666667
2015-12-03,65.78,0.9,73.08888888888889
2015-12-04,68.02,0.9,75.57777777777777
2015-12-07,67.41,0.9,74.89999999999999
2015-12-08,67.53,0.9,75.03333333333333
2015-12-09,66.69,0.9,74.1
2015-12-10,67.92,0.9,75.46666666666667
2015-12-11,67.35,0.9,74.83333333333333
2015-12-14,68.14,0.9,75.71111111111111
2015-12-15,68.93,0.9,76.58888888888889
2015-12-16,68.73,0.9,76.36666666666667
2015-12-17,69.86,0.9,77.62222222222222
2015-12-18,69.52,0.9,77.24444444444444
2015-12-21,69.74,0.9,77.48888888888888
2015-12-22,69.29,0.9,76.9888888888889
2015-12-23,70.04,0.9,77.82222222222222
2015-12-24,69.63,0.9,77.36666666666666
2015-12-28,69.58,0.9,77.3111111111111
2015-12-29,70.46,0.9,78.28888888888888
2015-12-30,69.59,0.9,77.32222222222222
2015-12-31,68.66,0.9,76.28888888888888
2016-01-04,67.04,0.9,74.4888888888889
2016-01-05,67.11,0.9,74.56666666666666
2016-01-06,66.74,0.9,74.15555555555555
2016-01-07,65.18,0.9,72.42222222222223
2016-01-08,65.1,0.9,72.33333333333333
2016-01-11,64.57,0.9,71.74444444444444
2016-01-12,65.14,0.9,72.37777777777778
2016-01-13,63.76,0.9,70.84444444444443
2016-01-14,63.96,0.9,71.06666666666666
2016-01-15,63.34,0.9,70.37777777777778
2016-01-19,63.36,0.9,70.39999999999999
2016-01-20,63.25,0.9,70.27777777777777
2016-01-21,62.47,0.9,69.41111111111111
2016-01-22,63.61,0.9,70.67777777777778
2016-01-25,63.0,0.9,70.0
2016-01-26,63.5,0.9,70.55555555555556
2016-01-27,61.93,0.9,68.8111111111111
2016-01-28,60.43,0.9,67.14444444444445
2016-01-29,60.83,0.9,67.58888888888889
2016-02-01,60.53,0.9,67.25555555555556
2016-02-02,58.28,0.9,64.75555555555556
2016-02-03,58.55,0.9,65.05555555555556
2016-02-04,59.53,0.9,66.14444444444445
2016-02-05,57.5,0.9,63.888888888888886
2016-02-08,55.91,0.9,62.12222222222222
2016-02-09,56.7,0.9,63.0
2016-02-10,58.35,0.9,64.83333333333333
2016-02-11,59.0,0.87,67.816091954023
2016-02-12,60.43,0.87,69.45977011494253
2016-02-16,61.79,0.87,71.02298850574712
2016-02-17,63.17,0.87,72.60919540229885
2016-02-18,62.73,0.87,72.10344827586206
2016-02-19,63.43,0.87,72.9080459770115
2016-02-22,62.5,0.87,71.83908045977012
2016-02-23,61.65,0.87,70.86206896551724
2016-02-24,62.1,0.87,71.37931034482759
2016-02-25,62.86,0.87,72.25287356321839
2016-02-26,63.35,0.87,72.816091954023
2016-02-29,62.71,0.87,72.08045977011494
2016-03-01,65.36,0.87,75.1264367816092
2016-03-02,65.44,0.87,75.2183908045977
2016-03-03,64.67,0.87,74.33333333333333
2016-03-04,65.44,0.87,75.2183908045977
2016-03-07,65.32,0.87,75.08045977011494
2016-03-08,65.65,0.87,75.45977011494253
2016-03-09,65.51,0.87,75.29885057471265
2016-03-10,65.28,0.87,75.0344827586207
2016-03-11,67.4,0.87,77.4712643678161
2016-03-14,66.83,0.87,76.81609195402298
2016-03-15,65.4,0.87,75.17241379310346
2016-03-16,65.03,0.87,74.74712643678161
2016-03-17,64.65,0.87,74.31034482758622
2016-03-18,64.88,0.87,74.57471264367815
2016-03-21,64.6,0.87,74.25287356321839
2016-03-22,65.3,0.87,75.05747126436782
2016-03-23,64.54,0.87,74.18390804597702
2016-03-24,64.23,0.87,73.82758620689656
2016-03-28,63.77,0.87,73.29885057471265
2016-03-29,65.07,0.87,74.79310344827586
2016-03-30,64.7,0.87,74.36781609195403
2016-03-31,65.1,0.87,74.82758620689654
2016-04-01,67.52,0.87,77.60919540229885
2016-04-04,68.42,0.87,78.64367816091955
2016-04-05,67.69,0.87,77.80459770114942
2016-04-06,70.19,0.87,80.67816091954023
2016-04-07,70.16,0.87,80.64367816091954
2016-04-08,70.83,0.87,81.41379310344827
2016-04-11,70.35,0.87,80.86206896551724
2016-04-12,69.4,0.87,79.77011494252874
2016-04-13,70.0,0.87,80.45977011494253
2016-04-14,69.67,0.87,80.08045977011494
2016-04-15,70.09,0.87,80.56321839080461
2016-04-18,69.83,0.87,80.26436781609195
2016-04-19,69.74,0.87,80.16091954022988
2016-04-20,69.72,0.87,80.13793103448276
2016-04-21,70.03,0.87,80.49425287356323
2016-04-22,70.04,0.87,80.50574712643679
2016-04-25,70.0,0.87,80.45977011494253
2016-04-26,70.08,0.87,80.55172413793103
2016-04-27,69.82,0.87,80.25287356321839
2016-04-28,69.98,0.87,80.4367816091954
2016-04-29,69.07,0.87,79.39080459770115
2016-05-02,69.1,0.87,79.42528735632183
2016-05-03,67.46,0.89,75.79775280898876
2016-05-04,65.03,0.89,73.06741573033707
2016-05-05,64.52,0.89,72.49438202247191
2016-05-06,65.96,0.89,74.11235955056179
2016-05-09,67.03,0.89,75.31460674157303
2016-05-10,67.65,0.89,76.01123595505618
2016-05-11,65.95,0.89,74.10112359550563
2016-05-12,65.31,0.89,73.38202247191012
2016-05-13,65.74,0.89,73.86516853932584
2016-05-16,65.58,0.89,73.68539325842697
2016-05-17,65.58,0.89,73.68539325842697
2016-05-18,65.85,0.89,73.9887640449438
2016-05-19,64.92,0.89,72.9438202247191
2016-05-20,66.55,0.89,74.7752808988764
2016-05-23,65.97,0.89,74.12359550561797
2016-05-24,66.92,0.89,75.19101123595506
2016-05-25,67.06,0.89,75.34831460674157
2016-05-26,66.74,0.89,74.9887640449438
2016-05-27,66.7,0.89,74.9438202247191
2016-05-31,67.89,0.89,76.28089887640449
2016-06-01,67.86,0.89,76.24719101123596
2016-06-02,67.83,0.89,76.21348314606742
2016-06-03,67.22,0.89,75.52808988764045
2016-06-06,67.21,0.89,75.51685393258425
2016-06-07,67.24,0.89,75.5505617977528
2016-06-08,66.8,0.89,75.0561797752809
2016-06-09,66.54,0.89,74.76404494382022
2016-06-10,65.57,0.89,73.67415730337078
2016-06-13,65.4,0.89,73.48314606741573
2016-06-14,65.17,0.89,73.2247191011236
2016-06-15,65.1,0.89,73.14606741573033
2016-06-16,64.87,0.89,72.88764044943821
2016-06-17,63.4,0.89,71.23595505617978
2016-06-20,63.69,0.89,71.56179775280899
2016-06-21,63.83,0.89,71.71910112359551
2016-06-22,63.92,0.89,71.82022471910112
2016-06-23,65.02,0.89,73.0561797752809
2016-06-24,63.32,0.89,71.14606741573034
2016-06-27,61.32,0.89,68.89887640449439
2016-06-28,62.4,0.89,70.11235955056179
2016-06-29,63.49,0.89,71.33707865168539
2016-06-30,65.32,0.89,73.39325842696628
2016-07-01,66.86,0.89,75.12359550561797
2016-07-05,67.23,0.89,75.53932584269663
2016-07-06,68.31,0.89,76.75280898876404
2016-07-07,68.99,0.89,77.51685393258427
2016-07-08,71.41,0.89,80.23595505617978
2016-07-11,70.82,0.89,79.57303370786516
2016-07-12,71.06,0.89,79.84269662921348
2016-07-13,71.06,0.89,79.84269662921348
2016-07-14,72.82,0.89,81.82022471910112
2016-07-15,71.67,0.89,80.52808988764045
2016-07-18,72.37,0.89,81.31460674157304
2016-07-19,72.14,0.89,81.0561797752809
2016-07-20,73.22,0.89,82.26966292134831
2016-07-21,72.89,0.89,81.89887640449439
2016-07-22,74.03,0.89,83.17977528089888
2016-07-25,74.08,0.89,83.23595505617978
2016-07-26,75.45,0.89,84.7752808988764
2016-07-27,75.0,0.73,102.73972602739727
2016-07-28,77.92,0.73,106.73972602739727
2016-07-29,77.64,0.73,106.35616438356165
2016-08-01,78.61,0.73,107.68493150684931
2016-08-02,77.56,0.73,106.24657534246576
2016-08-03,77.04,0.73,105.53424657534248
2016-08-04,77.38,0.73,106.0
2016-08-05,77.78,0.73,106.54794520547945
2016-08-08,76.56,0.73,104.87671232876713
2016-08-09,76.48,0.73,104.76712328767124
2016-08-10,76.81,0.73,105.21917808219179
2016-08-11,76.75,0.73,105.13698630136986
2016-08-12,76.4,0.73,104.65753424657535
2016-08-15,76.51,0.73,104.8082191780822
2016-08-16,76.11,0.73,104.26027397260275
2016-08-17,75.3,0.73,103.15068493150685
2016-08-18,75.26,0.73,103.09589041095892
2016-08-19,75.05,0.73,102.8082191780822
2016-08-22,76.59,0.73,104.91780821917808
2016-08-23,76.01,0.73,104.12328767123289
2016-08-24,75.41,0.73,103.30136986301369
2016-08-25,75.68,0.73,103.67123287671234
2016-08-26,75.69,0.73,103.68493150684931
2016-08-29,77.42,0.73,106.05479452054794
2016-08-30,77.14,0.73,105.67123287671234
2016-08-31,77.3,0.73,105.89041095890411
2016-09-01,77.42,0.73,106.05479452054794
2016-09-02,76.96,0.73,105.42465753424656
2016-09-06,76.54,0.73,104.84931506849315
2016-09-07,77.69,0.73,106.42465753424658
2016-09-08,77.85,0.73,106.64383561643835
2016-09-09,77.07,0.73,105.57534246575342
2016-09-12,77.74,0.73,106.4931506849315
2016-09-13,77.53,0.73,106.2054794520548
2016-09-14,77.9,0.73,106.7123287671233
2016-09-15,77.85,0.73,106.64383561643835
2016-09-16,77.31,0.73,105.9041095890411
2016-09-19,77.38,0.73,106.0
2016-09-20,77.47,0.73,106.12328767123287
2016-09-21,78.0,0.73,106.84931506849315
2016-09-22,78.13,0.73,107.02739726027397
2016-09-23,79.41,0.73,108.78082191780821
2016-09-26,78.98,0.73,108.19178082191782
2016-09-27,79.7,0.73,109.17808219178083
2016-09-28,79.57,0.73,109.0
2016-09-29,79.06,0.73,108.3013698630137
2016-09-30,81.06,0.73,111.04109589041096
2016-10-03,80.2,0.73,109.86301369863014
2016-10-04,78.79,0.73,107.93150684931508
2016-10-05,80.54,0.73,110.32876712328768
2016-10-06,79.27,0.73,108.58904109589041
2016-10-07,79.46,0.73,108.84931506849314
2016-10-10,79.81,0.73,109.32876712328768
2016-10-11,77.23,0.73,105.79452054794521
2016-10-12,75.89,0.73,103.95890410958904
2016-10-13,75.7,0.73,103.69863013698631
2016-10-14,75.34,0.73,103.2054794520548
2016-10-17,75.28,0.73,103.12328767123289
2016-10-18,76.33,0.73,104.56164383561644
2016-10-19,75.21,0.73,103.02739726027397
2016-10-20,74.42,0.73,101.94520547945206
2016-10-21,74.02,0.73,101.3972602739726
2016-10-24,74.54,0.73,102.1095890410959
2016-10-25,74.43,0.73,101.95890410958906
2016-10-26,73.12,0.73,100.16438356164385
2016-10-27,72.1,0.73,98.76712328767123
2016-10-28,71.77,0.73,98.31506849315068
2016-10-31,71.74,0.73,98.27397260273972
2016-11-01,71.66,0.73,98.16438356164383
2016-11-02,72.36,0.73,99.12328767123287
2016-11-03,72.21,0.83,87.0
2016-11-04,72.59,0.83,87.45783132530121
2016-11-07,74.59,0.83,89.86746987951808
2016-11-08,75.94,0.83,91.49397590361446
2016-11-09,77.68,0.83,93.59036144578315
2016-11-10,78.34,0.83,94.3855421686747
2016-11-11,77.13,0.83,92.92771084337349
2016-11-14,76.89,0.83,92.63855421686748
2016-11-15,77.94,0.83,93.90361445783132
2016-11-16,77.31,0.83,93.14457831325302
2016-11-17,79.48,0.83,95.75903614457832
2016-11-18,79.88,0.83,96.24096385542168
2016-11-21,80.02,0.83,96.40963855421687
2016-11-22,80.2,0.83,96.6265060240964
2016-11-23,79.87,0.83,96.2289156626506
2016-11-25,80.57,0.83,97.0722891566265
2016-11-28,79.82,0.83,96.16867469879517
2016-11-29,80.93,0.83,97.50602409638556
2016-11-30,76.83,0.83,92.56626506024097
2016-12-01,73.0,0.83,87.95180722891567
2016-12-02,74.03,0.83,89.19277108433735
2016-12-05,75.7,0.83,91.20481927710844
2016-12-06,77.58,0.83,93.46987951807229
2016-12-07,76.93,0.83,92.68674698795182
2016-12-08,77.54,0.83,93.42168674698796
2016-12-09,78.34,0.83,94.3855421686747
2016-12-12,79.41,0.83,95.67469879518072
2016-12-13,79.32,0.83,95.56626506024097
2016-12-14,79.39,0.83,95.65060240963857
2016-12-15,80.54,0.83,97.03614457831327
2016-12-16,77.88,0.83,93.83132530120481
2016-12-19,76.68,0.83,92.38554216867472
2016-12-20,76.89,0.83,92.63855421686748
2016-12-21,75.44,0.83,90.89156626506025
2016-12-22,74.95,0.83,90.30120481927712
2016-12-23,76.22,0.83,91.83132530120483
2016-12-27,75.85,0.83,91.38554216867469
2016-12-28,75.96,0.83,91.51807228915662
2016-12-29,75.88,0.83,91.42168674698794
2016-12-30,76.05,0.83,91.62650602409639
2017-01-03,76.93,0.83,92.68674698795182
2017-01-04,77.28,0.83,93.10843373493977
2017-01-05,77.0,0.83,92.77108433734941
2017-01-06,77.82,0.83,93.7590361445783
2017-01-09,77.99,0.83,93.96385542168674
2017-01-10,77.88,0.83,93.83132530120481
2017-01-11,76.98,0.83,92.74698795180724
2017-01-12,77.19,0.83,93.0
2017-01-13,77.16,0.83,92.96385542168674
2017-01-17,76.79,0.83,92.51807228915663
2017-01-18,75.59,0.83,91.07228915662651
2017-01-19,76.07,0.83,91.65060240963855
2017-01-20,76.1,0.83,91.6867469879518
2017-01-23,75.85,0.83,91.38554216867469
2017-01-24,75.35,0.83,90.78313253012048
2017-01-25,75.53,0.83,91.0
2017-01-26,75.54,0.83,91.01204819277109
2017-01-27,76.36,0.83,92.0
2017-01-30,75.35,0.83,90.78313253012048
2017-01-31,78.49,0.83,94.56626506024097
2017-02-01,78.56,0.83,94.65060240963857
2017-02-02,78.21,0.83,94.22891566265059
2017-02-03,77.62,0.83,93.51807228915663
2017-02-06,77.75,0.83,93.67469879518073
2017-02-07,77.99,0.83,93.96385542168674
2017-02-08,78.13,0.83,94.13253012048193
2017-02-09,78.85,0.83,95.0
2017-02-10,79.56,0.83,95.855421686747
2017-02-13,80.0,0.83,96.3855421686747
2017-02-14,82.3,0.83,99.1566265060241
2017-02-15,77.85,0.83,93.79518072289156
2017-02-16,76.87,-1.68,-45.75595238095239
2017-02-17,76.75,-1.68,-45.68452380952381
2017-02-21,76.25,-1.68,-45.386904761904766
2017-02-22,77.35,-1.68,-46.041666666666664
2017-02-23,78.12,-1.68,-46.50000000000001
2017-02-24,77.64,-1.68,-46.214285714285715
2017-02-27,79.47,-1.68,-47.30357142857143
2017-02-28,77.39,-1.68,-46.06547619047619
2017-03-01,77.1,-1.68,-45.89285714285714
2017-03-02,76.78,-1.68,-45.702380952380956
2017-03-03,77.85,-1.68,-46.339285714285715
2017-03-06,77.9,-1.68,-46.36904761904763
2017-03-07,77.48,-1.68,-46.11904761904762
2017-03-08,79.13,-1.68,-47.101190476190474
2017-03-09,79.8,-1.68,-47.5
2017-03-10,80.7,-1.68,-48.03571428571429
2017-03-13,80.54,-1.68,-47.9404761904762
2017-03-14,79.63,-1.68,-47.398809523809526
2017-03-15,80.84,-1.68,-48.11904761904762
2017-03-16,80.41,-1.68,-47.86309523809524
2017-03-17,81.51,-1.68,-48.517857142857146
2017-03-20,80.0,-1.68,-47.61904761904762
2017-03-21,77.92,-1.68,-46.38095238095239
2017-03-22,77.53,-1.68,-46.148809523809526
2017-03-23,77.47,-1.68,-46.11309523809524
2017-03-24,77.99,-1.68,-46.422619047619044
2017-03-27,78.7,-1.68,-46.8452380952381
2017-03-28,78.7,-1.68,-46.8452380952381
2017-03-29,80.15,-1.68,-47.708333333333336
2017-03-30,79.93,-1.68,-47.577380952380956
2017-03-31,80.53,-1.68,-47.93452380952381
2017-04-03,80.02,-1.68,-47.63095238095238
2017-04-04,78.85,-1.68,-46.93452380952381
2017-04-05,78.23,-1.68,-46.5654761904762
2017-04-06,79.33,-1.68,-47.220238095238095
2017-04-07,79.19,-1.68,-47.13690476190476
2017-04-10,78.85,-1.68,-46.93452380952381
2017-04-11,78.76,-1.68,-46.88095238095239
2017-04-12,78.67,-1.68,-46.827380952380956
2017-04-13,78.95,-1.68,-46.99404761904762
2017-04-17,79.48,-1.68,-47.30952380952381
2017-04-18,79.99,-1.68,-47.613095238095234
2017-04-19,81.3,-1.68,-48.392857142857146
2017-04-20,82.88,-1.68,-49.333333333333336
2017-04-21,82.25,-1.68,-48.958333333333336
2017-04-24,82.75,-1.68,-49.25595238095238
2017-04-25,82.65,-1.68,-49.19642857142858
2017-04-26,83.02,-1.68,-49.416666666666664
2017-04-27,83.68,-1.68,-49.80952380952382
2017-04-28,84.28,-1.68,-50.16666666666667
2017-05-01,84.59,-1.68,-50.35119047619048
2017-05-02,85.34,-1.68,-50.79761904761905
2017-05-03,82.64,-1.68,-49.19047619047619
2017-05-04,82.2,-1.68,-48.92857142857143
2017-05-05,83.3,-1.68,-49.583333333333336
2017-05-08,83.64,0.32,261.375
2017-05-09,84.27,0.32,263.34375
2017-05-10,83.8,0.32,261.875
2017-05-11,83.46,0.32,260.8125
2017-05-12,82.89,0.32,259.03125
2017-05-15,83.62,0.32,261.3125
2017-05-16,83.19,0.32,259.96875
2017-05-17,82.22,0.32,256.9375
2017-05-18,83.09,0.32,259.65625
2017-05-19,83.05,0.32,259.53125
2017-05-22,83.54,0.32,261.0625
2017-05-23,83.8,0.32,261.875
2017-05-24,84.22,0.32,263.1875
2017-05-25,84.7,0.32,264.6875
2017-05-26,86.02,0.32,268.8125
2017-05-30,85.5,0.32,267.1875
2017-05-31,86.44,0.32,270.125
2017-06-01,87.13,0.32,272.28125
2017-06-02,87.93,0.32,274.78125
2017-06-05,87.29,0.32,272.78125
2017-06-06,87.09,0.32,272.15625
2017-06-07,87.57,0.32,273.65625
2017-06-08,87.8,0.32,274.375
2017-06-09,86.15,0.32,269.21875
2017-06-12,85.59,0.32,267.46875
2017-06-13,86.73,0.32,271.03125
2017-06-14,86.35,0.32,269.84375
2017-06-15,86.63,0.32,270.71875
2017-06-16,87.13,0.32,272.28125
2017-06-19,87.87,0.32,274.59375
2017-06-20,88.39,0.32,276.21875
2017-06-21,89.78,0.32,280.5625
2017-06-22,90.88,0.32,284.0
2017-06-23,91.08,0.32,284.625
2017-06-26,90.18,0.32,281.8125
2017-06-27,89.47,0.32,279.59375
2017-06-28,90.59,0.32,283.09375
2017-06-29,89.42,0.32,279.4375
2017-06-30,89.5,0.32,279.6875
2017-07-03,88.23,0.32,275.71875
2017-07-05,89.16,0.32,278.625
2017-07-06,87.86,0.32,274.5625
2017-07-07,88.85,0.32,277.65625
2017-07-10,88.27,0.32,275.84375
2017-07-11,88.12,0.32,275.375
2017-07-12,88.91,0.32,277.84375
2017-07-13,89.22,0.32,278.8125
2017-07-14,89.38,0.32,279.3125
2017-07-17,90.08,0.32,281.5
2017-07-18,90.07,0.32,281.46875
2017-07-19,90.96,0.32,284.25
2017-07-20,90.3,0.32,282.1875
2017-07-21,91.15,0.32,284.84375
2017-07-24,91.72,0.32,286.625
2017-07-25,90.52,0.32,282.875
2017-07-26,91.7,0.32,286.5625
2017-07-27,91.59,0.32,286.21875
2017-07-28,90.65,0.32,283.28125
2017-07-31,90.55,0.32,282.96875
2017-08-01,91.29,0.32,285.28125
2017-08-02,91.62,0.32,286.3125
2017-08-03,91.1,0.32,284.6875
2017-08-04,90.42,0.35,258.34285714285716
2017-08-07,91.19,0.35,260.54285714285714
2017-08-08,90.67,0.35,259.0571428571429
2017-08-09,90.1,0.35,257.42857142857144
2017-08-10,87.57,0.35,250.2
2017-08-11,88.91,0.35,254.02857142857144
2017-08-14,89.99,0.35,257.1142857142857
2017-08-15,91.53,0.35,261.51428571428573
2017-08-16,92.59,0.35,264.54285714285714
2017-08-17,91.7,0.35,262.0
2017-08-18,91.55,0.35,261.57142857142856
2017-08-21,93.08,0.35,265.9428571428572
2017-08-22,94.73,0.35,270.6571428571429
2017-08-23,94.11,0.35,268.8857142857143
2017-08-24,95.11,0.35,271.74285714285713
2017-08-25,98.82,0.35,282.34285714285716
2017-08-28,95.55,0.35,273.0
2017-08-29,96.0,0.35,274.2857142857143
2017-08-30,95.79,0.35,273.6857142857143
2017-08-31,96.03,0.35,274.37142857142857
2017-09-01,95.68,0.35,273.3714285714286
2017-09-05,96.95,0.35,277.0
2017-09-06,96.25,0.35,275.0
2017-09-07,96.74,0.35,276.4
2017-09-08,97.0,0.35,277.14285714285717
2017-09-11,96.94,0.35,276.9714285714286
2017-09-12,97.52,0.35,278.62857142857143
2017-09-13,96.57,0.35,275.9142857142857
2017-09-14,95.45,0.35,272.7142857142857
2017-09-15,94.47,0.35,269.9142857142857
2017-09-18,95.07,0.35,271.62857142857143
2017-09-19,95.0,0.35,271.42857142857144
2017-09-20,94.64,0.35,270.40000000000003
2017-09-21,94.22,0.35,269.2
2017-09-22,94.7,0.35,270.5714285714286
2017-09-25,94.95,0.35,271.28571428571433
2017-09-26,94.08,0.35,268.8
2017-09-27,95.21,0.35,272.0285714285714
2017-09-28,94.96,0.35,271.3142857142857
2017-09-29,95.07,0.35,271.62857142857143
2017-10-02,95.0,0.35,271.42857142857144
2017-10-03,95.1,0.35,271.7142857142857
2017-10-04,95.25,0.35,272.14285714285717
2017-10-05,95.6,0.35,273.14285714285717
2017-10-06,95.7,0.35,273.42857142857144
2017-10-09,95.79,0.35,273.6857142857143
2017-10-10,96.2,0.35,274.8571428571429
2017-10-11,97.76,0.35,279.31428571428575
2017-10-12,98.45,0.35,281.28571428571433
2017-10-13,99.85,0.35,285.2857142857143
2017-10-16,99.33,0.35,283.8
2017-10-17,99.67,0.35,284.7714285714286
2017-10-18,100.93,0.35,288.3714285714286
2017-10-19,101.82,0.35,290.9142857142857
2017-10-20,103.03,0.35,294.37142857142857
2017-10-23,102.16,0.35,291.8857142857143
2017-10-24,102.33,0.35,292.37142857142857
2017-10-25,101.5,0.35,290.0
2017-10-26,105.5,0.35,301.42857142857144
2017-10-27,107.66,0.39,276.05128205128204
2017-10-30,107.17,0.39,274.79487179487177
2017-10-31,108.1,0.39,277.1794871794872
2017-11-01,108.43,0.39,278.02564102564105
2017-11-02,107.3,0.39,275.12820512820514
2017-11-03,108.02,0.39,276.97435897435895
2017-11-06,108.56,0.39,278.35897435897436
2017-11-07,108.19,0.39,277.4102564102564
2017-11-08,104.72,0.39,268.5128205128205
2017-11-09,103.51,0.39,265.4102564102564
2017-11-10,104.05,0.39,266.79487179487177
2017-11-13,102.91,0.39,263.87179487179486
2017-11-14,103.48,0.39,265.3333333333333
2017-11-15,103.84,0.39,266.2564102564103
2017-11-16,104.44,0.39,267.79487179487177
2017-11-17,104.46,0.39,267.8461538461538
2017-11-20,103.9,0.39,266.4102564102564
2017-11-21,104.36,0.39,267.5897435897436
2017-11-22,103.95,0.39,266.53846153846155
2017-11-24,104.27,0.39,267.35897435897436
2017-11-27,102.55,0.39,262.94871794871796
2017-11-28,101.73,0.39,260.84615384615387
2017-11-29,101.31,0.39,259.7692307692308
2017-11-30,102.01,0.39,261.56410256410254
2017-12-01,102.27,0.39,262.2307692307692
2017-12-04,101.27,0.39,259.66666666666663
2017-12-05,101.0,0.39,258.97435897435895
2017-12-06,101.01,0.39,259.0
2017-12-07,100.92,0.39,258.7692307692308
2017-12-08,101.35,0.39,259.87179487179486
2017-12-11,101.68,0.39,260.71794871794873
2017-12-12,101.65,0.39,260.64102564102564
2017-12-13,102.22,0.39,262.1025641025641
2017-12-14,101.47,0.39,260.1794871794872
2017-12-15,102.06,0.39,261.6923076923077
2017-12-18,102.48,0.39,262.7692307692308
2017-12-19,101.26,0.39,259.64102564102564
2017-12-20,100.32,0.39,257.2307692307692
2017-12-21,100.14,0.39,256.7692307692308
2017-12-22,99.38,0.39,254.8205128205128
2017-12-26,98.35,0.39,252.17948717948715
2017-12-27,98.54,0.39,252.66666666666669
2017-12-28,98.31,0.39,252.07692307692307
2017-12-29,97.9,0.39,251.02564102564102
2018-01-02,99.76,0.39,255.7948717948718
2018-01-03,99.52,0.39,255.17948717948715
2018-01-04,97.28,0.39,249.43589743589743
2018-01-05,98.56,0.39,252.7179487179487
2018-01-08,98.6,0.39,252.8205128205128
2018-01-09,98.54,0.39,252.66666666666669
2018-01-10,98.87,0.39,253.51282051282053
2018-01-11,99.86,0.39,256.05128205128204
2018-01-12,100.04,0.39,256.5128205128205
2018-01-16,99.93,0.39,256.2307692307692
2018-01-17,100.22,0.39,256.97435897435895
2018-01-18,99.92,0.39,256.2051282051282
2018-01-19,103.0,0.39,264.1025641025641
2018-01-22,102.84,0.39,263.6923076923077
2018-01-23,103.21,0.39,264.64102564102564
2018-01-24,103.5,0.39,265.38461538461536
2018-01-25,104.58,0.39,268.15384615384613
2018-01-26,106.01,0.39,271.8205128205128
2018-01-29,105.58,0.39,270.71794871794873
2018-01-30,104.37,0.39,267.61538461538464
2018-01-31,102.19,0.39,262.025641025641
2018-02-01,104.12,0.39,266.97435897435895
2018-02-02,100.54,0.39,257.7948717948718
2018-02-05,96.75,0.39,248.07692307692307
2018-02-06,98.06,0.39,251.43589743589743
2018-02-07,98.21,0.39,251.8205128205128
2018-02-08,95.23,0.39,244.17948717948718
2018-02-09,96.05,0.39,246.28205128205127
2018-02-12,98.63,0.39,252.89743589743588
2018-02-13,100.06,0.39,256.56410256410254
2018-02-14,104.68,0.39,268.4102564102564
2018-02-15,101.57,0.39,260.4358974358974
2018-02-16,101.72,4.95,20.54949494949495
2018-02-20,100.26,4.95,20.254545454545454
2018-02-21,99.76,4.95,20.153535353535354
2018-02-22,98.38,4.95,19.874747474747473
2018-02-23,99.78,4.95,20.157575757575756
2018-02-26,99.97,4.95,20.195959595959597
2018-02-27,99.57,4.95,20.115151515151513
2018-02-28,98.33,4.95,19.864646464646462
2018-03-01,97.2,4.95,19.636363636363637
2018-03-02,98.17,4.95,19.832323232323233
2018-03-05,99.69,4.95,20.139393939393937
2018-03-06,100.66,4.95,20.335353535353534
2018-03-07,101.93,4.95,20.591919191919192
2018-03-08,103.25,4.95,20.858585858585858
2018-03-09,105.6,4.95,21.333333333333332
2018-03-12,105.93,4.95,21.400000000000002
2018-03-13,105.68,4.95,21.34949494949495
2018-03-14,104.84,4.95,21.17979797979798
2018-03-15,105.34,4.95,21.280808080808082
2018-03-16,105.69,4.95,21.35151515151515
2018-03-19,104.76,4.95,21.163636363636364
2018-03-20,104.81,4.95,21.173737373737374
2018-03-21,104.11,4.95,21.032323232323233
2018-03-22,101.88,4.95,20.58181818181818
2018-03-23,99.72,4.95,20.145454545454545
2018-03-26,101.66,4.95,20.537373737373734
2018-03-27,100.06,4.95,20.214141414141412
2018-03-28,98.62,4.95,19.923232323232323
2018-03-29,98.11,4.95,19.820202020202018
2018-04-02,95.7,4.95,19.333333333333332
2018-04-03,95.72,4.95,19.337373737373735
2018-04-04,96.83,4.95,19.56161616161616
2018-04-05,97.0,4.95,19.595959595959595
2018-04-06,94.85,4.95,19.16161616161616
2018-04-09,95.48,4.95,19.288888888888888
2018-04-10,96.61,4.95,19.517171717171717
2018-04-11,95.98,4.95,19.38989898989899
2018-04-12,96.12,4.95,19.418181818181818
2018-04-13,97.71,4.95,19.73939393939394
2018-04-16,98.04,4.95,19.80606060606061
2018-04-17,98.8,4.95,19.95959595959596
2018-04-18,99.25,4.95,20.05050505050505
2018-04-19,98.07,4.95,19.81212121212121
2018-04-20,97.27,4.95,19.65050505050505
2018-04-23,98.01,4.95,19.8
2018-04-24,96.74,4.95,19.543434343434342
2018-04-25,96.49,4.95,19.49292929292929
2018-04-26,96.5,4.95,19.494949494949495
2018-04-27,96.45,4.95,19.484848484848484
2018-04-30,95.76,4.95,19.345454545454547
2018-05-01,97.99,4.95,19.795959595959594
2018-05-02,96.91,4.95,19.577777777777776
2018-05-03,97.3,4.95,19.656565656565654
2018-05-04,99.02,0.33,300.06060606060606
2018-05-07,98.17,0.33,297.4848484848485
2018-05-08,98.25,0.33,297.7272727272727
2018-05-09,99.39,0.33,301.1818181818182
2018-05-10,100.93,0.33,305.8484848484849
2018-05-11,103.02,0.33,312.18181818181813
2018-05-14,102.89,0.33,311.78787878787875
2018-05-15,102.1,0.33,309.3939393939394
2018-05-16,99.13,0.33,300.3939393939394
2018-05-17,97.83,0.33,296.45454545454544
2018-05-18,101.63,0.33,307.96969696969694
2018-05-21,102.21,0.33,309.7272727272727
2018-05-22,102.63,0.33,310.99999999999994
2018-05-23,102.44,0.33,310.4242424242424
2018-05-24,101.76,0.33,308.3636363636364
2018-05-25,100.5,0.33,304.5454545454545
2018-05-29,99.18,0.33,300.54545454545456
2018-05-30,100.48,0.33,304.4848484848485
2018-05-31,98.93,0.33,299.7878787878788
2018-06-01,100.49,0.33,304.5151515151515
2018-06-04,101.24,0.33,306.78787878787875
2018-06-05,101.88,0.33,308.7272727272727
2018-06-06,103.69,0.33,314.2121212121212
2018-06-07,103.17,0.33,312.6363636363636
2018-06-08,104.6,0.33,316.96969696969694
2018-06-11,104.17,0.33,315.66666666666663
2018-06-12,104.95,0.33,318.030303030303
2018-06-13,103.36,0.33,313.2121212121212
2018-06-14,103.16,0.33,312.60606060606057
2018-06-15,103.28,0.33,312.96969696969694
2018-06-18,104.88,0.33,317.8181818181818
2018-06-19,105.95,0.33,321.06060606060606
2018-06-20,105.61,0.33,320.030303030303
2018-06-21,104.73,0.33,317.3636363636364
2018-06-22,103.84,0.33,314.6666666666667
2018-06-25,100.81,0.33,305.4848484848485
2018-06-26,100.7,0.33,305.1515151515151
2018-06-27,98.7,0.33,299.09090909090907
2018-06-28,99.19,0.33,300.57575757575756
2018-06-29,99.82,0.33,302.48484848484844
2018-07-02,99.3,0.33,300.9090909090909
2018-07-03,100.61,0.33,304.8787878787879
2018-07-05,100.4,0.33,304.24242424242425
2018-07-06,101.71,0.33,308.2121212121212
2018-07-09,102.75,0.33,311.3636363636364
2018-07-10,103.92,0.33,314.9090909090909
2018-07-11,104.21,0.33,315.78787878787875
2018-07-12,106.9,0.33,323.93939393939394
2018-07-13,107.27,0.33,325.060606060606
2018-07-16,107.69,0.33,326.3333333333333
2018-07-17,109.0,0.33,330.3030303030303
2018-07-18,109.68,0.33,332.3636363636364
2018-07-19,110.25,0.33,334.09090909090907
2018-07-20,111.11,0.33,336.6969696969697
2018-07-23,111.37,0.33,337.4848484848485
2018-07-24,118.38,0.33,358.7272727272727
2018-07-25,125.24,0.33,379.5151515151515
2018-07-26,122.03,0.33,369.78787878787875
2018-07-27,120.45,0.3,401.5
2018-07-30,120.92,0.3,403.06666666666666
2018-07-31,121.94,0.3,406.4666666666667
2018-08-01,122.06,0.3,406.8666666666667
2018-08-02,124.36,0.3,414.53333333333336
2018-08-03,123.14,0.3,410.4666666666667
2018-08-06,122.16,0.3,407.2
2018-08-07,122.86,0.3,409.53333333333336
2018-08-08,121.98,0.3,406.6
2018-08-09,121.7,0.3,405.6666666666667
2018-08-10,121.15,0.3,403.83333333333337
2018-08-13,120.8,0.3,402.6666666666667
2018-08-14,121.2,0.3,404.0
2018-08-15,120.2,0.3,400.6666666666667
2018-08-16,121.03,0.3,403.43333333333334
2018-08-17,120.28,0.3,400.93333333333334
2018-08-20,120.3,0.3,401.0
2018-08-21,122.52,0.3,408.4
2018-08-22,123.86,0.3,412.8666666666667
2018-08-23,124.39,0.3,414.6333333333333
2018-08-24,125.42,0.3,418.06666666666666
2018-08-27,126.42,0.3,421.40000000000003
2018-08-28,126.56,0.3,421.8666666666667
2018-08-29,126.19,0.3,420.6333333333333
2018-08-30,125.91,0.3,419.7
2018-08-31,127.09,0.3,423.6333333333334
2018-09-04,128.04,0.3,426.8
2018-09-05,125.95,0.3,419.83333333333337
2018-09-06,126.88,0.3,422.93333333333334
2018-09-07,127.02,0.3,423.4
2018-09-10,127.92,0.3,426.40000000000003
2018-09-11,124.99,0.3,416.6333333333333
2018-09-12,125.15,0.3,417.1666666666667
2018-09-13,126.51,0.3,421.70000000000005
2018-09-14,126.59,0.3,421.9666666666667
2018-09-17,125.07,0.3,416.9
2018-09-18,125.55,0.3,418.5
2018-09-19,125.23,0.3,417.43333333333334
2018-09-20,127.17,0.3,423.90000000000003
2018-09-21,127.58,0.3,425.26666666666665
2018-09-24,128.56,0.3,428.53333333333336
2018-09-25,129.82,0.3,432.73333333333335
2018-09-26,129.93,0.3,433.1
2018-09-27,130.77,0.3,435.90000000000003
2018-09-28,129.74,0.3,432.4666666666667
2018-10-01,130.07,0.3,433.56666666666666
2018-10-02,130.2,0.3,434.0
2018-10-03,130.35,0.3,434.5
2018-10-04,127.0,0.3,423.33333333333337
2018-10-05,127.79,0.3,425.9666666666667
2018-10-08,126.44,0.3,421.4666666666667
2018-10-09,127.38,0.3,424.6
2018-10-10,122.81,0.3,409.3666666666667
2018-10-11,122.58,0.3,408.6
2018-10-12,124.79,0.3,415.9666666666667
2018-10-15,124.26,0.3,414.20000000000005
2018-10-16,129.61,0.3,432.0333333333334
2018-10-17,129.38,0.3,431.26666666666665
2018-10-18,128.42,0.3,428.06666666666666
2018-10-19,126.89,0.3,422.9666666666667
2018-10-22,126.45,0.3,421.5
2018-10-23,122.48,0.3,408.2666666666667
2018-10-24,115.24,0.3,384.1333333333333
2018-10-25,119.92,0.3,399.73333333333335
2018-10-26,120.19,0.3,400.6333333333333
2018-10-29,120.81,0.3,402.70000000000005
2018-10-30,119.83,0.3,399.43333333333334
2018-10-31,122.93,0.3,409.7666666666667
2018-11-01,122.24,0.3,407.46666666666664
2018-11-02,121.71,0.3,405.7
2018-11-05,121.67,0.3,405.56666666666666
2018-11-06,122.37,0.3,407.90000000000003
2018-11-07,126.62,0.3,422.0666666666667
2018-11-08,125.69,0.3,418.9666666666667
2018-11-09,124.17,0.3,413.90000000000003
2018-11-12,121.12,0.3,403.73333333333335
2018-11-13,119.66,0.3,398.8666666666667
2018-11-14,117.41,0.3,391.3666666666667
2018-11-15,119.13,0.3,397.1
2018-11-16,119.39,0.3,397.9666666666667
2018-11-19,115.44,0.3,384.8
2018-11-20,115.85,0.3,386.1666666666667
2018-11-21,116.21,0.3,387.3666666666667
2018-11-23,117.73,0.3,392.43333333333334
2018-11-26,119.58,0.3,398.6
2018-11-27,120.07,0.3,400.23333333333335
2018-11-28,124.18,0.3,413.9333333333334
2018-11-29,124.95,0.3,416.5
2018-11-30,125.07,0.3,416.9
2018-12-03,127.38,0.3,424.6
2018-12-04,123.15,0.3,410.50000000000006
2018-12-06,121.85,0.3,406.1666666666667
2018-12-07,117.98,0.3,393.2666666666667
2018-12-10,119.12,0.3,397.0666666666667
2018-12-11,121.5,0.3,405.0
2018-12-12,122.34,0.3,407.8
2018-12-13,121.5,0.3,405.0
2018-12-14,118.02,0.3,393.4
2018-12-17,115.66,0.3,385.53333333333336
2018-12-18,115.46,0.3,384.8666666666667
2018-12-19,113.79,0.3,379.3
2018-12-20,110.2,0.3,367.33333333333337
2018-12-21,108.22,0.3,360.73333333333335
2018-12-24,105.7,0.3,352.33333333333337
2018-12-26,111.19,0.3,370.6333333333333
2018-12-27,112.38,0.3,374.6
2018-12-28,113.91,0.3,379.7
2018-12-31,116.17,0.3,387.23333333333335
2019-01-02,114.31,0.3,381.03333333333336
2019-01-03,109.96,0.3,366.5333333333333
2019-01-04,115.07,0.3,383.56666666666666
2019-01-07,117.2,0.3,390.6666666666667
2019-01-08,119.63,0.3,398.76666666666665
2019-01-09,122.16,0.3,407.2
2019-01-10,123.36,0.3,411.2
2019-01-11,122.81,0.3,409.3666666666667
2019-01-14,121.49,0.3,404.96666666666664
2019-01-15,122.88,0.3,409.6
2019-01-16,124.74,0.3,415.8
2019-01-17,124.09,0.3,413.6333333333334
2019-01-18,127.19,0.3,423.9666666666667
2019-01-22,124.86,0.3,416.2
2019-01-23,126.13,0.3,420.43333333333334
2019-01-24,125.11,0.3,417.03333333333336
2019-01-25,125.98,0.3,419.93333333333334
2019-01-28,124.69,0.3,415.6333333333333
2019-01-29,124.89,0.3,416.3
2019-01-30,127.56,0.3,425.20000000000005
2019-01-31,129.01,0.3,430.0333333333333
2019-02-01,129.56,0.3,431.8666666666667
2019-02-04,129.02,0.3,430.0666666666667
2019-02-05,130.09,0.3,433.6333333333334
2019-02-06,130.66,0.3,435.53333333333336
2019-02-07,129.65,0.3,432.1666666666667
2019-02-08,128.81,0.3,429.3666666666667
2019-02-11,129.1,0.3,430.3333333333333
2019-02-12,131.66,0.3,438.8666666666667
2019-02-13,131.82,0.3,439.4
2019-02-14,141.13,0.3,470.43333333333334
2019-02-15,141.85,0.3,472.8333333333333
2019-02-19,141.49,0.34,416.1470588235294
2019-02-20,141.19,0.34,415.2647058823529
2019-02-21,142.02,0.34,417.70588235294116
2019-02-22,142.46,0.34,419.0
2019-02-25,141.77,0.34,416.97058823529414
2019-02-26,140.99,0.34,414.6764705882353
2019-02-27,141.64,0.34,416.58823529411757
2019-02-28,140.1,0.34,412.0588235294117
2019-03-01,143.35,0.34,421.6176470588235
2019-03-04,141.49,0.34,416.1470588235294
2019-03-05,141.49,0.34,416.1470588235294
2019-03-06,139.19,0.34,409.3823529411764
2019-03-07,137.85,0.34,405.4411764705882
2019-03-08,137.43,0.34,404.20588235294116
2019-03-11,139.41,0.34,410.02941176470586
2019-03-12,139.85,0.34,411.32352941176464
2019-03-13,141.55,0.34,416.3235294117647
2019-03-14,140.98,0.34,414.64705882352933
2019-03-15,141.53,0.34,416.2647058823529
2019-03-18,143.08,0.34,420.8235294117647
2019-03-19,144.45,0.34,424.85294117647055
2019-03-20,143.25,0.34,421.3235294117647
2019-03-21,144.26,0.34,424.2941176470588
2019-03-22,141.65,0.34,416.61764705882354
2019-03-25,141.59,0.34,416.44117647058823
2019-03-26,143.66,0.34,422.52941176470586
2019-03-27,141.15,0.34,415.1470588235294
2019-03-28,141.84,0.34,417.17647058823525
2019-03-29,143.85,0.34,423.0882352941176
2019-04-01,144.31,0.34,424.44117647058823
2019-04-02,144.3,0.34,424.4117647058824
2019-04-03,144.4,0.34,424.70588235294116
2019-04-04,142.23,0.34,418.32352941176464
2019-04-05,144.26,0.34,424.2941176470588
2019-04-08,144.04,0.34,423.64705882352933
2019-04-09,144.29,0.34,424.3823529411764
2019-04-10,144.81,0.34,425.9117647058823
2019-04-11,143.18,0.34,421.11764705882354
2019-04-12,142.52,0.34,419.1764705882353
2019-04-15,141.08,0.34,414.94117647058823
2019-04-16,136.29,0.34,400.85294117647055
2019-04-17,132.31,0.34,389.1470588235294
2019-04-18,133.01,0.34,391.2058823529411
2019-04-22,134.37,0.34,395.20588235294116
2019-04-23,137.02,0.34,403.0
2019-04-24,135.79,0.34,399.3823529411764
2019-04-25,137.36,0.34,404.0
2019-04-26,138.7,0.34,407.9411764705882
2019-04-29,139.09,0.34,409.0882352941176
2019-04-30,138.9,0.34,408.52941176470586
2019-05-01,134.99,0.34,397.02941176470586
2019-05-02,136.14,0.29,469.44827586206895
2019-05-03,138.84,0.29,478.75862068965523
2019-05-06,138.77,0.29,478.5172413793104
2019-05-07,134.37,0.29,463.3448275862069
2019-05-08,133.22,0.29,459.3793103448276
2019-05-09,133.14,0.29,459.10344827586204
2019-05-10,134.16,0.29,462.62068965517244
2019-05-13,132.28,0.29,456.1379310344828
2019-05-14,134.55,0.29,463.96551724137936
2019-05-15,135.27,0.29,466.448275862069
2019-05-16,135.24,0.29,466.344827586207
2019-05-17,133.67,0.29,460.9310344827586
2019-05-20,133.67,0.29,460.9310344827586
2019-05-21,134.57,0.29,464.0344827586207
2019-05-22,134.82,0.29,464.89655172413796
2019-05-23,134.44,0.29,463.58620689655174
2019-05-24,136.38,0.29,470.2758620689655
2019-05-28,136.61,0.29,471.06896551724145
2019-05-29,135.32,0.29,466.62068965517244
2019-05-30,136.13,0.29,469.4137931034483
2019-05-31,135.85,0.29,468.44827586206895
2019-06-03,132.95,0.29,458.44827586206895
2019-06-04,135.57,0.29,467.48275862068965
2019-06-05,138.17,0.29,476.44827586206895
2019-06-06,137.41,0.29,473.82758620689657
2019-06-07,138.74,0.29,478.4137931034483
2019-06-10,139.72,0.29,481.7931034482759
2019-06-11,139.43,0.29,480.79310344827593
2019-06-12,139.9,0.29,482.4137931034483
2019-06-13,141.08,0.29,486.4827586206897
2019-06-14,141.3,0.29,487.2413793103449
2019-06-17,141.45,0.29,487.7586206896552
2019-06-18,145.66,0.29,502.2758620689655
2019-06-19,154.24,0.29,531.8620689655173
2019-06-20,154.52,0.29,532.8275862068966
2019-06-21,158.67,0.29,547.1379310344828
2019-06-24,157.43,0.29,542.8620689655173
2019-06-25,154.14,0.29,531.5172413793103
2019-06-26,155.63,0.29,536.6551724137931
2019-06-27,156.63,0.29,540.1034482758621
2019-06-28,160.9,0.29,554.8275862068966
2019-07-01,160.7,0.29,554.1379310344828
2019-07-02,160.89,0.29,554.7931034482758
2019-07-03,161.46,0.29,556.7586206896552
2019-07-05,160.9,0.29,554.8275862068966
2019-07-08,159.14,0.29,548.7586206896551
2019-07-09,158.54,0.29,546.6896551724138
2019-07-10,159.35,0.29,549.4827586206897
2019-07-11,159.24,0.29,549.1034482758621
2019-07-12,157.36,0.29,542.6206896551726
2019-07-15,158.4,0.29,546.2068965517242
2019-07-16,156.57,0.29,539.8965517241379
2019-07-17,156.02,0.29,538.0000000000001
2019-07-18,157.28,0.29,542.344827586207
2019-07-19,155.85,0.29,537.4137931034483
2019-07-22,156.27,0.29,538.8620689655173
2019-07-23,156.76,0.29,540.551724137931
2019-07-24,160.61,0.31,518.0967741935484
2019-07-25,160.09,0.31,516.4193548387096
2019-07-26,159.88,0.31,515.741935483871
2019-07-29,159.3,0.31,513.8709677419355
2019-07-30,160.53,0.31,517.8387096774194
2019-07-31,159.17,0.31,513.4516129032257
2019-08-01,158.21,0.31,510.35483870967744
2019-08-02,157.08,0.31,506.7096774193549
2019-08-05,151.8,0.31,489.6774193548388
2019-08-06,154.45,0.31,498.22580645161287
2019-08-07,155.25,0.31,500.80645161290323
2019-08-08,158.1,0.31,510.0
2019-08-09,156.0,0.31,503.2258064516129
2019-08-12,155.43,0.31,501.3870967741936
2019-08-13,157.08,0.31,506.7096774193549
2019-08-14,151.21,0.31,487.77419354838713
2019-08-15,152.15,0.31,490.80645161290323
2019-08-16,155.21,0.31,500.6774193548387
2019-08-19,156.72,0.31,505.5483870967742
2019-08-20,154.82,0.31,499.41935483870964
2019-08-21,157.19,0.31,507.06451612903226
2019-08-22,156.55,0.31,505.00000000000006
2019-08-23,153.15,0.31,494.03225806451616
2019-08-26,155.12,0.31,500.3870967741936
2019-08-27,153.66,0.31,495.6774193548387
2019-08-28,153.46,0.31,495.03225806451616
2019-08-29,155.98,0.31,503.1612903225806
2019-08-30,155.15,0.31,500.48387096774195
2019-09-03,153.91,0.31,496.48387096774195
2019-09-04,151.46,0.31,488.58064516129036
2019-09-05,154.08,0.31,497.03225806451616
2019-09-06,154.07,0.31,497.0
2019-09-09,151.87,0.31,489.90322580645164
2019-09-10,150.41,0.31,485.19354838709677
2019-09-11,150.23,0.31,484.6129032258064
2019-09-12,150.73,0.31,486.22580645161287
2019-09-13,151.35,0.31,488.22580645161287
2019-09-16,150.84,0.31,486.58064516129036
2019-09-17,152.94,0.31,493.35483870967744
2019-09-18,153.44,0.31,494.96774193548384
2019-09-19,153.92,0.31,496.51612903225805
2019-09-20,155.6,0.31,501.93548387096774
2019-09-23,157.34,0.31,507.5483870967742
2019-09-24,155.42,0.31,501.3548387096774
2019-09-25,154.65,0.31,498.8709677419355
2019-09-26,151.84,0.31,489.80645161290323
2019-09-27,148.25,0.31,478.2258064516129
2019-09-30,149.38,0.31,481.8709677419355
2019-10-01,145.03,0.31,467.8387096774194
2019-10-02,143.24,0.31,462.0645161290323
2019-10-03,147.52,0.31,475.87096774193554
2019-10-04,149.3,0.31,481.6129032258065
2019-10-07,148.7,0.31,479.67741935483866
2019-10-08,144.53,0.31,466.2258064516129
2019-10-09,145.58,0.31,469.6129032258065
2019-10-10,144.89,0.31,467.3870967741935
2019-10-11,145.98,0.31,470.9032258064516
2019-10-14,146.36,0.31,472.12903225806457
2019-10-15,146.56,0.31,472.77419354838713
2019-10-16,144.83,0.31,467.1935483870968
2019-10-17,143.35,0.31,462.41935483870964
2019-10-18,143.49,0.31,462.87096774193554
2019-10-21,143.14,0.31,461.7419354838709
2019-10-22,142.86,0.31,460.8387096774194
2019-10-23,143.48,0.31,462.83870967741933
2019-10-24,145.17,0.31,468.2903225806451
2019-10-25,147.51,0.31,475.83870967741933
2019-10-28,147.75,0.31,476.61290322580646
2019-10-29,150.09,0.31,484.16129032258067
2019-10-30,145.74,0.31,470.12903225806457
2019-10-31,144.42,0.31,465.87096774193543
2019-11-01,146.74,0.29,506.00000000000006
2019-11-04,146.5,0.29,505.1724137931035
2019-11-05,139.89,0.29,482.37931034482756
2019-11-06,138.04,0.29,476.0
2019-11-07,137.84,0.29,475.3103448275863
2019-11-08,137.59,0.29,474.448275862069
2019-11-11,140.52,0.29,484.5517241379311
2019-11-12,142.94,0.29,492.89655172413796
2019-11-13,143.57,0.29,495.0689655172414
2019-11-14,145.7,0.29,502.41379310344826
2019-11-15,146.5,0.29,505.1724137931035
2019-11-18,142.12,0.29,490.06896551724145
2019-11-19,142.86,0.29,492.6206896551725
2019-11-20,142.36,0.29,490.896551724138
2019-11-21,143.48,0.29,494.7586206896552
2019-11-22,143.74,0.29,495.6551724137932
2019-11-25,146.49,0.29,505.13793103448285
2019-11-26,147.96,0.29,510.2068965517242
2019-11-27,147.52,0.29,508.68965517241384
2019-11-29,145.98,0.29,503.37931034482756
2019-12-02,143.94,0.29,496.3448275862069
2019-12-03,143.34,0.29,494.2758620689656
2019-12-04,145.14,0.29,500.48275862068965
2019-12-05,145.35,0.29,501.2068965517241
2019-12-06,148.49,0.29,512.0344827586208
2019-12-09,146.4,0.29,504.8275862068966
2019-12-10,146.12,0.29,503.86206896551727
2019-12-11,143.84,0.29,496.00000000000006
2019-12-12,145.29,0.29,501.0
2019-12-13,144.85,0.29,499.48275862068965
2019-12-16,146.53,0.29,505.2758620689656
2019-12-17,147.99,0.29,510.3103448275863
2019-12-18,147.16,0.29,507.448275862069
2019-12-19,149.69,0.29,516.1724137931035
2019-12-20,155.95,0.29,537.7586206896551
2019-12-23,154.87,0.29,534.0344827586207
2019-12-24,154.7,0.29,533.448275862069
2019-12-26,154.14,0.29,531.5172413793103
2019-12-27,154.44,0.29,532.551724137931
2019-12-30,153.45,0.29,529.1379310344828
2019-12-31,154.51,0.29,532.7931034482758
2020-01-02,156.41,0.29,539.344827586207
2020-01-03,154.19,0.29,531.6896551724138
2020-01-06,155.0,0.29,534.4827586206897
2020-01-07,156.8,0.29,540.6896551724138
2020-01-08,157.6,0.29,543.448275862069
2020-01-09,159.5,0.29,550.0
2020-01-10,159.3,0.29,549.3103448275863
2020-01-13,158.15,0.29,545.344827586207
2020-01-14,158.93,0.29,548.0344827586207
2020-01-15,159.37,0.29,549.551724137931
2020-01-16,160.97,0.29,555.0689655172414
2020-01-17,161.51,0.29,556.9310344827586
2020-01-21,160.85,0.29,554.6551724137931
2020-01-22,160.5,0.29,553.448275862069
2020-01-23,160.91,0.29,554.8620689655173
2020-01-24,158.1,0.29,545.1724137931035
2020-01-27,157.16,0.29,541.9310344827586
2020-01-28,158.67,0.29,547.1379310344828
2020-01-29,158.5,0.29,546.551724137931
2020-01-30,157.0,0.29,541.3793103448277
2020-01-31,155.25,0.29,535.344827586207
2020-02-03,155.25,0.29,535.344827586207
2020-02-04,157.04,0.29,541.5172413793103
2020-02-05,159.76,0.29,550.8965517241379
2020-02-06,160.53,0.29,553.551724137931
2020-02-07,157.0,0.29,541.3793103448277
2020-02-10,159.93,0.29,551.4827586206898
2020-02-11,161.7,0.29,557.5862068965517
2020-02-12,166.11,0.29,572.7931034482759
2020-02-13,165.79,0.29,571.6896551724138
2020-02-14,164.32,0.29,566.6206896551724
2020-02-18,165.42,0.09,1838.0
2020-02-19,164.39,0.09,1826.5555555555554
2020-02-20,164.14,0.09,1823.7777777777776
2020-02-21,163.43,0.09,1815.8888888888891
2020-02-24,158.08,0.09,1756.4444444444446
2020-02-25,150.06,0.09,1667.3333333333335
2020-02-26,149.39,0.09,1659.8888888888887
2020-02-27,142.74,0.09,1586.0000000000002
2020-02-28,139.49,0.09,1549.8888888888891
2020-03-02,147.08,0.09,1634.2222222222224
2020-03-03,141.36,0.09,1570.666666666667
2020-03-04,147.89,0.09,1643.2222222222222
2020-03-05,138.21,0.09,1535.6666666666667
2020-03-06,136.05,0.09,1511.6666666666667
2020-03-09,124.0,0.09,1377.7777777777778
2020-03-10,130.82,0.09,1453.5555555555554
2020-03-11,125.42,0.09,1393.5555555555557
2020-03-12,113.01,0.09,1255.6666666666667
2020-03-13,118.71,0.09,1319.0
2020-03-16,102.36,0.09,1137.3333333333333
2020-03-17,107.69,0.09,1196.5555555555557
2020-03-18,89.88,0.09,998.6666666666666
2020-03-19,90.62,0.09,1006.888888888889
2020-03-20,91.67,0.09,1018.5555555555557
2020-03-23,84.0,0.09,933.3333333333334
2020-03-24,96.91,0.09,1076.7777777777778
2020-03-25,104.88,0.09,1165.3333333333333
2020-03-26,110.55,0.09,1228.3333333333333
2020-03-27,107.14,0.09,1190.4444444444446
2020-03-30,112.98,0.09,1255.3333333333335
2020-03-31,107.86,0.09,1198.4444444444446
2020-04-01,100.04,0.09,1111.5555555555557
2020-04-02,104.78,0.09,1164.2222222222222
2020-04-03,102.72,0.09,1141.3333333333333
2020-04-06,117.14,0.09,1301.5555555555557
2020-04-07,119.68,0.09,1329.7777777777778
2020-04-08,127.87,0.09,1420.7777777777778
2020-04-09,128.53,0.09,1428.111111111111
2020-04-13,124.79,0.09,1386.5555555555557
2020-04-14,126.49,0.09,1405.4444444444443
2020-04-15,124.02,0.09,1378.0
2020-04-16,124.46,0.09,1382.888888888889
2020-04-17,131.57,0.09,1461.888888888889
2020-04-20,127.51,0.09,1416.7777777777778
2020-04-21,122.0,0.09,1355.5555555555557
2020-04-22,125.55,0.09,1395.0
2020-04-23,127.67,0.09,1418.5555555555557
2020-04-24,128.86,0.09,1431.777777777778
2020-04-27,131.88,0.09,1465.3333333333333
2020-04-28,135.88,0.09,1509.7777777777778
2020-04-29,143.1,0.09,1590.0
2020-04-30,142.59,0.43,331.60465116279073
2020-05-01,136.52,0.43,317.48837209302326
2020-05-04,134.06,0.43,311.7674418604651
2020-05-05,135.49,0.43,315.093023255814
2020-05-06,134.01,0.43,311.65116279069764
2020-05-07,135.52,0.43,315.16279069767444
2020-05-08,137.65,0.43,320.1162790697675
2020-05-11,138.65,0.43,322.4418604651163
2020-05-12,134.8,0.43,313.4883720930233
2020-05-13,132.47,0.43,308.06976744186045
2020-05-14,132.37,0.43,307.8372093023256
2020-05-15,134.2,0.43,312.09302325581393
2020-05-18,138.56,0.43,322.2325581395349
2020-05-19,140.86,0.43,327.58139534883725
2020-05-20,145.42,0.43,338.18604651162786
2020-05-21,143.2,0.43,333.0232558139535
2020-05-22,142.9,0.43,332.3255813953489
2020-05-26,143.5,0.43,333.72093023255815
2020-05-27,146.82,0.43,341.4418604651163
2020-05-28,146.2,0.43,340.0
2020-05-29,149.52,0.43,347.72093023255815
2020-06-01,149.41,0.43,347.4651162790698
2020-06-02,151.53,0.43,352.3953488372093
2020-06-03,153.06,0.43,355.95348837209303
2020-06-04,151.21,0.43,351.6511627906977
2020-06-05,149.58,0.43,347.8604651162791
2020-06-08,150.0,0.43,348.83720930232556
2020-06-09,146.8,0.43,341.3953488372093
2020-06-10,147.19,0.43,342.30232558139534
2020-06-11,138.64,0.43,322.41860465116275
2020-06-12,138.82,0.43,322.83720930232556
2020-06-15,139.570007,0.43,324.581411627907
2020-06-16,141.039993,0.43,327.9999837209303
2020-06-17,138.919998,0.43,323.06976279069767
2020-06-18,138.119995,0.43,321.2092906976744
2020-06-19,136.080002,0.43,316.46512093023256
2020-06-22,137.529999,0.43,319.8372069767442
2020-06-23,140.169998,0.43,325.97673953488373
2020-06-24,136.470001,0.43,317.3720953488372
2020-06-25,137.800003,0.43,320.465123255814
2020-06-26,135.990005,0.43,316.25582558139536
2020-06-29,137.520004,0.43,319.8139627906977
2020-06-30,141.880005,0.43,329.9535
2020-07-01,141.529999,0.43,329.13953255813954
2020-07-02,141.520004,0.43,329.11628837209304
2020-07-06,143.639999,0.43,334.04650930232555
2020-07-07,141.940002,0.43,330.0930279069767
2020-07-08,144.169998,0.43,335.27906511627907
2020-07-09,144.990005,0.43,337.1860581395349
2020-07-10,142.679993,0.43,331.8139372093023
2020-07-13,141.279999,0.43,328.55813720930234
2020-07-14,147.779999,0.43,343.67441627906976
2020-07-15,152.369995,0.43,354.3488255813953
2020-07-16,149.679993,0.43,348.09300697674416
2020-07-17,154.050003,0.43,358.2558209302326
2020-07-20,155.199997,0.43,360.93022558139535
2020-07-21,156.949997,0.43,364.9999930232558
2020-07-22,164.289993,0.43,382.06975116279074
2020-07-23,161.479996,-0.12,-1345.6666333333335
2020-07-24,157.880005,-0.12,-1315.6667083333334
2020-07-27,162.279999,-0.12,-1352.333325
2020-07-28,158.649994,-0.12,-1322.0832833333334
2020-07-29,160.059998,-0.12,-1333.8333166666669
2020-07-30,158.259995,-0.12,-1318.8332916666668
2020-07-31,158.389999,-0.12,-1319.9166583333333
2020-08-03,161.179993,-0.12,-1343.1666083333334
2020-08-04,160.149994,-0.12,-1334.5832833333334
2020-08-05,160.75,-0.12,-1339.5833333333335
2020-08-06,161.100006,-0.12,-1342.50005
