date,KHC,KHC_EPS,PE Ratio
,,0.01,
2015-07-06,72.96,0.01,7295.999999999999
2015-07-07,74.63,0.01,7462.999999999999
2015-07-08,75.4,0.01,7540.0
2015-07-09,74.8,0.01,7480.0
2015-07-10,77.31,0.01,7731.0
2015-07-13,78.83,0.01,7883.0
2015-07-14,78.0,0.01,7800.0
2015-07-15,76.71,0.01,7670.999999999999
2015-07-16,78.75,0.01,7875.0
2015-07-17,79.63,0.01,7962.999999999999
2015-07-20,80.11,0.01,8011.0
2015-07-21,80.22,0.01,8022.0
2015-07-22,78.64,0.01,7864.0
2015-07-23,76.74,0.01,7673.999999999999
2015-07-24,76.41,0.01,7640.999999999999
2015-07-27,77.38,0.01,7737.999999999999
2015-07-28,78.32,0.01,7831.999999999999
2015-07-29,77.91,0.01,7790.999999999999
2015-07-30,79.21,0.01,7920.999999999999
2015-07-31,79.47,0.01,7947.0
2015-08-03,80.37,0.01,8037.0
2015-08-04,79.81,0.01,7981.0
2015-08-05,80.48,0.01,8048.0
2015-08-06,79.76,0.01,7976.0
2015-08-07,78.46,0.01,7845.999999999999
2015-08-10,78.81,-0.29,-271.7586206896552
2015-08-11,77.97,-0.29,-268.86206896551727
2015-08-12,76.69,-0.29,-264.44827586206895
2015-08-13,75.99,-0.29,-262.0344827586207
2015-08-14,76.42,-0.29,-263.51724137931035
2015-08-17,75.8,-0.29,-261.3793103448276
2015-08-18,75.19,-0.29,-259.2758620689655
2015-08-19,74.78,-0.29,-257.86206896551727
2015-08-20,74.25,-0.29,-256.0344827586207
2015-08-21,72.27,-0.29,-249.20689655172413
2015-08-24,70.87,-0.29,-244.37931034482762
2015-08-25,70.21,-0.29,-242.10344827586206
2015-08-26,73.91,-0.29,-254.86206896551724
2015-08-27,75.18,-0.29,-259.2413793103449
2015-08-28,74.69,-0.29,-257.55172413793105
2015-08-31,72.66,-0.29,-250.55172413793105
2015-09-01,70.12,-0.29,-241.7931034482759
2015-09-02,72.07,-0.29,-248.51724137931035
2015-09-03,72.16,-0.29,-248.82758620689657
2015-09-04,70.57,-0.29,-243.3448275862069
2015-09-08,74.07,-0.29,-255.41379310344826
2015-09-09,72.17,-0.29,-248.86206896551727
2015-09-10,72.16,-0.29,-248.82758620689657
2015-09-11,73.76,-0.29,-254.34482758620692
2015-09-14,74.55,-0.29,-257.0689655172414
2015-09-15,75.39,-0.29,-259.9655172413793
2015-09-16,76.37,-0.29,-263.3448275862069
2015-09-17,76.43,-0.29,-263.5517241379311
2015-09-18,75.44,-0.29,-260.1379310344828
2015-09-21,75.2,-0.29,-259.3103448275862
2015-09-22,74.31,-0.29,-256.2413793103448
2015-09-23,73.31,-0.29,-252.7931034482759
2015-09-24,72.92,-0.29,-251.44827586206898
2015-09-25,73.35,-0.29,-252.9310344827586
2015-09-28,69.99,-0.29,-241.3448275862069
2015-09-29,69.2,-0.29,-238.62068965517244
2015-09-30,70.58,-0.29,-243.3793103448276
2015-10-01,70.83,-0.29,-244.24137931034483
2015-10-02,71.41,-0.29,-246.24137931034483
2015-10-05,72.24,-0.29,-249.10344827586206
2015-10-06,72.47,-0.29,-249.89655172413794
2015-10-07,73.15,-0.29,-252.24137931034485
2015-10-08,74.43,-0.29,-256.65517241379314
2015-10-09,74.39,-0.29,-256.51724137931035
2015-10-12,73.72,-0.29,-254.20689655172416
2015-10-13,73.38,-0.29,-253.0344827586207
2015-10-14,73.77,-0.29,-254.3793103448276
2015-10-15,75.22,-0.29,-259.3793103448276
2015-10-16,77.39,-0.29,-266.86206896551727
2015-10-19,76.8,-0.29,-264.82758620689657
2015-10-20,76.87,-0.29,-265.0689655172414
2015-10-21,77.05,-0.29,-265.6896551724138
2015-10-22,79.94,-0.29,-275.65517241379314
2015-10-23,77.98,-0.29,-268.89655172413796
2015-10-26,76.81,-0.29,-264.86206896551727
2015-10-27,77.17,-0.29,-266.1034482758621
2015-10-28,79.18,-0.29,-273.03448275862075
2015-10-29,78.65,-0.29,-271.2068965517242
2015-10-30,77.97,-0.29,-268.86206896551727
2015-11-02,78.27,-0.29,-269.8965517241379
2015-11-03,76.43,-0.29,-263.5517241379311
2015-11-04,75.82,-0.29,-261.44827586206895
2015-11-05,75.42,-0.29,-260.0689655172414
2015-11-06,72.01,-0.25,-288.04
2015-11-09,71.24,-0.25,-284.96
2015-11-10,72.08,-0.25,-288.32
2015-11-11,72.11,-0.25,-288.44
2015-11-12,70.9,-0.25,-283.6
2015-11-13,70.77,-0.25,-283.08
2015-11-16,71.65,-0.25,-286.6
2015-11-17,71.45,-0.25,-285.8
2015-11-18,72.58,-0.25,-290.32
2015-11-19,73.34,-0.25,-293.36
2015-11-20,73.65,-0.25,-294.6
2015-11-23,74.07,-0.25,-296.28
2015-11-24,74.47,-0.25,-297.88
2015-11-25,74.64,-0.25,-298.56
2015-11-27,74.61,-0.25,-298.44
2015-11-30,73.69,-0.25,-294.76
2015-12-01,74.47,-0.25,-297.88
2015-12-02,73.04,-0.25,-292.16
2015-12-03,71.46,-0.25,-285.84
2015-12-04,72.22,-0.25,-288.88
2015-12-07,71.43,-0.25,-285.72
2015-12-08,71.53,-0.25,-286.12
2015-12-09,70.9,-0.25,-283.6
2015-12-10,70.84,-0.25,-283.36
2015-12-11,69.69,-0.25,-278.76
2015-12-14,70.97,-0.25,-283.88
2015-12-15,72.01,-0.25,-288.04
2015-12-16,73.01,-0.25,-292.04
2015-12-17,71.92,-0.25,-287.68
2015-12-18,70.67,-0.25,-282.68
2015-12-21,71.38,-0.25,-285.52
2015-12-22,72.93,-0.25,-291.72
2015-12-23,74.51,-0.25,-298.04
2015-12-24,73.96,-0.25,-295.84
2015-12-28,73.42,-0.25,-293.68
2015-12-29,74.69,-0.25,-298.76
2015-12-30,73.75,-0.25,-295.0
2015-12-31,72.76,-0.25,-291.04
2016-01-04,72.7,-0.25,-290.8
2016-01-05,73.39,-0.25,-293.56
2016-01-06,73.53,-0.25,-294.12
2016-01-07,71.9,-0.25,-287.6
2016-01-08,71.18,-0.25,-284.72
2016-01-11,72.27,-0.25,-289.08
2016-01-12,73.23,-0.25,-292.92
2016-01-13,70.81,-0.25,-283.24
2016-01-14,70.74,-0.25,-282.96
2016-01-15,69.2,-0.25,-276.8
2016-01-19,70.17,-0.25,-280.68
2016-01-20,71.17,-0.25,-284.68
2016-01-21,73.05,-0.25,-292.2
2016-01-22,74.39,-0.25,-297.56
2016-01-25,74.03,-0.25,-296.12
2016-01-26,75.98,-0.25,-303.92
2016-01-27,75.97,-0.25,-303.88
2016-01-28,76.16,-0.25,-304.64
2016-01-29,78.06,-0.25,-312.24
2016-02-01,77.01,-0.25,-308.04
2016-02-02,75.97,-0.25,-303.88
2016-02-03,74.89,-0.25,-299.56
2016-02-04,74.15,-0.25,-296.6
2016-02-05,72.78,-0.25,-291.12
2016-02-08,71.22,-0.25,-284.88
2016-02-09,71.51,-0.25,-286.04
2016-02-10,72.11,-0.25,-288.44
2016-02-11,71.44,-0.25,-285.76
2016-02-12,71.92,-0.25,-287.68
2016-02-16,72.31,-0.25,-289.24
2016-02-17,74.24,-0.25,-296.96
2016-02-18,73.45,-0.25,-293.8
2016-02-19,73.52,-0.25,-294.08
2016-02-22,73.33,-0.25,-293.32
2016-02-23,72.82,-0.25,-291.28
2016-02-24,72.99,-0.25,-291.96
2016-02-25,74.96,-0.25,-299.84
2016-02-26,77.84,-0.25,-311.36
2016-02-29,77.02,-0.25,-308.08
2016-03-01,77.66,-0.25,-310.64
2016-03-02,77.49,-0.25,-309.96
2016-03-03,77.37,0.24,322.37500000000006
2016-03-04,77.2,0.24,321.6666666666667
2016-03-07,76.5,0.24,318.75
2016-03-08,76.29,0.24,317.87500000000006
2016-03-09,76.63,0.24,319.2916666666667
2016-03-10,76.22,0.24,317.5833333333333
2016-03-11,76.95,0.24,320.625
2016-03-14,77.57,0.24,323.2083333333333
2016-03-15,77.78,0.24,324.08333333333337
2016-03-16,78.03,0.24,325.125
2016-03-17,78.01,0.24,325.0416666666667
2016-03-18,77.31,0.24,322.125
2016-03-21,76.59,0.24,319.125
2016-03-22,76.44,0.24,318.5
2016-03-23,76.81,0.24,320.0416666666667
2016-03-24,76.46,0.24,318.5833333333333
2016-03-28,77.76,0.24,324.00000000000006
2016-03-29,78.8,0.24,328.3333333333333
2016-03-30,78.9,0.24,328.75000000000006
2016-03-31,78.56,0.24,327.33333333333337
2016-04-01,79.08,0.24,329.5
2016-04-04,78.85,0.24,328.54166666666663
2016-04-05,78.01,0.24,325.0416666666667
2016-04-06,78.36,0.24,326.5
2016-04-07,77.5,0.24,322.9166666666667
2016-04-08,78.47,0.24,326.9583333333333
2016-04-11,77.91,0.24,324.625
2016-04-12,78.33,0.24,326.375
2016-04-13,77.4,0.24,322.50000000000006
2016-04-14,77.17,0.24,321.5416666666667
2016-04-15,78.05,0.24,325.2083333333333
2016-04-18,78.34,0.24,326.4166666666667
2016-04-19,78.3,0.24,326.25
2016-04-20,77.92,0.24,324.6666666666667
2016-04-21,76.74,0.24,319.75
2016-04-22,78.1,0.24,325.41666666666663
2016-04-25,78.73,0.24,328.0416666666667
2016-04-26,78.7,0.24,327.9166666666667
2016-04-27,79.1,0.24,329.5833333333333
2016-04-28,78.36,0.24,326.5
2016-04-29,78.07,0.24,325.29166666666663
2016-05-02,79.52,0.24,331.3333333333333
2016-05-03,78.68,0.24,327.83333333333337
2016-05-04,79.98,0.24,333.25000000000006
2016-05-05,82.97,0.89,93.2247191011236
2016-05-06,84.0,0.89,94.3820224719101
2016-05-09,84.26,0.89,94.67415730337079
2016-05-10,86.14,0.89,96.78651685393258
2016-05-11,85.2,0.89,95.73033707865169
2016-05-12,86.34,0.89,97.01123595505618
2016-05-13,85.13,0.89,95.65168539325842
2016-05-16,85.87,0.89,96.48314606741573
2016-05-17,82.16,0.89,92.31460674157303
2016-05-18,81.18,0.89,91.21348314606742
2016-05-19,83.0,0.89,93.25842696629213
2016-05-20,82.42,0.89,92.6067415730337
2016-05-23,82.81,0.89,93.04494382022472
2016-05-24,84.22,0.89,94.62921348314606
2016-05-25,84.27,0.89,94.68539325842696
2016-05-26,83.81,0.89,94.1685393258427
2016-05-27,84.1,0.89,94.4943820224719
2016-05-31,83.19,0.89,93.47191011235955
2016-06-01,83.95,0.89,94.32584269662921
2016-06-02,84.78,0.89,95.25842696629213
2016-06-03,85.3,0.89,95.84269662921348
2016-06-06,84.99,0.89,95.4943820224719
2016-06-07,84.75,0.89,95.2247191011236
2016-06-08,85.18,0.89,95.70786516853933
2016-06-09,85.62,0.89,96.20224719101124
2016-06-10,85.34,0.89,95.88764044943821
2016-06-13,84.95,0.89,95.4494382022472
2016-06-14,84.88,0.89,95.37078651685393
2016-06-15,84.84,0.89,95.32584269662921
2016-06-16,85.28,0.89,95.82022471910112
2016-06-17,84.82,0.89,95.30337078651685
2016-06-20,85.5,0.89,96.06741573033707
2016-06-21,85.69,0.89,96.28089887640449
2016-06-22,85.21,0.89,95.74157303370785
2016-06-23,86.37,0.89,97.04494382022472
2016-06-24,83.73,0.89,94.07865168539327
2016-06-27,83.63,0.89,93.96629213483145
2016-06-28,84.77,0.89,95.24719101123596
2016-06-29,86.1,0.89,96.74157303370785
2016-06-30,88.48,0.89,99.41573033707866
2016-07-01,88.24,0.89,99.14606741573033
2016-07-05,88.74,0.89,99.70786516853931
2016-07-06,89.74,0.89,100.8314606741573
2016-07-07,89.31,0.89,100.34831460674157
2016-07-08,89.85,0.89,100.95505617977527
2016-07-11,89.84,0.89,100.9438202247191
2016-07-12,87.8,0.89,98.65168539325842
2016-07-13,89.02,0.89,100.02247191011236
2016-07-14,88.34,0.89,99.25842696629213
2016-07-15,88.86,0.89,99.84269662921348
2016-07-18,89.1,0.89,100.11235955056179
2016-07-19,88.97,0.89,99.96629213483146
2016-07-20,88.17,0.89,99.06741573033707
2016-07-21,87.64,0.89,98.47191011235955
2016-07-22,88.16,0.89,99.0561797752809
2016-07-25,88.41,0.89,99.33707865168539
2016-07-26,87.06,0.89,97.82022471910112
2016-07-27,85.63,0.89,96.2134831460674
2016-07-28,85.96,0.89,96.58426966292134
2016-07-29,86.39,0.89,97.06741573033707
2016-08-01,85.97,0.89,96.59550561797752
2016-08-02,85.15,0.89,95.67415730337079
2016-08-03,84.9,0.89,95.3932584269663
2016-08-04,85.54,0.89,96.1123595505618
2016-08-05,88.79,0.8,110.9875
2016-08-08,88.75,0.8,110.9375
2016-08-09,89.78,0.8,112.225
2016-08-10,89.35,0.8,111.68749999999999
2016-08-11,89.44,0.8,111.8
2016-08-12,89.56,0.8,111.95
2016-08-15,89.08,0.8,111.35
2016-08-16,88.96,0.8,111.19999999999999
2016-08-17,89.41,0.8,111.76249999999999
2016-08-18,89.76,0.8,112.2
2016-08-19,89.92,0.8,112.39999999999999
2016-08-22,89.97,0.8,112.46249999999999
2016-08-23,89.47,0.8,111.83749999999999
2016-08-24,88.95,0.8,111.1875
2016-08-25,88.9,0.8,111.125
2016-08-26,88.17,0.8,110.21249999999999
2016-08-29,88.57,0.8,110.71249999999999
2016-08-30,87.97,0.8,109.96249999999999
2016-08-31,89.49,0.8,111.86249999999998
2016-09-01,89.48,0.8,111.85
2016-09-02,89.61,0.8,112.01249999999999
2016-09-06,89.74,0.8,112.17499999999998
2016-09-07,89.79,0.8,112.2375
2016-09-08,89.19,0.8,111.4875
2016-09-09,85.97,0.8,107.46249999999999
2016-09-12,88.56,0.8,110.7
2016-09-13,88.27,0.8,110.33749999999999
2016-09-14,87.68,0.8,109.60000000000001
2016-09-15,89.17,0.8,111.46249999999999
2016-09-16,88.94,0.8,111.175
2016-09-19,86.97,0.8,108.71249999999999
2016-09-20,87.12,0.8,108.9
2016-09-21,87.91,0.8,109.88749999999999
2016-09-22,89.05,0.8,111.31249999999999
2016-09-23,88.83,0.8,111.0375
2016-09-26,88.53,0.8,110.6625
2016-09-27,89.23,0.8,111.5375
2016-09-28,89.55,0.8,111.93749999999999
2016-09-29,88.57,0.8,110.71249999999999
2016-09-30,89.51,0.8,111.8875
2016-10-03,89.08,0.8,111.35
2016-10-04,88.02,0.8,110.02499999999999
2016-10-05,87.38,0.8,109.225
2016-10-06,87.49,0.8,109.36249999999998
2016-10-07,87.4,0.8,109.25
2016-10-10,88.5,0.8,110.625
2016-10-11,87.24,0.8,109.04999999999998
2016-10-12,87.14,0.8,108.925
2016-10-13,87.05,0.8,108.81249999999999
2016-10-14,88.53,0.8,110.6625
2016-10-17,88.83,0.8,111.0375
2016-10-18,88.93,0.8,111.16250000000001
2016-10-19,88.08,0.8,110.1
2016-10-20,87.96,0.8,109.94999999999999
2016-10-21,87.92,0.8,109.89999999999999
2016-10-24,88.91,0.8,111.13749999999999
2016-10-25,88.36,0.8,110.44999999999999
2016-10-26,88.08,0.8,110.1
2016-10-27,87.69,0.8,109.6125
2016-10-28,88.08,0.8,110.1
2016-10-31,88.95,0.8,111.1875
2016-11-01,88.37,0.8,110.4625
2016-11-02,88.15,0.8,110.1875
2016-11-03,86.25,0.8,107.8125
2016-11-04,84.05,0.84,100.05952380952381
2016-11-07,86.03,0.84,102.41666666666667
2016-11-08,88.34,0.84,105.16666666666667
2016-11-09,84.94,0.84,101.11904761904762
2016-11-10,81.42,0.84,96.92857142857143
2016-11-11,81.21,0.84,96.67857142857143
2016-11-14,80.08,0.84,95.33333333333333
2016-11-15,81.14,0.84,96.5952380952381
2016-11-16,82.4,0.84,98.0952380952381
2016-11-17,82.84,0.84,98.61904761904762
2016-11-18,82.53,0.84,98.25
2016-11-21,83.64,0.84,99.57142857142857
2016-11-22,84.09,0.84,100.10714285714286
2016-11-23,82.44,0.84,98.14285714285714
2016-11-25,82.95,0.84,98.75
2016-11-28,83.22,0.84,99.07142857142857
2016-11-29,84.0,0.84,100.0
2016-11-30,81.65,0.84,97.20238095238096
2016-12-01,80.49,0.84,95.82142857142857
2016-12-02,80.91,0.84,96.32142857142857
2016-12-05,80.28,0.84,95.57142857142857
2016-12-06,79.96,0.84,95.19047619047619
2016-12-07,82.95,0.84,98.75
2016-12-08,82.31,0.84,97.98809523809524
2016-12-09,83.78,0.84,99.73809523809524
2016-12-12,84.2,0.84,100.23809523809524
2016-12-13,84.94,0.84,101.11904761904762
2016-12-14,84.36,0.84,100.42857142857143
2016-12-15,85.37,0.84,101.6309523809524
2016-12-16,86.46,0.84,102.92857142857143
2016-12-19,86.6,0.84,103.09523809523809
2016-12-20,85.98,0.84,102.35714285714286
2016-12-21,86.61,0.84,103.10714285714286
2016-12-22,87.28,0.84,103.90476190476191
2016-12-23,87.57,0.84,104.25
2016-12-27,87.58,0.84,104.26190476190476
2016-12-28,87.31,0.84,103.9404761904762
2016-12-29,87.93,0.84,104.67857142857144
2016-12-30,87.32,0.84,103.95238095238095
2017-01-03,87.53,0.84,104.20238095238096
2017-01-04,87.03,0.84,103.60714285714286
2017-01-05,86.53,0.84,103.01190476190477
2017-01-06,86.31,0.84,102.75
2017-01-09,86.07,0.84,102.46428571428571
2017-01-10,85.91,0.84,102.27380952380952
2017-01-11,86.76,0.84,103.28571428571429
2017-01-12,87.42,0.84,104.07142857142858
2017-01-13,87.03,0.84,103.60714285714286
2017-01-17,87.92,0.84,104.66666666666667
2017-01-18,88.35,0.84,105.17857142857143
2017-01-19,87.85,0.84,104.58333333333333
2017-01-20,88.95,0.84,105.89285714285715
2017-01-23,88.8,0.84,105.71428571428571
2017-01-24,88.69,0.84,105.58333333333333
2017-01-25,88.84,0.84,105.76190476190477
2017-01-26,89.41,0.84,106.44047619047619
2017-01-27,89.43,0.84,106.46428571428572
2017-01-30,89.08,0.84,106.04761904761905
2017-01-31,89.29,0.84,106.29761904761907
2017-02-01,88.41,0.84,105.25
2017-02-02,88.61,0.84,105.48809523809524
2017-02-03,89.27,0.84,106.27380952380952
2017-02-06,88.7,0.84,105.5952380952381
2017-02-07,88.81,0.84,105.72619047619048
2017-02-08,89.19,0.84,106.17857142857143
2017-02-09,89.78,0.84,106.88095238095238
2017-02-10,90.2,0.84,107.3809523809524
2017-02-13,90.58,0.84,107.83333333333333
2017-02-14,90.81,0.84,108.10714285714286
2017-02-15,91.1,0.84,108.45238095238095
2017-02-16,87.28,0.84,103.90476190476191
2017-02-17,96.65,0.84,115.05952380952382
2017-02-21,94.87,0.84,112.9404761904762
2017-02-22,93.36,0.84,111.14285714285715
2017-02-23,92.94,0.88,105.61363636363636
2017-02-24,93.08,0.88,105.77272727272727
2017-02-27,90.61,0.88,102.9659090909091
2017-02-28,91.51,0.88,103.98863636363637
2017-03-01,91.43,0.88,103.89772727272728
2017-03-02,91.28,0.88,103.72727272727273
2017-03-03,91.5,0.88,103.97727272727273
2017-03-06,91.16,0.88,103.5909090909091
2017-03-07,90.8,0.88,103.18181818181817
2017-03-08,90.9,0.88,103.29545454545455
2017-03-09,91.53,0.88,104.01136363636364
2017-03-10,91.51,0.88,103.98863636363637
2017-03-13,91.18,0.88,103.61363636363637
2017-03-14,91.06,0.88,103.47727272727273
2017-03-15,91.84,0.88,104.36363636363637
2017-03-16,92.77,0.88,105.42045454545455
2017-03-17,91.98,0.88,104.52272727272728
2017-03-20,92.36,0.88,104.95454545454545
2017-03-21,91.9,0.88,104.43181818181819
2017-03-22,92.29,0.88,104.875
2017-03-23,92.01,0.88,104.55681818181819
2017-03-24,91.68,0.88,104.18181818181819
2017-03-27,91.25,0.88,103.69318181818181
2017-03-28,91.41,0.88,103.875
2017-03-29,91.49,0.88,103.96590909090908
2017-03-30,91.1,0.88,103.52272727272727
2017-03-31,90.81,0.88,103.19318181818183
2017-04-03,91.06,0.88,103.47727272727273
2017-04-04,91.22,0.88,103.6590909090909
2017-04-05,91.42,0.88,103.88636363636364
2017-04-06,90.95,0.88,103.35227272727273
2017-04-07,90.7,0.88,103.06818181818183
2017-04-10,90.89,0.88,103.2840909090909
2017-04-11,90.83,0.88,103.2159090909091
2017-04-12,91.93,0.88,104.4659090909091
2017-04-13,91.5,0.88,103.97727272727273
2017-04-17,91.58,0.88,104.06818181818181
2017-04-18,92.5,0.88,105.11363636363636
2017-04-19,91.85,0.88,104.375
2017-04-20,92.04,0.88,104.5909090909091
2017-04-21,91.6,0.88,104.09090909090908
2017-04-24,92.56,0.88,105.18181818181819
2017-04-25,92.29,0.88,104.875
2017-04-26,90.92,0.88,103.31818181818181
2017-04-27,90.83,0.88,103.2159090909091
2017-04-28,90.39,0.88,102.7159090909091
2017-05-01,89.47,0.88,101.67045454545455
2017-05-02,89.0,0.88,101.13636363636364
2017-05-03,89.14,0.88,101.29545454545455
2017-05-04,89.7,0.8,112.125
2017-05-05,89.63,0.8,112.0375
2017-05-08,89.48,0.8,111.85
2017-05-09,89.2,0.8,111.5
2017-05-10,89.33,0.8,111.6625
2017-05-11,89.28,0.8,111.6
2017-05-12,88.95,0.8,111.1875
2017-05-15,89.45,0.8,111.8125
2017-05-16,89.11,0.8,111.38749999999999
2017-05-17,89.51,0.8,111.8875
2017-05-18,90.16,0.8,112.69999999999999
2017-05-19,90.28,0.8,112.85
2017-05-22,91.18,0.8,113.97500000000001
2017-05-23,91.87,0.8,114.8375
2017-05-24,92.59,0.8,115.7375
2017-05-25,92.81,0.8,116.0125
2017-05-26,92.99,0.8,116.23749999999998
2017-05-30,92.46,0.8,115.57499999999999
2017-05-31,92.2,0.8,115.25
2017-06-01,92.73,0.8,115.9125
2017-06-02,93.54,0.8,116.925
2017-06-05,93.44,0.8,116.8
2017-06-06,93.21,0.8,116.51249999999999
2017-06-07,93.77,0.8,117.21249999999999
2017-06-08,92.57,0.8,115.71249999999999
2017-06-09,90.83,0.8,113.5375
2017-06-12,91.25,0.8,114.0625
2017-06-13,91.59,0.8,114.4875
2017-06-14,91.46,0.8,114.32499999999999
2017-06-15,91.65,0.8,114.5625
2017-06-16,89.41,0.8,111.76249999999999
2017-06-19,89.85,0.8,112.31249999999999
2017-06-20,89.28,0.8,111.6
2017-06-21,89.4,0.8,111.75
2017-06-22,89.1,0.8,111.37499999999999
2017-06-23,88.85,0.8,111.06249999999999
2017-06-26,88.94,0.8,111.175
2017-06-27,87.51,0.8,109.3875
2017-06-28,87.82,0.8,109.77499999999999
2017-06-29,85.76,0.8,107.2
2017-06-30,85.64,0.8,107.05
2017-07-03,84.47,0.8,105.58749999999999
2017-07-05,83.79,0.8,104.7375
2017-07-06,82.82,0.8,103.52499999999999
2017-07-07,83.04,0.8,103.8
2017-07-10,82.77,0.8,103.46249999999999
2017-07-11,83.75,0.8,104.6875
2017-07-12,84.7,0.8,105.875
2017-07-13,84.85,0.8,106.06249999999999
2017-07-14,85.65,0.8,107.0625
2017-07-17,85.6,0.8,106.99999999999999
2017-07-18,85.6,0.8,106.99999999999999
2017-07-19,85.69,0.8,107.1125
2017-07-20,85.9,0.8,107.375
2017-07-21,86.16,0.8,107.69999999999999
2017-07-24,86.22,0.8,107.77499999999999
2017-07-25,87.42,0.8,109.27499999999999
2017-07-26,87.66,0.8,109.57499999999999
2017-07-27,88.19,0.8,110.2375
2017-07-28,87.64,0.8,109.55
2017-07-31,87.46,0.8,109.32499999999999
2017-08-01,86.67,0.8,108.33749999999999
2017-08-02,86.87,0.8,108.5875
2017-08-03,86.51,0.8,108.1375
2017-08-04,86.66,1.03,84.13592233009709
2017-08-07,87.02,1.03,84.48543689320388
2017-08-08,86.16,1.03,83.65048543689319
2017-08-09,86.46,1.03,83.94174757281553
2017-08-10,85.89,1.03,83.3883495145631
2017-08-11,86.47,1.03,83.9514563106796
2017-08-14,87.02,1.03,84.48543689320388
2017-08-15,86.74,1.03,84.2135922330097
2017-08-16,86.5,1.03,83.98058252427184
2017-08-17,85.11,1.03,82.63106796116504
2017-08-18,84.49,1.03,82.02912621359222
2017-08-21,84.55,1.03,82.08737864077669
2017-08-22,85.05,1.03,82.57281553398057
2017-08-23,84.75,1.03,82.28155339805825
2017-08-24,82.8,1.03,80.3883495145631
2017-08-25,82.6,1.03,80.19417475728154
2017-08-28,82.14,1.03,79.74757281553399
2017-08-29,81.44,1.03,79.06796116504854
2017-08-30,81.93,1.03,79.54368932038835
2017-08-31,80.75,1.03,78.39805825242718
2017-09-01,80.85,1.03,78.49514563106796
2017-09-05,81.15,1.03,78.7864077669903
2017-09-06,81.33,1.03,78.96116504854369
2017-09-07,81.46,1.03,79.08737864077669
2017-09-08,81.72,1.03,79.33980582524272
2017-09-11,82.55,1.03,80.14563106796116
2017-09-12,82.18,1.03,79.7864077669903
2017-09-13,81.91,1.03,79.52427184466019
2017-09-14,81.28,1.03,78.9126213592233
2017-09-15,81.43,1.03,79.05825242718447
2017-09-18,81.4,1.03,79.02912621359224
2017-09-19,80.83,1.03,78.47572815533981
2017-09-20,79.87,1.03,77.54368932038835
2017-09-21,79.01,1.03,76.70873786407768
2017-09-22,77.52,1.03,75.26213592233009
2017-09-25,78.42,1.03,76.13592233009709
2017-09-26,78.59,1.03,76.30097087378641
2017-09-27,78.23,1.03,75.95145631067962
2017-09-28,77.97,1.03,75.69902912621359
2017-09-29,77.55,1.03,75.29126213592232
2017-10-02,77.85,1.03,75.58252427184465
2017-10-03,77.82,1.03,75.55339805825241
2017-10-04,77.77,1.03,75.50485436893203
2017-10-05,78.25,1.03,75.97087378640776
2017-10-06,78.18,1.03,75.90291262135923
2017-10-09,77.33,1.03,75.07766990291262
2017-10-10,78.14,1.03,75.86407766990291
2017-10-11,78.19,1.03,75.9126213592233
2017-10-12,78.15,1.03,75.873786407767
2017-10-13,77.74,1.03,75.4757281553398
2017-10-16,77.65,1.03,75.38834951456312
2017-10-17,77.54,1.03,75.28155339805825
2017-10-18,77.1,1.03,74.85436893203882
2017-10-19,76.47,1.03,74.24271844660194
2017-10-20,76.71,1.03,74.4757281553398
2017-10-23,77.06,1.03,74.81553398058253
2017-10-24,77.22,1.03,74.97087378640776
2017-10-25,77.33,1.03,75.07766990291262
2017-10-26,77.3,1.03,75.04854368932038
2017-10-27,77.3,1.03,75.04854368932038
2017-10-30,75.27,1.03,73.07766990291262
2017-10-31,77.33,1.03,75.07766990291262
2017-11-01,77.7,1.03,75.4368932038835
2017-11-02,78.03,1.03,75.75728155339806
2017-11-03,78.0,1.03,75.72815533980582
2017-11-06,77.0,1.03,74.75728155339806
2017-11-07,78.18,0.82,95.34146341463416
2017-11-08,79.58,0.82,97.04878048780488
2017-11-09,79.41,0.82,96.84146341463415
2017-11-10,79.72,0.82,97.21951219512195
2017-11-13,79.85,0.82,97.3780487804878
2017-11-14,79.38,0.82,96.8048780487805
2017-11-15,78.78,0.82,96.07317073170732
2017-11-16,79.68,0.82,97.17073170731709
2017-11-17,79.63,0.82,97.10975609756098
2017-11-20,79.93,0.82,97.47560975609757
2017-11-21,80.01,0.82,97.57317073170734
2017-11-22,79.82,0.82,97.34146341463415
2017-11-24,79.76,0.82,97.26829268292684
2017-11-27,79.61,0.82,97.08536585365854
2017-11-28,78.98,0.82,96.31707317073172
2017-11-29,81.09,0.82,98.89024390243904
2017-11-30,81.37,0.82,99.23170731707319
2017-12-01,81.21,0.82,99.03658536585365
2017-12-04,81.92,0.82,99.90243902439025
2017-12-05,80.64,0.82,98.34146341463415
2017-12-06,80.49,0.82,98.15853658536585
2017-12-07,79.36,0.82,96.78048780487805
2017-12-08,78.48,0.82,95.70731707317074
2017-12-11,78.37,0.82,95.57317073170732
2017-12-12,78.95,0.82,96.28048780487806
2017-12-13,79.28,0.82,96.6829268292683
2017-12-14,78.98,0.82,96.31707317073172
2017-12-15,79.54,0.82,97.00000000000001
2017-12-18,79.37,0.82,96.79268292682929
2017-12-19,78.52,0.82,95.7560975609756
2017-12-20,77.38,0.82,94.36585365853658
2017-12-21,77.88,0.82,94.97560975609755
2017-12-22,78.24,0.82,95.41463414634146
2017-12-26,78.11,0.82,95.25609756097562
2017-12-27,77.98,0.82,95.09756097560977
2017-12-28,77.92,0.82,95.02439024390245
2017-12-29,77.76,0.82,94.82926829268294
2018-01-02,77.02,0.82,93.92682926829268
2018-01-03,77.01,0.82,93.91463414634147
2018-01-04,77.91,0.82,95.01219512195122
2018-01-05,77.84,0.82,94.92682926829269
2018-01-08,78.48,0.82,95.70731707317074
2018-01-09,78.62,0.82,95.87804878048782
2018-01-10,77.89,0.82,94.98780487804879
2018-01-11,77.13,0.82,94.0609756097561
2018-01-12,77.35,0.82,94.32926829268293
2018-01-16,78.64,0.82,95.90243902439025
2018-01-17,80.07,0.82,97.64634146341463
2018-01-18,79.27,0.82,96.67073170731707
2018-01-19,79.66,0.82,97.14634146341463
2018-01-22,80.17,0.82,97.76829268292684
2018-01-23,80.27,0.82,97.89024390243902
2018-01-24,79.86,0.82,97.39024390243902
2018-01-25,79.67,0.82,97.15853658536587
2018-01-26,79.39,0.82,96.81707317073172
2018-01-29,78.42,0.82,95.63414634146342
2018-01-30,78.5,0.82,95.73170731707317
2018-01-31,78.39,0.82,95.59756097560977
2018-02-01,78.57,0.82,95.8170731707317
2018-02-02,77.19,0.82,94.13414634146342
2018-02-05,74.26,0.82,90.56097560975611
2018-02-06,74.31,0.82,90.6219512195122
2018-02-07,73.55,0.82,89.69512195121952
2018-02-08,71.58,0.82,87.29268292682927
2018-02-09,71.38,0.82,87.04878048780488
2018-02-12,71.81,0.82,87.57317073170732
2018-02-13,71.71,0.82,87.45121951219512
2018-02-14,71.92,0.82,87.70731707317074
2018-02-15,72.71,0.82,88.67073170731707
2018-02-16,70.8,0.83,85.3012048192771
2018-02-20,68.69,0.83,82.75903614457832
2018-02-21,67.47,0.83,81.28915662650603
2018-02-22,67.64,0.83,81.49397590361447
2018-02-23,69.02,0.83,83.1566265060241
2018-02-26,69.74,0.83,84.02409638554217
2018-02-27,67.87,0.83,81.77108433734941
2018-02-28,67.05,0.83,80.78313253012048
2018-03-01,66.89,0.83,80.59036144578313
2018-03-02,67.17,0.83,80.9277108433735
2018-03-05,67.43,0.83,81.2409638554217
2018-03-06,67.77,0.83,81.65060240963855
2018-03-07,67.46,0.83,81.27710843373494
2018-03-08,66.99,0.83,80.71084337349397
2018-03-09,67.23,0.83,81.00000000000001
2018-03-12,67.7,0.83,81.56626506024097
2018-03-13,67.37,0.83,81.16867469879519
2018-03-14,66.58,0.83,80.21686746987952
2018-03-15,65.46,0.83,78.86746987951807
2018-03-16,65.36,0.83,78.74698795180723
2018-03-19,63.95,0.83,77.04819277108435
2018-03-20,63.18,0.83,76.12048192771084
2018-03-21,61.99,0.83,74.6867469879518
2018-03-22,60.53,0.83,72.9277108433735
2018-03-23,60.03,0.83,72.32530120481928
2018-03-26,61.65,0.83,74.27710843373494
2018-03-27,60.7,0.83,73.13253012048193
2018-03-28,61.37,0.83,73.93975903614458
2018-03-29,62.29,0.83,75.04819277108435
2018-04-02,60.06,0.83,72.36144578313254
2018-04-03,60.24,0.83,72.57831325301206
2018-04-04,61.38,0.83,73.95180722891567
2018-04-05,61.31,0.83,73.86746987951808
2018-04-06,60.54,0.83,72.93975903614458
2018-04-09,60.65,0.83,73.07228915662651
2018-04-10,61.25,0.83,73.79518072289157
2018-04-11,61.54,0.83,74.14457831325302
2018-04-12,60.94,0.83,73.42168674698796
2018-04-13,60.92,0.83,73.3975903614458
2018-04-16,61.19,0.83,73.72289156626506
2018-04-17,61.69,0.83,74.32530120481928
2018-04-18,60.79,0.83,73.24096385542168
2018-04-19,59.73,0.83,71.96385542168674
2018-04-20,58.22,0.83,70.14457831325302
2018-04-23,57.68,0.83,69.49397590361446
2018-04-24,56.53,0.83,68.10843373493977
2018-04-25,56.85,0.83,68.49397590361447
2018-04-26,57.33,0.83,69.07228915662651
2018-04-27,57.66,0.83,69.46987951807229
2018-04-30,56.38,0.83,67.9277108433735
2018-05-01,55.7,0.83,67.10843373493977
2018-05-02,54.2,0.83,65.30120481927712
2018-05-03,54.95,0.86,63.895348837209305
2018-05-04,58.01,0.86,67.45348837209302
2018-05-07,58.83,0.86,68.40697674418604
2018-05-08,58.76,0.86,68.32558139534883
2018-05-09,58.48,0.86,68.0
2018-05-10,59.04,0.86,68.65116279069767
2018-05-11,59.24,0.86,68.88372093023256
2018-05-14,59.28,0.86,68.93023255813954
2018-05-15,59.04,0.86,68.65116279069767
2018-05-16,59.29,0.86,68.94186046511628
2018-05-17,58.06,0.86,67.51162790697674
2018-05-18,56.79,0.86,66.03488372093024
2018-05-21,56.45,0.86,65.63953488372094
2018-05-22,56.58,0.86,65.79069767441861
2018-05-23,56.98,0.86,66.25581395348837
2018-05-24,57.06,0.86,66.34883720930233
2018-05-25,57.77,0.86,67.17441860465117
2018-05-29,57.4,0.86,66.74418604651163
2018-05-30,58.84,0.86,68.4186046511628
2018-05-31,57.48,0.86,66.83720930232558
2018-06-01,57.65,0.86,67.03488372093024
2018-06-04,58.42,0.86,67.93023255813954
2018-06-05,57.92,0.86,67.34883720930233
2018-06-06,57.92,0.86,67.34883720930233
2018-06-07,57.67,0.86,67.05813953488372
2018-06-08,58.47,0.86,67.98837209302326
2018-06-11,59.88,0.86,69.62790697674419
2018-06-12,60.12,0.86,69.90697674418604
2018-06-13,60.1,0.86,69.88372093023256
2018-06-14,60.67,0.86,70.54651162790698
2018-06-15,61.61,0.86,71.63953488372093
2018-06-18,60.87,0.86,70.77906976744185
2018-06-19,62.14,0.86,72.25581395348837
2018-06-20,63.04,0.86,73.30232558139535
2018-06-21,62.57,0.86,72.75581395348837
2018-06-22,63.21,0.86,73.5
2018-06-25,63.32,0.86,73.62790697674419
2018-06-26,63.21,0.86,73.5
2018-06-27,62.69,0.86,72.8953488372093
2018-06-28,62.65,0.86,72.84883720930233
2018-06-29,62.82,0.86,73.04651162790698
2018-07-02,62.09,0.86,72.19767441860466
2018-07-03,62.64,0.86,72.83720930232559
2018-07-05,63.95,0.86,74.36046511627907
2018-07-06,64.43,0.86,74.9186046511628
2018-07-09,63.97,0.86,74.38372093023256
2018-07-10,64.0,0.86,74.4186046511628
2018-07-11,63.74,0.86,74.11627906976744
2018-07-12,63.64,0.86,74.0
2018-07-13,63.85,0.86,74.24418604651163
2018-07-16,62.64,0.86,72.83720930232559
2018-07-17,63.05,0.86,73.31395348837209
2018-07-18,61.59,0.86,71.61627906976744
2018-07-19,61.34,0.86,71.32558139534885
2018-07-20,60.69,0.86,70.56976744186046
2018-07-23,60.3,0.86,70.11627906976744
2018-07-24,59.67,0.86,69.38372093023256
2018-07-25,59.84,0.86,69.58139534883722
2018-07-26,60.48,0.86,70.32558139534883
2018-07-27,60.26,0.86,70.06976744186046
2018-07-30,60.28,0.86,70.09302325581396
2018-07-31,60.25,0.86,70.05813953488372
2018-08-01,59.28,0.86,68.93023255813954
2018-08-02,59.4,0.86,69.06976744186046
2018-08-03,64.48,0.92,70.08695652173913
2018-08-06,62.3,0.92,67.71739130434781
2018-08-07,61.32,0.92,66.65217391304347
2018-08-08,60.28,0.92,65.52173913043478
2018-08-09,60.0,0.92,65.21739130434783
2018-08-10,59.65,0.92,64.83695652173913
2018-08-13,59.28,0.92,64.43478260869566
2018-08-14,59.52,0.92,64.69565217391305
2018-08-15,59.09,0.92,64.22826086956522
2018-08-16,60.03,0.92,65.25
2018-08-17,61.02,0.92,66.32608695652173
2018-08-20,60.64,0.92,65.91304347826086
2018-08-21,59.84,0.92,65.04347826086956
2018-08-22,59.55,0.92,64.7282608695652
2018-08-23,58.8,0.92,63.91304347826086
2018-08-24,59.03,0.92,64.16304347826087
2018-08-27,59.57,0.92,64.75
2018-08-28,58.79,0.92,63.90217391304348
2018-08-29,59.3,0.92,64.45652173913042
2018-08-30,58.22,0.92,63.28260869565217
2018-08-31,58.27,0.92,63.33695652173913
2018-09-04,56.66,0.92,61.586956521739125
2018-09-05,57.0,0.92,61.95652173913043
2018-09-06,56.8,0.92,61.7391304347826
2018-09-07,56.59,0.92,61.51086956521739
2018-09-10,57.24,0.92,62.21739130434783
2018-09-11,57.76,0.92,62.78260869565217
2018-09-12,59.12,0.92,64.26086956521739
2018-09-13,59.49,0.92,64.66304347826087
2018-09-14,58.97,0.92,64.09782608695652
2018-09-17,58.35,0.92,63.42391304347826
2018-09-18,57.1,0.92,62.065217391304344
2018-09-19,56.89,0.92,61.836956521739125
2018-09-20,57.57,0.92,62.576086956521735
2018-09-21,57.12,0.92,62.086956521739125
2018-09-24,56.52,0.92,61.434782608695656
2018-09-25,55.66,0.92,60.49999999999999
2018-09-26,55.17,0.92,59.96739130434783
2018-09-27,55.04,0.92,59.826086956521735
2018-09-28,55.11,0.92,59.90217391304348
2018-10-01,55.54,0.92,60.3695652173913
2018-10-02,55.93,0.92,60.79347826086956
2018-10-03,55.6,0.92,60.43478260869565
2018-10-04,55.52,0.92,60.34782608695652
2018-10-05,55.89,0.92,60.75
2018-10-08,57.06,0.92,62.02173913043478
2018-10-09,56.07,0.92,60.94565217391304
2018-10-10,55.74,0.92,60.58695652173913
2018-10-11,53.82,0.92,58.5
2018-10-12,54.24,0.92,58.95652173913044
2018-10-15,54.47,0.92,59.20652173913043
2018-10-16,55.44,0.92,60.260869565217384
2018-10-17,56.4,0.92,61.30434782608695
2018-10-18,55.54,0.92,60.3695652173913
2018-10-19,57.56,0.92,62.565217391304344
2018-10-22,56.21,0.92,61.09782608695652
2018-10-23,56.6,0.92,61.52173913043478
2018-10-24,55.78,0.92,60.630434782608695
2018-10-25,55.98,0.92,60.847826086956516
2018-10-26,54.65,0.92,59.40217391304348
2018-10-29,55.52,0.92,60.34782608695652
2018-10-30,55.85,0.92,60.70652173913043
2018-10-31,54.97,0.92,59.74999999999999
2018-11-01,56.2,0.92,61.08695652173913
2018-11-02,50.73,0.72,70.45833333333333
2018-11-05,52.39,0.72,72.76388888888889
2018-11-06,53.46,0.72,74.25
2018-11-07,53.55,0.72,74.375
2018-11-08,53.31,0.72,74.04166666666667
2018-11-09,53.99,0.72,74.98611111111111
2018-11-12,53.67,0.72,74.54166666666667
2018-11-13,53.38,0.72,74.1388888888889
2018-11-14,52.64,0.72,73.11111111111111
2018-11-15,51.99,0.72,72.20833333333334
2018-11-16,52.08,0.72,72.33333333333333
2018-11-19,51.89,0.72,72.06944444444444
2018-11-20,50.94,0.72,70.75
2018-11-21,51.16,0.72,71.05555555555556
2018-11-23,51.04,0.72,70.88888888888889
2018-11-26,51.07,0.72,70.93055555555556
2018-11-27,51.8,0.72,71.94444444444444
2018-11-28,51.18,0.72,71.08333333333333
2018-11-29,51.19,0.72,71.09722222222223
2018-11-30,51.12,0.72,71.0
2018-12-03,51.42,0.72,71.41666666666667
2018-12-04,49.98,0.72,69.41666666666667
2018-12-06,49.52,0.72,68.77777777777779
2018-12-07,48.71,0.72,67.65277777777779
2018-12-10,48.27,0.72,67.04166666666667
2018-12-11,48.38,0.72,67.19444444444446
2018-12-12,48.26,0.72,67.02777777777777
2018-12-13,48.47,0.72,67.31944444444444
2018-12-14,47.46,0.72,65.91666666666667
2018-12-17,46.82,0.72,65.02777777777779
2018-12-18,46.15,0.72,64.09722222222223
2018-12-19,45.09,0.72,62.62500000000001
2018-12-20,44.85,0.72,62.29166666666667
2018-12-21,44.05,0.72,61.18055555555556
2018-12-24,42.54,0.72,59.083333333333336
2018-12-26,43.29,0.72,60.125
2018-12-27,43.76,0.72,60.77777777777778
2018-12-28,43.57,0.72,60.51388888888889
2018-12-31,43.04,0.72,59.77777777777778
2019-01-02,43.34,0.72,60.19444444444445
2019-01-03,43.31,0.72,60.152777777777786
2019-01-04,44.49,0.72,61.79166666666667
2019-01-07,45.33,0.72,62.958333333333336
2019-01-08,45.37,0.72,63.013888888888886
2019-01-09,45.13,0.72,62.680555555555564
2019-01-10,45.6,0.72,63.333333333333336
2019-01-11,45.61,0.72,63.34722222222222
2019-01-14,46.25,0.72,64.23611111111111
2019-01-15,46.91,0.72,65.15277777777777
2019-01-16,46.84,0.72,65.05555555555556
2019-01-17,47.08,0.72,65.38888888888889
2019-01-18,47.53,0.72,66.0138888888889
2019-01-22,47.28,0.72,65.66666666666667
2019-01-23,47.06,0.72,65.36111111111111
2019-01-24,46.54,0.72,64.63888888888889
2019-01-25,46.75,0.72,64.93055555555556
2019-01-28,46.9,0.72,65.13888888888889
2019-01-29,46.88,0.72,65.11111111111111
2019-01-30,46.75,0.72,64.93055555555556
2019-01-31,48.06,0.72,66.75
2019-02-01,47.76,0.72,66.33333333333333
2019-02-04,47.73,0.72,66.29166666666667
2019-02-05,48.14,0.72,66.86111111111111
2019-02-06,47.69,0.72,66.23611111111111
2019-02-07,47.23,0.72,65.59722222222221
2019-02-08,47.46,0.72,65.91666666666667
2019-02-11,47.33,0.72,65.73611111111111
2019-02-12,48.11,0.72,66.81944444444444
2019-02-13,47.64,0.72,66.16666666666667
2019-02-14,47.34,0.72,65.75000000000001
2019-02-15,47.62,0.72,66.13888888888889
2019-02-19,47.77,0.72,66.34722222222223
2019-02-20,48.26,0.72,67.02777777777777
2019-02-21,48.18,0.72,66.91666666666667
2019-02-22,34.95,0.72,48.54166666666667
2019-02-25,34.23,0.72,47.541666666666664
2019-02-26,33.12,0.72,46.0
2019-02-27,32.2,0.72,44.72222222222223
2019-02-28,33.19,0.72,46.09722222222222
2019-03-01,32.4,0.72,45.0
2019-03-04,33.23,0.72,46.15277777777778
2019-03-05,33.04,0.72,45.88888888888889
2019-03-06,32.86,0.72,45.63888888888889
2019-03-07,31.89,0.72,44.29166666666667
2019-03-08,32.1,0.72,44.583333333333336
2019-03-11,32.17,0.72,44.68055555555556
2019-03-12,31.99,0.72,44.43055555555556
2019-03-13,32.3,0.72,44.86111111111111
2019-03-14,31.87,0.72,44.26388888888889
2019-03-15,32.09,0.72,44.56944444444445
2019-03-18,32.03,0.72,44.486111111111114
2019-03-19,32.13,0.72,44.62500000000001
2019-03-20,32.02,0.72,44.47222222222223
2019-03-21,32.75,0.72,45.486111111111114
2019-03-22,32.29,0.72,44.84722222222222
2019-03-25,32.5,0.72,45.13888888888889
2019-03-26,32.9,0.72,45.69444444444444
2019-03-27,32.64,0.72,45.333333333333336
2019-03-28,32.89,0.72,45.68055555555556
2019-03-29,32.65,0.72,45.34722222222222
2019-04-01,32.5,0.72,45.13888888888889
2019-04-02,32.08,0.72,44.55555555555556
2019-04-03,32.25,0.72,44.79166666666667
2019-04-04,32.69,0.72,45.40277777777778
2019-04-05,33.17,0.72,46.06944444444445
2019-04-08,33.19,0.72,46.09722222222222
2019-04-09,32.95,0.72,45.76388888888889
2019-04-10,32.98,0.72,45.80555555555555
2019-04-11,32.99,0.72,45.81944444444445
2019-04-12,33.07,0.72,45.93055555555556
2019-04-15,33.14,0.72,46.02777777777778
2019-04-16,33.04,0.72,45.88888888888889
2019-04-17,32.89,0.72,45.68055555555556
2019-04-18,32.96,0.72,45.77777777777778
2019-04-22,32.9,0.72,45.69444444444444
2019-04-23,33.1,0.72,45.97222222222223
2019-04-24,32.76,0.72,45.5
2019-04-25,32.52,0.72,45.16666666666667
2019-04-26,33.06,0.72,45.91666666666667
2019-04-29,33.27,0.72,46.20833333333334
2019-04-30,33.24,0.72,46.16666666666667
2019-05-01,32.99,0.72,45.81944444444445
2019-05-02,32.18,0.72,44.69444444444444
2019-05-03,32.58,0.72,45.25
2019-05-06,32.77,0.72,45.51388888888889
2019-05-07,32.5,0.72,45.13888888888889
2019-05-08,32.43,0.72,45.04166666666667
2019-05-09,32.58,0.72,45.25
2019-05-10,32.65,0.72,45.34722222222222
2019-05-13,31.97,0.72,44.40277777777778
2019-05-14,32.27,0.72,44.81944444444445
2019-05-15,32.4,0.72,45.0
2019-05-16,32.46,0.72,45.083333333333336
2019-05-17,32.53,0.72,45.18055555555556
2019-05-20,31.79,0.72,44.15277777777778
2019-05-21,31.98,0.72,44.41666666666667
2019-05-22,31.88,0.72,44.27777777777778
2019-05-23,31.45,0.72,43.68055555555556
2019-05-24,31.11,0.72,43.208333333333336
2019-05-28,29.06,0.72,40.361111111111114
2019-05-29,28.68,0.72,39.833333333333336
2019-05-30,27.4,0.72,38.05555555555556
2019-05-31,27.65,0.72,38.40277777777778
2019-06-03,28.42,0.72,39.47222222222223
2019-06-04,28.67,0.72,39.81944444444445
2019-06-05,28.47,0.72,39.541666666666664
2019-06-06,28.62,0.72,39.75
2019-06-07,28.74,-1.91185,-15.032560085780787
2019-06-10,30.31,-1.91185,-15.853754217119542
2019-06-11,30.24,-1.91185,-15.817140466040744
2019-06-12,30.13,-1.91185,-15.759604571488348
2019-06-13,30.41,-1.91185,-15.90605957580354
2019-06-14,30.31,-1.91185,-15.853754217119542
2019-06-17,30.17,-1.91185,-15.780526714961947
2019-06-18,30.27,-1.91185,-15.832832073645944
2019-06-19,30.96,-1.91185,-16.193739048565526
2019-06-20,31.13,-1.91185,-16.28265815832832
2019-06-21,31.48,-1.91185,-16.46572691372231
2019-06-24,30.52,-1.91185,-15.963595470355937
2019-06-25,30.68,-1.91185,-16.047284044250333
2019-06-26,30.84,-1.91185,-16.130972618144728
2019-06-27,30.77,-1.91185,-16.09435886706593
2019-06-28,31.04,-1.91185,-16.23558333551272
2019-07-01,30.46,-1.91185,-15.93221225514554
2019-07-02,30.52,-1.91185,-15.963595470355937
2019-07-03,31.25,-1.91185,-16.34542458874912
2019-07-05,30.99,-1.91185,-16.209430656170724
2019-07-08,30.69,-1.91185,-16.052514580118732
2019-07-09,30.5,-1.91185,-15.953134398619138
2019-07-10,31.3,-1.91185,-16.371577268091116
2019-07-11,30.65,-1.91185,-16.031592436645134
2019-07-12,30.8,-1.91185,-16.11005047467113
2019-07-15,30.68,-1.91185,-16.047284044250333
2019-07-16,30.32,-1.91185,-15.858984752987944
2019-07-17,30.44,-1.91185,-15.921751183408741
2019-07-18,31.05,-1.91185,-16.24081387138112
2019-07-19,31.54,-1.91185,-16.497110128932707
2019-07-22,31.49,-1.91185,-16.47095744959071
2019-07-23,31.95,-1.91185,-16.711562099537097
2019-07-24,32.07,-1.91185,-16.774328529957895
2019-07-25,31.55,-1.91185,-16.50234066480111
2019-07-26,31.85,-1.91185,-16.659256740853102
2019-07-29,31.76,-1.91185,-16.612181918037503
2019-07-30,31.84,-1.91185,-16.6540262049847
2019-07-31,32.01,-1.91185,-16.742945314747494
2019-08-01,32.53,-1.91185,-17.014933179904283
2019-08-02,32.21,-1.91185,-16.84755603211549
2019-08-05,31.44,-1.91185,-16.444804770248712
2019-08-06,30.58,-1.91185,-15.994978685566336
2019-08-07,30.87,-1.91185,-16.146664225749927
2019-08-08,28.22,-1.91185,-14.760572220624002
2019-08-09,26.5,-1.91185,-13.860920051259251
2019-08-12,26.29,-1.91185,-13.751078798022856
2019-08-13,25.96,0.77796,33.36932490102319
2019-08-14,25.52,0.77796,32.803743123039744
2019-08-15,25.06,0.77796,32.21245308242069
2019-08-16,25.41,0.77796,32.66234767854389
2019-08-19,25.71,0.77796,33.04797161807805
2019-08-20,25.14,0.77796,32.31528613296314
2019-08-21,25.27,0.77796,32.482389840094605
2019-08-22,25.62,0.77796,32.9322844362178
2019-08-23,25.33,0.77796,32.55951462800144
2019-08-26,25.58,0.77796,32.88086791094658
2019-08-27,25.0,0.77796,32.135328294513855
2019-08-28,25.17,0.77796,32.35384852691655
2019-08-29,25.33,0.77796,32.55951462800144
2019-08-30,25.52,0.77796,32.803743123039744
2019-09-03,26.06,0.77796,33.497866214201245
2019-09-04,26.26,0.77796,33.75494884055736
2019-09-05,26.59,0.77796,34.17913517404494
2019-09-06,27.28,0.77796,35.06607023497352
2019-09-09,28.08,0.77796,36.094400740397965
2019-09-10,28.96,0.77796,37.22556429636485
2019-09-11,29.28,0.77796,37.63689649853463
2019-09-12,29.03,0.77796,37.31554321558949
2019-09-13,29.25,0.77796,37.59833410458121
2019-09-16,29.62,0.77796,38.07393696334002
2019-09-17,28.36,0.77796,36.45431641729652
2019-09-18,28.41,0.77796,36.51858707388555
2019-09-19,28.15,0.77796,36.1843796596226
2019-09-20,28.14,0.77796,36.1715255283048
2019-09-23,28.2,0.77796,36.24865031621163
2019-09-24,27.93,0.77796,35.90158877063088
2019-09-25,28.14,0.77796,36.1715255283048
2019-09-26,28.01,0.77796,36.00442182117333
2019-09-27,27.84,0.77796,35.785901588770635
2019-09-30,27.93,0.77796,35.90158877063088
2019-10-01,27.34,0.77796,35.143195022880356
2019-10-02,26.55,0.77796,34.127718648773715
2019-10-03,26.54,0.77796,34.114864517455906
2019-10-04,26.98,0.77796,34.68044629543935
2019-10-07,26.94,0.77796,34.62902977016813
2019-10-08,26.71,0.77796,34.33338474985861
2019-10-09,26.73,0.77796,34.35909301249421
2019-10-10,26.94,0.77796,34.62902977016813
2019-10-11,27.08,0.77796,34.80898760861741
2019-10-14,27.32,0.77796,35.117486760244745
2019-10-15,27.49,0.77796,35.336006992647434
2019-10-16,27.44,0.77796,35.27173633605841
2019-10-17,27.77,0.77796,35.69592266954599
2019-10-18,27.61,0.77796,35.490256568461106
2019-10-21,27.81,0.77796,35.747339194817215
2019-10-22,28.5,0.77796,36.634274255745794
2019-10-23,28.61,0.77796,36.77566970024166
2019-10-24,28.45,0.77796,36.57000359915677
2019-10-25,28.38,0.77796,36.48002467993213
2019-10-28,28.37,0.77796,36.46717054861433
2019-10-29,28.14,0.77796,36.1715255283048
2019-10-30,28.5,0.77796,36.634274255745794
2019-10-31,32.33,0.75151,43.02005296004045
2019-11-01,32.61,0.75151,43.392636159199476
2019-11-04,33.33,0.75151,44.350707242751255
2019-11-05,32.91,0.75151,43.79183244401272
2019-11-06,33.14,0.75151,44.09788292903621
2019-11-07,32.72,0.75151,43.53900813029767
2019-11-08,32.85,0.75151,43.711993187050076
2019-11-11,32.76,0.75151,43.5922343016061
2019-11-12,32.98,0.75151,43.88497824380247
2019-11-13,33.3,0.75151,44.310787614269934
2019-11-14,30.96,0.75151,41.197056592726646
2019-11-15,31.3,0.75151,41.64947904884832
2019-11-18,31.01,0.75151,41.26358930686219
2019-11-19,31.3,0.75151,41.64947904884832
2019-11-20,31.09,0.75151,41.37004164947905
2019-11-21,30.24,0.75151,40.23898550917486
2019-11-22,30.54,0.75151,40.6381817939881
2019-11-25,31.06,0.75151,41.33012202099772
2019-11-26,30.47,0.75151,40.545035994198344
2019-11-27,30.37,0.75151,40.41197056592727
2019-11-29,30.5,0.75151,40.58495562267967
2019-12-02,30.95,0.75151,41.18375004989954
2019-12-03,30.8,0.75151,40.984151907492915
2019-12-04,31.03,0.75151,41.2902023925164
2019-12-05,31.25,0.75151,41.58294633471278
2019-12-06,31.09,0.75151,41.37004164947905
2019-12-09,31.93,0.75151,42.48779124695613
2019-12-10,31.88,0.75151,42.42125853282059
2019-12-11,31.6,0.75151,42.04867533366156
2019-12-12,31.94,0.75151,42.50109778978324
2019-12-13,31.6,0.75151,42.04867533366156
2019-12-16,31.74,0.75151,42.23496693324107
2019-12-17,31.62,0.75151,42.075288419315775
2019-12-18,31.75,0.75151,42.248273476068185
2019-12-19,31.9,0.75151,42.4478716184748
2019-12-20,32.22,0.75151,42.87368098894226
2019-12-23,31.92,0.75151,42.47448470412902
2019-12-24,31.98,0.75151,42.55432396109167
2019-12-26,31.63,0.75151,42.088594962142885
2019-12-27,31.62,0.75151,42.075288419315775
2019-12-30,31.71,0.75151,42.195047304759754
2019-12-31,32.13,0.75151,42.75392210349829
2020-01-02,31.61,0.75151,42.061981876488666
2020-01-03,31.24,0.75151,41.56963979188567
2020-01-06,31.31,0.75151,41.66278559167542
2020-01-07,30.76,0.75151,40.930925736184484
2020-01-08,30.59,0.75151,40.704714508123644
2020-01-09,30.58,0.75151,40.691407965296534
2020-01-10,30.7,0.75151,40.851086479221834
2020-01-13,31.16,0.75151,41.46318744926881
2020-01-14,31.73,0.75151,42.221660390413966
2020-01-15,31.6,0.75151,42.04867533366156
2020-01-16,31.73,0.75151,42.221660390413966
2020-01-17,31.03,0.75151,41.2902023925164
2020-01-21,31.01,0.75151,41.26358930686219
2020-01-22,30.67,0.75151,40.81116685074051
2020-01-23,30.68,0.75151,40.824473393567615
2020-01-24,30.41,0.75151,40.4651967372357
2020-01-27,30.35,0.75151,40.38535748027305
2020-01-28,30.13,0.75151,40.09261353807667
2020-01-29,29.62,0.75151,39.41397985389416
2020-01-30,29.94,0.75151,39.83978922436162
2020-01-31,29.2,0.75151,38.85510505515562
2020-02-03,29.15,0.75151,38.78857234102008
2020-02-04,29.15,0.75151,38.78857234102008
2020-02-05,29.37,0.75151,39.08131628321646
2020-02-06,29.06,0.75151,38.66881345557611
2020-02-07,29.54,0.75151,39.30752751127729
2020-02-10,29.69,0.75151,39.507125653683914
2020-02-11,30.01,0.75151,39.93293502415138
2020-02-12,30.04,0.75151,39.9728546526327
2020-02-13,27.77,0.75151,36.95226943087916
2020-02-14,26.88,0.48037,55.956866582009695
2020-02-18,27.33,0.48037,56.893644482378164
2020-02-19,27.31,0.48037,56.85200990902845
2020-02-20,27.42,0.48037,57.081000062451864
2020-02-21,27.26,0.48037,56.74792347565418
2020-02-24,26.63,0.48037,55.43643441513833
2020-02-25,26.07,0.48037,54.27066636134646
2020-02-26,25.64,0.48037,53.375523034327706
2020-02-27,24.97,0.48037,51.98076482711243
2020-02-28,24.77,0.48037,51.564419093615335
2020-03-02,26.07,0.48037,54.27066636134646
2020-03-03,25.5,0.48037,53.08408102087974
2020-03-04,26.45,0.48037,55.06172325499094
2020-03-05,26.65,0.48037,55.47806898848803
2020-03-06,26.03,0.48037,54.18739721464704
2020-03-09,23.96,0.48037,49.8782188729521
2020-03-10,24.5,0.48037,51.00235235339426
2020-03-11,23.66,0.48037,49.25370027270645
2020-03-12,20.06,0.48037,41.759477069758724
2020-03-13,23.97,0.48037,49.89903615962695
2020-03-16,22.02,0.48037,45.839665258030266
2020-03-17,23.83,0.48037,49.60759414617898
2020-03-18,23.69,0.48037,49.31615213273102
2020-03-19,22.28,0.48037,46.380914711576494
2020-03-20,22.28,0.48037,46.380914711576494
2020-03-23,20.77,0.48037,43.237504423673414
2020-03-24,22.99,0.48037,47.85894206549118
2020-03-25,22.96,0.48037,47.79649020546662
2020-03-26,24.77,0.48037,51.564419093615335
2020-03-27,24.24,0.48037,50.46110289984803
2020-03-30,25.17,0.48037,52.39711056060953
2020-03-31,24.74,0.48037,51.50196723359077
2020-04-01,23.68,0.48037,49.295334846056164
2020-04-02,24.64,0.48037,51.29379436684223
2020-04-03,25.32,0.48037,52.70936986073235
2020-04-06,25.91,0.48037,53.93758977454878
2020-04-07,26.61,0.48037,55.39479984178862
2020-04-08,27.32,0.48037,56.87282719570331
2020-04-09,28.11,0.48037,58.517392843016836
2020-04-13,27.93,0.48037,58.14268168286945
2020-04-14,28.45,0.48037,59.2251805899619
2020-04-15,28.05,0.48037,58.39248912296771
2020-04-16,29.23,0.48037,60.84892895060058
2020-04-17,29.33,0.48037,61.05710181734912
2020-04-20,29.17,0.48037,60.724025230551455
2020-04-21,28.47,0.48037,59.26681516331161
2020-04-22,28.76,0.48037,59.8705164768824
2020-04-23,28.53,0.48037,59.391718883360745
2020-04-24,29.23,0.48037,60.84892895060058
2020-04-27,30.19,0.48037,62.84738847138664
2020-04-28,30.43,0.48037,63.347003351583155
2020-04-29,30.53,0.48037,63.5551762183317
2020-04-30,30.33,0.48037,63.1388304848346
2020-05-01,29.38,0.44001,66.77120974523307
2020-05-04,28.93,0.44001,65.74850571577919
2020-05-05,28.94,0.44001,65.77123247198928
2020-05-06,29.4,0.44001,66.81666325765323
2020-05-07,28.83,0.44001,65.52123815367833
2020-05-08,29.56,0.44001,67.18029135701461
2020-05-11,29.33,0.44001,66.65757596418263
2020-05-12,29.38,0.44001,66.77120974523307
2020-05-13,28.76,0.44001,65.36215086020772
2020-05-14,28.8,0.44001,65.45305788504807
2020-05-15,29.2,0.44001,66.3621281334515
2020-05-18,30.87,0.44001,70.15749642053589
2020-05-19,29.91,0.44001,67.97572782436762
2020-05-20,30.24,0.44001,68.72571077930047
2020-05-21,29.71,0.44001,67.52119270016591
2020-05-22,29.95,0.44001,68.06663484920797
2020-05-26,30.22,0.44001,68.68025726688029
2020-05-27,31.03,0.44001,70.52112451989727
2020-05-28,30.39,0.44001,69.06661212245176
2020-05-29,30.47,0.44001,69.24842617213244
2020-06-01,30.42,0.44001,69.13479239108203
2020-06-02,31.43,0.44001,71.43019476830072
2020-06-03,31.31,0.44001,71.15747369377968
2020-06-04,31.49,0.44001,71.56655530556124
2020-06-05,32.62,0.44001,74.13467875730096
2020-06-08,33.97,0.44001,77.20279084566259
2020-06-09,33.1,0.44001,75.22556305538511
2020-06-10,32.5,0.44001,73.86195768277993
2020-06-11,31.18,0.44001,70.86202586304856
2020-06-12,31.8,0.44001,72.2710847480739
2020-06-15,32.119999,0.44001,72.99833867412104
2020-06-16,32.73,0.44001,74.38467307561191
2020-06-17,32.799999,0.44001,74.54375809640689
2020-06-18,33.18,0.44001,75.40737710506579
2020-06-19,33.48,0.44001,76.08917979136837
2020-06-22,33.150002,0.44001,75.33920138178678
2020-06-23,32.400002,0.44001,73.63469466603031
2020-06-24,32.130001,0.44001,73.02106997568237
2020-06-25,31.879999,0.44001,72.45289652507898
2020-06-26,30.9,0.44001,70.22567668916615
2020-06-29,31.639999,0.44001,71.90745437603691
2020-06-30,31.889999,0.44001,72.47562328128906
2020-07-01,31.67,0.44001,71.97563691734278
2020-07-02,31.809999,0.44001,72.29380923160838
2020-07-06,32.0,0.44001,72.72561987227563
2020-07-07,32.049999,0.44001,72.83925138065044
2020-07-08,31.860001,0.44001,72.40744755801005
2020-07-09,31.370001,0.44001,71.29383650371582
2020-07-10,32.279999,0.44001,73.36196677348241
2020-07-13,32.509998,0.44001,73.88467989363879
2020-07-14,33.310001,0.44001,75.70282720847253
2020-07-15,33.150002,0.44001,75.33920138178678
2020-07-16,34.400002,0.44001,78.18004590804755
2020-07-17,35.009998,0.44001,79.56636894616032
2020-07-20,34.119999,0.44001,77.54368991613826
2020-07-21,34.529999,0.44001,78.47548692075179
2020-07-22,34.900002,0.44001,79.31638371855185
2020-07-23,34.860001,0.44001,79.22547442103587
2020-07-24,34.68,0.44001,78.81639053657871
2020-07-27,34.84,0.44001,79.1800186359401
2020-07-28,35.25,0.44001,80.11181564055362
2020-07-29,35.57,0.44001,80.83907183927637
2020-07-30,34.389999,0.44001,78.1573123338106
2020-07-31,34.380001,0.17911,191.9490871531461
2020-08-03,34.790001,0.17911,194.23818323935012
2020-08-04,35.080002,0.17911,195.85730556641172
2020-08-05,34.779999,0.17911,194.1823404611691
2020-08-06,35.279999,0.17911,196.97392105410083
2020-08-07,35.41,0.17911,197.69973759142425
2020-08-10,34.790001,0.17911,194.23818323935012
2020-08-11,34.630001,0.17911,193.34487744961197
2020-08-12,35.330002,0.17911,197.2530958628776
2020-08-13,35.57,0.17911,198.59304338116243
2020-08-14,35.59,0.17911,198.7047066048797
2020-08-17,35.93,0.17911,200.60298140807325
2020-08-18,35.66,0.17911,199.0955278878901
2020-08-19,35.43,0.17911,197.81140081514155
2020-08-20,34.849998,0.17911,194.57315616101837
2020-08-21,34.560001,0.17911,192.95405616660153
