date,PYPL,PYPL_EPS,PE Ratio
,,-0.31,
2015-07-06,36.71,-0.31,-118.41935483870968
2015-07-07,36.62,-0.31,-118.12903225806451
2015-07-08,34.7,-0.31,-111.93548387096776
2015-07-09,34.5,-0.31,-111.29032258064517
2015-07-10,34.69,-0.31,-111.9032258064516
2015-07-13,36.78,-0.31,-118.64516129032259
2015-07-14,36.93,-0.31,-119.12903225806451
2015-07-15,37.51,-0.31,-121.0
2015-07-16,38.63,-0.31,-124.61290322580646
2015-07-17,38.39,-0.31,-123.83870967741936
2015-07-20,40.47,-0.31,-130.54838709677418
2015-07-21,39.35,-0.31,-126.93548387096774
2015-07-22,38.39,-0.31,-123.83870967741936
2015-07-23,37.01,-0.31,-119.38709677419354
2015-07-24,37.0,-0.31,-119.35483870967742
2015-07-27,36.39,-0.31,-117.38709677419355
2015-07-28,37.6,-0.31,-121.29032258064517
2015-07-29,37.95,0.25,151.8
2015-07-30,38.45,0.25,153.8
2015-07-31,38.7,0.25,154.8
2015-08-03,39.39,0.25,157.56
2015-08-04,38.95,0.25,155.8
2015-08-05,39.27,0.25,157.08
2015-08-06,38.85,0.25,155.4
2015-08-07,39.13,0.25,156.52
2015-08-10,39.05,0.25,156.2
2015-08-11,38.85,0.25,155.4
2015-08-12,38.19,0.25,152.76
2015-08-13,37.62,0.25,150.48
2015-08-14,38.14,0.25,152.56
2015-08-17,38.73,0.25,154.92
2015-08-18,37.99,0.25,151.96
2015-08-19,37.19,0.25,148.76
2015-08-20,35.98,0.25,143.92
2015-08-21,34.25,0.25,137.0
2015-08-24,33.75,0.25,135.0
2015-08-25,32.7,0.25,130.8
2015-08-26,33.17,0.25,132.68
2015-08-27,34.62,0.25,138.48
2015-08-28,35.04,0.25,140.16
2015-08-31,35.0,0.25,140.0
2015-09-01,33.77,0.25,135.08
2015-09-02,35.07,0.25,140.28
2015-09-03,35.31,0.25,141.24
2015-09-04,34.29,0.25,137.16
2015-09-08,34.7,0.25,138.8
2015-09-09,34.37,0.25,137.48
2015-09-10,33.46,0.25,133.84
2015-09-11,33.55,0.25,134.2
2015-09-14,33.77,0.25,135.08
2015-09-15,33.8,0.25,135.2
2015-09-16,33.77,0.25,135.08
2015-09-17,33.32,0.25,133.28
2015-09-18,32.92,0.25,131.68
2015-09-21,34.25,0.25,137.0
2015-09-22,33.35,0.25,133.4
2015-09-23,34.16,0.25,136.64
2015-09-24,33.91,0.25,135.64
2015-09-25,33.77,0.25,135.08
2015-09-28,32.25,0.25,129.0
2015-09-29,30.63,0.25,122.52
2015-09-30,31.04,0.25,124.16
2015-10-01,31.48,0.25,125.92
2015-10-02,32.83,0.25,131.32
2015-10-05,32.67,0.25,130.68
2015-10-06,31.86,0.25,127.44
2015-10-07,32.38,0.25,129.52
2015-10-08,31.67,0.25,126.68
2015-10-09,32.06,0.25,128.24
2015-10-12,32.63,0.25,130.52
2015-10-13,33.22,0.25,132.88
2015-10-14,34.05,0.25,136.2
2015-10-15,34.62,0.25,138.48
2015-10-16,34.29,0.25,137.16
2015-10-19,34.84,0.25,139.36
2015-10-20,34.87,0.25,139.48
2015-10-21,33.83,0.25,135.32
2015-10-22,34.79,0.25,139.16
2015-10-23,34.99,0.25,139.96
2015-10-26,36.44,0.25,145.76
2015-10-27,35.94,0.25,143.76
2015-10-28,36.52,0.25,146.08
2015-10-29,35.91,0.25,143.64
2015-10-30,36.01,0.25,144.04
2015-11-02,36.99,0.25,147.96
2015-11-03,37.9,0.25,151.6
2015-11-04,37.6,0.25,150.4
2015-11-05,36.71,0.25,146.84
2015-11-06,36.24,0.25,144.96
2015-11-09,36.6,0.25,146.4
2015-11-10,37.0,0.25,148.0
2015-11-11,36.33,0.25,145.32
2015-11-12,35.57,0.25,142.28
2015-11-13,34.53,0.25,138.12
2015-11-16,35.61,0.25,142.44
2015-11-17,36.21,0.25,144.84
2015-11-18,36.22,0.25,144.88
2015-11-19,36.19,0.25,144.76
2015-11-20,36.36,0.25,145.44
2015-11-23,35.56,0.25,142.24
2015-11-24,35.12,0.25,140.48
2015-11-25,35.36,0.25,141.44
2015-11-27,35.18,0.25,140.72
2015-11-30,35.26,0.25,141.04
2015-12-01,35.17,0.25,140.68
2015-12-02,35.15,0.25,140.6
2015-12-03,34.23,0.25,136.92
2015-12-04,35.62,0.25,142.48
2015-12-07,35.16,0.25,140.64
2015-12-08,35.6,0.25,142.4
2015-12-09,35.07,0.25,140.28
2015-12-10,35.49,0.25,141.96
2015-12-11,34.69,0.25,138.76
2015-12-14,35.01,0.25,140.04
2015-12-15,36.32,0.25,145.28
2015-12-16,35.98,0.25,143.92
2015-12-17,35.54,0.25,142.16
2015-12-18,34.98,0.25,139.92
2015-12-21,36.08,0.25,144.32
2015-12-22,36.81,0.25,147.24
2015-12-23,37.11,0.25,148.44
2015-12-24,37.07,0.25,148.28
2015-12-28,36.61,0.25,146.44
2015-12-29,37.08,0.25,148.32
2015-12-30,36.48,0.25,145.92
2015-12-31,36.2,0.25,144.8
2016-01-04,34.75,0.25,139.0
2016-01-05,34.31,0.25,137.24
2016-01-06,33.98,0.25,135.92
2016-01-07,33.13,0.25,132.52
2016-01-08,32.69,0.25,130.76
2016-01-11,33.04,0.25,132.16
2016-01-12,33.08,0.25,132.32
2016-01-13,32.12,0.25,128.48
2016-01-14,32.87,0.25,131.48
2016-01-15,32.31,0.25,129.24
2016-01-19,32.2,0.25,128.8
2016-01-20,31.2,0.25,124.8
2016-01-21,31.2,0.25,124.8
2016-01-22,31.69,0.25,126.76
2016-01-25,31.47,0.25,125.88
2016-01-26,31.97,0.25,127.88
2016-01-27,31.59,0.25,126.36
2016-01-28,34.24,0.25,136.96
2016-01-29,36.14,0.25,144.56
2016-02-01,37.08,0.25,148.32
2016-02-02,36.83,0.25,147.32
2016-02-03,37.01,0.25,148.04
2016-02-04,37.17,0.25,148.68
2016-02-05,35.07,0.25,140.28
2016-02-08,33.61,0.25,134.44
2016-02-09,32.7,0.25,130.8
2016-02-10,32.9,0.25,131.6
2016-02-11,33.52,0.3,111.73333333333335
2016-02-12,34.3,0.3,114.33333333333333
2016-02-16,35.46,0.3,118.2
2016-02-17,36.36,0.3,121.2
2016-02-18,36.31,0.3,121.03333333333335
2016-02-19,35.76,0.3,119.2
2016-02-22,36.0,0.3,120.0
2016-02-23,35.48,0.3,118.26666666666667
2016-02-24,36.47,0.3,121.56666666666666
2016-02-25,36.74,0.3,122.46666666666668
2016-02-26,37.49,0.3,124.96666666666668
2016-02-29,38.14,0.3,127.13333333333334
2016-03-01,39.25,0.3,130.83333333333334
2016-03-02,39.16,0.3,130.53333333333333
2016-03-03,39.02,0.3,130.0666666666667
2016-03-04,39.04,0.3,130.13333333333333
2016-03-07,38.98,0.3,129.93333333333334
2016-03-08,38.16,0.3,127.19999999999999
2016-03-09,38.57,0.3,128.56666666666666
2016-03-10,38.49,0.3,128.3
2016-03-11,39.49,0.3,131.63333333333335
2016-03-14,39.38,0.3,131.26666666666668
2016-03-15,39.27,0.3,130.9
2016-03-16,39.84,0.3,132.8
2016-03-17,39.93,0.3,133.1
2016-03-18,39.41,0.3,131.36666666666667
2016-03-21,41.14,0.3,137.13333333333335
2016-03-22,41.32,0.3,137.73333333333335
2016-03-23,40.52,0.3,135.0666666666667
2016-03-24,38.92,0.3,129.73333333333335
2016-03-28,38.74,0.3,129.13333333333335
2016-03-29,39.53,0.3,131.76666666666668
2016-03-30,39.04,0.3,130.13333333333333
2016-03-31,38.6,0.3,128.66666666666669
2016-04-01,39.4,0.3,131.33333333333334
2016-04-04,38.79,0.3,129.3
2016-04-05,38.55,0.3,128.5
2016-04-06,39.16,0.3,130.53333333333333
2016-04-07,38.28,0.3,127.60000000000001
2016-04-08,38.41,0.3,128.03333333333333
2016-04-11,38.06,0.3,126.86666666666667
2016-04-12,37.8,0.3,126.0
2016-04-13,38.79,0.3,129.3
2016-04-14,38.64,0.3,128.8
2016-04-15,38.58,0.3,128.6
2016-04-18,39.64,0.3,132.13333333333335
2016-04-19,39.24,0.3,130.8
2016-04-20,40.08,0.3,133.6
2016-04-21,40.1,0.3,133.66666666666669
2016-04-22,40.31,0.3,134.36666666666667
2016-04-25,39.82,0.3,132.73333333333335
2016-04-26,39.73,0.3,132.43333333333334
2016-04-27,40.01,0.3,133.36666666666667
2016-04-28,40.07,0.3,133.56666666666666
2016-04-29,39.18,0.3,130.6
2016-05-02,39.02,0.3,130.0666666666667
2016-05-03,38.36,0.3,127.86666666666667
2016-05-04,38.31,0.3,127.70000000000002
2016-05-05,38.95,0.3,129.83333333333334
2016-05-06,39.48,0.3,131.6
2016-05-09,39.62,0.3,132.06666666666666
2016-05-10,40.11,0.3,133.70000000000002
2016-05-11,39.71,0.3,132.36666666666667
2016-05-12,39.51,0.3,131.7
2016-05-13,39.48,0.3,131.6
2016-05-16,39.3,0.3,131.0
2016-05-17,39.06,0.3,130.20000000000002
2016-05-18,38.98,0.3,129.93333333333334
2016-05-19,37.65,0.3,125.5
2016-05-20,37.53,0.3,125.10000000000001
2016-05-23,38.07,0.3,126.9
2016-05-24,38.92,0.3,129.73333333333335
2016-05-25,38.76,0.3,129.2
2016-05-26,38.07,0.3,126.9
2016-05-27,38.09,0.3,126.96666666666668
2016-05-31,37.79,0.3,125.96666666666667
2016-06-01,38.31,0.3,127.70000000000002
2016-06-02,38.56,0.3,128.53333333333336
2016-06-03,38.33,0.3,127.76666666666667
2016-06-06,38.1,0.3,127.00000000000001
2016-06-07,37.57,0.3,125.23333333333333
2016-06-08,37.55,0.3,125.16666666666666
2016-06-09,37.13,0.3,123.76666666666668
2016-06-10,36.77,0.3,122.56666666666668
2016-06-13,36.54,0.3,121.8
2016-06-14,37.16,0.3,123.86666666666666
2016-06-15,36.84,0.3,122.80000000000001
2016-06-16,36.97,0.3,123.23333333333333
2016-06-17,36.97,0.3,123.23333333333333
2016-06-20,36.86,0.3,122.86666666666667
2016-06-21,36.16,0.3,120.53333333333333
2016-06-22,36.0,0.3,120.0
2016-06-23,36.66,0.3,122.19999999999999
2016-06-24,35.08,0.3,116.93333333333334
2016-06-27,34.2,0.3,114.00000000000001
2016-06-28,35.24,0.3,117.46666666666668
2016-06-29,35.77,0.3,119.23333333333335
2016-06-30,36.51,0.3,121.7
2016-07-01,36.35,0.3,121.16666666666667
2016-07-05,36.12,0.3,120.39999999999999
2016-07-06,35.93,0.3,119.76666666666667
2016-07-07,36.32,0.3,121.06666666666668
2016-07-08,37.36,0.3,124.53333333333333
2016-07-11,38.15,0.3,127.16666666666667
2016-07-12,38.79,0.3,129.3
2016-07-13,39.28,0.3,130.93333333333334
2016-07-14,39.96,0.3,133.20000000000002
2016-07-15,39.09,0.3,130.3
2016-07-18,38.92,0.3,129.73333333333335
2016-07-19,39.37,0.3,131.23333333333332
2016-07-20,40.05,0.3,133.5
2016-07-21,40.13,0.3,133.76666666666668
2016-07-22,37.42,0.3,124.73333333333335
2016-07-25,37.78,0.3,125.93333333333334
2016-07-26,37.69,0.27,139.59259259259258
2016-07-27,37.22,0.27,137.85185185185185
2016-07-28,37.22,0.27,137.85185185185185
2016-07-29,37.24,0.27,137.92592592592592
2016-08-01,37.06,0.27,137.25925925925927
2016-08-02,36.54,0.27,135.33333333333331
2016-08-03,36.58,0.27,135.48148148148147
2016-08-04,37.3,0.27,138.14814814814812
2016-08-05,38.1,0.27,141.11111111111111
2016-08-08,37.91,0.27,140.4074074074074
2016-08-09,38.1,0.27,141.11111111111111
2016-08-10,38.07,0.27,141.0
2016-08-11,38.46,0.27,142.44444444444443
2016-08-12,38.51,0.27,142.62962962962962
2016-08-15,38.46,0.27,142.44444444444443
2016-08-16,38.38,0.27,142.14814814814815
2016-08-17,38.14,0.27,141.25925925925924
2016-08-18,38.22,0.27,141.55555555555554
2016-08-19,38.09,0.27,141.07407407407408
2016-08-22,38.11,0.27,141.14814814814812
2016-08-23,37.86,0.27,140.2222222222222
2016-08-24,37.52,0.27,138.96296296296296
2016-08-25,37.51,0.27,138.9259259259259
2016-08-26,37.65,0.27,139.44444444444443
2016-08-29,37.29,0.27,138.1111111111111
2016-08-30,37.0,0.27,137.03703703703704
2016-08-31,37.15,0.27,137.59259259259258
2016-09-01,36.83,0.27,136.4074074074074
2016-09-02,37.07,0.27,137.29629629629628
2016-09-06,37.18,0.27,137.7037037037037
2016-09-07,38.56,0.27,142.8148148148148
2016-09-08,39.27,0.27,145.44444444444446
2016-09-09,38.01,0.27,140.77777777777777
2016-09-12,38.77,0.27,143.59259259259258
2016-09-13,39.86,0.27,147.62962962962962
2016-09-14,39.96,0.27,148.0
2016-09-15,40.83,0.27,151.2222222222222
2016-09-16,40.7,0.27,150.74074074074073
2016-09-19,40.01,0.27,148.18518518518516
2016-09-20,39.69,0.27,146.99999999999997
2016-09-21,40.29,0.27,149.2222222222222
2016-09-22,40.49,0.27,149.96296296296296
2016-09-23,40.07,0.27,148.4074074074074
2016-09-26,40.34,0.27,149.40740740740742
2016-09-27,41.06,0.27,152.07407407407408
2016-09-28,40.97,0.27,151.74074074074073
2016-09-29,40.39,0.27,149.59259259259258
2016-09-30,40.97,0.27,151.74074074074073
2016-10-03,40.59,0.27,150.33333333333334
2016-10-04,40.78,0.27,151.03703703703704
2016-10-05,40.44,0.27,149.77777777777777
2016-10-06,40.18,0.27,148.8148148148148
2016-10-07,39.88,0.27,147.7037037037037
2016-10-10,39.86,0.27,147.62962962962962
2016-10-11,39.19,0.27,145.14814814814812
2016-10-12,39.53,0.27,146.4074074074074
2016-10-13,39.2,0.27,145.1851851851852
2016-10-14,39.24,0.27,145.33333333333334
2016-10-17,39.48,0.27,146.2222222222222
2016-10-18,39.83,0.27,147.5185185185185
2016-10-19,40.24,0.27,149.03703703703704
2016-10-20,40.09,0.27,148.4814814814815
2016-10-21,44.15,0.27,163.5185185185185
2016-10-24,43.87,0.27,162.48148148148147
2016-10-25,43.31,0.27,160.40740740740742
2016-10-26,42.33,0.27,156.77777777777777
2016-10-27,41.69,0.27,154.4074074074074
2016-10-28,41.76,0.27,154.66666666666666
2016-10-31,41.66,0.27,154.29629629629628
2016-11-01,41.54,0.27,153.85185185185185
2016-11-02,41.35,0.27,153.14814814814815
2016-11-03,41.19,0.27,152.55555555555554
2016-11-04,40.9,0.27,151.48148148148147
2016-11-07,41.28,0.27,152.88888888888889
2016-11-08,41.58,0.27,153.99999999999997
2016-11-09,41.26,0.27,152.8148148148148
2016-11-10,40.45,0.27,149.8148148148148
2016-11-11,40.08,0.27,148.44444444444443
2016-11-14,38.81,0.27,143.74074074074073
2016-11-15,38.94,0.27,144.2222222222222
2016-11-16,39.07,0.27,144.7037037037037
2016-11-17,39.88,0.27,147.7037037037037
2016-11-18,40.08,0.27,148.44444444444443
2016-11-21,40.63,0.27,150.4814814814815
2016-11-22,40.33,0.27,149.37037037037035
2016-11-23,40.05,0.27,148.33333333333331
2016-11-25,40.26,0.27,149.1111111111111
2016-11-28,39.96,0.27,148.0
2016-11-29,39.89,0.27,147.74074074074073
2016-11-30,39.28,0.27,145.48148148148147
2016-12-01,38.34,0.27,142.0
2016-12-02,38.62,0.27,143.037037037037
2016-12-05,38.99,0.27,144.40740740740742
2016-12-06,38.98,0.27,144.37037037037035
2016-12-07,39.45,0.27,146.11111111111111
2016-12-08,39.61,0.27,146.7037037037037
2016-12-09,39.65,0.27,146.85185185185185
2016-12-12,39.43,0.27,146.03703703703704
2016-12-13,39.43,0.27,146.03703703703704
2016-12-14,39.55,0.27,146.48148148148147
2016-12-15,39.54,0.27,146.44444444444443
2016-12-16,39.32,0.27,145.62962962962962
2016-12-19,39.44,0.27,146.07407407407405
2016-12-20,39.74,0.27,147.1851851851852
2016-12-21,40.09,0.27,148.4814814814815
2016-12-22,39.68,0.27,146.96296296296296
2016-12-23,39.58,0.27,146.59259259259258
2016-12-27,39.72,0.27,147.1111111111111
2016-12-28,39.57,0.27,146.55555555555554
2016-12-29,39.96,0.27,148.0
2016-12-30,39.47,0.27,146.18518518518516
2017-01-03,40.25,0.27,149.07407407407408
2017-01-04,41.0,0.27,151.85185185185185
2017-01-05,41.06,0.27,152.07407407407408
2017-01-06,41.45,0.27,153.5185185185185
2017-01-09,41.4,0.27,153.33333333333331
2017-01-10,41.08,0.27,152.14814814814812
2017-01-11,41.28,0.27,152.88888888888889
2017-01-12,41.56,0.27,153.92592592592592
2017-01-13,41.6,0.27,154.07407407407408
2017-01-17,41.27,0.27,152.85185185185185
2017-01-18,41.35,0.27,153.14814814814815
2017-01-19,41.27,0.27,152.85185185185185
2017-01-20,41.69,0.27,154.4074074074074
2017-01-23,41.62,0.27,154.14814814814812
2017-01-24,41.96,0.27,155.4074074074074
2017-01-25,41.71,0.27,154.48148148148147
2017-01-26,41.5,0.27,153.7037037037037
2017-01-27,40.27,0.27,149.14814814814815
2017-01-30,39.86,0.27,147.62962962962962
2017-01-31,39.78,0.27,147.33333333333331
2017-02-01,39.31,0.27,145.59259259259258
2017-02-02,39.58,0.27,146.59259259259258
2017-02-03,39.59,0.27,146.62962962962962
2017-02-06,39.74,0.27,147.1851851851852
2017-02-07,40.02,0.27,148.22222222222223
2017-02-08,40.88,0.32,127.75
2017-02-09,40.83,0.32,127.59374999999999
2017-02-10,40.58,0.32,126.81249999999999
2017-02-13,41.17,0.32,128.65625
2017-02-14,41.62,0.32,130.0625
2017-02-15,41.87,0.32,130.84375
2017-02-16,42.15,0.32,131.71875
2017-02-17,41.96,0.32,131.125
2017-02-21,42.43,0.32,132.59375
2017-02-22,42.42,0.32,132.5625
2017-02-23,42.53,0.32,132.90625
2017-02-24,43.07,0.32,134.59375
2017-02-27,42.64,0.32,133.25
2017-02-28,42.0,0.32,131.25
2017-03-01,42.43,0.32,132.59375
2017-03-02,42.77,0.32,133.65625
2017-03-03,43.03,0.32,134.46875
2017-03-06,42.87,0.32,133.96875
2017-03-07,42.89,0.32,134.03125
2017-03-08,42.79,0.32,133.71875
2017-03-09,42.92,0.32,134.125
2017-03-10,42.99,0.32,134.34375
2017-03-13,42.59,0.32,133.09375
2017-03-14,42.1,0.32,131.5625
2017-03-15,42.39,0.32,132.46875
2017-03-16,42.4,0.32,132.5
2017-03-17,43.08,0.32,134.625
2017-03-20,43.16,0.32,134.875
2017-03-21,42.64,0.32,133.25
2017-03-22,43.19,0.32,134.96875
2017-03-23,43.14,0.32,134.8125
2017-03-24,43.13,0.32,134.78125
2017-03-27,43.08,0.32,134.625
2017-03-28,43.15,0.32,134.84375
2017-03-29,43.24,0.32,135.125
2017-03-30,43.54,0.32,136.0625
2017-03-31,43.02,0.32,134.4375
2017-04-03,42.63,0.32,133.21875
2017-04-04,42.72,0.32,133.5
2017-04-05,42.89,0.32,134.03125
2017-04-06,42.9,0.32,134.0625
2017-04-07,43.04,0.32,134.5
2017-04-10,43.05,0.32,134.53125
2017-04-11,42.69,0.32,133.40625
2017-04-12,42.49,0.32,132.78125
2017-04-13,42.55,0.32,132.96875
2017-04-17,43.1,0.32,134.6875
2017-04-18,43.09,0.32,134.65625
2017-04-19,43.3,0.32,135.3125
2017-04-20,43.69,0.32,136.53125
2017-04-21,43.81,0.32,136.90625
2017-04-24,44.27,0.32,138.34375
2017-04-25,44.71,0.32,139.71875
2017-04-26,44.41,0.32,138.78125
2017-04-27,47.15,0.34,138.67647058823528
2017-04-28,47.72,0.34,140.35294117647058
2017-05-01,47.54,0.34,139.8235294117647
2017-05-02,49.05,0.34,144.26470588235293
2017-05-03,49.02,0.34,144.1764705882353
2017-05-04,48.91,0.34,143.85294117647058
2017-05-05,49.3,0.34,144.99999999999997
2017-05-08,49.17,0.34,144.61764705882354
2017-05-09,49.22,0.34,144.76470588235293
2017-05-10,49.79,0.34,146.44117647058823
2017-05-11,49.7,0.34,146.1764705882353
2017-05-12,49.37,0.34,145.20588235294116
2017-05-15,49.77,0.34,146.38235294117646
2017-05-16,50.34,0.34,148.05882352941177
2017-05-17,49.05,0.34,144.26470588235293
2017-05-18,49.11,0.34,144.44117647058823
2017-05-19,49.39,0.34,145.26470588235293
2017-05-22,49.77,0.34,146.38235294117646
2017-05-23,50.13,0.34,147.44117647058823
2017-05-24,51.05,0.34,150.1470588235294
2017-05-25,50.93,0.34,149.7941176470588
2017-05-26,51.19,0.34,150.55882352941174
2017-05-30,51.06,0.34,150.1764705882353
2017-05-31,52.21,0.34,153.55882352941177
2017-06-01,53.16,0.34,156.35294117647058
2017-06-02,53.52,0.34,157.41176470588235
2017-06-05,53.8,0.34,158.23529411764704
2017-06-06,53.4,0.34,157.05882352941174
2017-06-07,53.85,0.34,158.38235294117646
2017-06-08,54.39,0.34,159.97058823529412
2017-06-09,53.4,0.34,157.05882352941174
2017-06-12,52.16,0.34,153.41176470588232
2017-06-13,52.06,0.34,153.11764705882354
2017-06-14,51.9,0.34,152.6470588235294
2017-06-15,52.29,0.34,153.7941176470588
2017-06-16,51.84,0.34,152.47058823529412
2017-06-19,52.93,0.34,155.67647058823528
2017-06-20,52.52,0.34,154.47058823529412
2017-06-21,53.54,0.34,157.47058823529412
2017-06-22,53.87,0.34,158.4411764705882
2017-06-23,54.33,0.34,159.7941176470588
2017-06-26,53.74,0.34,158.05882352941177
2017-06-27,52.73,0.34,155.08823529411762
2017-06-28,54.39,0.34,159.97058823529412
2017-06-29,53.42,0.34,157.11764705882354
2017-06-30,53.67,0.34,157.85294117647058
2017-07-03,52.87,0.34,155.49999999999997
2017-07-05,54.61,0.34,160.6176470588235
2017-07-06,53.47,0.34,157.26470588235293
2017-07-07,53.97,0.34,158.73529411764704
2017-07-10,54.94,0.34,161.58823529411762
2017-07-11,54.76,0.34,161.05882352941174
2017-07-12,56.55,0.34,166.3235294117647
2017-07-13,57.9,0.34,170.2941176470588
2017-07-14,57.16,0.34,168.1176470588235
2017-07-17,57.58,0.34,169.35294117647058
2017-07-18,58.96,0.34,173.41176470588235
2017-07-19,58.35,0.34,171.6176470588235
2017-07-20,59.09,0.34,173.7941176470588
2017-07-21,58.67,0.34,172.55882352941177
2017-07-24,58.58,0.34,172.2941176470588
2017-07-25,58.26,0.34,171.35294117647058
2017-07-26,58.79,0.34,172.91176470588235
2017-07-27,60.15,0.34,176.91176470588235
2017-07-28,59.2,0.34,174.11764705882354
2017-07-31,58.55,0.34,172.20588235294116
2017-08-01,59.34,0.34,174.52941176470588
2017-08-02,59.12,0.34,173.88235294117646
2017-08-03,58.42,0.34,171.8235294117647
2017-08-04,58.86,0.34,173.1176470588235
2017-08-07,59.62,0.34,175.35294117647058
2017-08-08,59.48,0.34,174.9411764705882
2017-08-09,59.67,0.34,175.5
2017-08-10,58.02,0.34,170.64705882352942
2017-08-11,58.04,0.34,170.70588235294116
2017-08-14,59.06,0.34,173.70588235294116
2017-08-15,59.69,0.34,175.55882352941174
2017-08-16,60.29,0.34,177.3235294117647
2017-08-17,59.29,0.34,174.38235294117646
2017-08-18,59.44,0.34,174.8235294117647
2017-08-21,59.4,0.34,174.70588235294116
2017-08-22,60.84,0.34,178.94117647058823
2017-08-23,60.05,0.34,176.6176470588235
2017-08-24,60.0,0.34,176.47058823529412
2017-08-25,59.97,0.34,176.38235294117646
2017-08-28,60.53,0.34,178.02941176470588
2017-08-29,61.01,0.34,179.4411764705882
2017-08-30,61.77,0.34,181.6764705882353
2017-08-31,61.68,0.34,181.41176470588235
2017-09-01,61.46,0.34,180.76470588235293
2017-09-05,61.27,0.34,180.20588235294116
2017-09-06,61.24,0.34,180.11764705882354
2017-09-07,62.0,0.34,182.35294117647058
2017-09-08,61.13,0.34,179.7941176470588
2017-09-11,62.64,0.34,184.23529411764704
2017-09-12,62.56,0.34,184.0
2017-09-13,62.04,0.34,182.47058823529412
2017-09-14,62.24,0.34,183.05882352941177
2017-09-15,62.5,0.34,183.8235294117647
2017-09-18,62.92,0.34,185.05882352941177
2017-09-19,63.83,0.34,187.73529411764704
2017-09-20,64.74,0.34,190.41176470588232
2017-09-21,64.63,0.34,190.08823529411762
2017-09-22,65.08,0.34,191.41176470588235
2017-09-25,63.5,0.34,186.76470588235293
2017-09-26,62.94,0.34,185.1176470588235
2017-09-27,63.33,0.34,186.26470588235293
2017-09-28,63.93,0.34,188.02941176470586
2017-09-29,64.03,0.34,188.3235294117647
2017-10-02,64.18,0.34,188.76470588235296
2017-10-03,64.22,0.34,188.88235294117646
2017-10-04,64.01,0.34,188.26470588235296
2017-10-05,65.82,0.34,193.58823529411762
2017-10-06,66.05,0.34,194.26470588235293
2017-10-09,66.23,0.34,194.7941176470588
2017-10-10,66.04,0.34,194.23529411764707
2017-10-11,67.78,0.34,199.35294117647058
2017-10-12,68.86,0.34,202.52941176470586
2017-10-13,68.66,0.34,201.9411764705882
2017-10-16,67.31,0.34,197.97058823529412
2017-10-17,66.67,0.34,196.08823529411765
2017-10-18,67.26,0.34,197.8235294117647
2017-10-19,67.25,0.34,197.7941176470588
2017-10-20,70.97,0.34,208.73529411764704
2017-10-23,69.8,0.34,205.2941176470588
2017-10-24,70.21,0.31,226.48387096774192
2017-10-25,71.02,0.31,229.09677419354838
2017-10-26,71.34,0.31,230.12903225806454
2017-10-27,71.06,0.31,229.22580645161293
2017-10-30,71.15,0.31,229.51612903225808
2017-10-31,72.56,0.31,234.06451612903226
2017-11-01,72.38,0.31,233.48387096774192
2017-11-02,72.25,0.31,233.06451612903226
2017-11-03,73.39,0.31,236.74193548387098
2017-11-06,74.74,0.31,241.09677419354838
2017-11-07,74.41,0.31,240.03225806451613
2017-11-08,74.77,0.31,241.19354838709677
2017-11-09,74.1,0.31,239.0322580645161
2017-11-10,73.99,0.31,238.6774193548387
2017-11-13,74.03,0.31,238.80645161290323
2017-11-14,74.49,0.31,240.29032258064515
2017-11-15,73.43,0.31,236.87096774193552
2017-11-16,77.7,0.31,250.6451612903226
2017-11-17,76.38,0.31,246.38709677419354
2017-11-20,76.01,0.31,245.1935483870968
2017-11-21,77.77,0.31,250.87096774193546
2017-11-22,77.57,0.31,250.2258064516129
2017-11-24,78.57,0.31,253.4516129032258
2017-11-27,77.84,0.31,251.0967741935484
2017-11-28,77.79,0.31,250.93548387096777
2017-11-29,73.25,0.31,236.29032258064515
2017-11-30,75.73,0.31,244.29032258064518
2017-12-01,75.3,0.31,242.90322580645162
2017-12-04,70.97,0.31,228.93548387096774
2017-12-05,71.2,0.31,229.67741935483872
2017-12-06,73.14,0.31,235.93548387096774
2017-12-07,73.69,0.31,237.70967741935485
2017-12-08,72.91,0.31,235.19354838709677
2017-12-11,73.29,0.31,236.4193548387097
2017-12-12,73.62,0.31,237.48387096774195
2017-12-13,74.09,0.31,239.0
2017-12-14,74.26,0.31,239.5483870967742
2017-12-15,75.65,0.31,244.03225806451616
2017-12-18,75.32,0.31,242.96774193548384
2017-12-19,74.5,0.31,240.32258064516128
2017-12-20,74.0,0.31,238.70967741935485
2017-12-21,74.02,0.31,238.77419354838707
2017-12-22,73.89,0.31,238.3548387096774
2017-12-26,74.27,0.31,239.5806451612903
2017-12-27,74.59,0.31,240.61290322580646
2017-12-28,74.17,0.31,239.25806451612905
2017-12-29,73.62,0.31,237.48387096774195
2018-01-02,73.84,0.31,238.1935483870968
2018-01-03,76.75,0.31,247.58064516129033
2018-01-04,76.73,0.31,247.51612903225808
2018-01-05,78.7,0.31,253.8709677419355
2018-01-08,79.05,0.31,255.0
2018-01-09,79.19,0.31,255.4516129032258
2018-01-10,79.37,0.31,256.03225806451616
2018-01-11,79.75,0.31,257.258064516129
2018-01-12,80.54,0.31,259.80645161290323
2018-01-16,80.42,0.31,259.4193548387097
2018-01-17,82.47,0.31,266.0322580645161
2018-01-18,82.94,0.31,267.5483870967742
2018-01-19,83.84,0.31,270.4516129032258
2018-01-22,83.98,0.31,270.90322580645164
2018-01-23,84.21,0.31,271.64516129032256
2018-01-24,83.71,0.31,270.0322580645161
2018-01-25,84.34,0.31,272.06451612903226
2018-01-26,85.45,0.31,275.6451612903226
2018-01-29,84.31,0.31,271.9677419354839
2018-01-30,83.78,0.31,270.258064516129
2018-01-31,85.32,0.31,275.22580645161287
2018-02-01,78.4,0.31,252.90322580645164
2018-02-02,76.57,0.31,246.99999999999997
2018-02-05,74.71,0.31,240.99999999999997
2018-02-06,75.68,0.31,244.12903225806454
2018-02-07,75.59,0.72,104.98611111111111
2018-02-08,72.32,0.72,100.44444444444444
2018-02-09,74.75,0.72,103.81944444444444
2018-02-12,75.28,0.72,104.55555555555556
2018-02-13,74.97,0.72,104.125
2018-02-14,77.27,0.72,107.31944444444444
2018-02-15,78.29,0.72,108.73611111111113
2018-02-16,78.37,0.72,108.84722222222223
2018-02-20,77.06,0.72,107.02777777777779
2018-02-21,76.51,0.72,106.2638888888889
2018-02-22,77.7,0.72,107.91666666666667
2018-02-23,79.69,0.72,110.68055555555556
2018-02-26,79.35,0.72,110.20833333333333
2018-02-27,79.46,0.72,110.3611111111111
2018-02-28,79.41,0.72,110.29166666666667
2018-03-01,78.64,0.72,109.22222222222223
2018-03-02,78.87,0.72,109.54166666666667
2018-03-05,79.07,0.72,109.81944444444444
2018-03-06,79.23,0.72,110.04166666666667
2018-03-07,79.52,0.72,110.44444444444444
2018-03-08,79.87,0.72,110.93055555555557
2018-03-09,80.71,0.72,112.09722222222221
2018-03-12,80.6,0.72,111.94444444444444
2018-03-13,80.2,0.72,111.3888888888889
2018-03-14,83.31,0.72,115.70833333333334
2018-03-15,82.57,0.72,114.68055555555556
2018-03-16,82.16,0.72,114.11111111111111
2018-03-19,80.3,0.72,111.52777777777777
2018-03-20,80.86,0.72,112.30555555555556
2018-03-21,81.04,0.72,112.55555555555557
2018-03-22,78.56,0.72,109.11111111111111
2018-03-23,76.44,0.72,106.16666666666667
2018-03-26,78.95,0.72,109.65277777777779
2018-03-27,76.31,0.72,105.98611111111111
2018-03-28,75.06,0.72,104.25
2018-03-29,75.87,0.72,105.37500000000001
2018-04-02,75.0,0.72,104.16666666666667
2018-04-03,74.56,0.72,103.55555555555556
2018-04-04,74.78,0.72,103.86111111111111
2018-04-05,76.95,0.72,106.87500000000001
2018-04-06,73.86,0.72,102.58333333333334
2018-04-09,75.19,0.72,104.43055555555556
2018-04-10,76.79,0.72,106.65277777777779
2018-04-11,76.5,0.72,106.25
2018-04-12,77.46,0.72,107.58333333333333
2018-04-13,77.27,0.72,107.31944444444444
2018-04-16,77.8,0.72,108.05555555555556
2018-04-17,80.03,0.72,111.15277777777779
2018-04-18,80.34,0.72,111.58333333333334
2018-04-19,79.68,0.72,110.66666666666669
2018-04-20,78.73,0.72,109.34722222222223
2018-04-23,78.21,0.72,108.625
2018-04-24,75.28,0.72,104.55555555555556
2018-04-25,74.0,0.72,102.77777777777779
2018-04-26,76.03,0.56,135.76785714285714
2018-04-27,74.13,0.56,132.37499999999997
2018-04-30,74.61,0.56,133.23214285714283
2018-05-01,74.81,0.56,133.5892857142857
2018-05-02,71.73,0.56,128.08928571428572
2018-05-03,73.45,0.56,131.16071428571428
2018-05-04,73.99,0.56,132.12499999999997
2018-05-07,74.67,0.56,133.3392857142857
2018-05-08,75.72,0.56,135.2142857142857
2018-05-09,77.01,0.56,137.51785714285714
2018-05-10,79.19,0.56,141.41071428571428
2018-05-11,79.2,0.56,141.42857142857142
2018-05-14,78.81,0.56,140.73214285714286
2018-05-15,77.79,0.56,138.91071428571428
2018-05-16,77.82,0.56,138.9642857142857
2018-05-17,79.19,0.56,141.41071428571428
2018-05-18,80.79,0.56,144.26785714285714
2018-05-21,81.25,0.56,145.0892857142857
2018-05-22,80.62,0.56,143.96428571428572
2018-05-23,81.08,0.56,144.78571428571428
2018-05-24,81.55,0.56,145.62499999999997
2018-05-25,80.96,0.56,144.57142857142856
2018-05-29,80.73,0.56,144.16071428571428
2018-05-30,81.6,0.56,145.7142857142857
2018-05-31,82.07,0.56,146.55357142857142
2018-06-01,83.25,0.56,148.66071428571428
2018-06-04,84.57,0.56,151.0178571428571
2018-06-05,85.05,0.56,151.87499999999997
2018-06-06,85.21,0.56,152.16071428571425
2018-06-07,83.27,0.56,148.69642857142856
2018-06-08,84.34,0.56,150.60714285714286
2018-06-11,83.89,0.56,149.80357142857142
2018-06-12,85.02,0.56,151.82142857142856
2018-06-13,85.27,0.56,152.2678571428571
2018-06-14,85.61,0.56,152.87499999999997
2018-06-15,85.31,0.56,152.3392857142857
2018-06-18,85.85,0.56,153.30357142857142
2018-06-19,84.52,0.56,150.92857142857142
2018-06-20,85.95,0.56,153.48214285714286
2018-06-21,85.97,0.56,153.51785714285714
2018-06-22,85.12,0.56,152.0
2018-06-25,82.19,0.56,146.76785714285714
2018-06-26,82.32,0.56,146.99999999999997
2018-06-27,80.67,0.56,144.05357142857142
2018-06-28,82.48,0.56,147.28571428571428
2018-06-29,83.27,0.56,148.69642857142856
2018-07-02,83.89,0.56,149.80357142857142
2018-07-03,83.27,0.56,148.69642857142856
2018-07-05,84.59,0.56,151.05357142857142
2018-07-06,85.94,0.56,153.4642857142857
2018-07-09,86.23,0.56,153.98214285714286
2018-07-10,86.17,0.56,153.875
2018-07-11,86.25,0.56,154.01785714285714
2018-07-12,89.13,0.56,159.16071428571425
2018-07-13,87.99,0.56,157.12499999999997
2018-07-16,87.77,0.56,156.73214285714283
2018-07-17,88.58,0.56,158.17857142857142
2018-07-18,88.22,0.56,157.53571428571428
2018-07-19,87.38,0.56,156.03571428571425
2018-07-20,87.47,0.56,156.19642857142856
2018-07-23,89.24,0.56,159.35714285714283
2018-07-24,91.41,0.56,163.23214285714283
2018-07-25,91.37,0.56,163.16071428571428
2018-07-26,89.14,0.55,162.07272727272726
2018-07-27,85.46,0.55,155.38181818181815
2018-07-30,82.39,0.55,149.79999999999998
2018-07-31,82.14,0.55,149.34545454545454
2018-08-01,83.46,0.55,151.74545454545452
2018-08-02,85.53,0.55,155.5090909090909
2018-08-03,85.19,0.55,154.89090909090908
2018-08-06,85.77,0.55,155.94545454545454
2018-08-07,86.3,0.55,156.90909090909088
2018-08-08,86.74,0.55,157.7090909090909
2018-08-09,87.17,0.55,158.49090909090907
2018-08-10,87.01,0.55,158.2
2018-08-13,87.01,0.55,158.2
2018-08-14,87.73,0.55,159.5090909090909
2018-08-15,85.19,0.55,154.89090909090908
2018-08-16,85.32,0.55,155.1272727272727
2018-08-17,85.45,0.55,155.36363636363635
2018-08-20,85.75,0.55,155.9090909090909
2018-08-21,86.22,0.55,156.76363636363635
2018-08-22,86.95,0.55,158.0909090909091
2018-08-23,87.38,0.55,158.87272727272725
2018-08-24,90.1,0.55,163.81818181818178
2018-08-27,89.97,0.55,163.58181818181816
2018-08-28,90.61,0.55,164.74545454545452
2018-08-29,92.62,0.55,168.4
2018-08-30,92.09,0.55,167.43636363636364
2018-08-31,92.33,0.55,167.87272727272725
2018-09-04,93.07,0.55,169.2181818181818
2018-09-05,89.05,0.55,161.90909090909088
2018-09-06,89.0,0.55,161.8181818181818
2018-09-07,88.82,0.55,161.49090909090907
2018-09-10,89.8,0.55,163.27272727272725
2018-09-11,91.43,0.55,166.23636363636365
2018-09-12,92.4,0.55,168.0
2018-09-13,92.19,0.55,167.6181818181818
2018-09-14,90.78,0.55,165.05454545454543
2018-09-17,88.68,0.55,161.23636363636365
2018-09-18,89.72,0.55,163.12727272727273
2018-09-19,89.31,0.55,162.38181818181818
2018-09-20,90.6,0.55,164.7272727272727
2018-09-21,90.62,0.55,164.76363636363635
2018-09-24,89.62,0.55,162.94545454545454
2018-09-25,90.04,0.55,163.70909090909092
2018-09-26,89.85,0.55,163.36363636363635
2018-09-27,88.99,0.55,161.79999999999998
2018-09-28,87.84,0.55,159.7090909090909
2018-10-01,87.55,0.55,159.18181818181816
2018-10-02,86.68,0.55,157.6
2018-10-03,87.15,0.55,158.45454545454544
2018-10-04,84.34,0.55,153.34545454545454
2018-10-05,83.18,0.55,151.23636363636365
2018-10-08,80.55,0.55,146.45454545454544
2018-10-09,80.03,0.55,145.5090909090909
2018-10-10,75.45,0.55,137.1818181818182
2018-10-11,75.9,0.55,138.0
2018-10-12,79.03,0.55,143.6909090909091
2018-10-15,77.23,0.55,140.4181818181818
2018-10-16,80.61,0.55,146.56363636363636
2018-10-17,80.09,0.55,145.61818181818182
2018-10-18,77.48,0.55,140.87272727272727
2018-10-19,84.78,0.55,154.14545454545453
2018-10-22,85.43,0.55,155.3272727272727
2018-10-23,87.57,0.42,208.5
2018-10-24,83.09,0.42,197.83333333333334
2018-10-25,85.96,0.42,204.66666666666666
2018-10-26,83.37,0.42,198.50000000000003
2018-10-29,81.15,0.42,193.21428571428572
2018-10-30,80.9,0.42,192.61904761904765
2018-10-31,84.19,0.42,200.45238095238096
2018-11-01,85.04,0.42,202.4761904761905
2018-11-02,83.51,0.42,198.83333333333334
2018-11-05,84.05,0.42,200.11904761904762
2018-11-06,84.69,0.42,201.64285714285714
2018-11-07,88.23,0.42,210.07142857142858
2018-11-08,89.04,0.42,212.00000000000003
2018-11-09,86.76,0.42,206.57142857142858
2018-11-12,83.78,0.42,199.47619047619048
2018-11-13,83.78,0.42,199.47619047619048
2018-11-14,84.05,0.42,200.11904761904762
2018-11-15,86.74,0.42,206.52380952380952
2018-11-16,85.06,0.42,202.52380952380955
2018-11-19,80.13,0.42,190.78571428571428
2018-11-20,77.76,0.42,185.14285714285717
2018-11-21,79.12,0.42,188.3809523809524
2018-11-23,77.95,0.42,185.5952380952381
2018-11-26,80.86,0.42,192.52380952380952
2018-11-27,81.97,0.42,195.16666666666666
2018-11-28,85.98,0.42,204.71428571428572
2018-11-29,84.26,0.42,200.61904761904765
2018-11-30,85.81,0.42,204.30952380952382
2018-12-03,87.98,0.42,209.47619047619048
2018-12-04,84.19,0.42,200.45238095238096
2018-12-06,85.82,0.42,204.33333333333331
2018-12-07,82.77,0.42,197.07142857142856
2018-12-10,84.93,0.42,202.21428571428575
2018-12-11,85.51,0.42,203.5952380952381
2018-12-12,86.5,0.42,205.95238095238096
2018-12-13,87.56,0.42,208.47619047619048
2018-12-14,85.92,0.42,204.57142857142858
2018-12-17,84.1,0.42,200.23809523809524
2018-12-18,85.51,0.42,203.5952380952381
2018-12-19,84.03,0.42,200.07142857142858
2018-12-20,82.44,0.42,196.28571428571428
2018-12-21,78.14,0.42,186.04761904761907
2018-12-24,77.06,0.42,183.47619047619048
2018-12-26,82.8,0.42,197.14285714285714
2018-12-27,84.31,0.42,200.73809523809524
2018-12-28,83.26,0.42,198.23809523809527
2018-12-31,84.09,0.42,200.21428571428572
2019-01-02,85.75,0.42,204.16666666666669
2019-01-03,82.09,0.42,195.45238095238096
2019-01-04,86.27,0.42,205.4047619047619
2019-01-07,86.93,0.42,206.9761904761905
2019-01-08,88.7,0.42,211.1904761904762
2019-01-09,89.55,0.42,213.21428571428572
2019-01-10,90.7,0.42,215.95238095238096
2019-01-11,90.65,0.42,215.83333333333334
2019-01-14,90.43,0.42,215.30952380952382
2019-01-15,91.6,0.42,218.0952380952381
2019-01-16,90.55,0.42,215.5952380952381
2019-01-17,90.4,0.42,215.23809523809527
2019-01-18,91.12,0.42,216.95238095238096
2019-01-22,89.94,0.42,214.14285714285714
2019-01-23,90.5,0.42,215.47619047619048
2019-01-24,92.2,0.42,219.52380952380955
2019-01-25,94.28,0.42,224.47619047619048
2019-01-28,92.3,0.42,219.76190476190476
2019-01-29,91.12,0.42,216.95238095238096
2019-01-30,92.42,0.42,220.04761904761907
2019-01-31,88.76,0.42,211.33333333333334
2019-02-01,90.01,0.42,214.30952380952382
2019-02-04,91.66,0.42,218.23809523809524
2019-02-05,92.27,0.42,219.69047619047618
2019-02-06,92.25,0.42,219.64285714285714
2019-02-07,90.85,0.49546,183.36495378032535
2019-02-08,91.87,0.49546,185.42364671214628
2019-02-11,92.69,0.49546,187.078674363218
2019-02-12,94.38,0.49546,190.48964598554878
2019-02-13,94.01,0.49546,189.74286521616276
2019-02-14,94.42,0.49546,190.57037904169863
2019-02-15,94.91,0.49546,191.55935897953415
2019-02-19,95.02,0.49546,191.78137488394623
2019-02-20,94.73,0.49546,191.19606022685988
2019-02-21,94.96,0.49546,191.66027529972146
2019-02-22,95.98,0.49546,193.71896823154242
2019-02-25,96.7,0.49546,195.17216324223955
2019-02-26,96.59,0.49546,194.95014733782747
2019-02-27,97.86,0.49546,197.5134218705849
2019-02-28,98.07,0.49546,197.93727041537156
2019-03-01,98.8,0.49546,199.41064869010614
2019-03-04,96.57,0.49546,194.90978080975253
2019-03-05,96.53,0.49546,194.8290477536027
2019-03-06,96.46,0.49546,194.6877649053405
2019-03-07,96.21,0.49546,194.18318330440397
2019-03-08,95.69,0.49546,193.13365357445605
2019-03-11,97.45,0.49546,196.68590804504905
2019-03-12,97.5,0.49546,196.78682436523633
2019-03-13,99.31,0.49546,200.43999515601664
2019-03-14,99.03,0.49546,199.87486376296775
2019-03-15,100.73,0.49546,203.30601864933598
2019-03-18,100.27,0.49546,202.3775885036128
2019-03-19,101.54,0.49546,204.94086303637025
2019-03-20,102.31,0.49546,206.49497436725468
2019-03-21,104.15,0.49546,210.20869495014733
2019-03-22,101.27,0.49546,204.39591490735882
2019-03-25,101.55,0.49546,204.9610463004077
2019-03-26,103.15,0.49546,208.19036854640132
2019-03-27,103.07,0.49546,208.0289024341016
2019-03-28,103.86,0.49546,209.623380293061
2019-03-29,103.84,0.49546,209.58301376498608
2019-04-01,105.55,0.49546,213.03435191539174
2019-04-02,105.23,0.49546,212.38848746619303
2019-04-03,104.69,0.49546,211.29859120817017
2019-04-04,104.46,0.49546,210.8343761353086
2019-04-05,105.73,0.49546,213.39765066806603
2019-04-08,106.57,0.49546,215.09304484721267
2019-04-09,106.93,0.49546,215.81964235256126
2019-04-10,107.51,0.49546,216.99027166673395
2019-04-11,106.46,0.49546,214.87102894280062
2019-04-12,108.48,0.49546,218.9480482783676
2019-04-15,108.14,0.49546,218.26181730109394
2019-04-16,108.2,0.49546,218.3829168853187
2019-04-17,108.81,0.49546,219.61409599160376
2019-04-18,107.36,0.49546,216.68752270617205
2019-04-22,106.81,0.49546,215.57744318411173
2019-04-23,106.9,0.49546,215.7590925604489
2019-04-24,107.22,0.49546,216.4049570096476
2019-04-25,110.22,0.67969,162.16216216216216
2019-04-26,110.56,0.67969,162.66239020730038
2019-04-29,112.44,0.67969,165.4283570451235
2019-04-30,112.77,0.67969,165.91387250069883
2019-05-01,110.94,0.67969,163.22146861069015
2019-05-02,109.7,0.67969,161.39710750489195
2019-05-03,111.96,0.67969,164.72215274610483
2019-05-06,110.85,0.67969,163.08905530462417
2019-05-07,108.95,0.67969,160.29366328767526
2019-05-08,109.07,0.67969,160.4702143624299
2019-05-09,109.73,0.67969,161.4412452735806
2019-05-10,110.41,0.67969,162.44170136385705
2019-05-13,106.83,0.67969,157.1745943003428
2019-05-14,109.09,0.67969,160.49963954155572
2019-05-15,111.5,0.67969,164.04537362621195
2019-05-16,113.87,0.67969,167.53225735261663
2019-05-17,112.8,0.67969,165.9580102693875
2019-05-20,112.15,0.67969,165.00169194779974
2019-05-21,112.43,0.67969,165.41364445556064
2019-05-22,112.47,0.67969,165.47249481381218
2019-05-23,109.9,0.67969,161.69135929614973
2019-05-24,109.85,0.67969,161.61779634833525
2019-05-28,111.79,0.67969,164.47203872353575
2019-05-29,110.08,0.67969,161.9561859082817
2019-05-30,111.41,0.67969,163.91296032014594
2019-05-31,109.75,0.67969,161.47067045270637
2019-06-03,105.52,0.67969,155.24724506760435
2019-06-04,108.73,0.67969,159.9699863172917
2019-06-05,110.77,0.67969,162.97135458812105
2019-06-06,111.78,0.67969,164.45732613397283
2019-06-07,114.02,0.67969,167.75294619605995
2019-06-10,115.62,0.67969,170.1069605261222
2019-06-11,114.6,0.67969,168.6062763907075
2019-06-12,114.5,0.67969,168.45915049507863
2019-06-13,115.72,0.67969,170.25408642175108
2019-06-14,116.17,0.67969,170.9161529520811
2019-06-17,117.16,0.67969,172.3726993188071
2019-06-18,115.98,0.67969,170.6366137503862
2019-06-19,117.14,0.67969,172.3432741396813
2019-06-20,118.79,0.67969,174.77085141755802
2019-06-21,116.21,0.67969,170.97500331033262
2019-06-24,116.5,0.67969,171.40166840765642
2019-06-25,114.44,0.67969,168.3708749577013
2019-06-26,114.15,0.67969,167.94420986037753
2019-06-27,113.67,0.67969,167.23800556135885
2019-06-28,114.46,0.67969,168.40030013682707
2019-07-01,115.03,0.67969,169.23891774191176
2019-07-02,116.17,0.67969,170.9161529520811
2019-07-03,117.68,0.67969,173.13775397607733
2019-07-05,117.16,0.67969,172.3726993188071
2019-07-08,116.95,0.67969,172.06373493798642
2019-07-09,118.37,0.67969,174.15292265591668
2019-07-10,119.64,0.67969,176.02142153040356
2019-07-11,120.65,0.67969,177.50739307625537
2019-07-12,120.12,0.67969,176.72762582942224
2019-07-15,120.9,0.67969,177.87520781532757
2019-07-16,119.71,0.67969,176.12440965734376
2019-07-17,118.81,0.67969,174.80027659668377
2019-07-18,119.87,0.67969,176.35981109035
2019-07-19,118.63,0.67969,174.53544998455178
2019-07-22,118.69,0.67969,174.62372552192912
2019-07-23,120.22,0.67969,176.8747517250511
2019-07-24,121.3,0.67969,178.46371139784313
2019-07-25,115.12,0.69187,166.38963967219277
2019-07-26,115.49,0.69187,166.92442221804674
2019-07-29,111.45,0.69187,161.08517496061398
2019-07-30,112.04,0.69187,161.93793631751632
2019-07-31,110.4,0.69187,159.5675488169743
2019-08-01,110.8,0.69187,160.14569210978942
2019-08-02,107.09,0.69187,154.78341306892915
2019-08-05,103.6,0.69187,149.73911283911718
2019-08-06,105.03,0.69187,151.80597511093126
2019-08-07,106.63,0.69187,154.11854828219174
2019-08-08,106.79,0.69187,154.3498055993178
2019-08-09,104.82,0.69187,151.5024498822033
2019-08-12,102.72,0.69187,148.4671975949239
2019-08-13,106.04,0.69187,153.26578692528943
2019-08-14,103.27,0.69187,149.2621446225447
2019-08-15,104.95,0.69187,151.69034645236823
2019-08-16,106.16,0.69187,153.43922991313397
2019-08-19,107.67,0.69187,155.62172084351107
2019-08-20,107.37,0.69187,155.18811337389974
2019-08-21,109.82,0.69187,158.72924104239235
2019-08-22,108.77,0.69187,157.21161489875266
2019-08-23,106.04,0.69187,153.26578692528943
2019-08-26,107.66,0.69187,155.60726726119069
2019-08-27,107.45,0.69187,155.30374203246276
2019-08-28,107.47,0.69187,155.3326491971035
2019-08-29,109.21,0.69187,157.8475725208493
2019-08-30,109.05,0.69187,157.61631520372325
2019-09-03,106.75,0.69187,154.29199127003628
2019-09-04,108.73,0.69187,157.15380056947114
2019-09-05,111.46,0.69187,161.09962854293437
2019-09-06,110.05,0.69187,159.06167343576107
2019-09-09,105.43,0.69187,152.38411840374638
2019-09-10,103.05,0.69187,148.9441658114964
2019-09-11,104.02,0.69187,150.34616329657305
2019-09-12,107.1,0.69187,154.7978666512495
2019-09-13,107.0,0.69187,154.65333082804574
2019-09-16,106.52,0.69187,153.9595588766676
2019-09-17,107.5,0.69187,155.37600994406463
2019-09-18,105.6,0.69187,152.6298293031928
2019-09-19,106.12,0.69187,153.38141558385246
2019-09-20,104.64,0.69187,151.24228540043651
2019-09-23,105.11,0.69187,151.92160376949428
2019-09-24,103.69,0.69187,149.86919508000057
2019-09-25,104.14,0.69187,150.5196062844176
2019-09-26,104.55,0.69187,151.1122031595531
2019-09-27,102.2,0.69187,147.71561131426424
2019-09-30,103.59,0.69187,149.7246592567968
2019-10-01,102.53,0.69187,148.19257953083672
2019-10-02,99.73,0.69187,144.14557648113086
2019-10-03,101.03,0.69187,146.02454218278
2019-10-04,102.79,0.69187,148.56837267116657
2019-10-07,101.62,0.69187,146.87730353968232
2019-10-08,99.33,0.69187,143.56743318831573
2019-10-09,99.89,0.69187,144.3768337982569
2019-10-10,100.54,0.69187,145.3163166490815
2019-10-11,101.58,0.69187,146.8194892104008
2019-10-14,101.75,0.69187,147.06520010984724
2019-10-15,103.59,0.69187,149.7246592567968
2019-10-16,103.09,0.69187,149.0019801407779
2019-10-17,103.63,0.69187,149.7824735860783
2019-10-18,101.22,0.69187,146.2991602468672
2019-10-21,101.44,0.69187,146.6171390579155
2019-10-22,97.36,0.69187,140.72007747120125
2019-10-23,96.64,0.69187,139.67941954413402
2019-10-24,104.91,0.38889,269.76780066342667
2019-10-25,107.19,0.38889,275.63064105531123
2019-10-28,106.6,0.38889,274.1135025328499
2019-10-29,105.0,0.38889,269.99922857363265
2019-10-30,106.5,0.38889,273.8563604103988
2019-10-31,104.1,0.38889,267.6849494715729
2019-11-01,104.98,0.38889,269.94780014914244
2019-11-04,102.81,0.38889,264.367816091954
2019-11-05,100.99,0.38889,259.68782946334437
2019-11-06,100.63,0.38889,258.7621178225205
2019-11-07,100.47,0.38889,258.35069042659876
2019-11-08,101.42,0.38889,260.793540589884
2019-11-11,102.67,0.38889,264.00781712052253
2019-11-12,102.03,0.38889,262.3621075368356
2019-11-13,102.12,0.38889,262.5935354470416
2019-11-14,103.73,0.38889,266.73352361850397
2019-11-15,104.2,0.38889,267.942091594024
2019-11-18,103.66,0.38889,266.5535241327882
2019-11-19,104.95,0.38889,269.8706575124071
2019-11-20,104.09,0.38889,267.65923525932783
2019-11-21,102.55,0.38889,263.6992465735812
2019-11-22,101.77,0.38889,261.6935380184628
2019-11-25,104.45,0.38889,268.5849469001517
2019-11-26,106.2,0.38889,273.08493404304556
2019-11-27,107.75,0.38889,277.0706369410373
2019-11-29,108.01,0.38889,277.7392064594101
2019-12-02,106.21,0.38889,273.1106482552907
2019-12-03,105.59,0.38889,271.51636709609403
2019-12-04,105.0,0.38889,269.99922857363265
2019-12-05,104.59,0.38889,268.94494587158323
2019-12-06,104.34,0.38889,268.3020905654555
2019-12-09,103.78,0.38889,266.86209467972947
2019-12-10,103.62,0.38889,266.4506672838078
2019-12-11,105.51,0.38889,271.3106533981331
2019-12-12,105.67,0.38889,271.7220807940549
2019-12-13,107.65,0.38889,276.81349481858626
2019-12-16,109.57,0.38889,281.7506235696469
2019-12-17,108.46,0.38889,278.89634601043997
2019-12-18,107.83,0.38889,277.27635063899817
2019-12-19,108.88,0.38889,279.97634292473447
2019-12-20,108.75,0.38889,279.64205816554806
2019-12-23,108.61,0.38889,279.2820591941166
2019-12-24,108.69,0.38889,279.48777289207743
2019-12-26,109.75,0.38889,282.21347939005886
2019-12-27,109.4,0.38889,281.31348196148014
2019-12-30,107.97,0.38889,277.63634961042965
2019-12-31,108.17,0.38889,278.1506338553318
2020-01-02,110.75,0.38889,284.78490061456966
2020-01-03,108.76,0.38889,279.6677723777932
2020-01-06,110.17,0.38889,283.2934763043534
2020-01-07,109.67,0.38889,282.007765692098
2020-01-08,111.82,0.38889,287.5363213247962
2020-01-09,112.57,0.38889,289.4648872431793
2020-01-10,112.93,0.38889,290.39059888400317
2020-01-13,115.28,0.38889,296.43343876160355
2020-01-14,114.64,0.38889,294.7877291779166
2020-01-15,114.85,0.38889,295.32772763506387
2020-01-16,115.4,0.38889,296.7420093085448
2020-01-17,116.04,0.38889,298.38771889223176
2020-01-21,116.15,0.38889,298.67057522692795
2020-01-22,115.5,0.38889,296.9991514309959
2020-01-23,117.89,0.38889,303.1448481575767
2020-01-24,116.98,0.38889,300.80485484327187
2020-01-27,115.24,0.38889,296.3305819126231
2020-01-28,116.52,0.38889,299.6220010799969
2020-01-29,116.66,0.38889,299.98200005142843
2020-01-30,117.12,0.38889,301.1648538147034
2020-01-31,113.89,0.38889,292.85916325953355
2020-02-03,116.51,0.38889,299.5962868677518
2020-02-04,120.08,0.38889,308.7762606392553
2020-02-05,119.72,0.38889,307.8505489984314
2020-02-06,119.89,0.42677,280.9241511821356
2020-02-07,118.88,0.42677,278.55753684654496
2020-02-10,120.06,0.42677,281.32249220891816
2020-02-11,118.84,0.42677,278.46380954612556
2020-02-12,118.56,0.42677,277.8077184431896
2020-02-13,120.51,0.42677,282.37692433863674
2020-02-14,122.99,0.42677,288.18801696464135
2020-02-18,122.27,0.42677,286.50092555709165
2020-02-19,123.91,0.42677,290.34374487428823
2020-02-20,122.43,0.42677,286.8758347587694
2020-02-21,119.49,0.42677,279.98687817794126
2020-02-24,116.44,0.42677,272.84017152095976
2020-02-25,109.66,0.42677,256.95339409986644
2020-02-26,109.11,0.42677,255.6646437190993
2020-02-27,107.84,0.42677,252.6888019307824
2020-02-28,107.99,0.42677,253.04027930735523
2020-03-02,112.86,0.42677,264.4515781334208
2020-03-03,109.76,0.42677,257.18771235091504
2020-03-04,115.3,0.42677,270.168943459006
2020-03-05,112.18,0.42677,262.8582140262905
2020-03-06,110.89,0.42677,259.8355085877639
2020-03-09,101.63,0.42677,238.13763854066593
2020-03-10,109.74,0.42677,257.1408487007053
2020-03-11,103.9,0.42677,243.45666283946858
2020-03-12,96.96,0.42677,227.1949762166975
2020-03-13,110.15,0.42677,258.1015535300045
2020-03-16,92.72,0.42677,217.25988237223797
2020-03-17,97.87,0.42677,229.32727230123956
2020-03-18,91.46,0.42677,214.30747240902593
2020-03-19,93.69,0.42677,219.53276940740915
2020-03-20,86.68,0.42677,203.1070600089041
2020-03-23,85.26,0.42677,199.77974084401436
2020-03-24,97.29,0.42677,227.96822644515782
2020-03-25,95.71,0.42677,224.26599807859034
2020-03-26,100.63,0.42677,235.79445603018019
2020-03-27,93.48,0.42677,219.04070108020716
2020-03-30,97.03,0.42677,227.35899899243154
2020-03-31,95.74,0.42677,224.3362935539049
2020-04-01,91.38,0.42677,214.12001780818707
2020-04-02,93.52,0.42677,219.13442838062656
2020-04-03,92.39,0.42677,216.48663214377768
2020-04-06,101.67,0.42677,238.23136584108536
2020-04-07,100.28,0.42677,234.9743421515102
2020-04-08,105.06,0.42677,246.17475455163205
2020-04-09,105.84,0.42677,248.0024369098109
2020-04-13,105.98,0.42677,248.33048246127893
2020-04-14,109.79,0.42677,257.25800782622963
2020-04-15,107.95,0.42677,252.94655200693583
2020-04-16,108.31,0.42677,253.7900977107107
2020-04-17,111.85,0.42677,262.0849637978302
2020-04-20,112.17,0.42677,262.83478220118565
2020-04-21,107.54,0.42677,251.98584717763669
2020-04-22,115.19,0.42677,269.9111933828526
2020-04-23,115.24,0.42677,270.0283525083769
2020-04-24,120.18,0.42677,281.6036741101765
2020-04-27,120.53,0.42677,282.42378798884647
2020-04-28,116.14,0.42677,272.13721676781404
2020-04-29,123.58,0.42677,289.570494645828
2020-04-30,123.0,0.42677,288.21144878974627
2020-05-01,120.61,0.42677,282.61124258968533
2020-05-04,123.66,0.42677,289.75794924666684
2020-05-05,125.43,0.42677,293.9053822902266
2020-05-06,128.31,0.42677,300.65374792042553
2020-05-07,146.29,0.08679,1685.5628528632328
2020-05-08,144.96,0.08679,1670.238506740408
2020-05-11,143.96,0.08679,1658.7164419864039
2020-05-12,141.03,0.08679,1624.9567922571723
2020-05-13,143.73,0.08679,1656.0663670929828
2020-05-14,144.41,0.08679,1663.9013711257055
2020-05-15,145.51,0.08679,1676.5756423551097
2020-05-18,146.24,0.08679,1684.9867496255329
2020-05-19,145.39,0.08679,1675.1929945846293
2020-05-20,150.94,0.08679,1739.1404539693513
2020-05-21,148.22,0.08679,1707.8004378384605
2020-05-22,150.86,0.08679,1738.218688789031
2020-05-26,147.0,0.08679,1693.7435188385757
2020-05-27,145.96,0.08679,1681.7605714944118
2020-05-28,148.79,0.08679,1714.3680147482428
2020-05-29,155.01,0.08679,1786.035257518147
2020-06-01,154.53,0.08679,1780.5046664362253
2020-06-02,157.49,0.08679,1814.609978108077
2020-06-03,156.78,0.08679,1806.4293121327341
2020-06-04,154.6,0.08679,1781.3112109690055
2020-06-05,156.0,0.08679,1797.442101624611
2020-06-08,156.09,0.08679,1798.4790874524715
2020-06-09,156.86,0.08679,1807.3510773130545
2020-06-10,159.91,0.08679,1842.4933748127662
2020-06-11,153.04,0.08679,1763.3367899527593
2020-06-12,155.26,0.08679,1788.915773706648
2020-06-15,157.55,0.08679,1815.301301993317
2020-06-16,161.22,0.08679,1857.5872796405115
2020-06-17,163.83,0.08679,1887.6598686484617
2020-06-18,168.050003,0.08679,1936.2830164765526
2020-06-19,164.360001,0.08679,1893.7665744901487
2020-06-22,170.259995,0.08679,1961.7466874063832
2020-06-23,172.789993,0.08679,1990.8974881898837
2020-06-24,168.0,0.08679,1935.706878672658
2020-06-25,172.5,0.08679,1987.5561700656756
2020-06-26,170.869995,0.08679,1968.7751469063253
2020-06-29,168.350006,0.08679,1939.739670468948
2020-06-30,174.229996,0.08679,2007.4892960018433
2020-07-01,177.429993,0.08679,2044.3598686484615
2020-07-02,177.210007,0.08679,2041.8251757114872
2020-07-06,176.179993,0.08679,2029.9572877059568
2020-07-07,177.279999,0.08679,2042.6316280677497
2020-07-08,181.570007,0.08679,2092.0613780389444
2020-07-09,183.229996,0.08679,2111.1878787878786
2020-07-10,178.399994,0.08679,2055.53628298191
2020-07-13,171.509995,0.08679,1976.149268348888
2020-07-14,172.300003,0.08679,1985.251791681069
2020-07-15,172.059998,0.08679,1982.4864385297844
2020-07-16,169.809998,0.08679,1956.5617928332756
2020-07-17,173.919998,0.08679,2003.9174789722315
2020-07-20,178.820007,0.08679,2060.375699965434
2020-07-21,175.580002,0.08679,2023.0441525521373
2020-07-22,178.419998,0.08679,2055.766770365249
2020-07-23,173.860001,0.08679,2003.2261896531859
2020-07-24,172.559998,0.08679,1988.2474709067865
2020-07-27,177.979996,0.08679,2050.697038829358
2020-07-28,176.270004,0.08679,2030.9944002765294
2020-07-29,184.600006,0.08679,2126.973222721512
2020-07-30,192.509995,1.32599,145.18208659190492
2020-07-31,196.070007,1.32599,147.8668821031833
2020-08-03,197.070007,1.32599,148.62103560358676
2020-08-04,197.330002,1.32599,148.81711174292417
2020-08-05,202.910004,1.32599,153.02528978348252
2020-08-06,204.089996,1.32599,153.91518488073064
2020-08-07,198.630005,1.32599,149.79751355590918
2020-08-10,193.320007,1.32599,145.79295997707374
2020-08-11,189.029999,1.32599,142.55763542711483
2020-08-12,191.320007,1.32599,144.28465297626678
2020-08-13,193.070007,1.32599,145.60442160197286
2020-08-14,191.460007,1.32599,144.39023446632328
2020-08-17,196.289993,1.32599,148.03278531512305
2020-08-18,194.570007,1.32599,146.7356518525781
2020-08-19,192.440002,1.32599,145.12930112595117
2020-08-20,198.179993,1.32599,149.4581354308856
2020-08-21,196.789993,1.32599,148.40986206532477
