date,SYF,SYF_EPS,PE Ratio
,,0.74,
2014-07-31,23.0,0.74,31.08108108108108
2014-08-01,23.0,0.74,31.08108108108108
2014-08-04,23.0,0.74,31.08108108108108
2014-08-05,23.0,0.74,31.08108108108108
2014-08-06,22.98,0.74,31.054054054054056
2014-08-07,22.93,0.74,30.986486486486488
2014-08-08,22.95,0.74,31.013513513513512
2014-08-11,22.93,0.74,30.986486486486488
2014-08-12,23.0,0.74,31.08108108108108
2014-08-13,23.18,0.74,31.324324324324323
2014-08-14,23.01,0.74,31.094594594594597
2014-08-15,23.0,0.74,31.08108108108108
2014-08-18,23.17,0.74,31.310810810810814
2014-08-19,24.41,0.74,32.986486486486484
2014-08-20,25.19,0.74,34.04054054054054
2014-08-21,25.39,0.74,34.310810810810814
2014-08-22,25.36,0.74,34.27027027027027
2014-08-25,25.12,0.74,33.94594594594595
2014-08-26,25.05,0.74,33.851351351351354
2014-08-27,25.47,0.74,34.41891891891892
2014-08-28,25.69,0.74,34.71621621621622
2014-08-29,25.79,0.74,34.85135135135135
2014-09-02,25.79,0.74,34.85135135135135
2014-09-03,25.79,0.74,34.85135135135135
2014-09-04,25.7,0.74,34.729729729729726
2014-09-05,25.77,0.74,34.82432432432432
2014-09-08,24.84,0.74,33.567567567567565
2014-09-09,25.04,0.74,33.83783783783784
2014-09-10,24.7,0.74,33.37837837837838
2014-09-11,24.65,0.74,33.31081081081081
2014-09-12,24.5,0.74,33.108108108108105
2014-09-15,24.15,0.74,32.63513513513514
2014-09-16,24.31,0.74,32.85135135135135
2014-09-17,24.55,0.74,33.17567567567568
2014-09-18,24.67,0.74,33.33783783783784
2014-09-19,25.41,0.74,34.33783783783784
2014-09-22,24.84,0.74,33.567567567567565
2014-09-23,24.58,0.74,33.21621621621622
2014-09-24,24.92,0.74,33.67567567567568
2014-09-25,24.63,0.74,33.28378378378378
2014-09-26,24.77,0.74,33.472972972972975
2014-09-29,24.7,0.74,33.37837837837838
2014-09-30,24.55,0.74,33.17567567567568
2014-10-01,24.22,0.74,32.729729729729726
2014-10-02,24.58,0.74,33.21621621621622
2014-10-03,24.83,0.74,33.55405405405405
2014-10-06,25.0,0.74,33.78378378378378
2014-10-07,24.85,0.74,33.58108108108108
2014-10-08,25.02,0.74,33.810810810810814
2014-10-09,24.55,0.74,33.17567567567568
2014-10-10,24.2,0.74,32.7027027027027
2014-10-13,24.46,0.74,33.054054054054056
2014-10-14,24.85,0.74,33.58108108108108
2014-10-15,24.52,0.74,33.13513513513514
2014-10-16,24.6,0.74,33.24324324324324
2014-10-17,24.78,0.74,33.48648648648649
2014-10-20,24.71,0.74,33.391891891891895
2014-10-21,25.17,0.74,34.013513513513516
2014-10-22,25.38,0.74,34.2972972972973
2014-10-23,25.81,0.74,34.87837837837838
2014-10-24,26.11,0.74,35.28378378378378
2014-10-27,26.53,0.74,35.851351351351354
2014-10-28,26.85,0.74,36.28378378378379
2014-10-29,27.0,0.74,36.486486486486484
2014-10-30,26.79,0.74,36.2027027027027
2014-10-31,27.02,0.7,38.6
2014-11-03,27.34,0.7,39.05714285714286
2014-11-04,27.01,0.7,38.58571428571429
2014-11-05,27.47,0.7,39.24285714285714
2014-11-06,27.58,0.7,39.4
2014-11-07,28.15,0.7,40.214285714285715
2014-11-10,28.77,0.7,41.1
2014-11-11,29.11,0.7,41.58571428571429
2014-11-12,29.03,0.7,41.471428571428575
2014-11-13,28.99,0.7,41.41428571428572
2014-11-14,29.05,0.7,41.50000000000001
2014-11-17,29.13,0.7,41.614285714285714
2014-11-18,28.95,0.7,41.35714285714286
2014-11-19,28.94,0.7,41.34285714285715
2014-11-20,29.24,0.7,41.77142857142857
2014-11-21,29.17,0.7,41.67142857142858
2014-11-24,28.97,0.7,41.385714285714286
2014-11-25,28.66,0.7,40.94285714285714
2014-11-26,28.8,0.7,41.142857142857146
2014-11-28,29.01,0.7,41.44285714285715
2014-12-01,28.88,0.7,41.25714285714286
2014-12-02,29.05,0.7,41.50000000000001
2014-12-03,29.0,0.7,41.42857142857143
2014-12-04,29.15,0.7,41.642857142857146
2014-12-05,29.25,0.7,41.78571428571429
2014-12-08,29.51,0.7,42.157142857142865
2014-12-09,29.52,0.7,42.17142857142857
2014-12-10,29.65,0.7,42.35714285714286
2014-12-11,29.52,0.7,42.17142857142857
2014-12-12,29.0,0.7,41.42857142857143
2014-12-15,28.63,0.7,40.9
2014-12-16,28.44,0.7,40.62857142857143
2014-12-17,28.9,0.7,41.285714285714285
2014-12-18,29.75,0.7,42.5
2014-12-19,30.0,0.7,42.85714285714286
2014-12-22,29.85,0.7,42.642857142857146
2014-12-23,30.0,0.7,42.85714285714286
2014-12-24,30.11,0.7,43.01428571428572
2014-12-26,30.5,0.7,43.57142857142858
2014-12-29,30.46,0.7,43.51428571428572
2014-12-30,30.0,0.7,42.85714285714286
2014-12-31,29.75,0.7,42.5
2015-01-02,29.48,0.7,42.11428571428572
2015-01-05,29.25,0.7,41.78571428571429
2015-01-06,28.85,0.7,41.21428571428572
2015-01-07,29.2,0.7,41.714285714285715
2015-01-08,29.98,0.7,42.82857142857143
2015-01-09,29.7,0.7,42.42857142857143
2015-01-12,29.53,0.7,42.18571428571429
2015-01-13,29.71,0.7,42.44285714285715
2015-01-14,29.15,0.7,41.642857142857146
2015-01-15,28.52,0.7,40.74285714285715
2015-01-16,28.99,0.7,41.41428571428572
2015-01-20,29.1,0.7,41.57142857142858
2015-01-21,29.18,0.7,41.68571428571429
2015-01-22,29.05,0.7,41.50000000000001
2015-01-23,30.97,0.7,44.24285714285715
2015-01-26,31.33,0.7,44.75714285714286
2015-01-27,31.32,0.7,44.74285714285715
2015-01-28,31.25,0.7,44.642857142857146
2015-01-29,31.23,0.7,44.61428571428572
2015-01-30,30.86,0.7,44.08571428571429
2015-02-02,31.16,0.7,44.51428571428572
2015-02-03,31.13,0.7,44.471428571428575
2015-02-04,31.25,0.7,44.642857142857146
2015-02-05,32.0,0.7,45.714285714285715
2015-02-06,32.14,0.7,45.91428571428572
2015-02-09,32.4,0.7,46.285714285714285
2015-02-10,33.11,0.7,47.300000000000004
2015-02-11,33.55,0.7,47.92857142857143
2015-02-12,33.61,0.7,48.01428571428572
2015-02-13,32.8,0.7,46.857142857142854
2015-02-17,31.92,0.7,45.60000000000001
2015-02-18,31.91,0.7,45.58571428571429
2015-02-19,31.88,0.7,45.542857142857144
2015-02-20,32.59,0.7,46.557142857142864
2015-02-23,32.62,0.63,51.77777777777777
2015-02-24,32.36,0.63,51.36507936507937
2015-02-25,32.29,0.63,51.25396825396825
2015-02-26,32.45,0.63,51.50793650793651
2015-02-27,31.95,0.63,50.714285714285715
2015-03-02,31.96,0.63,50.730158730158735
2015-03-03,32.14,0.63,51.01587301587302
2015-03-04,31.89,0.63,50.61904761904762
2015-03-05,31.96,0.63,50.730158730158735
2015-03-06,31.2,0.63,49.523809523809526
2015-03-09,31.98,0.63,50.76190476190476
2015-03-10,31.1,0.63,49.36507936507937
2015-03-11,31.55,0.63,50.07936507936508
2015-03-12,31.89,0.63,50.61904761904762
2015-03-13,31.82,0.63,50.507936507936506
2015-03-16,31.95,0.63,50.714285714285715
2015-03-17,32.23,0.63,51.15873015873015
2015-03-18,31.92,0.63,50.66666666666667
2015-03-19,32.37,0.63,51.38095238095238
2015-03-20,32.25,0.63,51.19047619047619
2015-03-23,31.78,0.63,50.44444444444444
2015-03-24,31.65,0.63,50.238095238095234
2015-03-25,30.92,0.63,49.07936507936508
2015-03-26,30.61,0.63,48.58730158730159
2015-03-27,30.06,0.63,47.714285714285715
2015-03-30,30.29,0.63,48.079365079365076
2015-03-31,30.35,0.63,48.17460317460318
2015-04-01,30.41,0.63,48.26984126984127
2015-04-02,30.61,0.63,48.58730158730159
2015-04-06,29.84,0.63,47.36507936507937
2015-04-07,29.76,0.63,47.23809523809524
2015-04-08,29.97,0.63,47.57142857142857
2015-04-09,30.14,0.63,47.84126984126984
2015-04-10,30.59,0.63,48.55555555555556
2015-04-13,30.64,0.63,48.63492063492063
2015-04-14,30.52,0.63,48.44444444444444
2015-04-15,30.68,0.63,48.698412698412696
2015-04-16,30.77,0.63,48.84126984126984
2015-04-17,30.52,0.63,48.44444444444444
2015-04-20,30.9,0.63,49.047619047619044
2015-04-21,31.2,0.63,49.523809523809526
2015-04-22,31.04,0.63,49.269841269841265
2015-04-23,30.96,0.63,49.142857142857146
2015-04-24,30.82,0.63,48.92063492063492
2015-04-27,30.62,0.63,48.6031746031746
2015-04-28,30.66,0.63,48.666666666666664
2015-04-29,30.74,0.63,48.79365079365079
2015-04-30,31.15,0.63,49.44444444444444
2015-05-01,31.52,0.66,47.75757575757576
2015-05-04,31.71,0.66,48.04545454545455
2015-05-05,31.94,0.66,48.39393939393939
2015-05-06,32.09,0.66,48.621212121212125
2015-05-07,32.65,0.66,49.46969696969696
2015-05-08,33.2,0.66,50.303030303030305
2015-05-11,32.89,0.66,49.83333333333333
2015-05-12,33.12,0.66,50.18181818181817
2015-05-13,32.9,0.66,49.848484848484844
2015-05-14,32.77,0.66,49.651515151515156
2015-05-15,31.81,0.66,48.196969696969695
2015-05-18,31.84,0.66,48.24242424242424
2015-05-19,32.06,0.66,48.57575757575758
2015-05-20,32.65,0.66,49.46969696969696
2015-05-21,32.47,0.66,49.196969696969695
2015-05-22,32.5,0.66,49.24242424242424
2015-05-26,32.12,0.66,48.66666666666666
2015-05-27,32.46,0.66,49.18181818181818
2015-05-28,32.53,0.66,49.28787878787879
2015-05-29,32.29,0.66,48.92424242424242
2015-06-01,32.41,0.66,49.1060606060606
2015-06-02,32.65,0.66,49.46969696969696
2015-06-03,33.18,0.66,50.27272727272727
2015-06-04,32.75,0.66,49.62121212121212
2015-06-05,32.8,0.66,49.69696969696969
2015-06-08,32.65,0.66,49.46969696969696
2015-06-09,32.86,0.66,49.78787878787878
2015-06-10,33.3,0.66,50.454545454545446
2015-06-11,33.22,0.66,50.33333333333333
2015-06-12,33.12,0.66,50.18181818181817
2015-06-15,32.97,0.66,49.95454545454545
2015-06-16,32.5,0.66,49.24242424242424
2015-06-17,32.75,0.66,49.62121212121212
2015-06-18,32.82,0.66,49.72727272727273
2015-06-19,32.92,0.66,49.87878787878788
2015-06-22,32.91,0.66,49.86363636363635
2015-06-23,32.99,0.66,49.984848484848484
2015-06-24,32.76,0.66,49.63636363636363
2015-06-25,32.81,0.66,49.71212121212121
2015-06-26,32.7,0.66,49.54545454545455
2015-06-29,32.23,0.66,48.83333333333333
2015-06-30,32.93,0.66,49.89393939393939
2015-07-01,33.32,0.66,50.484848484848484
2015-07-02,33.14,0.66,50.21212121212121
2015-07-06,32.5,0.66,49.24242424242424
2015-07-07,32.5,0.66,49.24242424242424
2015-07-08,32.01,0.66,48.49999999999999
2015-07-09,32.6,0.66,49.39393939393939
2015-07-10,33.07,0.66,50.1060606060606
2015-07-13,33.35,0.66,50.53030303030303
2015-07-14,33.77,0.66,51.16666666666667
2015-07-15,34.14,0.66,51.72727272727273
2015-07-16,34.13,0.66,51.71212121212121
2015-07-17,35.08,0.66,53.15151515151515
2015-07-20,35.99,0.66,54.53030303030303
2015-07-21,35.61,0.66,53.95454545454545
2015-07-22,35.68,0.66,54.060606060606055
2015-07-23,35.63,0.66,53.984848484848484
2015-07-24,34.68,0.66,52.54545454545454
2015-07-27,34.62,0.66,52.454545454545446
2015-07-28,34.23,0.66,51.86363636363636
2015-07-29,34.48,0.66,52.242424242424235
2015-07-30,34.6,0.66,52.42424242424242
2015-07-31,34.36,0.65,52.86153846153846
2015-08-03,34.36,0.65,52.86153846153846
2015-08-04,34.41,0.65,52.93846153846153
2015-08-05,34.56,0.65,53.16923076923077
2015-08-06,34.13,0.65,52.50769230769231
2015-08-07,33.98,0.65,52.27692307692307
2015-08-10,34.62,0.65,53.26153846153846
2015-08-11,34.67,0.65,53.33846153846154
2015-08-12,34.96,0.65,53.784615384615385
2015-08-13,35.16,0.65,54.092307692307685
2015-08-14,35.14,0.65,54.06153846153846
2015-08-17,35.32,0.65,54.33846153846154
2015-08-18,35.14,0.65,54.06153846153846
2015-08-19,34.96,0.65,53.784615384615385
2015-08-20,34.36,0.65,52.86153846153846
2015-08-21,33.72,0.65,51.87692307692307
2015-08-24,33.15,0.65,50.99999999999999
2015-08-25,32.99,0.65,50.753846153846155
2015-08-26,32.67,0.65,50.261538461538464
2015-08-27,32.33,0.65,49.738461538461536
2015-08-28,32.65,0.65,50.230769230769226
2015-08-31,32.95,0.65,50.69230769230769
2015-09-01,31.71,0.65,48.784615384615385
2015-09-02,31.79,0.65,48.90769230769231
2015-09-03,32.19,0.65,49.52307692307692
2015-09-04,31.6,0.65,48.61538461538461
2015-09-08,32.28,0.65,49.66153846153846
2015-09-09,32.13,0.65,49.430769230769236
2015-09-10,32.09,0.65,49.369230769230775
2015-09-11,31.33,0.65,48.199999999999996
2015-09-14,31.17,0.65,47.95384615384616
2015-09-15,31.12,0.65,47.87692307692308
2015-09-16,30.88,0.65,47.5076923076923
2015-09-17,30.77,0.65,47.33846153846154
2015-09-18,30.56,0.65,47.01538461538461
2015-09-21,30.87,0.65,47.49230769230769
2015-09-22,30.58,0.65,47.04615384615384
2015-09-23,31.06,0.65,47.78461538461538
2015-09-24,30.83,0.65,47.43076923076923
2015-09-25,31.03,0.65,47.738461538461536
2015-09-28,31.16,0.65,47.93846153846154
2015-09-29,31.04,0.65,47.75384615384615
2015-09-30,31.3,0.65,48.15384615384615
2015-10-01,31.38,0.65,48.276923076923076
2015-10-02,31.82,0.65,48.95384615384615
2015-10-05,33.31,0.65,51.246153846153845
2015-10-06,32.8,0.65,50.46153846153845
2015-10-07,32.13,0.65,49.430769230769236
2015-10-08,32.36,0.65,49.784615384615385
2015-10-09,32.39,0.65,49.83076923076923
2015-10-12,32.34,0.65,49.753846153846155
2015-10-13,31.82,0.65,48.95384615384615
2015-10-14,31.53,0.65,48.50769230769231
2015-10-15,31.32,0.65,48.184615384615384
2015-10-16,30.15,0.65,46.38461538461538
2015-10-19,31.34,0.65,48.215384615384615
2015-10-20,32.34,0.65,49.753846153846155
2015-10-21,32.46,0.65,49.93846153846154
2015-10-22,31.83,0.65,48.96923076923076
2015-10-23,31.69,0.65,48.753846153846155
2015-10-26,31.4,0.65,48.30769230769231
2015-10-27,31.73,0.65,48.815384615384616
2015-10-28,31.45,0.65,48.38461538461538
2015-10-29,30.92,0.65,47.56923076923077
2015-10-30,30.76,0.69,44.57971014492754
2015-11-02,31.33,0.69,45.405797101449274
2015-11-03,32.44,0.69,47.01449275362319
2015-11-04,32.08,0.69,46.492753623188406
2015-11-05,32.61,0.69,47.26086956521739
2015-11-06,33.98,0.69,49.2463768115942
2015-11-09,32.52,0.69,47.1304347826087
2015-11-10,31.08,0.69,45.04347826086956
2015-11-11,30.93,0.69,44.82608695652174
2015-11-12,30.79,0.69,44.6231884057971
2015-11-13,30.52,0.69,44.231884057971016
2015-11-16,30.29,0.69,43.89855072463768
2015-11-17,30.58,0.69,44.31884057971015
2015-11-18,31.59,0.69,45.78260869565218
2015-11-19,31.65,0.69,45.869565217391305
2015-11-20,31.35,0.69,45.434782608695656
2015-11-23,31.55,0.69,45.72463768115942
2015-11-24,31.34,0.69,45.42028985507247
2015-11-25,31.53,0.69,45.69565217391305
2015-11-27,31.35,0.69,45.434782608695656
2015-11-30,31.83,0.69,46.130434782608695
2015-12-01,32.41,0.69,46.971014492753625
2015-12-02,31.84,0.69,46.14492753623189
2015-12-03,31.09,0.69,45.05797101449276
2015-12-04,32.03,0.69,46.42028985507247
2015-12-07,31.35,0.69,45.434782608695656
2015-12-08,31.36,0.69,45.44927536231884
2015-12-09,30.61,0.69,44.36231884057971
2015-12-10,31.05,0.69,45.00000000000001
2015-12-11,29.97,0.69,43.434782608695656
2015-12-14,29.68,0.69,43.014492753623195
2015-12-15,30.08,0.69,43.594202898550726
2015-12-16,30.53,0.69,44.24637681159421
2015-12-17,30.01,0.69,43.49275362318841
2015-12-18,29.51,0.69,42.76811594202899
2015-12-21,29.73,0.69,43.08695652173913
2015-12-22,30.21,0.69,43.78260869565218
2015-12-23,30.51,0.69,44.217391304347835
2015-12-24,30.6,0.69,44.34782608695653
2015-12-28,30.17,0.69,43.72463768115943
2015-12-29,30.69,0.69,44.478260869565226
2015-12-30,30.43,0.69,44.10144927536232
2015-12-31,30.41,0.69,44.072463768115945
2016-01-04,29.94,0.69,43.39130434782609
2016-01-05,30.11,0.69,43.63768115942029
2016-01-06,29.9,0.69,43.333333333333336
2016-01-07,29.12,0.69,42.20289855072464
2016-01-08,28.84,0.69,41.79710144927537
2016-01-11,28.7,0.69,41.594202898550726
2016-01-12,28.9,0.69,41.88405797101449
2016-01-13,27.57,0.69,39.95652173913044
2016-01-14,28.18,0.69,40.84057971014493
2016-01-15,27.64,0.69,40.05797101449276
2016-01-19,28.03,0.69,40.62318840579711
2016-01-20,27.62,0.69,40.02898550724638
2016-01-21,27.73,0.69,40.18840579710145
2016-01-22,29.06,0.69,42.11594202898551
2016-01-25,28.48,0.69,41.275362318840585
2016-01-26,28.66,0.69,41.536231884057976
2016-01-27,28.44,0.69,41.21739130434783
2016-01-28,27.99,0.69,40.56521739130435
2016-01-29,28.42,0.69,41.18840579710145
2016-02-01,28.47,0.69,41.26086956521739
2016-02-02,27.01,0.69,39.14492753623189
2016-02-03,26.34,0.69,38.173913043478265
2016-02-04,26.31,0.69,38.130434782608695
2016-02-05,25.23,0.69,36.56521739130435
2016-02-08,24.48,0.69,35.47826086956522
2016-02-09,25.08,0.69,36.34782608695652
2016-02-10,25.01,0.69,36.24637681159421
2016-02-11,24.5,0.69,35.507246376811594
2016-02-12,25.37,0.69,36.76811594202899
2016-02-16,26.14,0.69,37.8840579710145
2016-02-17,26.27,0.69,38.072463768115945
2016-02-18,26.62,0.69,38.57971014492754
2016-02-19,26.77,0.69,38.79710144927537
2016-02-22,27.71,0.69,40.15942028985508
2016-02-23,27.51,0.69,39.86956521739131
2016-02-24,27.73,0.69,40.18840579710145
2016-02-25,27.78,0.65,42.738461538461536
2016-02-26,27.93,0.65,42.96923076923077
2016-02-29,26.95,0.65,41.46153846153846
2016-03-01,27.53,0.65,42.353846153846156
2016-03-02,28.25,0.65,43.46153846153846
2016-03-03,28.56,0.65,43.93846153846153
2016-03-04,28.6,0.65,44.0
2016-03-07,28.52,0.65,43.87692307692308
2016-03-08,27.7,0.65,42.61538461538461
2016-03-09,27.68,0.65,42.58461538461538
2016-03-10,27.81,0.65,42.78461538461538
2016-03-11,28.82,0.65,44.33846153846154
2016-03-14,28.45,0.65,43.76923076923077
2016-03-15,27.68,0.65,42.58461538461538
2016-03-16,27.62,0.65,42.49230769230769
2016-03-17,28.1,0.65,43.23076923076923
2016-03-18,28.46,0.65,43.784615384615385
2016-03-21,28.79,0.65,44.29230769230769
2016-03-22,28.61,0.65,44.01538461538461
2016-03-23,28.42,0.65,43.723076923076924
2016-03-24,28.45,0.65,43.76923076923077
2016-03-28,28.38,0.65,43.661538461538456
2016-03-29,28.4,0.65,43.692307692307686
2016-03-30,28.38,0.65,43.661538461538456
2016-03-31,28.66,0.65,44.09230769230769
2016-04-01,29.33,0.65,45.123076923076916
2016-04-04,28.97,0.65,44.569230769230764
2016-04-05,28.61,0.65,44.01538461538461
2016-04-06,28.65,0.65,44.07692307692307
2016-04-07,27.97,0.65,43.03076923076923
2016-04-08,28.02,0.65,43.107692307692304
2016-04-11,27.87,0.65,42.87692307692308
2016-04-12,28.16,0.65,43.32307692307692
2016-04-13,28.92,0.65,44.49230769230769
2016-04-14,29.08,0.65,44.738461538461536
2016-04-15,28.94,0.65,44.52307692307692
2016-04-18,29.13,0.65,44.81538461538461
2016-04-19,29.82,0.65,45.87692307692308
2016-04-20,30.67,0.65,47.184615384615384
2016-04-21,30.42,0.65,46.800000000000004
2016-04-22,30.5,0.65,46.92307692307692
2016-04-25,30.44,0.65,46.83076923076923
2016-04-26,31.16,0.65,47.93846153846154
2016-04-27,30.88,0.65,47.5076923076923
2016-04-28,30.97,0.7,44.24285714285715
2016-04-29,30.57,0.7,43.67142857142858
2016-05-02,31.33,0.7,44.75714285714286
2016-05-03,31.08,0.7,44.4
2016-05-04,30.24,0.7,43.2
2016-05-05,29.83,0.7,42.614285714285714
2016-05-06,30.08,0.7,42.971428571428575
2016-05-09,29.96,0.7,42.800000000000004
2016-05-10,30.56,0.7,43.65714285714286
2016-05-11,29.93,0.7,42.75714285714286
2016-05-12,29.42,0.7,42.02857142857143
2016-05-13,29.04,0.7,41.48571428571429
2016-05-16,28.94,0.7,41.34285714285715
2016-05-17,29.27,0.7,41.81428571428572
2016-05-18,30.11,0.7,43.01428571428572
2016-05-19,29.94,0.7,42.77142857142858
2016-05-20,29.88,0.7,42.68571428571429
2016-05-23,29.83,0.7,42.614285714285714
2016-05-24,30.3,0.7,43.28571428571429
2016-05-25,30.66,0.7,43.800000000000004
2016-05-26,30.89,0.7,44.12857142857143
2016-05-27,31.16,0.7,44.51428571428572
2016-05-31,31.2,0.7,44.57142857142858
2016-06-01,31.29,0.7,44.7
2016-06-02,31.28,0.7,44.68571428571429
2016-06-03,30.72,0.7,43.885714285714286
2016-06-06,31.03,0.7,44.328571428571436
2016-06-07,31.61,0.7,45.15714285714286
2016-06-08,31.95,0.7,45.642857142857146
2016-06-09,31.41,0.7,44.871428571428574
2016-06-10,30.8,0.7,44.00000000000001
2016-06-13,30.44,0.7,43.48571428571429
2016-06-14,26.45,0.7,37.785714285714285
2016-06-15,26.5,0.7,37.85714285714286
2016-06-16,26.0,0.7,37.142857142857146
2016-06-17,25.77,0.7,36.81428571428572
2016-06-20,25.55,0.7,36.5
2016-06-21,25.85,0.7,36.92857142857143
2016-06-22,25.5,0.7,36.42857142857143
2016-06-23,26.0,0.7,37.142857142857146
2016-06-24,24.64,0.7,35.2
2016-06-27,23.36,0.7,33.371428571428574
2016-06-28,23.93,0.7,34.18571428571429
2016-06-29,24.83,0.7,35.47142857142857
2016-06-30,25.28,0.7,36.11428571428572
2016-07-01,25.35,0.7,36.214285714285715
2016-07-05,25.12,0.7,35.885714285714286
2016-07-06,25.31,0.7,36.15714285714286
2016-07-07,26.02,0.7,37.17142857142857
2016-07-08,27.31,0.7,39.01428571428571
2016-07-11,27.67,0.7,39.52857142857143
2016-07-12,27.92,0.7,39.88571428571429
2016-07-13,28.12,0.7,40.17142857142858
2016-07-14,28.3,0.7,40.42857142857143
2016-07-15,28.12,0.7,40.17142857142858
2016-07-18,28.29,0.7,40.41428571428572
2016-07-19,28.25,0.7,40.35714285714286
2016-07-20,28.14,0.7,40.2
2016-07-21,28.26,0.7,40.371428571428574
2016-07-22,28.4,0.7,40.57142857142857
2016-07-25,28.09,0.7,40.12857142857143
2016-07-26,28.11,0.7,40.15714285714286
2016-07-27,28.14,0.7,40.2
2016-07-28,27.91,0.58,48.12068965517242
2016-07-29,27.88,0.58,48.06896551724138
2016-08-01,27.91,0.58,48.12068965517242
2016-08-02,27.35,0.58,47.15517241379311
2016-08-03,27.87,0.58,48.05172413793104
2016-08-04,27.92,0.58,48.13793103448276
2016-08-05,28.22,0.58,48.6551724137931
2016-08-08,28.04,0.58,48.3448275862069
2016-08-09,27.88,0.58,48.06896551724138
2016-08-10,27.65,0.58,47.67241379310345
2016-08-11,27.61,0.58,47.60344827586207
2016-08-12,27.68,0.58,47.724137931034484
2016-08-15,27.74,0.58,47.827586206896555
2016-08-16,27.3,0.58,47.06896551724138
2016-08-17,27.38,0.58,47.20689655172414
2016-08-18,27.29,0.58,47.05172413793104
2016-08-19,27.38,0.58,47.20689655172414
2016-08-22,27.27,0.58,47.01724137931035
2016-08-23,27.28,0.58,47.0344827586207
2016-08-24,27.12,0.58,46.758620689655174
2016-08-25,27.01,0.58,46.56896551724139
2016-08-26,26.86,0.58,46.310344827586206
2016-08-29,27.17,0.58,46.844827586206904
2016-08-30,27.3,0.58,47.06896551724138
2016-08-31,27.83,0.58,47.98275862068966
2016-09-01,27.76,0.58,47.862068965517246
2016-09-02,27.8,0.58,47.931034482758626
2016-09-06,27.61,0.58,47.60344827586207
2016-09-07,27.81,0.58,47.94827586206897
2016-09-08,27.34,0.58,47.13793103448276
2016-09-09,26.93,0.58,46.431034482758626
2016-09-12,27.41,0.58,47.258620689655174
2016-09-13,26.72,0.58,46.06896551724138
2016-09-14,26.83,0.58,46.258620689655174
2016-09-15,27.05,0.58,46.63793103448276
2016-09-16,26.91,0.58,46.396551724137936
2016-09-19,27.04,0.58,46.62068965517241
2016-09-20,26.8,0.58,46.20689655172414
2016-09-21,27.06,0.58,46.6551724137931
2016-09-22,27.48,0.58,47.37931034482759
2016-09-23,27.39,0.58,47.224137931034484
2016-09-26,27.3,0.58,47.06896551724138
2016-09-27,27.81,0.58,47.94827586206897
2016-09-28,27.82,0.58,47.96551724137932
2016-09-29,27.37,0.58,47.1896551724138
2016-09-30,28.0,0.58,48.27586206896552
2016-10-03,27.58,0.58,47.55172413793103
2016-10-04,27.33,0.58,47.12068965517241
2016-10-05,27.94,0.58,48.17241379310345
2016-10-06,26.99,0.58,46.53448275862069
2016-10-07,26.67,0.58,45.98275862068966
2016-10-10,26.73,0.58,46.08620689655173
2016-10-11,26.54,0.58,45.758620689655174
2016-10-12,26.51,0.58,45.70689655172414
2016-10-13,26.37,0.58,45.46551724137932
2016-10-14,26.7,0.58,46.03448275862069
2016-10-17,26.42,0.58,45.55172413793104
2016-10-18,26.64,0.58,45.931034482758626
2016-10-19,27.0,0.58,46.55172413793104
2016-10-20,27.13,0.58,46.775862068965516
2016-10-21,28.23,0.58,48.67241379310345
2016-10-24,28.79,0.58,49.63793103448276
2016-10-25,28.58,0.58,49.275862068965516
2016-10-26,28.7,0.58,49.48275862068966
2016-10-27,28.94,0.73,39.64383561643836
2016-10-28,29.1,0.73,39.86301369863014
2016-10-31,28.59,0.73,39.16438356164384
2016-11-01,28.56,0.73,39.12328767123287
2016-11-02,28.42,0.73,38.93150684931507
2016-11-03,28.13,0.73,38.534246575342465
2016-11-04,28.22,0.73,38.657534246575345
2016-11-07,29.11,0.73,39.87671232876713
2016-11-08,28.7,0.73,39.31506849315068
2016-11-09,30.22,0.73,41.397260273972606
2016-11-10,31.61,0.73,43.3013698630137
2016-11-11,32.48,0.73,44.49315068493151
2016-11-14,33.72,0.73,46.19178082191781
2016-11-15,33.34,0.73,45.67123287671233
2016-11-16,32.61,0.73,44.67123287671233
2016-11-17,33.43,0.73,45.794520547945204
2016-11-18,33.62,0.73,46.054794520547944
2016-11-21,33.62,0.73,46.054794520547944
2016-11-22,33.97,0.73,46.534246575342465
2016-11-23,34.96,0.73,47.89041095890411
2016-11-25,34.7,0.73,47.53424657534247
2016-11-28,33.9,0.73,46.43835616438356
2016-11-29,33.8,0.73,46.3013698630137
2016-11-30,34.56,0.73,47.34246575342466
2016-12-01,35.07,0.73,48.04109589041096
2016-12-02,34.49,0.73,47.24657534246576
2016-12-05,35.11,0.73,48.0958904109589
2016-12-06,35.66,0.73,48.84931506849315
2016-12-07,36.18,0.73,49.56164383561644
2016-12-08,36.65,0.73,50.205479452054796
2016-12-09,36.53,0.73,50.041095890410965
2016-12-12,35.94,0.73,49.23287671232877
2016-12-13,36.27,0.73,49.684931506849324
2016-12-14,35.94,0.73,49.23287671232877
2016-12-15,36.93,0.73,50.58904109589041
2016-12-16,36.63,0.73,50.178082191780824
2016-12-19,36.9,0.73,50.54794520547945
2016-12-20,37.26,0.73,51.04109589041096
2016-12-21,37.1,0.73,50.82191780821918
2016-12-22,36.88,0.73,50.520547945205486
2016-12-23,36.97,0.73,50.64383561643836
2016-12-27,37.0,0.73,50.68493150684932
2016-12-28,36.24,0.73,49.64383561643836
2016-12-29,36.09,0.73,49.43835616438357
2016-12-30,36.27,0.73,49.684931506849324
2017-01-03,37.06,0.73,50.76712328767124
2017-01-04,37.93,0.73,51.95890410958904
2017-01-05,36.91,0.73,50.56164383561644
2017-01-06,37.13,0.73,50.86301369863014
2017-01-09,36.9,0.73,50.54794520547945
2017-01-10,36.96,0.73,50.63013698630137
2017-01-11,36.36,0.73,49.80821917808219
2017-01-12,36.13,0.73,49.493150684931514
2017-01-13,36.32,0.73,49.75342465753425
2017-01-17,35.51,0.73,48.64383561643835
2017-01-18,35.9,0.73,49.178082191780824
2017-01-19,35.61,0.73,48.78082191780822
2017-01-20,36.24,0.73,49.64383561643836
2017-01-23,35.77,0.73,49.00000000000001
2017-01-24,36.08,0.73,49.42465753424658
2017-01-25,35.91,0.73,49.1917808219178
2017-01-26,36.69,0.73,50.26027397260274
2017-01-27,36.63,0.73,50.178082191780824
2017-01-30,36.47,0.73,49.95890410958904
2017-01-31,35.82,0.73,49.06849315068493
2017-02-01,36.0,0.73,49.31506849315068
2017-02-02,35.34,0.73,48.41095890410959
2017-02-03,36.51,0.73,50.013698630136986
2017-02-06,36.45,0.73,49.93150684931507
2017-02-07,36.05,0.73,49.38356164383561
2017-02-08,35.77,0.73,49.00000000000001
2017-02-09,36.49,0.73,49.986301369863014
2017-02-10,36.22,0.73,49.61643835616438
2017-02-13,36.65,0.73,50.205479452054796
2017-02-14,37.32,0.73,51.12328767123288
2017-02-15,37.28,0.73,51.06849315068494
2017-02-16,36.85,0.73,50.47945205479452
2017-02-17,36.68,0.73,50.24657534246575
2017-02-21,36.86,0.73,50.49315068493151
2017-02-22,36.78,0.73,50.38356164383562
2017-02-23,36.63,0.7,52.328571428571436
2017-02-24,36.48,0.7,52.114285714285714
2017-02-27,36.94,0.7,52.77142857142857
2017-02-28,36.24,0.7,51.77142857142858
2017-03-01,36.89,0.7,52.7
2017-03-02,35.97,0.7,51.385714285714286
2017-03-03,36.05,0.7,51.5
2017-03-06,35.58,0.7,50.82857142857143
2017-03-07,35.6,0.7,50.85714285714286
2017-03-08,35.71,0.7,51.01428571428572
2017-03-09,35.85,0.7,51.21428571428572
2017-03-10,36.01,0.7,51.44285714285714
2017-03-13,36.03,0.7,51.471428571428575
2017-03-14,35.92,0.7,51.31428571428572
2017-03-15,35.8,0.7,51.14285714285714
2017-03-16,35.83,0.7,51.18571428571428
2017-03-17,35.12,0.7,50.17142857142857
2017-03-20,34.2,0.7,48.85714285714286
2017-03-21,33.02,0.7,47.17142857142858
2017-03-22,33.08,0.7,47.25714285714286
2017-03-23,33.43,0.7,47.75714285714286
2017-03-24,33.31,0.7,47.58571428571429
2017-03-27,32.74,0.7,46.77142857142858
2017-03-28,33.66,0.7,48.08571428571428
2017-03-29,33.78,0.7,48.25714285714286
2017-03-30,34.43,0.7,49.18571428571429
2017-03-31,34.3,0.7,49.0
2017-04-03,33.76,0.7,48.22857142857143
2017-04-04,33.73,0.7,48.18571428571428
2017-04-05,33.26,0.7,47.51428571428571
2017-04-06,33.23,0.7,47.47142857142857
2017-04-07,33.16,0.7,47.37142857142857
2017-04-10,32.87,0.7,46.957142857142856
2017-04-11,33.05,0.7,47.214285714285715
2017-04-12,32.81,0.7,46.87142857142858
2017-04-13,32.37,0.7,46.24285714285714
2017-04-17,33.02,0.7,47.17142857142858
2017-04-18,32.85,0.7,46.92857142857143
2017-04-19,33.0,0.7,47.142857142857146
2017-04-20,33.85,0.7,48.35714285714286
2017-04-21,33.38,0.7,47.68571428571429
2017-04-24,33.9,0.7,48.42857142857143
2017-04-25,33.82,0.7,48.31428571428572
2017-04-26,33.23,0.7,47.47142857142857
2017-04-27,33.05,0.7,47.214285714285715
2017-04-28,27.8,0.7,39.714285714285715
2017-05-01,27.94,0.61,45.80327868852459
2017-05-02,28.87,0.61,47.32786885245902
2017-05-03,28.77,0.61,47.16393442622951
2017-05-04,28.67,0.61,47.00000000000001
2017-05-05,28.61,0.61,46.90163934426229
2017-05-08,28.38,0.61,46.52459016393443
2017-05-09,28.1,0.61,46.06557377049181
2017-05-10,27.76,0.61,45.50819672131148
2017-05-11,26.93,0.61,44.14754098360656
2017-05-12,26.59,0.61,43.59016393442623
2017-05-15,27.11,0.61,44.442622950819676
2017-05-16,26.84,0.61,44.0
2017-05-17,26.5,0.61,43.442622950819676
2017-05-18,26.5,0.61,43.442622950819676
2017-05-19,26.84,0.61,44.0
2017-05-22,26.91,0.61,44.114754098360656
2017-05-23,26.84,0.61,44.0
2017-05-24,26.8,0.61,43.9344262295082
2017-05-25,27.23,0.61,44.63934426229508
2017-05-26,27.37,0.61,44.868852459016395
2017-05-30,27.1,0.61,44.42622950819673
2017-05-31,26.85,0.61,44.016393442622956
2017-06-01,27.22,0.61,44.62295081967213
2017-06-02,27.4,0.61,44.91803278688524
2017-06-05,27.96,0.61,45.8360655737705
2017-06-06,28.29,0.61,46.377049180327866
2017-06-07,28.87,0.61,47.32786885245902
2017-06-08,28.67,0.61,47.00000000000001
2017-06-09,28.7,0.61,47.049180327868854
2017-06-12,28.76,0.61,47.14754098360656
2017-06-13,28.99,0.61,47.52459016393443
2017-06-14,29.23,0.61,47.91803278688525
2017-06-15,29.47,0.61,48.31147540983606
2017-06-16,29.33,0.61,48.08196721311475
2017-06-19,29.42,0.61,48.22950819672131
2017-06-20,29.44,0.61,48.26229508196722
2017-06-21,29.7,0.61,48.68852459016394
2017-06-22,29.3,0.61,48.032786885245905
2017-06-23,28.97,0.61,47.49180327868852
2017-06-26,29.68,0.61,48.65573770491803
2017-06-27,29.44,0.61,48.26229508196722
2017-06-28,29.8,0.61,48.852459016393446
2017-06-29,29.55,0.61,48.442622950819676
2017-06-30,29.82,0.61,48.885245901639344
2017-07-03,30.06,0.61,49.278688524590166
2017-07-05,29.78,0.61,48.81967213114754
2017-07-06,29.38,0.61,48.16393442622951
2017-07-07,29.7,0.61,48.68852459016394
2017-07-10,29.13,0.61,47.75409836065574
2017-07-11,29.1,0.61,47.704918032786885
2017-07-12,29.33,0.61,48.08196721311475
2017-07-13,29.36,0.61,48.131147540983605
2017-07-14,29.48,0.61,48.32786885245902
2017-07-17,29.65,0.61,48.60655737704918
2017-07-18,29.33,0.61,48.08196721311475
2017-07-19,29.51,0.61,48.37704918032787
2017-07-20,29.53,0.61,48.40983606557377
2017-07-21,30.87,0.61,50.606557377049185
2017-07-24,30.74,0.61,50.393442622950815
2017-07-25,30.89,0.61,50.63934426229508
2017-07-26,30.57,0.61,50.114754098360656
2017-07-27,30.34,0.61,49.73770491803279
2017-07-28,29.94,0.61,49.08196721311476
2017-07-31,30.32,0.61,49.704918032786885
2017-08-01,29.88,0.61,48.98360655737705
2017-08-02,30.06,0.61,49.278688524590166
2017-08-03,29.91,0.61,49.032786885245905
2017-08-04,29.87,0.61,48.9672131147541
2017-08-07,30.4,0.61,49.83606557377049
2017-08-08,30.72,0.61,50.36065573770492
2017-08-09,30.25,0.61,49.59016393442623
2017-08-10,29.32,0.61,48.0655737704918
2017-08-11,29.2,0.61,47.868852459016395
2017-08-14,29.64,0.61,48.59016393442623
2017-08-15,30.99,0.61,50.803278688524586
2017-08-16,30.87,0.61,50.606557377049185
2017-08-17,30.1,0.61,49.34426229508197
2017-08-18,30.07,0.61,49.295081967213115
2017-08-21,30.26,0.61,49.606557377049185
2017-08-22,30.34,0.61,49.73770491803279
2017-08-23,30.31,0.61,49.68852459016394
2017-08-24,30.46,0.61,49.9344262295082
2017-08-25,30.54,0.61,50.0655737704918
2017-08-28,30.29,0.61,49.65573770491803
2017-08-29,30.12,0.61,49.37704918032787
2017-08-30,30.66,0.61,50.26229508196722
2017-08-31,30.79,0.61,50.47540983606557
2017-09-01,30.92,0.61,50.68852459016394
2017-09-05,29.87,0.61,48.9672131147541
2017-09-06,29.96,0.61,49.114754098360656
2017-09-07,29.06,0.61,47.63934426229508
2017-09-08,28.55,0.61,46.80327868852459
2017-09-11,29.15,0.61,47.78688524590164
2017-09-12,29.19,0.61,47.852459016393446
2017-09-13,29.32,0.61,48.0655737704918
2017-09-14,28.7,0.61,47.049180327868854
2017-09-15,29.02,0.61,47.57377049180328
2017-09-18,29.26,0.61,47.9672131147541
2017-09-19,29.09,0.61,47.68852459016394
2017-09-20,29.0,0.61,47.540983606557376
2017-09-21,28.89,0.61,47.36065573770492
2017-09-22,29.47,0.61,48.31147540983606
2017-09-25,29.56,0.61,48.459016393442624
2017-09-26,29.94,0.61,49.08196721311476
2017-09-27,30.94,0.61,50.72131147540984
2017-09-28,31.19,0.61,51.13114754098361
2017-09-29,31.05,0.61,50.9016393442623
2017-10-02,31.48,0.61,51.606557377049185
2017-10-03,31.72,0.61,52.0
2017-10-04,31.31,0.61,51.32786885245901
2017-10-05,31.66,0.61,51.9016393442623
2017-10-06,31.31,0.61,51.32786885245901
2017-10-09,31.44,0.61,51.54098360655738
2017-10-10,31.75,0.61,52.049180327868854
2017-10-11,31.42,0.61,51.50819672131148
2017-10-12,30.64,0.61,50.22950819672131
2017-10-13,30.82,0.61,50.52459016393443
2017-10-16,31.5,0.61,51.63934426229508
2017-10-17,30.98,0.61,50.786885245901644
2017-10-18,31.51,0.61,51.65573770491804
2017-10-19,31.71,0.61,51.98360655737705
2017-10-20,33.04,0.61,54.16393442622951
2017-10-23,32.68,0.61,53.57377049180328
2017-10-24,32.65,0.61,53.52459016393443
2017-10-25,32.38,0.61,53.08196721311476
2017-10-26,32.87,0.7,46.957142857142856
2017-10-27,32.94,0.7,47.05714285714286
2017-10-30,32.6,0.7,46.57142857142858
2017-10-31,32.62,0.7,46.6
2017-11-01,32.83,0.7,46.9
2017-11-02,33.22,0.7,47.457142857142856
2017-11-03,33.11,0.7,47.300000000000004
2017-11-06,32.77,0.7,46.814285714285724
2017-11-07,32.36,0.7,46.22857142857143
2017-11-08,32.07,0.7,45.81428571428572
2017-11-09,32.09,0.7,45.84285714285715
2017-11-10,32.07,0.7,45.81428571428572
2017-11-13,32.59,0.7,46.557142857142864
2017-11-14,32.56,0.7,46.51428571428572
2017-11-15,32.53,0.7,46.471428571428575
2017-11-16,33.38,0.7,47.68571428571429
2017-11-17,33.86,0.7,48.371428571428574
2017-11-20,33.86,0.7,48.371428571428574
2017-11-21,33.77,0.7,48.24285714285715
2017-11-22,33.67,0.7,48.10000000000001
2017-11-24,33.49,0.7,47.84285714285715
2017-11-27,33.21,0.7,47.44285714285715
2017-11-28,34.49,0.7,49.27142857142858
2017-11-29,35.35,0.7,50.50000000000001
2017-11-30,35.89,0.7,51.27142857142857
2017-12-01,35.94,0.7,51.34285714285714
2017-12-04,37.45,0.7,53.50000000000001
2017-12-05,37.31,0.7,53.300000000000004
2017-12-06,37.39,0.7,53.41428571428572
2017-12-07,37.34,0.7,53.34285714285715
2017-12-08,37.5,0.7,53.57142857142858
2017-12-11,37.59,0.7,53.70000000000001
2017-12-12,37.36,0.7,53.371428571428574
2017-12-13,36.64,0.7,52.34285714285715
2017-12-14,36.99,0.7,52.84285714285715
2017-12-15,37.19,0.7,53.128571428571426
2017-12-18,38.51,0.7,55.01428571428571
2017-12-19,38.18,0.7,54.542857142857144
2017-12-20,37.96,0.7,54.228571428571435
2017-12-21,38.6,0.7,55.142857142857146
2017-12-22,38.77,0.7,55.38571428571429
2017-12-26,38.71,0.7,55.300000000000004
2017-12-27,38.6,0.7,55.142857142857146
2017-12-28,38.97,0.7,55.67142857142857
2017-12-29,38.61,0.7,55.15714285714286
2018-01-02,38.86,0.7,55.51428571428572
2018-01-03,39.12,0.7,55.885714285714286
2018-01-04,39.4,0.7,56.285714285714285
2018-01-05,39.74,0.7,56.77142857142858
2018-01-08,39.26,0.7,56.08571428571429
2018-01-09,39.44,0.7,56.34285714285714
2018-01-10,39.66,0.7,56.65714285714286
2018-01-11,39.76,0.7,56.800000000000004
2018-01-12,39.37,0.7,56.24285714285714
2018-01-16,37.93,0.7,54.18571428571429
2018-01-17,38.06,0.7,54.37142857142858
2018-01-18,37.3,0.7,53.285714285714285
2018-01-19,38.47,0.7,54.957142857142856
2018-01-22,39.52,0.7,56.45714285714286
2018-01-23,39.78,0.7,56.828571428571436
2018-01-24,39.74,0.7,56.77142857142858
2018-01-25,39.58,0.7,56.542857142857144
2018-01-26,40.21,0.7,57.44285714285715
2018-01-29,40.16,0.7,57.371428571428574
2018-01-30,39.63,0.7,56.61428571428572
2018-01-31,39.68,0.7,56.68571428571429
2018-02-01,39.66,0.7,56.65714285714286
2018-02-02,38.68,0.7,55.25714285714286
2018-02-05,36.88,0.7,52.68571428571429
2018-02-06,37.67,0.7,53.81428571428572
2018-02-07,37.5,0.7,53.57142857142858
2018-02-08,34.98,0.7,49.97142857142857
2018-02-09,35.03,0.7,50.042857142857144
2018-02-12,36.24,0.7,51.77142857142858
2018-02-13,36.01,0.7,51.44285714285714
2018-02-14,36.7,0.7,52.42857142857144
2018-02-15,36.84,0.7,52.62857142857143
2018-02-16,36.73,0.7,52.47142857142857
2018-02-20,36.56,0.7,52.228571428571435
2018-02-21,36.57,0.7,52.24285714285715
2018-02-22,36.33,0.7,51.9
2018-02-23,37.15,0.7,53.07142857142857
2018-02-26,37.39,0.7,53.41428571428572
2018-02-27,36.81,0.7,52.58571428571429
2018-02-28,36.39,0.7,51.98571428571429
2018-03-01,35.85,0.7,51.21428571428572
2018-03-02,35.93,0.7,51.32857142857143
2018-03-05,36.23,0.7,51.75714285714285
2018-03-06,36.2,0.7,51.71428571428572
2018-03-07,36.3,0.7,51.857142857142854
2018-03-08,36.84,0.7,52.62857142857143
2018-03-09,37.28,0.7,53.25714285714286
2018-03-12,36.98,0.7,52.82857142857143
2018-03-13,36.68,0.7,52.400000000000006
2018-03-14,36.1,0.7,51.57142857142858
2018-03-15,34.67,0.7,49.52857142857143
2018-03-16,35.2,0.7,50.28571428571429
2018-03-19,35.26,0.7,50.371428571428574
2018-03-20,35.4,0.7,50.57142857142857
2018-03-21,35.3,0.7,50.42857142857143
2018-03-22,33.73,0.7,48.18571428571428
2018-03-23,32.51,0.7,46.44285714285714
2018-03-26,33.3,0.7,47.57142857142857
2018-03-27,32.67,0.7,46.67142857142858
2018-03-28,33.11,0.7,47.300000000000004
2018-03-29,33.53,0.7,47.900000000000006
2018-04-02,32.66,0.7,46.65714285714286
2018-04-03,33.43,0.7,47.75714285714286
2018-04-04,33.91,0.7,48.44285714285714
2018-04-05,34.8,0.7,49.714285714285715
2018-04-06,33.81,0.7,48.300000000000004
2018-04-09,33.86,0.7,48.371428571428574
2018-04-10,34.46,0.7,49.228571428571435
2018-04-11,34.24,0.7,48.91428571428572
2018-04-12,34.83,0.7,49.75714285714286
2018-04-13,34.07,0.7,48.67142857142858
2018-04-16,34.47,0.7,49.24285714285715
2018-04-17,34.57,0.7,49.385714285714286
2018-04-18,34.89,0.7,49.84285714285715
2018-04-19,35.35,0.7,50.50000000000001
2018-04-20,35.2,0.7,50.28571428571429
2018-04-23,34.73,0.7,49.614285714285714
2018-04-24,34.35,0.7,49.07142857142858
2018-04-25,33.29,0.7,47.55714285714286
2018-04-26,33.3,0.83,40.12048192771084
2018-04-27,33.11,0.83,39.89156626506024
2018-04-30,33.17,0.83,39.96385542168675
2018-05-01,33.08,0.83,39.855421686746986
2018-05-02,32.93,0.83,39.674698795180724
2018-05-03,32.13,0.83,38.71084337349398
2018-05-04,32.63,0.83,39.3132530120482
2018-05-07,32.72,0.83,39.42168674698795
2018-05-08,33.08,0.83,39.855421686746986
2018-05-09,33.73,0.83,40.63855421686747
2018-05-10,33.9,0.83,40.8433734939759
2018-05-11,34.11,0.83,41.096385542168676
2018-05-14,33.94,0.83,40.89156626506024
2018-05-15,34.21,0.83,41.216867469879524
2018-05-16,34.59,0.83,41.67469879518073
2018-05-17,34.93,0.83,42.08433734939759
2018-05-18,35.44,0.83,42.69879518072289
2018-05-21,35.72,0.83,43.036144578313255
2018-05-22,36.11,0.83,43.506024096385545
2018-05-23,36.12,0.83,43.51807228915663
2018-05-24,35.9,0.83,43.25301204819277
2018-05-25,35.61,0.83,42.903614457831324
2018-05-29,34.47,0.83,41.53012048192771
2018-05-30,35.02,0.83,42.19277108433735
2018-05-31,34.63,0.83,41.72289156626506
2018-06-01,35.04,0.83,42.21686746987952
2018-06-04,35.45,0.83,42.71084337349398
2018-06-05,35.0,0.83,42.16867469879518
2018-06-06,35.58,0.83,42.86746987951807
2018-06-07,35.55,0.83,42.83132530120482
2018-06-08,35.45,0.83,42.71084337349398
2018-06-11,35.26,0.83,42.48192771084337
2018-06-12,35.3,0.83,42.53012048192771
2018-06-13,34.94,0.83,42.096385542168676
2018-06-14,35.26,0.83,42.48192771084337
2018-06-15,35.22,0.83,42.433734939759034
2018-06-18,35.0,0.83,42.16867469879518
2018-06-19,34.81,0.83,41.939759036144586
2018-06-20,34.51,0.83,41.57831325301205
2018-06-21,34.22,0.83,41.2289156626506
2018-06-22,34.13,0.83,41.12048192771085
2018-06-25,33.82,0.83,40.746987951807235
2018-06-26,33.47,0.83,40.325301204819276
2018-06-27,33.0,0.83,39.75903614457832
2018-06-28,33.01,0.83,39.7710843373494
2018-06-29,33.38,0.83,40.216867469879524
2018-07-02,33.84,0.83,40.77108433734941
2018-07-03,33.5,0.83,40.36144578313253
2018-07-05,33.6,0.83,40.48192771084338
2018-07-06,33.7,0.83,40.60240963855422
2018-07-09,34.86,0.83,42.0
2018-07-10,34.85,0.83,41.98795180722892
2018-07-11,34.8,0.83,41.92771084337349
2018-07-12,32.96,0.83,39.71084337349398
2018-07-13,32.44,0.83,39.084337349397586
2018-07-16,32.56,0.83,39.22891566265061
2018-07-17,32.82,0.83,39.5421686746988
2018-07-18,33.41,0.83,40.25301204819277
2018-07-19,33.24,0.83,40.048192771084345
2018-07-20,32.81,0.83,39.53012048192772
2018-07-23,33.51,0.83,40.373493975903614
2018-07-24,33.82,0.83,40.746987951807235
2018-07-25,33.44,0.83,40.28915662650602
2018-07-26,30.0,0.83,36.144578313253014
2018-07-27,29.92,0.92,32.52173913043478
2018-07-30,29.51,0.92,32.07608695652174
2018-07-31,28.94,0.92,31.456521739130434
2018-08-01,29.2,0.92,31.739130434782606
2018-08-02,29.69,0.92,32.27173913043478
2018-08-03,29.85,0.92,32.44565217391305
2018-08-06,29.65,0.92,32.22826086956521
2018-08-07,30.09,0.92,32.70652173913043
2018-08-08,30.05,0.92,32.66304347826087
2018-08-09,29.98,0.92,32.58695652173913
2018-08-10,29.41,0.92,31.967391304347824
2018-08-13,29.19,0.92,31.72826086956522
2018-08-14,30.01,0.92,32.619565217391305
2018-08-15,29.86,0.92,32.45652173913043
2018-08-16,30.43,0.92,33.076086956521735
2018-08-17,30.37,0.92,33.01086956521739
2018-08-20,31.07,0.92,33.77173913043478
2018-08-21,31.17,0.92,33.880434782608695
2018-08-22,31.7,0.92,34.45652173913043
2018-08-23,31.27,0.92,33.98913043478261
2018-08-24,31.36,0.92,34.086956521739125
2018-08-27,31.83,0.92,34.597826086956516
2018-08-28,31.82,0.92,34.58695652173913
2018-08-29,31.68,0.92,34.43478260869565
2018-08-30,31.61,0.92,34.358695652173914
2018-08-31,31.67,0.92,34.42391304347826
2018-09-04,31.88,0.92,34.65217391304348
2018-09-05,32.01,0.92,34.79347826086956
2018-09-06,31.8,0.92,34.565217391304344
2018-09-07,31.73,0.92,34.48913043478261
2018-09-10,32.18,0.92,34.97826086956522
2018-09-11,32.44,0.92,35.26086956521739
2018-09-12,32.29,0.92,35.097826086956516
2018-09-13,32.21,0.92,35.01086956521739
2018-09-14,32.59,0.92,35.423913043478265
2018-09-17,32.5,0.92,35.326086956521735
2018-09-18,32.98,0.92,35.847826086956516
2018-09-19,33.39,0.92,36.29347826086956
2018-09-20,33.6,0.92,36.52173913043478
2018-09-21,33.47,0.92,36.380434782608695
2018-09-24,33.04,0.92,35.91304347826087
2018-09-25,32.98,0.92,35.847826086956516
2018-09-26,31.91,0.92,34.68478260869565
2018-09-27,31.57,0.92,34.315217391304344
2018-09-28,31.08,0.92,33.78260869565217
2018-10-01,31.48,0.92,34.21739130434783
2018-10-02,31.34,0.92,34.065217391304344
2018-10-03,31.78,0.92,34.54347826086956
2018-10-04,31.5,0.92,34.23913043478261
2018-10-05,31.31,0.92,34.03260869565217
2018-10-08,31.33,0.92,34.05434782608695
2018-10-09,31.15,0.92,33.85869565217391
2018-10-10,30.52,0.92,33.17391304347826
2018-10-11,29.73,0.92,32.315217391304344
2018-10-12,29.84,0.92,32.43478260869565
2018-10-15,29.73,0.92,32.315217391304344
2018-10-16,30.19,0.92,32.81521739130435
2018-10-17,30.07,0.92,32.68478260869565
2018-10-18,29.64,0.92,32.21739130434783
2018-10-19,31.36,0.92,34.086956521739125
2018-10-22,29.47,0.92,32.03260869565217
2018-10-23,29.58,0.92,32.15217391304348
2018-10-24,28.56,0.92,31.043478260869563
2018-10-25,28.83,0.91,31.68131868131868
2018-10-26,27.98,0.91,30.747252747252748
2018-10-29,28.01,0.91,30.78021978021978
2018-10-30,28.74,0.91,31.58241758241758
2018-10-31,28.88,0.91,31.736263736263734
2018-11-01,29.44,0.91,32.35164835164835
2018-11-02,26.43,0.91,29.043956043956044
2018-11-05,26.72,0.91,29.36263736263736
2018-11-06,26.87,0.91,29.52747252747253
2018-11-07,27.35,0.91,30.054945054945055
2018-11-08,27.48,0.91,30.197802197802197
2018-11-09,27.62,0.91,30.35164835164835
2018-11-12,27.21,0.91,29.9010989010989
2018-11-13,27.65,0.91,30.384615384615383
2018-11-14,26.92,0.91,29.582417582417584
2018-11-15,26.51,0.91,29.13186813186813
2018-11-16,25.91,0.91,28.47252747252747
2018-11-19,25.53,0.91,28.054945054945055
2018-11-20,25.32,0.91,27.824175824175825
2018-11-21,25.66,0.91,28.197802197802197
2018-11-23,25.56,0.91,28.087912087912084
2018-11-26,25.95,0.91,28.516483516483515
2018-11-27,26.08,0.91,28.659340659340657
2018-11-28,26.42,0.91,29.032967032967033
2018-11-29,25.97,0.91,28.538461538461537
2018-11-30,25.98,0.91,28.549450549450547
2018-12-03,25.81,0.91,28.36263736263736
2018-12-04,24.9,0.91,27.36263736263736
2018-12-06,25.14,0.91,27.626373626373628
2018-12-07,25.36,0.91,27.868131868131865
2018-12-10,24.96,0.91,27.428571428571427
2018-12-11,24.4,0.91,26.81318681318681
2018-12-12,24.55,0.91,26.978021978021978
2018-12-13,24.18,0.91,26.57142857142857
2018-12-14,24.1,0.91,26.483516483516485
2018-12-17,23.49,0.91,25.81318681318681
2018-12-18,23.53,0.91,25.857142857142858
2018-12-19,23.2,0.91,25.494505494505493
2018-12-20,22.99,0.91,25.263736263736263
2018-12-21,22.5,0.91,24.725274725274723
2018-12-24,22.17,0.91,24.362637362637365
2018-12-26,23.14,0.91,25.428571428571427
2018-12-27,23.42,0.91,25.736263736263737
2018-12-28,23.5,0.91,25.824175824175825
2018-12-31,23.46,0.91,25.78021978021978
2019-01-02,24.27,0.91,26.670329670329668
2019-01-03,24.09,0.91,26.47252747252747
2019-01-04,25.24,0.91,27.736263736263734
2019-01-07,25.37,0.91,27.87912087912088
2019-01-08,25.42,0.91,27.934065934065934
2019-01-09,25.99,0.91,28.56043956043956
2019-01-10,25.75,0.91,28.296703296703296
2019-01-11,26.02,0.91,28.59340659340659
2019-01-14,25.85,0.91,28.40659340659341
2019-01-15,25.77,0.91,28.318681318681318
2019-01-16,26.38,0.91,28.989010989010985
2019-01-17,26.35,0.91,28.956043956043956
2019-01-18,26.28,0.91,28.87912087912088
2019-01-22,26.55,0.91,29.175824175824175
2019-01-23,29.4,0.91,32.30769230769231
2019-01-24,29.81,0.91,32.75824175824176
2019-01-25,29.79,0.91,32.73626373626374
2019-01-28,29.98,0.91,32.94505494505494
2019-01-29,29.65,0.91,32.58241758241758
2019-01-30,30.07,0.91,33.043956043956044
2019-01-31,30.04,0.91,33.01098901098901
2019-02-01,29.69,0.91,32.62637362637363
2019-02-04,29.72,0.91,32.65934065934066
2019-02-05,29.99,0.91,32.956043956043956
2019-02-06,30.11,0.91,33.08791208791209
2019-02-07,30.11,0.91,33.08791208791209
2019-02-08,29.94,0.91,32.9010989010989
2019-02-11,30.37,0.91,33.37362637362637
2019-02-12,30.44,0.91,33.45054945054945
2019-02-13,30.77,0.91,33.81318681318681
2019-02-14,30.83,0.91,33.879120879120876
2019-02-15,31.75,1.08675,29.215550954681387
2019-02-19,31.76,1.08675,29.22475270301357
2019-02-20,31.79,1.08675,29.25235794801012
2019-02-21,31.78,1.08675,29.243156199677937
2019-02-22,31.88,1.08675,29.335173682999766
2019-02-25,31.83,1.08675,29.28916494133885
2019-02-26,32.01,1.08675,29.454796411318146
2019-02-27,32.02,1.08675,29.463998159650334
2019-02-28,32.61,1.08675,30.006901311249134
2019-03-01,32.46,1.08675,29.86887508626639
2019-03-04,32.46,1.08675,29.86887508626639
2019-03-05,32.22,1.08675,29.648033126293992
2019-03-06,31.89,1.08675,29.34437543133195
2019-03-07,31.5,1.08675,28.98550724637681
2019-03-08,31.54,1.08675,29.02231423970554
2019-03-11,32.02,1.08675,29.463998159650334
2019-03-12,32.21,1.08675,29.63883137796181
2019-03-13,32.92,1.08675,30.292155509546813
2019-03-14,32.84,1.08675,30.21854152288935
2019-03-15,33.31,1.08675,30.651023694501955
2019-03-18,33.24,1.08675,30.586611456176673
2019-03-19,33.08,1.08675,30.43938348286174
2019-03-20,32.45,1.08675,29.859673337934208
2019-03-21,32.91,1.08675,30.282953761214625
2019-03-22,31.83,1.08675,29.28916494133885
2019-03-25,31.39,1.08675,28.884288014722795
2019-03-26,31.77,1.08675,29.233954451345753
2019-03-27,31.63,1.08675,29.10512997469519
2019-03-28,31.83,1.08675,29.28916494133885
2019-03-29,31.9,1.08675,29.353577179664132
2019-04-01,32.58,1.08675,29.979296066252584
2019-04-02,32.42,1.08675,29.832068092937657
2019-04-03,32.35,1.08675,29.767655854612375
2019-04-04,32.5,1.08675,29.90568207959512
2019-04-05,32.31,1.08675,29.730848861283643
2019-04-08,32.54,1.08675,29.942489072923852
2019-04-09,32.27,1.08675,29.694041867954912
2019-04-10,32.55,1.08675,29.951690821256033
2019-04-11,32.62,1.08675,30.016103059581315
2019-04-12,33.0,1.08675,30.365769496204276
2019-04-15,32.95,1.08675,30.319760754543363
2019-04-16,33.16,1.08675,30.512997469519203
2019-04-17,33.24,1.08675,30.586611456176673
2019-04-18,33.34,1.08675,30.678628939498505
2019-04-22,33.55,1.08675,30.871865654474345
2019-04-23,33.46,1.08675,30.7890499194847
2019-04-24,33.53,1.08675,30.853462157809982
2019-04-25,33.5,1.56157,21.452768687923054
2019-04-26,34.4,1.56157,22.02911172730009
2019-04-29,34.41,1.56157,22.03551553884872
2019-04-30,34.67,1.56157,22.2020146391132
2019-05-01,34.16,1.56157,21.87542025013288
2019-05-02,34.15,1.56157,21.869016438584246
2019-05-03,34.34,1.56157,21.99068885800829
2019-05-06,34.29,1.56157,21.95866980026512
2019-05-07,34.0,1.56157,21.77295926535474
2019-05-08,33.82,1.56157,21.657690657479332
2019-05-09,34.4,1.56157,22.02911172730009
2019-05-10,35.01,1.56157,22.41974423176675
2019-05-13,33.99,1.56157,21.76655545380611
2019-05-14,34.77,1.56157,22.266052754599542
2019-05-15,34.86,1.56157,22.323687058537242
2019-05-16,35.24,1.56157,22.567031897385327
2019-05-17,34.91,1.56157,22.35570611628041
2019-05-20,35.0,1.56157,22.413340420218116
2019-05-21,35.15,1.56157,22.50939759344762
2019-05-22,35.24,1.56157,22.567031897385327
2019-05-23,34.75,1.56157,22.253245131502272
2019-05-24,34.81,1.56157,22.291668000794076
2019-05-28,34.6,1.56157,22.157187958272765
2019-05-29,34.37,1.56157,22.009900292654187
2019-05-30,34.23,1.56157,21.920246930973313
2019-05-31,33.63,1.56157,21.536018238055295
2019-06-03,33.3,1.56157,21.324692456950377
2019-06-04,33.94,1.56157,21.734536396062936
2019-06-05,34.07,1.56157,21.817785946195176
2019-06-06,34.33,1.56157,21.984285046459654
2019-06-07,33.78,1.56157,21.6320754112848
2019-06-10,33.32,1.56157,21.337500080047647
2019-06-11,34.05,1.56157,21.804978323097906
2019-06-12,33.79,1.56157,21.638479222833432
2019-06-13,33.98,1.56157,21.760151642257473
2019-06-14,33.95,1.56157,21.740940207611573
2019-06-17,34.01,1.56157,21.779363076903373
2019-06-18,34.44,1.56157,22.054726973494624
2019-06-19,33.84,1.56157,21.670498280576602
2019-06-20,34.24,1.56157,21.92665074252195
2019-06-21,34.31,1.56157,21.971477423362387
2019-06-24,33.99,1.56157,21.76655545380611
2019-06-25,33.9,1.56157,21.708921149868402
2019-06-26,34.23,1.56157,21.920246930973313
2019-06-27,34.29,1.56157,21.95866980026512
2019-06-28,34.67,1.56157,22.2020146391132
2019-07-01,35.07,1.56157,22.458167101058553
2019-07-02,35.19,1.56157,22.535012839642157
2019-07-03,35.53,1.56157,22.752742432295705
2019-07-05,35.61,1.56157,22.803972924684775
2019-07-08,35.7,1.56157,22.86160722862248
2019-07-09,35.76,1.56157,22.90003009791428
2019-07-10,35.52,1.56157,22.74633862074707
2019-07-11,35.64,1.56157,22.823184359330675
2019-07-12,35.96,1.56157,23.028106328886956
2019-07-15,35.84,1.56157,22.951260590303352
2019-07-16,36.03,1.56157,23.072933009727393
2019-07-17,35.54,1.56157,22.759146243844338
2019-07-18,36.09,1.56157,23.111355879019197
2019-07-19,35.05,1.56157,22.445359477961283
2019-07-22,35.34,1.56157,22.631070012871664
2019-07-23,36.08,1.56157,23.10495206747056
2019-07-24,36.59,1.56157,23.43154645645088
2019-07-25,36.51,1.24253,29.383596371918586
2019-07-26,36.6,1.24253,29.456029230682564
2019-07-29,36.35,1.24253,29.25482684522708
2019-07-30,36.19,1.24253,29.12605731853557
2019-07-31,35.88,1.24253,28.876566360570774
2019-08-01,35.52,1.24253,28.586834925514882
2019-08-02,35.06,1.24253,28.216622536276795
2019-08-05,33.74,1.24253,27.15427394107185
2019-08-06,34.27,1.24253,27.580822998237473
2019-08-07,34.41,1.24253,27.693496334092536
2019-08-08,35.01,1.24253,28.176382059185695
2019-08-09,35.26,1.24253,28.377584444641176
2019-08-12,33.9,1.24253,27.283043467763356
2019-08-13,34.68,1.24253,27.91079491038446
2019-08-14,32.84,1.24253,26.429945353432114
2019-08-15,32.76,1.24253,26.365560590086357
2019-08-16,33.43,1.24253,26.90478298310705
2019-08-19,33.46,1.24253,26.928927269361708
2019-08-20,32.94,1.24253,26.510426307614303
2019-08-21,33.04,1.24253,26.5909072617965
2019-08-22,32.88,1.24253,26.462137735104992
2019-08-23,31.55,1.24253,25.391741044481826
2019-08-26,31.83,1.24253,25.617087716191964
2019-08-27,31.39,1.24253,25.262971517790316
2019-08-28,31.97,1.24253,25.729761052047035
2019-08-29,32.26,1.24253,25.96315581917539
2019-08-30,32.05,1.24253,25.79414581539279
2019-09-03,31.74,1.24253,25.54465485742799
2019-09-04,32.3,1.24253,25.99534820084827
2019-09-05,33.28,1.24253,26.784061551833762
2019-09-06,32.88,1.24253,26.462137735104992
2019-09-09,33.71,1.24253,27.13012965481719
2019-09-10,33.8,1.24253,27.20256251358116
2019-09-11,33.93,1.24253,27.307187754018013
2019-09-12,33.85,1.24253,27.24280299067226
2019-09-13,34.18,1.24253,27.508390139473494
2019-09-16,33.89,1.24253,27.27499537234514
2019-09-17,33.96,1.24253,27.331332040272674
2019-09-18,34.08,1.24253,27.427909185291302
2019-09-19,34.04,1.24253,27.395716803618424
2019-09-20,33.86,1.24253,27.250851086090478
2019-09-23,34.12,1.24253,27.460101566964177
2019-09-24,33.67,1.24253,27.097937273144314
2019-09-25,33.85,1.24253,27.24280299067226
2019-09-26,33.66,1.24253,27.08988917772609
2019-09-27,33.62,1.24253,27.057696796053214
2019-09-30,34.09,1.24253,27.435957280709523
2019-10-01,33.15,1.24253,26.67943631139691
2019-10-02,32.17,1.24253,25.890722960411424
2019-10-03,32.25,1.24253,25.955107723757173
2019-10-04,32.64,1.24253,26.268983445067725
2019-10-07,32.42,1.24253,26.091925345866905
2019-10-08,31.4,1.24253,25.271019613208534
2019-10-09,32.15,1.24253,25.87462676957498
2019-10-10,32.49,1.24253,26.14826201379444
2019-10-11,33.04,1.24253,26.5909072617965
2019-10-14,33.12,1.24253,26.65529202514225
2019-10-15,33.69,1.24253,27.11403346398075
2019-10-16,33.49,1.24253,26.95307155561637
2019-10-17,33.98,1.24253,27.347428231109106
2019-10-18,34.29,1.24253,27.59691918907391
2019-10-21,35.06,1.24253,28.216622536276795
2019-10-22,34.97,1.24253,28.144189677512816
2019-10-23,35.09,1.24253,28.24076682253145
2019-10-24,35.01,1.24253,28.176382059185695
2019-10-25,35.29,1.59589,22.113052904648814
2019-10-28,35.68,1.59589,22.357430649982142
2019-10-29,35.79,1.59589,22.426357706358207
2019-10-30,35.59,1.59589,22.301035785674454
2019-10-31,35.37,1.59589,22.163181672922317
2019-11-01,35.74,1.59589,22.39502722618727
2019-11-04,36.2,1.59589,22.68326764375991
2019-11-05,36.28,1.59589,22.73339641203341
2019-11-06,36.82,1.59589,23.07176559787955
2019-11-07,36.96,1.59589,23.159490942358183
2019-11-08,36.94,1.59589,23.146958750289805
2019-11-11,36.89,1.59589,23.11562827011887
2019-11-12,36.89,1.59589,23.11562827011887
2019-11-13,36.56,1.59589,22.90884710099067
2019-11-14,36.73,1.59589,23.01537073357186
2019-11-15,37.05,1.59589,23.21588580666587
2019-11-18,37.11,1.59589,23.253482382871
2019-11-19,36.92,1.59589,23.13442655822143
2019-11-20,36.56,1.59589,22.90884710099067
2019-11-21,36.77,1.59589,23.040435117708615
2019-11-22,36.9,1.59589,23.121894366153054
2019-11-25,37.33,1.59589,23.39133649562313
2019-11-26,37.39,1.59589,23.428933071828258
2019-11-27,37.38,1.59589,23.422666975794073
2019-11-29,37.41,1.59589,23.44146526389663
2019-12-02,37.14,1.59589,23.272280670973565
2019-12-03,36.82,1.59589,23.07176559787955
2019-12-04,37.48,1.59589,23.485327936135945
2019-12-05,37.49,1.59589,23.491594032170138
2019-12-06,37.76,1.59589,23.660778625093208
2019-12-09,37.56,1.59589,23.53545670440945
2019-12-10,37.42,1.59589,23.447731359930824
2019-12-11,37.14,1.59589,23.272280670973565
2019-12-12,37.69,1.59589,23.61691595285389
2019-12-13,37.69,1.59589,23.61691595285389
2019-12-16,37.18,1.59589,23.297345055110313
2019-12-17,36.91,1.59589,23.128160462187243
2019-12-18,36.79,1.59589,23.05296730977699
2019-12-19,36.44,1.59589,22.833653948580412
2019-12-20,36.74,1.59589,23.021636829606052
2019-12-23,36.33,1.59589,22.764726892204347
2019-12-24,36.32,1.59589,22.758460796170162
2019-12-26,36.26,1.59589,22.720864219965033
2019-12-27,36.29,1.59589,22.739662508067596
2019-12-30,36.05,1.59589,22.58927620324709
2019-12-31,36.01,1.59589,22.564211819110337
2020-01-02,36.21,1.59589,22.689533739794097
2020-01-03,35.69,1.59589,22.363696746016327
2020-01-06,35.68,1.59589,22.357430649982142
2020-01-07,35.18,1.59589,22.04412584827275
2020-01-08,35.45,1.59589,22.213310441195823
2020-01-09,35.43,1.59589,22.200778249127445
2020-01-10,35.47,1.59589,22.225842633264197
2020-01-13,35.41,1.59589,22.188246057059068
2020-01-14,35.4,1.59589,22.181979961024883
2020-01-15,35.2,1.59589,22.056658040341127
2020-01-16,35.48,1.59589,22.232108729298382
2020-01-17,35.76,1.59589,22.40755941825564
2020-01-21,35.72,1.59589,22.382495034118893
2020-01-22,36.42,1.59589,22.821121756512042
2020-01-23,36.2,1.59589,22.68326764375991
2020-01-24,32.63,1.59589,20.446271359554856
2020-01-27,32.2,1.59589,20.17682923008478
2020-01-28,32.57,1.59589,20.408674783349728
2020-01-29,32.64,1.59589,20.452537455589045
2020-01-30,33.12,1.59589,20.753310065230057
2020-01-31,32.41,1.59589,20.308417246802723
2020-02-03,32.42,1.59589,20.31468334283691
2020-02-04,32.65,1.59589,20.45880355162323
2020-02-05,33.43,1.59589,20.947559042289882
2020-02-06,33.19,1.59589,20.797172737469374
2020-02-07,33.19,1.59589,20.797172737469374
2020-02-10,33.27,1.59589,20.84730150574288
2020-02-11,33.33,1.59589,20.884898081948002
2020-02-12,33.58,1.59589,21.0415504828027
2020-02-13,33.82,1.14721,29.480217222653216
2020-02-14,33.75,1.14721,29.419199623434242
2020-02-18,33.27,1.14721,29.00079322878985
2020-02-19,33.37,1.14721,29.087961227674093
2020-02-20,33.64,1.14721,29.32331482466157
2020-02-21,33.33,1.14721,29.053094028120395
2020-02-24,32.25,1.14721,28.1116796401705
2020-02-25,30.76,1.14721,26.81287645679518
2020-02-26,30.59,1.14721,26.664690858691955
2020-02-27,29.68,1.14721,25.871462068845283
2020-02-28,29.1,1.14721,25.36588767531664
2020-03-02,30.39,1.14721,26.490354860923457
2020-03-03,28.87,1.14721,25.165401277882864
2020-03-04,30.14,1.14721,26.27243486371283
2020-03-05,29.26,1.14721,25.50535647353144
2020-03-06,28.25,1.14721,24.624959684800515
2020-03-09,25.02,1.14721,21.80943332083925
2020-03-10,26.27,1.14721,22.89903330689237
2020-03-11,24.49,1.14721,21.347442926752727
2020-03-12,21.67,1.14721,18.88930535821689
2020-03-13,24.13,1.14721,21.03363813076943
2020-03-16,17.85,1.14721,15.559487800838557
2020-03-17,17.46,1.14721,15.219532605189983
2020-03-18,13.93,1.14721,12.14250224457597
2020-03-19,14.6,1.14721,12.726527837100443
2020-03-20,13.41,1.14721,11.689228650377872
2020-03-23,12.8,1.14721,11.15750385718395
2020-03-24,14.74,1.14721,12.848563035538392
2020-03-25,16.66,1.14721,14.522188614115985
2020-03-26,19.03,1.14721,16.588070187672702
2020-03-27,17.1,1.14721,14.905727809206684
2020-03-30,16.77,1.14721,14.61807341288866
2020-03-31,16.09,1.14721,14.025331020475763
2020-04-01,14.51,1.14721,12.648076638104618
2020-04-02,14.31,1.14721,12.47374064033612
2020-04-03,13.25,1.14721,11.549759852163072
2020-04-06,15.49,1.14721,13.502323027170265
2020-04-07,16.12,1.14721,14.051481420141037
2020-04-08,16.82,1.14721,14.661657412330785
2020-04-09,17.62,1.14721,15.359001403404783
2020-04-13,16.22,1.14721,14.138649419025286
2020-04-14,15.9,1.14721,13.859711822595688
2020-04-15,14.95,1.14721,13.031615833195316
2020-04-16,14.17,1.14721,12.35170544189817
2020-04-17,15.62,1.14721,13.615641425719788
2020-04-20,15.59,1.14721,13.589491026054514
2020-04-21,15.17,1.14721,13.223385430740665
2020-04-22,16.05,1.46103,10.985400710457691
2020-04-23,16.1,1.46103,11.019623142577498
2020-04-24,16.97,1.46103,11.615093461462118
2020-04-27,17.62,1.46103,12.059985079019595
2020-04-28,18.74,1.46103,12.826567558503246
2020-04-29,21.05,1.46103,14.40764392243828
2020-04-30,19.79,1.46103,13.54523863301917
2020-05-01,18.51,1.46103,12.669144370752141
2020-05-04,18.43,1.46103,12.61438847936045
2020-05-05,18.0,1.46103,12.32007556313012
2020-05-06,17.3,1.46103,11.840961513452838
2020-05-07,17.99,1.46103,12.313231076706158
2020-05-08,18.62,1.46103,12.744433721415714
2020-05-11,17.73,1.46103,12.135274429683168
2020-05-12,16.98,1.46103,11.62193794788608
2020-05-13,15.87,1.46103,10.862199954826389
2020-05-14,17.07,1.46103,11.683538325701731
2020-05-15,16.54,1.46103,11.320780545231788
2020-05-18,17.96,1.46103,12.292697617434277
2020-05-19,17.63,1.46103,12.066829565443555
2020-05-20,18.11,1.46103,12.395364913793692
2020-05-21,18.13,1.46103,12.409053886641615
2020-05-22,17.85,1.46103,12.217408266770704
2020-05-26,19.48,1.46103,13.333059553876375
2020-05-27,21.35,1.46103,14.612978515157115
2020-05-28,21.24,1.46103,14.53768916449354
2020-05-29,20.37,1.46103,13.94221884560892
2020-06-01,21.1,1.46103,14.441866354558087
2020-06-02,22.07,1.46103,15.10578153768232
2020-06-03,23.69,1.46103,16.21458833836403
2020-06-04,24.33,1.46103,16.652635469497543
2020-06-05,25.52,1.46103,17.467129353948927
2020-06-08,26.87,1.46103,18.391135021183686
2020-06-09,25.86,1.46103,17.699841892363605
2020-06-10,24.37,1.46103,16.68001341519339
2020-06-11,22.15,1.46103,15.160537429074008
2020-06-12,23.77,1.46103,16.26934422975572
2020-06-15,24.389999,1.46103,16.69370170359267
2020-06-16,25.16,1.46103,17.220727842686323
2020-06-17,24.75,1.46103,16.940103899303914
2020-06-18,24.25,1.46103,16.597879578105857
2020-06-19,23.77,1.46103,16.26934422975572
2020-06-22,23.790001,1.46103,16.283033887052284
2020-06-23,23.92,1.46103,16.372011526115138
2020-06-24,22.09,1.46103,15.119470510530242
2020-06-25,22.75,1.46103,15.571206614511679
2020-06-26,21.389999,1.46103,14.640355776404316
2020-06-29,21.950001,1.46103,15.023648385043428
2020-06-30,22.16,1.46103,15.16738191549797
2020-07-01,21.610001,1.46103,14.790935846628749
2020-07-02,21.860001,1.46103,14.962048007227777
2020-07-06,22.799999,1.46103,15.605428362182844
2020-07-07,21.790001,1.46103,14.914136602260049
2020-07-08,22.32,1.46103,15.276893698281349
2020-07-09,21.34,1.46103,14.606134028733154
2020-07-10,22.559999,1.46103,15.441160688007775
2020-07-13,22.690001,1.46103,15.530140380416555
2020-07-14,22.450001,1.46103,15.365872706241486
2020-07-15,23.639999,1.46103,16.180365221795583
2020-07-16,23.75,1.46103,16.255655256907797
2020-07-17,23.209999,1.46103,15.88605230556525
2020-07-20,22.379999,1.46103,15.317959932376475
2020-07-21,22.639999,1.46103,15.495916579399465
2020-07-22,22.92,1.46103,15.687562883719021
2020-07-23,23.389999,0.72457,32.28121368535821
2020-07-24,23.559999,0.72457,32.51583559904495
2020-07-27,23.74,0.72457,32.76426018190099
2020-07-28,23.08,0.72457,31.853375105234825
2020-07-29,23.780001,0.72457,32.81946671819148
2020-07-30,23.17,0.72457,31.977586706598398
2020-07-31,22.129999,0.72457,30.54225126626827
2020-08-03,22.719999,0.72457,31.356527319651654
2020-08-04,22.65,0.72457,31.25991967649778
2020-08-05,23.33,0.72457,32.19840733124473
2020-08-06,23.09,0.72457,31.867176394275223
2020-08-07,23.690001,0.72457,32.69525511682791
2020-08-10,24.59,0.72457,33.93736975033468
2020-08-11,25.1,0.72457,34.641235491394895
2020-08-12,24.74,0.72457,34.144389085940624
2020-08-13,24.700001,0.72457,34.08918530990795
2020-08-14,24.93,0.72457,34.40661357770816
2020-08-17,24.35,0.72457,33.60613881336517
2020-08-18,23.98,0.72457,33.0954911188705
2020-08-19,24.110001,0.72457,33.27490925652456
2020-08-20,23.940001,0.72457,33.040287342837814
2020-08-21,23.91,0.72457,32.998882095587724
