date,FTV,FTV_SHE,PB Ratio
2016-07-05,16844760000.0,,
2016-07-06,16550150000.0,,
2016-07-07,16546684000.0,,
2016-07-08,17399320000.0,,
2016-07-11,17718192000.0,,
2016-07-12,17527562000.0,,
2016-07-13,17544892000.0,,
2016-07-14,17874162000.0,,
2016-07-15,17756318000.0,,
2016-07-18,17777114000.0,,
2016-07-19,17867230000.0,,
2016-07-20,17447844000.0,,
2016-07-21,17413184000.0,,
2016-07-22,17122040000.0,,
2016-07-25,16976467999.999998,,
2016-07-26,17080448000.0,,
2016-07-27,16955672000.0,,
2016-07-28,16862090000.0,,
2016-07-29,16709586000.0,,
2016-08-01,16567479999.999998,,
2016-08-02,16463500000.0,2369300000.0,6.948676824378508
2016-08-03,17080448000.0,2369300000.0,7.209069345376271
2016-08-04,17340398000.0,2369300000.0,7.318785295234879
2016-08-05,17531028000.0,2369300000.0,7.399243658464526
2016-08-08,17347330000.0,2369300000.0,7.321711053897776
2016-08-09,17489436000.0,2369300000.0,7.381689106487148
2016-08-10,17485970000.0,2369300000.0,7.3802262271557
2016-08-11,18213830000.0,2369300000.0,7.6874308867598025
2016-08-12,18269286000.0,2369300000.0,7.710836956062972
2016-08-15,18598556000.0,2369300000.0,7.849810492550542
2016-08-16,18560430000.0,2369300000.0,7.833718819904613
2016-08-17,18511906000.0,2369300000.0,7.813238509264339
2016-08-18,18425256000.0,2369300000.0,7.776666525978137
2016-08-19,17995472000.0,2369300000.0,7.5952694888785715
2016-08-22,17766716000.0,2369300000.0,7.498719453002996
2016-08-23,17988540000.0,2369300000.0,7.592343730215675
2016-08-24,17804842000.0,2369300000.0,7.514811125648926
2016-08-25,17891492000.0,2369300000.0,7.551383108935129
2016-08-26,17978142000.0,2369300000.0,7.587955092221331
2016-08-29,18165306000.0,2369300000.0,7.666950576119529
2016-08-30,18234626000.0,2369300000.0,7.6962081627484915
2016-08-31,18255422000.0,2369300000.0,7.70498543873718
2016-09-01,18241558000.0,2369300000.0,7.699133921411387
2016-09-02,18501508000.0,2369300000.0,7.808849871269995
2016-09-06,18276218000.0,2369300000.0,7.713762714725869
2016-09-07,18349004000.0,2369300000.0,7.744483180686279
2016-09-08,18137578000.0,2369300000.0,7.655247541467944
2016-09-09,17520630000.0,2369300000.0,7.394855020470181
2016-09-12,17749386000.0,2369300000.0,7.491405056345756
2016-09-13,17343864000.0,2369300000.0,7.320248174566328
2016-09-14,17336932000.0,2369300000.0,7.317322415903432
2016-09-15,17499834000.0,2369300000.0,7.386077744481493
2016-09-16,17420116000.0,2369300000.0,7.352431519858186
2016-09-19,17600348000.0,2369300000.0,7.4285012450934875
2016-09-20,17416650000.0,2369300000.0,7.350968640526738
2016-09-21,17669668000.0,2369300000.0,7.457758831722449
2016-09-22,17898424000.0,2369300000.0,7.554308867598024
2016-09-23,17635008000.0,2369300000.0,7.443130038407968
2016-09-26,17752852000.0,2369300000.0,7.4928679356772045
2016-09-27,17888026000.0,2369300000.0,7.54992022960368
2016-09-28,17926152000.0,2369300000.0,7.56601190224961
2016-09-29,17572620000.0,2369300000.0,7.416798210441903
2016-09-30,17641940000.0,2369300000.0,7.446055797070865
2016-10-03,17847747000.0,2369300000.0,7.53291984974465
2016-10-04,17646313000.0,2369300000.0,7.447901489891529
2016-10-05,17691462000.0,2369300000.0,7.466957329168953
2016-10-06,17608110000.0,2369300000.0,7.431777318195247
2016-10-07,17340689000.0,2369300000.0,7.318908116321277
2016-10-10,17347635000.0,2369300000.0,7.321839783902418
2016-10-11,17094106000.0,2369300000.0,7.214833917190732
2016-10-12,17014227000.0,2369300000.0,7.181119740007597
2016-10-13,16955186000.0,2369300000.0,7.1562005655678895
2016-10-14,17177458000.0,2369300000.0,7.250013928164437
2016-10-17,17038538000.0,2369300000.0,7.191380576541595
2016-10-18,17048957000.000002,2369300000.0,7.1957780779133085
2016-10-19,17153147000.0,2369300000.0,7.23975309163044
2016-10-20,16913510000.000002,2369300000.0,7.1386105600810374
2016-10-21,16903091000.0,2369300000.0,7.1342130587093235
2016-10-24,16861414999.999998,2369300000.0,7.11662305322247
2016-10-25,16642616000.0,2369300000.0,7.0242755244164945
2016-10-26,16590521000.000002,2369300000.0,7.002288017557929
2016-10-27,16493277000.0,2556000000.0,6.452768779342723
2016-10-28,17437933000.0,2556000000.0,6.822352503912363
2016-10-31,17729665000.0,2556000000.0,6.936488654147105
2016-11-01,17535177000.0,2556000000.0,6.860397887323944
2016-11-02,17476136000.0,2556000000.0,6.837298904538341
2016-11-03,17705354000.0,2556000000.0,6.92697730829421
2016-11-04,17750503000.0,2556000000.0,6.94464123630673
2016-11-07,17986667000.0,2556000000.0,7.03703716744914
2016-11-08,18285345000.0,2556000000.0,7.153890845070422
2016-11-09,18566658000.0,2556000000.0,7.263950704225352
2016-11-10,18823660000.0,2556000000.0,7.364499217527387
2016-11-11,18545820000.0,2556000000.0,7.255798122065728
2016-11-14,18691686000.0,2556000000.0,7.312866197183099
2016-11-15,18795876000.0,2556000000.0,7.353629107981221
2016-11-16,18907012000.0,2556000000.0,7.3971095461658845
2016-11-17,18927850000.0,2556000000.0,7.405262128325509
2016-11-18,18972999000.0,2556000000.0,7.422926056338028
2016-11-21,19042459000.0,2556000000.0,7.4501013302034425
2016-11-22,19230001000.0,2556000000.0,7.5234745696400624
2016-11-23,19379340000.0,2556000000.0,7.581901408450705
2016-11-25,19438381000.0,2556000000.0,7.605000391236307
2016-11-28,19306407000.0,2556000000.0,7.553367370892019
2016-11-29,19198744000.0,2556000000.0,7.511245696400626
2016-11-30,19098027000.0,2556000000.0,7.471841549295775
2016-12-01,18820187000.0,2556000000.0,7.363140453834116
2016-12-02,18920904000.0,2556000000.0,7.402544600938967
2016-12-05,18722943000.0,2556000000.0,7.3250950704225355
2016-12-06,18754200000.0,2556000000.0,7.337323943661972
2016-12-07,18837552000.0,2556000000.0,7.369934272300469
2016-12-08,18643064000.0,2556000000.0,7.293843505477308
2016-12-09,18754200000.0,2556000000.0,7.337323943661972
2016-12-12,18750727000.0,2556000000.0,7.335965179968701
2016-12-13,18702105000.0,2556000000.0,7.316942488262911
2016-12-14,18841025000.0,2556000000.0,7.37129303599374
2016-12-15,19035513000.0,2556000000.0,7.447383802816901
2016-12-16,19042459000.0,2556000000.0,7.4501013302034425
2016-12-19,19087608000.0,2556000000.0,7.467765258215962
2016-12-20,19118865000.0,2556000000.0,7.479994131455399
2016-12-21,18795876000.0,2556000000.0,7.353629107981221
2016-12-22,18785457000.0,2556000000.0,7.349552816901409
2016-12-23,18931323000.0,2556000000.0,7.406620892018779
2016-12-27,18913958000.0,2556000000.0,7.399827073552426
2016-12-28,18667375000.0,2556000000.0,7.303354851330203
2016-12-29,18757673000.0,2556000000.0,7.338682707355242
2016-12-30,18625699000.0,2556000000.0,7.2870496870109545
2017-01-03,18886095000.0,2556000000.0,7.388926056338028
2017-01-04,19068875000.0,2556000000.0,7.460436228482003
2017-01-05,18959910000.0,2556000000.0,7.417805164319248
2017-01-06,18935305000.0,2556000000.0,7.408178794992176
2017-01-09,18886095000.0,2556000000.0,7.388926056338028
2017-01-10,18910700000.0,2556000000.0,7.398552425665102
2017-01-11,18861490000.0,2556000000.0,7.379299687010954
2017-01-12,18865005000.0,2556000000.0,7.380674882629108
2017-01-13,19248140000.0,2556000000.0,7.530571205007825
2017-01-17,19026695000.0,2556000000.0,7.443933881064162
2017-01-18,19030210000.0,2556000000.0,7.4453090766823165
2017-01-19,19075905000.0,2556000000.0,7.46318661971831
2017-01-20,19163780000.0,2556000000.0,7.497566510172144
2017-01-23,19019665000.0,2556000000.0,7.441183489827856
2017-01-24,19227050000.0,2556000000.0,7.5223200312989045
2017-01-25,19392255000.0,2556000000.0,7.5869542253521125
2017-01-26,19575035000.0,2556000000.0,7.658464397496088
2017-01-27,19659395000.0,2556000000.0,7.691469092331769
2017-01-30,19487160000.0,2556000000.0,7.624084507042253
2017-01-31,19441465000.0,2556000000.0,7.60620696400626
2017-02-01,19378195000.0,2556000000.0,7.581453442879499
2017-02-02,19406315000.0,2556000000.0,7.592455007824726
2017-02-03,19691030000.0,2556000000.0,7.703845852895149
2017-02-06,19617215000.0,2556000000.0,7.674966744913928
2017-02-07,19557460000.0,2556000000.0,7.6515884194053205
2017-02-08,19747270000.0,2556000000.0,7.725848982785602
2017-02-09,20042530000.0,2556000000.0,7.841365414710485
2017-02-10,20088225000.0,2556000000.0,7.859242957746479
2017-02-13,20221795000.0,2556000000.0,7.911500391236307
2017-02-14,20137435000.0,2556000000.0,7.878495696400626
2017-02-15,20239370000.0,2556000000.0,7.918376369327073
2017-02-16,20172585000.0,2556000000.0,7.892247652582159
2017-02-17,20278035000.0,2556000000.0,7.93350352112676
2017-02-21,20432695000.0,2556000000.0,7.994012128325509
2017-02-22,20278035000.0,2556000000.0,7.93350352112676
2017-02-23,20126890000.0,2556000000.0,7.874370109546166
2017-02-24,20313185000.0,2556000000.0,7.947255477308294
2017-02-27,20263975000.0,2556000000.0,7.928002738654147
2017-02-28,20263975000.0,2687900000.0,7.538961642918263
2017-03-01,20706865000.0,2687900000.0,7.703733397819859
2017-03-02,20608445000.0,2687900000.0,7.667117452286171
2017-03-03,20643595000.0,2687900000.0,7.68019457569106
2017-03-06,20502995000.0,2687900000.0,7.627886082071505
2017-03-07,20457300000.0,2687900000.0,7.610885821645151
2017-03-08,20446755000.0,2687900000.0,7.606962684623684
2017-03-09,20394030000.0,2687900000.0,7.587346999516351
2017-03-10,20495965000.0,2687900000.0,7.625270657390528
2017-03-13,20657655000.0,2687900000.0,7.685425425053015
2017-03-14,20580325000.0,2687900000.0,7.65665575356226
2017-03-15,20984550000.0,2687900000.0,7.807042672718479
2017-03-16,20917765000.0,2687900000.0,7.782196138249191
2017-03-17,20942370000.0,2687900000.0,7.791350124632613
2017-03-20,20738500000.0,2687900000.0,7.715502808884259
2017-03-21,20566265000.0,2687900000.0,7.651424904200305
2017-03-22,20559235000.0,2687900000.0,7.648809479519327
2017-03-23,20573295000.0,2687900000.0,7.654040328881282
2017-03-24,20847465000.0,2687900000.0,7.756041891439414
2017-03-27,20766620000.0,2687900000.0,7.72596450760817
2017-03-28,20945885000.0,2687900000.0,7.792657836973102
2017-03-29,20966975000.0,2687900000.0,7.800504111016035
2017-03-30,20956430000.0,2687900000.0,7.796580973994568
2017-03-31,21167330000.0,2687900000.0,7.875043714423899
2017-04-03,21153734000.0,2687900000.0,7.869985490531642
2017-04-04,21115036000.0,2687900000.0,7.855588377543808
2017-04-05,21195950000.0,2687900000.0,7.885691431972916
2017-04-06,21308526000.0,2687900000.0,7.927573942482979
2017-04-07,21273346000.0,2687900000.0,7.9144856579485845
2017-04-10,21459800000.0,2687900000.0,7.983853565980877
2017-04-11,21378886000.0,2687900000.0,7.953750511551769
2017-04-12,21283900000.0,2687900000.0,7.9184121433089025
2017-04-13,21224094000.0,2687900000.0,7.896162059600432
2017-04-17,21276864000.0,2687900000.0,7.9157944864020235
2017-04-18,21202986000.0,2687900000.0,7.888309088879795
2017-04-19,21111518000.0,2687900000.0,7.854279549090368
2017-04-20,21322598000.0,2687900000.0,7.932809256296737
2017-04-21,21111518000.0,2687900000.0,7.854279549090368
2017-04-24,21611074000.0,2687900000.0,8.040133189478775
2017-04-25,21927694000.0,2687900000.0,8.15792775028833
2017-04-26,21899550000.0,2687900000.0,8.147457122660814
2017-04-27,21924176000.0,2888400000.0,7.5904223791718595
2017-04-28,22254868000.0,2888400000.0,7.704912062041268
2017-05-01,21931212000.0,2888400000.0,7.592858329871209
2017-05-02,21874924000.0,2888400000.0,7.573370724276416
2017-05-03,22047306000.0,2888400000.0,7.633051516410469
2017-05-04,22100076000.0,2888400000.0,7.6513211466555875
2017-05-05,22212652000.0,2888400000.0,7.690296357845174
2017-05-08,22124702000.0,2888400000.0,7.65984697410331
2017-05-09,22057860000.0,2888400000.0,7.636705442459493
2017-05-10,22012126000.0,2888400000.0,7.6208717629137235
2017-05-11,22029716000.0,2888400000.0,7.626961639662096
2017-05-12,21874924000.0,2888400000.0,7.573370724276416
2017-05-15,21888996000.0,2888400000.0,7.578242625675114
2017-05-16,21927694000.0,2888400000.0,7.591640354521535
2017-05-17,21530160000.0,2888400000.0,7.454009140008309
2017-05-18,21516088000.0,2888400000.0,7.449137238609611
2017-05-19,21755312000.0,2888400000.0,7.531959562387481
2017-05-22,21952320000.0,2888400000.0,7.600166181969256
2017-05-23,22026198000.0,2888400000.0,7.625743664312422
2017-05-24,22191544000.0,2888400000.0,7.682988505747127
2017-05-25,22388552000.0,2888400000.0,7.751195125328902
2017-05-26,22342818000.0,2888400000.0,7.735361445783132
2017-05-30,22286530000.0,2888400000.0,7.7158738401883395
2017-05-31,21969910000.0,2888400000.0,7.606256058717629
2017-06-01,22159882000.0,2888400000.0,7.6720267276000556
2017-06-02,22307638000.0,2888400000.0,7.723181692286387
2017-06-05,22275976000.0,2888400000.0,7.7122199141393155
2017-06-06,22233760000.0,2888400000.0,7.697604209943221
2017-06-07,22290048000.0,2888400000.0,7.717091815538014
2017-06-08,22409660000.0,2888400000.0,7.758502977426949
2017-06-09,22195062000.0,2888400000.0,7.684206481096801
2017-06-12,21973428000.0,2888400000.0,7.6074740340673035
2017-06-13,22258386000.0,2888400000.0,7.706130037390943
2017-06-14,22145810000.0,2888400000.0,7.667154826201357
2017-06-15,22177472000.0,2888400000.0,7.678116604348428
2017-06-16,22532790000.0,2888400000.0,7.801132114665559
2017-06-19,22793122000.000004,2888400000.0,7.891262290541477
2017-06-20,22680546000.0,2888400000.0,7.85228707935189
2017-06-21,22645366000.0,2888400000.0,7.840107325855144
2017-06-22,22550379999.999996,2888400000.0,7.807221991413931
2017-06-23,22550379999.999996,2888400000.0,7.807221991413931
2017-06-26,22553898000.0,2888400000.0,7.808439966763606
2017-06-27,22293566000.0,2888400000.0,7.718309790887688
2017-06-28,22659438000.0,2888400000.0,7.844979227253843
2017-06-29,22114148000.0,2888400000.0,7.656193048054286
2017-06-30,22286530000.0,2888400000.0,7.7158738401883395
2017-07-03,22304826000.0,2888400000.0,7.722208142916494
2017-07-05,22403442000.0,2888400000.0,7.7563502285002075
2017-07-06,22304826000.0,2888400000.0,7.722208142916494
2017-07-07,22487970000.0,2888400000.0,7.7856148732862485
2017-07-10,22752119999.999996,2888400000.0,7.8770668882426245
2017-07-11,22530234000.0,2888400000.0,7.800247195679269
2017-07-12,22787340000.0,2888400000.0,7.8892604902368095
2017-07-13,22678158000.0,2888400000.0,7.85146032405484
2017-07-14,22738032000.0,2888400000.0,7.872189447444952
2017-07-17,22590108000.0,2888400000.0,7.820976319069381
2017-07-18,22452750000.0,2888400000.0,7.773421271292065
2017-07-19,22530234000.0,2888400000.0,7.800247195679269
2017-07-20,22364700000.0,2888400000.0,7.742937266306606
2017-07-21,22276650000.0,2888400000.0,7.712453261321147
2017-07-24,22290738000.0,2888400000.0,7.71733070211882
2017-07-25,22213254000.0,2888400000.0,7.690504777731616
2017-07-26,21899796000.0,2888400000.0,7.581981719983382
2017-07-27,22040676000.0,3169500000.0,6.9539914813062
2017-07-28,22706334000.0,3169500000.0,7.1640113582584
2017-07-31,22801428000.0,3169500000.0,7.194014197823001
2017-08-01,22963440000.0,3169500000.0,7.245130146710838
2017-08-02,23343816000.0,3169500000.0,7.365141504969238
2017-08-03,23431866000.0,3169500000.0,7.392921911973497
2017-08-04,23657274000.0,3169500000.0,7.464039753904402
2017-08-07,23674884000.0,3169500000.0,7.469595835305253
2017-08-08,23569224000.0,3169500000.0,7.436259346900142
2017-08-09,23534003999.999996,3169500000.0,7.425147184098437
2017-08-10,23079666000.0,3169500000.0,7.28180028395646
2017-08-11,23104319999.999996,3169500000.0,7.289578797917652
2017-08-14,23333250000.0,3169500000.0,7.361807856128727
2017-08-15,23287464000.0,3169500000.0,7.347362044486512
2017-08-16,23298030000.000004,3169500000.0,7.350695693327024
2017-08-17,22949352000.0,3169500000.0,7.240685281590157
2017-08-18,22903566000.0,3169500000.0,7.2262394699479415
2017-08-21,23040924000.0,3169500000.0,7.269576904874586
2017-08-22,23195892000.0,3169500000.0,7.318470421202083
2017-08-23,22903566000.0,3169500000.0,7.2262394699479415
2017-08-24,22850736000.0,3169500000.0,7.2095712257453854
2017-08-25,22783818000.0,3169500000.0,7.188458116422149
2017-08-28,22713378000.0,3169500000.0,7.166233790818741
2017-08-29,22702811999.999996,3169500000.0,7.162900141978229
2017-08-30,22822560000.0,3169500000.0,7.200681495504023
2017-08-31,22882434000.0,3169500000.0,7.219572172266919
2017-09-01,22928219999.999996,3169500000.0,7.2340179839091325
2017-09-05,22924698000.0,3169500000.0,7.232906767628964
2017-09-06,22797906000.0,3169500000.0,7.19290298154283
2017-09-07,23093753999.999996,3169500000.0,7.28624514907714
2017-09-08,23414256000.0,3169500000.0,7.387365830572645
2017-09-11,23780544000.0,3169500000.0,7.502932323710365
2017-09-12,23903814000.0,3169500000.0,7.541824893516328
2017-09-13,24192618000.0,3169500000.0,7.632944628490298
2017-09-14,24368718000.0,3169500000.0,7.688505442498817
2017-09-15,24428592000.0,3169500000.0,7.7073961192617135
2017-09-18,24763182000.0,3169500000.0,7.812961665877899
2017-09-19,24682176000.0,3169500000.0,7.78740369143398
2017-09-20,24713874000.0,3169500000.0,7.7974046379555135
2017-09-21,24629346000.000004,3169500000.0,7.770735447231425
2017-09-22,24664566000.0,3169500000.0,7.781847610033128
2017-09-25,24664566000.0,3169500000.0,7.781847610033128
2017-09-26,24601169999.999996,3169500000.0,7.76184571699006
2017-09-27,24727961999.999996,3169500000.0,7.801849503076194
2017-09-28,24625824000.0,3169500000.0,7.769624230951254
2017-09-29,24932238000.000004,3169500000.0,7.866300047326078
2017-10-02,25228530000.0,3169500000.0,7.959782300047326
2017-10-03,25203848000.0,3169500000.0,7.951994951885156
2017-10-04,25355466000.0,3169500000.0,7.999831519167061
2017-10-05,25235581999.999996,3169500000.0,7.962007256665088
2017-10-06,25228530000.0,3169500000.0,7.959782300047326
2017-10-09,25351940000.000004,3169500000.0,7.99871904085818
2017-10-10,25358992000.0,3169500000.0,8.000943997475943
2017-10-11,25510609999.999996,3169500000.0,8.048780564757847
2017-10-12,25701014000.0,3169500000.0,8.10885439343745
2017-10-13,25510609999.999996,3169500000.0,8.048780564757847
2017-10-16,25394252000.0,3169500000.0,8.012068780564757
2017-10-17,25207374000.0,3169500000.0,7.953107430194037
2017-10-18,25253212000.0,3169500000.0,7.967569648209497
2017-10-19,25069859999.999996,3169500000.0,7.9097207761476565
2017-10-20,25390726000.0,3169500000.0,8.010956302255876
2017-10-23,25418934000.0,3169500000.0,8.019856128726929
2017-10-24,25849106000.0,3169500000.0,8.155578482410474
2017-10-25,25552922000.0,3169500000.0,8.062130304464427
2017-10-26,25905522000.0,3474200000.0,7.456543089056473
2017-10-27,26127659999.999996,3474200000.0,7.52048241321743
2017-10-30,25549395999.999996,3474200000.0,7.354037188417476
2017-10-31,25478876000.0,3474200000.0,7.333738990271142
2017-11-01,25690436000.0,3474200000.0,7.394633584710149
2017-11-02,25849106000.0,3474200000.0,7.440304530539405
2017-11-03,25965464000.0,3474200000.0,7.473796557480859
2017-11-06,25690436000.0,3474200000.0,7.394633584710149
2017-11-07,25905522000.0,3474200000.0,7.456543089056473
2017-11-08,25658702000.0,3474200000.0,7.385499395544298
2017-11-09,25609338000.0,3474200000.0,7.371290656841863
2017-11-10,25616390000.000004,3474200000.0,7.373320476656498
2017-11-13,25598759999.999996,3474200000.0,7.368245927119911
2017-11-14,25623442000.0,3474200000.0,7.37535029647113
2017-11-15,25334309999.999996,3474200000.0,7.292127684071152
2017-11-16,25542344000.0,3474200000.0,7.352007368602844
2017-11-17,25475350000.0,3474200000.0,7.332724080363825
2017-11-20,25672806000.0,3474200000.0,7.389559035173565
2017-11-21,25545870000.0,3474200000.0,7.353022278510161
2017-11-22,25387200000.0,3474200000.0,7.307351332680905
2017-11-24,25433038000.0,3474200000.0,7.320545161476023
2017-11-27,25655176000.0,3474200000.0,7.384484485636981
2017-11-28,25842054000.000004,3474200000.0,7.438274710724772
2017-11-29,25887892000.0,3474200000.0,7.451468539519889
2017-11-30,26321590000.000004,3474200000.0,7.576302458119856
2017-12-01,26296908000.0,3474200000.0,7.569198088768637
2017-12-04,26173498000.0,3474200000.0,7.533676242012549
2017-12-05,25722170000.0,3474200000.0,7.403767773876
2017-12-06,25842054000.000004,3474200000.0,7.438274710724772
2017-12-07,25951359999.999996,3474200000.0,7.46973691785159
2017-12-08,25983094000.0,3474200000.0,7.478871107017443
2017-12-11,25743326000.0,3474200000.0,7.409857233319901
2017-12-12,25570552000.0,3474200000.0,7.360126647861378
2017-12-13,25531766000.0,3474200000.0,7.348962638880893
2017-12-14,25175640000.000004,3474200000.0,7.246456738241899
2017-12-15,25408356000.0,3474200000.0,7.313440792124806
2017-12-18,25644598000.0,3474200000.0,7.38143975591503
2017-12-19,25644598000.0,3474200000.0,7.38143975591503
2017-12-20,25736274000.0,3474200000.0,7.4078274135052675
2017-12-21,25669280000.0,3474200000.0,7.3885441252662485
2017-12-22,25552922000.0,3474200000.0,7.355052098324794
2017-12-26,25605812000.0,3474200000.0,7.370275746934546
2017-12-27,25517662000.0,3474200000.0,7.344902999251627
2017-12-28,25563500000.0,3474200000.0,7.358096828046745
2017-12-29,25510609999.999996,3474200000.0,7.3428731794369915
2018-01-02,25651472000.0,3474200000.0,7.383418340913016
2018-01-03,25665648000.0,3474200000.0,7.387498704737781
2018-01-04,26314200000.0,3474200000.0,7.574175349720799
2018-01-05,26012960000.000004,3474200000.0,7.487467618444535
2018-01-08,25959800000.0,3474200000.0,7.472166254101664
2018-01-09,26147632000.0,3474200000.0,7.526231074779806
2018-01-10,25878288000.0,3474200000.0,7.448704162109262
2018-01-11,26122823999.999996,3474200000.0,7.519090438086465
2018-01-12,26392168000.0,3474200000.0,7.5966173507570085
2018-01-16,26222056000.0,3474200000.0,7.547652984859824
2018-01-17,26487856000.0,3474200000.0,7.624159806574175
2018-01-18,26388623999.999996,3474200000.0,7.595597259800816
2018-01-19,26424064000.0,3474200000.0,7.605798169362731
2018-01-22,26296480000.0,3474200000.0,7.569074894939842
2018-01-23,26601264000.0,3474200000.0,7.656802717172298
2018-01-24,26707584000.0,3474200000.0,7.687405445858039
2018-01-25,26512664000.0,3474200000.0,7.631300443267515
2018-01-26,27136407999.999996,3474200000.0,7.810836451557192
2018-01-29,27069072000.0,3474200000.0,7.791454723389557
2018-01-30,26945032000.0,3474200000.0,7.75575153992286
2018-01-31,26941488000.0,3474200000.0,7.754731448966669
2018-02-01,26774920000.0,3474200000.0,7.706787174025675
2018-02-02,26704039999.999996,3474200000.0,7.686385354901847
2018-02-05,25396304000.0,3474200000.0,7.3099717920672385
2018-02-06,25555784000.0,3474200000.0,7.355875885095849
2018-02-07,25406936000.0,3474200000.0,7.313032064935813
2018-02-08,24503216000.0,3474200000.0,7.052908871107017
2018-02-09,25676280000.0,3474200000.0,7.390558977606355
2018-02-12,26331920000.0,3474200000.0,7.579275804501756
2018-02-13,26275216000.0,3474200000.0,7.562954349202694
2018-02-14,26292936000.0,3474200000.0,7.568054803983651
2018-02-15,26608352000.0,3474200000.0,7.658842899084681
2018-02-16,26810360000.000004,3474200000.0,7.71698808358759
2018-02-20,26881239999.999996,3474200000.0,7.737389902711414
2018-02-21,26937944000.0,3474200000.0,7.753711358010477
2018-02-22,27175392000.000004,3474200000.0,7.822057452075299
2018-02-23,27338416000.0,3474200000.0,7.8689816360601
2018-02-26,27629023999.999996,3474200000.0,7.95262909446779
2018-02-27,27558144000.0,3474200000.0,7.932227275343964
2018-02-28,27217920000.0,3790300000.0,7.1809408226261775
2018-03-01,26473680000.0,3790300000.0,6.9845869720074925
2018-03-02,26222056000.0,3790300000.0,6.918200670131652
2018-03-05,26317744000.0,3790300000.0,6.943446165211197
2018-03-06,26622528000.0,3790300000.0,7.02385774213123
2018-03-07,27629023999.999996,3790300000.0,7.289402949634592
2018-03-08,27770784000.0,3790300000.0,7.326803683085772
2018-03-09,28447688000.0,3790300000.0,7.505392185315147
2018-03-12,27831032000.0,3790300000.0,7.3426989948025225
2018-03-13,27639656000.0,3790300000.0,7.292208004643432
2018-03-14,27504984000.0,3790300000.0,7.256677307864813
2018-03-15,27678639999.999996,3790300000.0,7.302493206342505
2018-03-16,27724712000.0,3790300000.0,7.314648444714138
2018-03-19,27565232000.0,3790300000.0,7.272572619581563
2018-03-20,27699904000.0,3790300000.0,7.3081033163601825
2018-03-21,27767239999.999996,3790300000.0,7.325868664749491
2018-03-22,27178936000.0,3790300000.0,7.1706556209271035
2018-03-23,26941488000.0,3790300000.0,7.10800939239638
2018-03-26,27675096000.0,3790300000.0,7.301558188006227
2018-03-27,27217920000.0,3790300000.0,7.1809408226261775
2018-03-28,27164760000.000004,3790300000.0,7.166915547581986
2018-03-29,27473088000.0,3790300000.0,7.248262142838298
2018-04-02,26758568000.0,3790300000.0,7.059749360208954
2018-04-03,27063610000.0,3790300000.0,7.140229005619608
2018-04-04,27180661000.0,3790300000.0,7.17111073002137
2018-04-05,27460874000.0,3790300000.0,7.2450397066195285
2018-04-06,26503184000.0,3790300000.0,6.992371052423291
2018-04-09,26286817000.0,3790300000.0,6.935286652771548
2018-04-10,26886260000.0,3790300000.0,7.093438514101786
2018-04-11,26407415000.0,3790300000.0,6.967104187003668
2018-04-12,26513825000.0,3790300000.0,6.99517848191436
2018-04-13,26496090000.0,3790300000.0,6.9904994327625785
2018-04-16,26694722000.0,3790300000.0,7.042904783262538
2018-04-17,27216131000.0,3790300000.0,7.180468828324934
2018-04-18,27361558000.0,3790300000.0,7.2188370313695485
2018-04-19,27230319000.0,3790300000.0,7.18421206764636
2018-04-20,27219678000.0,3790300000.0,7.181404638155291
2018-04-23,27063610000.0,3790300000.0,7.140229005619608
2018-04-24,25910835000.0,3790300000.0,6.836090810753766
2018-04-25,25609340000.0,3790300000.0,6.756546975173469
2018-04-26,25634169000.0,4092400000.0,6.263847375623106
2018-04-27,25293657000.0,4092400000.0,6.18064143290001
2018-04-30,24938957000.0,4092400000.0,6.093968575896784
2018-05-01,25552588000.000004,4092400000.0,6.243912618512366
2018-05-02,25368144000.0,4092400000.0,6.198842732870687
2018-05-03,25719297000.0,4092400000.0,6.2846488613038805
2018-05-04,25995963000.000004,4092400000.0,6.352253689766397
2018-05-07,26084638000.000004,4092400000.0,6.3739219040172035
2018-05-08,26336475000.0,4092400000.0,6.435459632489493
2018-05-09,26680534000.0,4092400000.0,6.519532303782621
2018-05-10,26794038000.000004,4092400000.0,6.547267618023654
2018-05-11,26822414000.0,4092400000.0,6.554201446583912
2018-05-14,27063610000.0,4092400000.0,6.613138989346105
2018-05-15,27045875000.0,4092400000.0,6.608805346495943
2018-05-16,27233866000.0,4092400000.0,6.6547419607076534
2018-05-17,27436044999.999996,4092400000.0,6.704145489199491
2018-05-18,27620489000.0,4092400000.0,6.749215374841169
2018-05-21,27528267000.0,4092400000.0,6.726680432020331
2018-05-22,26996217000.0,4092400000.0,6.596671146515492
2018-05-23,27021046000.000004,4092400000.0,6.6027382465057185
2018-05-24,27013952000.0,4092400000.0,6.601004789365653
2018-05-25,26783397000.0,4092400000.0,6.544667432313557
2018-05-29,26254894000.0,4092400000.0,6.415524875378751
2018-05-30,26315193000.0,4092400000.0,6.430259261069299
2018-05-31,25783143000.0,4092400000.0,6.300249975564461
2018-06-01,26180407000.0,4092400000.0,6.397323575408073
2018-06-04,26336475000.0,4092400000.0,6.435459632489493
2018-06-05,26354210000.0,4092400000.0,6.439793275339654
2018-06-06,26588311999.999996,4092400000.0,6.496997360961782
2018-06-07,27659506000.0,4092400000.0,6.758749389111524
2018-06-08,27737540000.0,4092400000.0,6.7778174176522334
2018-06-11,27797839000.0,4092400000.0,6.792551803342782
2018-06-12,27769463000.000004,4092400000.0,6.785617974782524
2018-06-13,27698523000.0,4092400000.0,6.768283403381878
2018-06-14,28422111000.0,4092400000.0,6.9450960316684585
2018-06-15,28755528999.999996,4092400000.0,7.02656851725149
2018-06-18,28507239000.0,4092400000.0,6.965897517349233
2018-06-19,28024847000.0,4092400000.0,6.848022431824846
2018-06-20,27950360000.0,4092400000.0,6.829821131854168
2018-06-21,27702069999.999996,4092400000.0,6.76915013195191
2018-06-22,27609848000.0,4092400000.0,6.746615189131072
2018-06-25,27535361000.0,4092400000.0,6.728413889160395
2018-06-26,26673440000.0,4092400000.0,6.517798846642557
2018-06-27,26528013000.000004,4092400000.0,6.482262975271236
2018-06-28,26886260000.0,4092400000.0,6.569802560844492
2018-06-29,27350917000.0,4092400000.0,6.683344003518718
2018-07-02,27234448000.0,4092400000.0,6.654884175544913
2018-07-03,27156392000.000004,4092400000.0,6.635810771185613
2018-07-05,27369272000.0,4092400000.0,6.6878291467109765
2018-07-06,27397656000.0,4092400000.0,6.694764930114358
2018-07-09,27638920000.000004,4092400000.0,6.753719089043106
2018-07-10,27340888000.0,4092400000.0,6.680893363307595
2018-07-11,27049952000.0,4092400000.0,6.6098015834229304
2018-07-12,27301860000.0,4092400000.0,6.671356661127945
2018-07-13,27397656000.0,4092400000.0,6.694764930114358
2018-07-16,27128007999.999996,4092400000.0,6.62887498778223
2018-07-17,27521835999.999996,4092400000.0,6.725108982504153
2018-07-18,27504096000.0,4092400000.0,6.72077411787704
2018-07-19,27539576000.0,4092400000.0,6.729443847131268
2018-07-20,27546672000.0,4092400000.0,6.7311777929821135
2018-07-23,27028664000.000004,4092400000.0,6.604599745870395
2018-07-24,27465068000.0,4092400000.0,6.71123741569739
2018-07-25,28039844000.0,4092400000.0,6.851687029615873
2018-07-26,28813307999.999996,5624600000.0,5.122730149699533
2018-07-27,28316588000.0,5624600000.0,5.0344180919532056
2018-07-30,28295300000.0,5624600000.0,5.030633289478363
2018-07-31,29121984000.0,5624600000.0,5.177609785584752
2018-08-01,28717512000.0,5624600000.0,5.105698538562742
2018-08-02,28713964000.000004,5624600000.0,5.105067738150269
2018-08-03,28813307999.999996,5624600000.0,5.122730149699533
2018-08-06,28724607999.999996,5624600000.0,5.106960139387689
2018-08-07,28838144000.0,5624600000.0,5.12714575258685
2018-08-08,28660744000.0,5624600000.0,5.095605731963162
2018-08-09,28469152000.0,5624600000.0,5.061542509689578
2018-08-10,28277560000.0,5624600000.0,5.027479287415994
2018-08-13,28139188000.0,5624600000.0,5.0028780713295165
2018-08-14,28227888000.0,5624600000.0,5.018648081641361
2018-08-15,28274012000.0,5624600000.0,5.02684848700352
2018-08-16,28504632000.0,5624600000.0,5.0678505138143155
2018-08-17,28472700000.0,5624600000.0,5.062173310102052
2018-08-20,28596879999.999996,5624600000.0,5.084251324538633
2018-08-21,28522372000.0,5624600000.0,5.071004515876685
2018-08-22,28355616000.0,5624600000.0,5.041356896490417
2018-08-23,28391096000.0,5624600000.0,5.047664900615155
2018-08-24,28430124000.0,5624600000.0,5.054603705152366
2018-08-27,28980064000.000004,5624600000.0,5.152377769085803
2018-08-28,29118435999.999996,5624600000.0,5.176978985172278
2018-08-29,29760624000.0,5624600000.0,5.2911538598300325
2018-08-30,29710952000.0,5624600000.0,5.2823226540554
2018-08-31,29796104000.0,5624600000.0,5.29746186395477
2018-09-04,29611607999.999996,5624600000.0,5.2646602425061335
2018-09-05,29923832000.0,5624600000.0,5.320170678803826
2018-09-06,29859968000.0,5624600000.0,5.308816271379298
2018-09-07,30012532000.0,5624600000.0,5.33594068911567
2018-09-10,30048012000.0,5624600000.0,5.342248693240408
2018-09-11,30165096000.0,5624600000.0,5.3630651068520425
2018-09-12,30267988000.0,5624600000.0,5.381358318813782
2018-09-13,30690200000.0,5624600000.0,5.456423567898161
2018-09-14,30860504000.0,5624600000.0,5.486701987696903
2018-09-17,30910176000.0,5624600000.0,5.495533193471536
2018-09-18,31002424000.0,5624600000.0,5.5119340041958536
2018-09-19,30509252000.0,5624600000.0,5.424252746861999
2018-09-20,30998876000.0,5624600000.0,5.51130320378338
2018-09-21,30860504000.0,5624600000.0,5.486701987696903
2018-09-24,30629884000.0,5624600000.0,5.445699960886108
2018-09-25,30512800000.0,5624600000.0,5.424883547274473
2018-09-26,30168644000.0,5624600000.0,5.363695907264517
2018-09-27,30030272000.0,5624600000.0,5.3390946911780395
2018-09-28,29874160000.0,5624600000.0,5.311339473029193
2018-10-01,29609601000.000004,5624600000.0,5.264303417131885
2018-10-02,29325534000.0,5624600000.0,5.213799025708495
2018-10-03,29367618000.0,5624600000.0,5.2212811577712195
2018-10-04,29441265000.0,5624600000.0,5.234374888880987
2018-10-05,29451786000.0,5624600000.0,5.236245421896668
2018-10-08,29336055000.000004,5624600000.0,5.215669558724176
2018-10-09,28827540000.0,5624600000.0,5.1252604629662555
2018-10-10,28133154000.0,5624600000.0,5.001805283931302
2018-10-11,27558006000.0,5624600000.0,4.899549479074068
2018-10-12,27775440000.0,5624600000.0,4.938207161398144
2018-10-15,27684258000.0,5624600000.0,4.921995875262241
2018-10-16,27978846000.0,5624600000.0,4.974370799701312
2018-10-17,28133154000.0,5624600000.0,5.001805283931302
2018-10-18,28066521000.0,5624600000.0,4.989958574831988
2018-10-19,27982353000.000004,5624600000.0,4.97499431070654
2018-10-22,27245883000.0,5624600000.0,4.844056999608861
2018-10-23,27021435000.0,5624600000.0,4.8041522952743305
2018-10-24,25979856000.0,5624600000.0,4.618969526721901
2018-10-25,26768931000.0,5830300000.0,4.591347100492256
2018-10-26,25622142000.0,5830300000.0,4.394652419258014
2018-10-29,25320540000.0,5830300000.0,4.3429223196061955
2018-10-30,25138176000.000004,5830300000.0,4.311643654700445
2018-10-31,26039475000.0,5830300000.0,4.466232440869252
2018-11-01,26235867000.0,5830300000.0,4.499917156921599
2018-11-02,26253402000.0,5830300000.0,4.502924720854844
2018-11-05,26337569999.999996,5830300000.0,4.517361027734421
2018-11-06,26611116000.0,5830300000.0,4.5642790250930485
2018-11-07,26698791000.0,5830300000.0,4.5793168447592745
2018-11-08,26965323000.0,5830300000.0,4.625031816544603
2018-11-09,26379654000.0,5830300000.0,4.524579181174211
2018-11-12,26288471999.999996,5830300000.0,4.508939848721335
2018-11-13,26376146999.999996,5830300000.0,4.523977668387561
2018-11-14,25811519999.999996,5830300000.0,4.427134109737063
2018-11-15,26558511000.0,5830300000.0,4.555256333293313
2018-11-16,26460315000.0,5830300000.0,4.538413975267139
2018-11-19,25867632000.0,5830300000.0,4.436758314323448
2018-11-20,25457313000.0,5830300000.0,4.366381318285509
2018-11-21,25902702000.0,5830300000.0,4.442773442189939
2018-11-23,25530960000.0,5830300000.0,4.379013086805139
2018-11-26,25671240000.0,5830300000.0,4.403073598271101
2018-11-27,25867632000.0,5830300000.0,4.436758314323448
2018-11-28,26298993000.0,5830300000.0,4.5107443870812824
2018-11-29,25997391000.0,5830300000.0,4.459014287429463
2018-11-30,26677748999.999996,5830300000.0,4.57570776803938
2018-12-03,26639171999.999996,5830300000.0,4.5690911273862405
2018-12-04,25548494999.999996,5830300000.0,4.382020650738383
2018-12-06,25299498000.0,5830300000.0,4.339313242886301
2018-12-07,24527958000.0,5830300000.0,4.206980429823508
2018-12-10,24801504000.0,5830300000.0,4.2538984271821345
2018-12-11,24570042000.0,5830300000.0,4.214198583263297
2018-12-12,24819039000.0,5830300000.0,4.25690599111538
2018-12-13,24531465000.0,5830300000.0,4.207581942610157
2018-12-14,24149202000.0,5830300000.0,4.1420170488654104
2018-12-17,23830065000.0,5830300000.0,4.087279385280346
2018-12-18,23882669999.999996,5830300000.0,4.096302077080081
2018-12-19,23349606000.0,5830300000.0,4.004872133509425
2018-12-20,22851612000.0,5830300000.0,3.9194573178052585
2018-12-21,22970850000.0,5830300000.0,3.9399087525513266
2018-12-24,22318548000.0,5830300000.0,3.828027374234602
2018-12-26,23040990000.0,5830300000.0,3.9519390082843078
2018-12-27,23458323000.0,5830300000.0,4.023519029895546
2018-12-28,23391690000.0,5830300000.0,4.012090286949213
2018-12-31,23728362000.0,5830300000.0,4.069835514467523
2019-01-02,22865324999.999996,5830300000.0,3.921809340857245
2019-01-03,21941885000.0,5830300000.0,3.7634229799495738
2019-01-04,22902669999.999996,5830300000.0,3.9282146716292465
2019-01-07,23018100000.0,5830300000.0,3.948012966742706
2019-01-08,23123345000.0,5830300000.0,3.966064353463801
2019-01-09,23503585000.0,5830300000.0,4.031282266778725
2019-01-10,23724260000.0,5830300000.0,4.069131948613279
2019-01-11,23598645000.0,5830300000.0,4.047586745107456
2019-01-14,23639385000.0,5830300000.0,4.054574378676912
2019-01-15,23761605000.0,5830300000.0,4.07553727938528
2019-01-16,23771790000.0,5830300000.0,4.077284187777645
2019-01-17,24233510000.0,5830300000.0,4.156477368231481
2019-01-18,24793685000.0,5830300000.0,4.252557329811502
2019-01-22,24331965000.0,5830300000.0,4.173364149357666
2019-01-23,24152030000.0,5830300000.0,4.1425021010925684
2019-01-24,24101105000.0,5830300000.0,4.133767559130748
2019-01-25,24528875000.0,5830300000.0,4.207137711610037
2019-01-28,24406655000.0,5830300000.0,4.186174810901669
2019-01-29,25017755000.0,5830300000.0,4.290989314443511
2019-01-30,25370835000.0,5830300000.0,4.351548805378797
2019-01-31,25459105000.0,5830300000.0,4.366688678112618
2019-02-01,25235035000.0,5830300000.0,4.3282566934806095
2019-02-04,25224850000.0,5830300000.0,4.326509785088246
2019-02-05,25302935000.0,5830300000.0,4.3399027494297036
2019-02-06,25445525000.0,5830300000.0,4.364359466922799
2019-02-07,25265590000.0,5830300000.0,4.333497418657702
2019-02-08,26080389999.999996,5830300000.0,4.4732500900468235
2019-02-11,26195820000.0,5830300000.0,4.493048385160283
2019-02-12,26759389999.999996,5830300000.0,4.589710649537759
2019-02-13,27309380000.0,5830300000.0,4.684043702725417
2019-02-14,27312775000.0,5830300000.0,4.684626005522872
2019-02-15,27771100000.0,5830300000.0,4.763236883179253
2019-02-19,27322960000.0,5830300000.0,4.686372913915236
2019-02-20,27519870000.0,5830300000.0,4.720146476167607
2019-02-21,27367095000.0,5830300000.0,4.693942850282147
2019-02-22,27625115000.0,5830300000.0,4.738197862888702
2019-02-25,27703199999.999996,5830300000.0,4.751590827230159
2019-02-26,27750730000.0,5830300000.0,4.759743066394525
2019-02-27,27740544999.999996,5830300000.0,4.75799615800216
2019-02-28,27693014999.999996,6595500000.0,4.198774164202865
2019-03-01,28029120000.0,6595500000.0,4.249733909483739
2019-03-04,28035910000.0,6595500000.0,4.2507633992873926
2019-03-05,27923875000.0,6595500000.0,4.233776817527102
2019-03-06,27852580000.000004,6595500000.0,4.222967174588735
2019-03-07,27519870000.0,6595500000.0,4.172522174209688
2019-03-08,27295800000.000004,6595500000.0,4.138549010689107
2019-03-11,27900110000.000004,6595500000.0,4.230173603214314
2019-03-12,27879740000.0,6595500000.0,4.22708513380335
2019-03-13,28239610000.000004,6595500000.0,4.281648093397013
2019-03-14,28056280000.0,6595500000.0,4.253851868698355
2019-03-15,28022330000.000004,6595500000.0,4.248704419680085
2019-03-18,28317695000.0,6595500000.0,4.293487226139034
2019-03-19,28195475000.0,6595500000.0,4.274956409673262
2019-03-20,28175105000.0,6595500000.0,4.2718679402623
2019-03-21,28592690000.0,6595500000.0,4.335181563187022
2019-03-22,27917085000.0,6595500000.0,4.232747327723448
2019-03-25,28042699999.999996,6595500000.0,4.251792889091046
2019-03-26,28375410000.0,6595500000.0,4.302237889470093
2019-03-27,27954430000.0,6595500000.0,4.238409521643545
2019-03-28,28158130000.0,6595500000.0,4.269294215753165
2019-03-29,28480655000.0,6595500000.0,4.31819498142673
2019-04-01,28906785999.999996,6595500000.0,4.382804336289894
2019-04-02,29114064000.000004,6595500000.0,4.414231521491927
2019-04-03,29399496000.0,6595500000.0,4.457508301114396
2019-04-04,29324740000.0,6595500000.0,4.446173906451368
2019-04-05,29470854000.0,6595500000.0,4.468327496020014
2019-04-08,29538814000.000004,6595500000.0,4.478631491168222
2019-04-09,29263576000.0,6595500000.0,4.436900310817982
2019-04-10,29232994000.0,6595500000.0,4.432263513001288
2019-04-11,29511629999.999996,6595500000.0,4.474509893108937
2019-04-12,29786868000.0,6595500000.0,4.5162410734591765
2019-04-15,29841235999.999996,6595500000.0,4.524484269577742
2019-04-16,29780072000.0,6595500000.0,4.515210673944356
2019-04-17,29769878000.0,6595500000.0,4.513665074672125
2019-04-18,30072300000.0,6595500000.0,4.559517853081647
2019-04-22,30024728000.0,6595500000.0,4.552305056477902
2019-04-23,30228607999.999996,6595500000.0,4.583217041922523
2019-04-24,30262588000.0,6595500000.0,4.5883690394966266
2019-04-25,29831042000.000004,6850700000.0,4.35445166187397
2019-04-26,28961154000.0,6850700000.0,4.227473688820121
2019-04-29,29171829999.999996,6850700000.0,4.258226166669099
2019-04-30,29338332000.0,6850700000.0,4.282530544323937
2019-05-01,29012124000.0,6850700000.0,4.234913804428745
2019-05-02,29165034000.0,6850700000.0,4.257234151254616
2019-05-03,29416485999.999996,6850700000.0,4.293938721590494
2019-05-06,28862612000.0,6850700000.0,4.213089465310114
2019-05-07,28366504000.0,6850700000.0,4.140672340052841
2019-05-08,28026704000.0,6850700000.0,4.091071569328681
2019-05-09,27951948000.0,6850700000.0,4.080159399769367
2019-05-10,28077674000.0,6850700000.0,4.098511684937305
2019-05-13,27353900000.0,6850700000.0,3.9928620432948456
2019-05-14,27357298000.0,6850700000.0,3.993358051002087
2019-05-15,27646128000.0,6850700000.0,4.035518706117623
2019-05-16,27642729999.999996,6850700000.0,4.035022698410381
2019-05-17,27360696000.0,6850700000.0,3.993854058709329
2019-05-20,26959732000.0,6850700000.0,3.9353251492548207
2019-05-21,27150020000.000004,6850700000.0,3.9631015808603505
2019-05-22,27044682000.0,6850700000.0,3.9477253419358607
2019-05-23,26674300000.0,6850700000.0,3.8936605018465267
2019-05-24,26517992000.000004,6850700000.0,3.870844147313414
2019-05-28,26096640000.0,6850700000.0,3.8093391916154555
2019-05-29,26028679999.999996,6850700000.0,3.799419037470623
2019-05-30,26110232000.0,6850700000.0,3.811323222444422
2019-05-31,25875770000.000004,6850700000.0,3.777098690644752
2019-06-03,25743248000.0,6850700000.0,3.7577543900623294
2019-06-04,26426246000.0,6850700000.0,3.8574519392178903
2019-06-05,26786434000.0,6850700000.0,3.910028756185499
2019-06-06,26973324000.0,6850700000.0,3.937309180083787
2019-06-07,26834006000.0,6850700000.0,3.9169728640868815
2019-06-10,26817016000.0,6850700000.0,3.9144928255506737
2019-06-11,26898568000.0,6850700000.0,3.926397010524472
2019-06-12,26565564000.000004,6850700000.0,3.877788255214796
2019-06-13,26677698000.0,6850700000.0,3.8941565095537682
2019-06-14,26276734000.0,6850700000.0,3.8356276000992597
2019-06-17,26045670000.000004,6850700000.0,3.801899076006832
2019-06-18,26619932000.0,6850700000.0,3.885724378530661
2019-06-19,26789832000.0,6850700000.0,3.9105247638927407
2019-06-20,27462635999.999996,6850700000.0,4.0087342899265765
2019-06-21,27326716000.0,6850700000.0,3.988893981636913
2019-06-24,27408268000.0,6850700000.0,4.0007981666107115
2019-06-25,27398074000.0,6850700000.0,3.9993101434889864
2019-06-26,27136428000.0,6850700000.0,3.9611175500313838
2019-06-27,27316522000.0,6850700000.0,3.9874059585151884
2019-06-28,27700496000.0,6850700000.0,4.043454829433489
2019-07-01,28082999000.0,6850700000.0,4.099288977768695
2019-07-02,27841811999.999996,6850700000.0,4.06408279445896
2019-07-03,28052426000.0,6850700000.0,4.0948262221378835
2019-07-05,27508906000.0,6850700000.0,4.0154883442567915
2019-07-08,27328865000.0,6850700000.0,3.9892076722086793
2019-07-09,27267719000.0,6850700000.0,3.9802821609470564
2019-07-10,26968783000.0,6850700000.0,3.9366463281124555
2019-07-11,27074090000.0,6850700000.0,3.9520180419519173
2019-07-12,27621007000.0,6850700000.0,4.031851781569767
2019-07-15,27430775000.0,6850700000.0,4.004083524311384
2019-07-16,27654977000.0,6850700000.0,4.036810398937335
2019-07-17,27074090000.0,6850700000.0,3.9520180419519173
2019-07-18,26870269999.999996,6850700000.0,3.9222663377465072
2019-07-19,26669847000.0,6850700000.0,3.893010495277855
2019-07-22,26832903000.0,6850700000.0,3.9168118586421827
2019-07-23,27661771000.000004,6850700000.0,4.037802122410849
2019-07-24,27940325000.0,6850700000.0,4.078462784824908
2019-07-25,27787460000.0,7011600000.0,3.9630697700952706
2019-07-26,26649465000.0,7011600000.0,3.800768013007017
2019-07-29,26099151000.0,7011600000.0,3.7222817901762792
2019-07-30,26088960000.0,7011600000.0,3.7208283416053396
2019-07-31,25834185000.0,7011600000.0,3.68449212733185
2019-08-01,25052875000.0,7011600000.0,3.573061070226482
2019-08-02,25015508000.0,7011600000.0,3.5677317587997033
2019-08-05,23918277000.0,7011600000.0,3.4112437959952078
2019-08-06,24261374000.0,7011600000.0,3.460176564550174
2019-08-07,24166258000.0,7011600000.0,3.446611044554738
2019-08-08,24404048000.0,7011600000.0,3.480524844543328
2019-08-09,23948850000.0,7011600000.0,3.4156041417080267
2019-08-12,23463078999.999996,7011600000.0,3.346323093159906
2019-08-13,23782397000.0,7011600000.0,3.3918644817160133
2019-08-14,22872001000.0,7011600000.0,3.2620230760454105
2019-08-15,22872001000.0,7011600000.0,3.2620230760454105
2019-08-16,23415521000.000004,7011600000.0,3.339540333162189
2019-08-19,23806176000.0,7011600000.0,3.3952558617148725
2019-08-20,23782397000.0,7011600000.0,3.3918644817160133
2019-08-21,23863925000.0,7011600000.0,3.40349207028353
2019-08-22,23694075000.0,7011600000.0,3.379267927434537
2019-08-23,23225289000.0,7011600000.0,3.3124092931713163
2019-08-26,23486858000.0,7011600000.0,3.3497144731587656
2019-08-27,23449491000.0,7011600000.0,3.344385161731987
2019-08-28,23656708000.0,7011600000.0,3.3739386160077585
2019-08-29,24013393000.0,7011600000.0,3.424809315990644
2019-08-30,24084730000.000004,7011600000.0,3.4349834559872217
2019-09-03,23446094000.0,7011600000.0,3.343900678875007
2019-09-04,22746311999.999996,7011600000.0,3.244097210337155
2019-09-05,23133569999.999996,7011600000.0,3.2993282560328594
2019-09-06,23259259000.0,7011600000.0,3.3172541217411147
2019-09-09,23102997000.0,7011600000.0,3.294967910320041
2019-09-10,23306817000.0,7011600000.0,3.3240368817388326
2019-09-11,23979423000.0,7011600000.0,3.4199644874208452
2019-09-12,23772206000.0,7011600000.0,3.390411033145074
2019-09-13,23785794000.0,7011600000.0,3.392348964572993
2019-09-16,23609150000.0,7011600000.0,3.3671558560100405
2019-09-17,23459682000.0,7011600000.0,3.3458386103029265
2019-09-18,23673693000.0,7011600000.0,3.376361030292658
2019-09-19,23367963000.000004,7011600000.0,3.332757573164471
2019-09-20,23160746000.000004,7011600000.0,3.3032041188886994
2019-09-23,23082615000.0,7011600000.0,3.292061013178162
2019-09-24,22739518000.0,7011600000.0,3.243128244623196
2019-09-25,23045248000.0,7011600000.0,3.2867317017513833
2019-09-26,23092806000.0,7011600000.0,3.2935144617491017
2019-09-27,23303419999.999996,7011600000.0,3.3235523988818523
2019-09-30,23310400000.0,7011600000.0,3.3245478920645786
2019-10-01,22535200000.0,7011600000.0,3.213988248046095
2019-10-02,21906200000.000004,7011600000.0,3.1242797649609226
2019-10-03,22331200000.000004,7011600000.0,3.184893604883337
2019-10-04,22610000000.0,7011600000.0,3.2246562838724397
2019-10-07,22317600000.0,7011600000.0,3.182953962005819
2019-10-08,21841600000.0,7011600000.0,3.115066461292715
2019-10-09,22055800000.0,7011600000.0,3.1456158366136115
2019-10-10,22246200000.000004,7011600000.0,3.172770836898854
2019-10-11,23103000000.0,7011600000.0,3.2949683381824406
2019-10-14,23106399999.999996,7011600000.0,3.2954532489018193
2019-10-15,23633400000.0,7011600000.0,3.3706144104056137
2019-10-16,23578999999.999996,7011600000.0,3.362855838895544
2019-10-17,24109400000.0,7011600000.0,3.4385019111187174
2019-10-18,24119600000.0,7011600000.0,3.4399566432768554
2019-10-21,24452800000.0,7011600000.0,3.4874778937760285
2019-10-22,24568400000.0,7011600000.0,3.5039648582349248
2019-10-23,24595600000.0,7011600000.0,3.5078441439899595
2019-10-24,24313400000.0,7011600000.0,3.4675965542814766
2019-10-25,23242400000.0,7151700000.0,3.2499126081910594
2019-10-28,23337600000.0,7151700000.0,3.2632241285288814
2019-10-29,23286600000.0,7151700000.0,3.2560929569193338
2019-10-30,23602800000.0,7151700000.0,3.3003062208985274
2019-10-31,23460000000.0,7151700000.0,3.280338940391795
2019-11-01,24412000000.0,7151700000.0,3.4134541437700125
2019-11-04,25068200000.0,7151700000.0,3.5052085518128555
2019-11-05,24993400000.0,7151700000.0,3.4947495001188527
2019-11-06,24884600000.0,7151700000.0,3.4795363340184853
2019-11-07,24578600000.000004,7151700000.0,3.4367493043612014
2019-11-08,24779200000.0,7151700000.0,3.464798579358754
2019-11-11,24507200000.0,7151700000.0,3.4267656641078346
2019-11-12,24513999999.999996,7151700000.0,3.427716486989107
2019-11-13,24133200000.0,7151700000.0,3.3744704056378203
2019-11-14,24184200000.0,7151700000.0,3.3816015772473675
2019-11-15,24354200000.0,7151700000.0,3.4053721492791924
2019-11-18,24191000000.000004,7151700000.0,3.3825524001286413
2019-11-19,24173999999.999996,7151700000.0,3.3801753429254577
2019-11-20,23833999999.999996,7151700000.0,3.3326341988618084
2019-11-21,24116200000.000004,7151700000.0,3.3720933484346385
2019-11-22,24038000000.0,7151700000.0,3.3611588852999987
2019-11-25,24303200000.0,7151700000.0,3.398240977669645
2019-11-26,24531000000.000004,7151700000.0,3.4300935441922906
2019-11-27,24602400000.0,7151700000.0,3.440077184445656
2019-11-29,24537800000.0,7151700000.0,3.431044367073563
2019-12-02,24405200000.0,7151700000.0,3.4125033208887396
2019-12-03,24177400000.0,7151700000.0,3.3806507543660946
2019-12-04,24279400000.0,7151700000.0,3.3949130975851896
2019-12-05,24582000000.0,7151700000.0,3.4372247158018374
2019-12-06,24775800000.0,7151700000.0,3.4643231679181175
2019-12-09,25207600000.0,7151700000.0,3.524700420878952
2019-12-10,25105600000.0,7151700000.0,3.510438077659857
2019-12-11,25489800000.0,7151700000.0,3.5641595704517806
2019-12-12,25897800000.0,7151700000.0,3.62120894332816
2019-12-13,25564600000.0,7151700000.0,3.5746186221457834
2019-12-16,25894400000.0,7151700000.0,3.6207335318875233
2019-12-17,26091600000.0,7151700000.0,3.64830739544444
2019-12-18,26057600000.0,7151700000.0,3.643553281038075
2019-12-19,26061000000.000004,7151700000.0,3.6440286924787118
2019-12-20,25751600000.0,7151700000.0,3.6007662513807905
2019-12-23,26128999999.999996,7151700000.0,3.653536921291441
2019-12-24,25972600000.0,7151700000.0,3.6316679950221626
2019-12-26,25938600000.000004,7151700000.0,3.626913880615798
2019-12-27,26037200000.0,7151700000.0,3.6407008123942557
2019-12-30,25935200000.0,7151700000.0,3.626438469175161
2019-12-31,25972600000.0,7151700000.0,3.6316679950221626
2020-01-02,26367000000.0,7151700000.0,3.6868157221359956
2020-01-03,26258200000.0,7151700000.0,3.671602556035628
2020-01-06,26122200000.0,7151700000.0,3.6525860984101683
2020-01-07,26207200000.0,7151700000.0,3.6644713844260806
2020-01-08,26183400000.0,7151700000.0,3.661143504341625
2020-01-09,26513200000.0,7151700000.0,3.707258414083365
2020-01-10,26520000000.0,7151700000.0,3.708209236964638
2020-01-13,26792000000.0,7151700000.0,3.746242152215557
2020-01-14,26635600000.0,7151700000.0,3.7243732259462785
2020-01-15,26520000000.0,7151700000.0,3.708209236964638
2020-01-16,26608400000.0,7151700000.0,3.7205699344211864
2020-01-17,26785200000.0,7151700000.0,3.745291329334284
2020-01-21,26581200000.000004,7151700000.0,3.7167666428960953
2020-01-22,26404400000.0,7151700000.0,3.692045247982997
2020-01-23,26380600000.0,7151700000.0,3.6887173678985414
2020-01-24,26149400000.0,7151700000.0,3.65638938993526
2020-01-27,25370800000.0,7151700000.0,3.5475201700295034
2020-01-28,25510200000.0,7151700000.0,3.5670120390955997
2020-01-29,25605400000.0,7151700000.0,3.5803235594334213
2020-01-30,25908000000.0,7151700000.0,3.622635177650069
2020-01-31,25476200000.000004,7151700000.0,3.562257924689235
2020-02-03,25425200000.0,7151700000.0,3.5551267530796875
2020-02-04,26006600000.0,7151700000.0,3.6364221094285276
2020-02-05,26370400000.0,7151700000.0,3.687291133576632
2020-02-06,26462200000.0,7151700000.0,3.7001272424738176
2020-02-07,26866800000.0,7151700000.0,3.75670120390956
2020-02-10,26975600000.0,7151700000.0,3.771914370009928
2020-02-11,26996000000.000004,7151700000.0,3.7747668386537474
2020-02-12,26860000000.0,7151700000.0,3.755750381028287
2020-02-13,26261600000.0,7151700000.0,3.6720779674762642
2020-02-14,26455400000.0,7151700000.0,3.6991764195925443
2020-02-18,26401000000.000004,7151700000.0,3.691569836542361
2020-02-19,26132400000.0,7151700000.0,3.6540123327320777
2020-02-20,26108600000.000004,7151700000.0,3.650684452647623
2020-02-21,25775400000.0,7151700000.0,3.604094131465246
2020-02-24,24667000000.0,7151700000.0,3.4491100018177496
2020-02-25,23895200000.0,7151700000.0,3.341191604793266
2020-02-26,24055000000.0,7151700000.0,3.363535942503181
2020-02-27,23898600000.000004,7387000000.0,3.2352240422363616
2020-02-28,23514400000.0,7387000000.0,3.1832137538919723
2020-03-02,24021000000.000004,7387000000.0,3.251793691620415
2020-03-03,23589200000.0,7387000000.0,3.1933396507377827
2020-03-04,24503799999.999996,7387000000.0,3.317151753079734
2020-03-05,23174400000.0,7387000000.0,3.1371869500473806
2020-03-06,22715400000.0,7387000000.0,3.0750507648571817
2020-03-09,21117400000.0,7387000000.0,2.8587247867876
2020-03-10,21236400000.0,7387000000.0,2.874834168133207
2020-03-11,20206200000.0,7387000000.0,2.7353729524840937
2020-03-12,18948200000.0,7387000000.0,2.5650737782591038
2020-03-13,20308200000.0,7387000000.0,2.7491809936374714
2020-03-16,17625600000.0,7387000000.0,2.3860295113036414
2020-03-17,17904400000.0,7387000000.0,2.4237714904562067
2020-03-18,15320400000.0,7387000000.0,2.0739677812373087
2020-03-19,15656999999.999998,7387000000.0,2.1195343170434544
2020-03-20,15497200000.0,7387000000.0,2.0979017192364964
2020-03-23,14283400000.0,7387000000.0,1.9335860295113036
2020-03-24,16972800000.0,7387000000.0,2.297658047922025
2020-03-25,16962600000.0,7387000000.0,2.2962772438066876
2020-03-26,17567800000.0,7387000000.0,2.378204954650061
2020-03-27,16881000000.0,7387000000.0,2.285230810883985
2020-03-30,17714000000.0,7387000000.0,2.3979964803032354
2020-03-31,18764600000.0,7387000000.0,2.540219304183024
2020-04-01,18689800000.0,7387000000.0,2.530093407337214
2020-04-02,19040000000.0,7387000000.0,2.577501015297144
2020-04-03,18455200000.0,7387000000.0,2.4983349126844456
2020-04-06,19465000000.0,7387000000.0,2.6350345201028835
2020-04-07,19873000000.0,7387000000.0,2.6902666847163936
2020-04-08,20617600000.0,7387000000.0,2.79106538513605
2020-04-09,20753600000.0,7387000000.0,2.8094761066738867
2020-04-13,20202800000.0,7387000000.0,2.7349126844456477
2020-04-14,20743400000.0,7387000000.0,2.8080953025585487
2020-04-15,19546600000.0,7387000000.0,2.6460809530255855
2020-04-16,19305200000.0,7387000000.0,2.6134019222959255
2020-04-17,20522400000.0,7387000000.0,2.7781778800595642
2020-04-20,19958000000.0,7387000000.0,2.7017733856775417
2020-04-21,18985600000.0,7387000000.0,2.570136726682009
2020-04-22,19631600000.0,7387000000.0,2.6575876539867336
2020-04-23,19924000000.0,7387000000.0,2.6971707052930824
2020-04-24,20515600000.0,7387000000.0,2.777257343982672
2020-04-27,21753200000.0,7387000000.0,2.9447949099769866
2020-04-28,22001399999.999996,7387000000.0,2.978394476783538
2020-04-29,22287000000.0,7387000000.0,3.017056992012996
2020-04-30,21760000000.0,7242100000.0,3.0046533464050484
2020-05-01,20655000000.0,7242100000.0,2.852073293657917
2020-05-04,20740000000.0,7242100000.0,2.8638102207923115
2020-05-05,19832200000.0,7242100000.0,2.738459838996976
2020-05-06,19641800000.0,7242100000.0,2.712169122215932
2020-05-07,19696200000.0,7242100000.0,2.7196807555819444
2020-05-08,20151800000.0,7242100000.0,2.7825906850223
2020-05-11,19998800000.0,7242100000.0,2.7614642161803897
2020-05-12,19094400000.0,7242100000.0,2.63658331147043
2020-05-13,18516400000.0,7242100000.0,2.5567722069565457
2020-05-14,18958400000.0,7242100000.0,2.617804228055398
2020-05-15,18785000000.0,7242100000.0,2.593860896701233
2020-05-18,20124600000.0,7242100000.0,2.778834868339294
2020-05-19,20097400000.0,7242100000.0,2.7750790516562875
2020-05-20,20094000000.0,7242100000.0,2.7746095745709116
2020-05-21,19815200000.0,7242100000.0,2.736112453570097
2020-05-22,19900200000.0,7242100000.0,2.747849380704492
2020-05-26,20865800000.0,7242100000.0,2.881180872951216
2020-05-27,21644400000.0,7242100000.0,2.9886911255022715
2020-05-28,20923600000.0,7242100000.0,2.8891619834026043
2020-05-29,20733200000.0,7242100000.0,2.86287126662156
2020-06-01,21137800000.0,7242100000.0,2.918739039781279
2020-06-02,21770200000.0,7242100000.0,3.0060617776611758
2020-06-03,22807200000.0,7242100000.0,3.149252288700791
2020-06-04,22936399999.999996,7242100000.0,3.167092417945071
2020-06-05,24007400000.0,7242100000.0,3.314977699838445
2020-06-10,22732400000.0,7242100000.0,3.1389237928225238
2020-06-15,21892600000.0,7242100000.0,3.022962952734704
2020-06-16,23055400000.0,7242100000.0,3.1835241159332237
2020-06-17,23086000000.000004,7242100000.0,3.1877494097016066
2020-06-18,23181200000.000004,7242100000.0,3.2008947680921285
2020-06-19,23068999999.999996,7242100000.0,3.1854020242747265
2020-06-22,23256000000.000004,7242100000.0,3.2112232639703957
2020-06-23,23218600000.000004,7242100000.0,3.2060590160312623
2020-06-24,22443400000.0,7242100000.0,3.0990182405655817
2020-06-25,23004400000.0,7242100000.0,3.176481959652587
2020-06-26,22565800000.0,7242100000.0,3.11591941563911
2020-06-29,23092800000.0,7242100000.0,3.1886883638723575
2020-06-30,23004400000.0,7242100000.0,3.176481959652587
2020-07-01,22936399999.999996,7242100000.0,3.167092417945071
2020-07-02,23171000000.000004,7242100000.0,3.199486336836001
2020-07-06,23511000000.000004,7242100000.0,3.24643404537358
2020-07-07,23140400000.0,7242100000.0,3.1952610430676187
2020-07-08,23215200000.0,7242100000.0,3.205589538945886
2020-07-09,22875200000.0,7242100000.0,3.158641830408307
2020-07-10,22868400680.0,7242100000.0,3.1577029701329726
2020-07-13,22994198980.0,7242100000.0,3.175073387553334
2020-07-14,23514401360.0,7242100000.0,3.2469037102497893
2020-07-15,24204600680.000004,7242100000.0,3.342207464685658
2020-07-16,24381399660.0,7242100000.0,3.366620132282073
2020-07-17,24510598640.0,7242100000.0,3.384460120683227
2020-07-20,24055000000.0,7242100000.0,3.3215503790337055
2020-07-21,24207998980.0,7242100000.0,3.3426767070324908
2020-07-22,24320199660.0,7242100000.0,3.3581695447453086
2020-07-23,24660199660.0,7242100000.0,3.4051172532828877
2020-07-24,24140000000.0,7242100000.0,3.3332873061681005
2020-07-27,24446000680.0,7242100000.0,3.3755403377473385
2020-07-28,24150199660.0,7242100000.0,3.334695690476519
2020-07-29,25023999320.0,7242100000.0,3.4553512544703886
2020-07-30,24534401360.0,7242100000.0,3.3877468358625262
2020-07-31,23864600680.000004,7242100000.0,3.295259756148079
2020-08-03,23650399319.999996,7242100000.0,3.2656825119785693
2020-08-04,23619800340.0,7242100000.0,3.2614573590533134
2020-08-05,23806798980.0,7242100000.0,3.2872784109581477
2020-08-06,24037998980.0,7242100000.0,3.319202852763701
