date,close price,LW_SHE,LW_TA,LW_TL,market cap,PB Ratio
2016-11-10,30.33,,,,,
2016-11-11,29.89,,,,,
2016-11-14,30.19,,,,,
2016-11-15,30.43,,,,,
2016-11-16,31.7,,,,,
2016-11-17,32.51,,,,,
2016-11-18,32.68,,,,,
2016-11-21,31.74,,,,,
2016-11-22,32.7,,,,,
2016-11-23,33.02,,,,,
2016-11-25,32.59,,,,,
2016-11-28,32.74,,,,4796410000.0,
2016-11-29,33.19,,,,4862335000.0,
2016-11-30,33.48,,,,4904820000.0,
2016-12-01,32.51,,,,4762715000.0,
2016-12-02,32.99,,,,4833035000.0,
2016-12-05,33.65,,,,4929725000.0,
2016-12-06,33.82,,,,4954630000.0,
2016-12-07,34.75,,,,5090875000.0,
2016-12-08,35.93,,,,5263745000.0,
2016-12-09,36.38,,,,5329670000.0,
2016-12-12,36.73,,,,5380945000.0,
2016-12-13,36.58,,,,5358970000.0,
2016-12-14,35.15,,,,5149475000.0,
2016-12-15,34.38,,,,5036670000.0,
2016-12-16,35.26,,,,5165590000.0,
2016-12-19,34.48,,,,5051320000.0,
2016-12-20,34.95,,,,5120175000.0,
2016-12-21,35.02,,,,5130430000.0,
2016-12-22,36.33,,,,5322345000.0,
2016-12-23,36.85,,,,5398525000.0,
2016-12-27,37.34,,,,5470310000.000001,
2016-12-28,37.23,,,,5454195000.0,
2016-12-29,37.77,,,,5533305000.0,
2016-12-30,37.85,,,,5545025000.0,
2017-01-03,37.49,,,,5492285000.0,
2017-01-04,36.98,,,,5417570000.0,
2017-01-05,36.62,,,,5364830000.0,
2017-01-06,36.83,,,,5395595000.0,
2017-01-09,36.89,,,,5404385000.0,
2017-01-10,36.84,-758600000.0,2400200000.0,3158800000.0,5397060000.000001,-7.114500395465332
2017-01-11,36.89,-758600000.0,2400200000.0,3158800000.0,5404385000.0,-7.124156340627471
2017-01-12,36.96,-758600000.0,2400200000.0,3158800000.0,5414640000.0,-7.137674663854469
2017-01-13,37.22,-758600000.0,2400200000.0,3158800000.0,5452730000.0,-7.187885578697601
2017-01-17,36.89,-758600000.0,2400200000.0,3158800000.0,5404385000.0,-7.124156340627471
2017-01-18,36.64,-758600000.0,2400200000.0,3158800000.0,5367760000.0,-7.075876614816767
2017-01-19,36.96,-758600000.0,2400200000.0,3158800000.0,5414640000.0,-7.137674663854469
2017-01-20,37.11,-758600000.0,2400200000.0,3158800000.0,5436615000.0,-7.166642499340891
2017-01-23,36.77,-758600000.0,2400200000.0,3158800000.0,5386805000.0,-7.100982072238334
2017-01-24,37.49,-758600000.0,2400200000.0,3158800000.0,5492285000.0,-7.240027682573161
2017-01-25,36.67,-758600000.0,2400200000.0,3158800000.0,5372155000.0,-7.081670181914053
2017-01-26,36.33,-758600000.0,2400200000.0,3158800000.0,5322345000.0,-7.016009754811495
2017-01-27,36.44,-758600000.0,2400200000.0,3158800000.0,5338460000.0,-7.037252834168204
2017-01-30,36.78,-758600000.0,2400200000.0,3158800000.0,5388270000.0,-7.1029132612707615
2017-01-31,37.36,-758600000.0,2400200000.0,3158800000.0,5473240000.0,-7.214922225151595
2017-02-01,37.77,-758600000.0,2400200000.0,3158800000.0,5533305000.0,-7.294100975481149
2017-02-02,38.42,-758600000.0,2400200000.0,3158800000.0,5628530000.0,-7.419628262588979
2017-02-03,38.9,-758600000.0,2400200000.0,3158800000.0,5698850000.0,-7.5123253361455316
2017-02-06,39.24,-758600000.0,2400200000.0,3158800000.0,5748660000.0,-7.577985763248089
2017-02-07,39.41,-758600000.0,2400200000.0,3158800000.0,5773564999.999999,-7.610815976799366
2017-02-08,39.16,-758600000.0,2400200000.0,3158800000.0,5736939999.999999,-7.5625362509886624
2017-02-09,39.08,-758600000.0,2400200000.0,3158800000.0,5725220000.0,-7.547086738729238
2017-02-10,39.27,-758600000.0,2400200000.0,3158800000.0,5753055000.0,-7.583779330345373
2017-02-13,39.43,-758600000.0,2400200000.0,3158800000.0,5776495000.0,-7.614678354864224
2017-02-14,39.65,-758600000.0,2400200000.0,3158800000.0,5808725000.0,-7.657164513577643
2017-02-15,39.63,-758600000.0,2400200000.0,3158800000.0,5805795000.0,-7.653302135512787
2017-02-16,39.9,-758600000.0,2400200000.0,3158800000.0,5845350000.0,-7.705444239388347
2017-02-17,39.62,-758600000.0,2400200000.0,3158800000.0,5804330000.0,-7.651370946480359
2017-02-21,39.62,-758600000.0,2400200000.0,3158800000.0,5804330000.0,-7.651370946480359
2017-02-22,39.85,-758600000.0,2400200000.0,3158800000.0,5838025000.0,-7.695788294226206
2017-02-23,39.5,-758600000.0,2400200000.0,3158800000.0,5786750000.0,-7.6281966780912205
2017-02-24,39.58,-758600000.0,2400200000.0,3158800000.0,5798470000.0,-7.643646190350646
2017-02-27,39.48,-758600000.0,2400200000.0,3158800000.0,5787768000.0,-7.629538623780649
2017-02-28,39.19,-758600000.0,2400200000.0,3158800000.0,5745254000.0,-7.573495913524915
2017-03-01,39.95,-758600000.0,2400200000.0,3158800000.0,5856670000.0,-7.720366464539942
2017-03-02,40.22,-758600000.0,2400200000.0,3158800000.0,5896252000.0,-7.772544160295281
2017-03-03,40.4,-758600000.0,2400200000.0,3158800000.0,5922640000.0,-7.80732929079884
2017-03-06,40.42,-758600000.0,2400200000.0,3158800000.0,5925572000.0,-7.811194305299235
2017-03-07,40.74,-758600000.0,2400200000.0,3158800000.0,5972484000.0,-7.873034537305563
2017-03-08,40.72,-758600000.0,2400200000.0,3158800000.0,5969552000.0,-7.8691695228051675
2017-03-09,40.98,-758600000.0,2400200000.0,3158800000.0,6007668000.0,-7.919414711310308
2017-03-10,41.4,-758600000.0,2400200000.0,3158800000.0,6069240000.0,-8.000580015818613
2017-03-13,41.53,-758600000.0,2400200000.0,3158800000.0,6088298000.0,-8.025702610071184
2017-03-14,42.21,-758600000.0,2400200000.0,3158800000.0,6187986000.0,-8.15711310308463
2017-03-15,42.36,-758600000.0,2400200000.0,3158800000.0,6209976000.0,-8.186100711837595
2017-03-16,41.99,-758600000.0,2400200000.0,3158800000.0,6155734000.0,-8.114597943580279
2017-03-17,42.25,-758600000.0,2400200000.0,3158800000.0,6193850000.0,-8.164843132085421
2017-03-20,42.48,-758600000.0,2400200000.0,3158800000.0,6227568000.0,-8.209290798839968
2017-03-21,42.87,-758600000.0,2400200000.0,3158800000.0,6284742000.0,-8.28465858159768
2017-03-22,42.44,-758600000.0,2400200000.0,3158800000.0,6221704000.0,-8.201560769839178
2017-03-23,43.01,-758600000.0,2400200000.0,3158800000.0,6305266000.0,-8.311713683100448
2017-03-24,42.67,-758600000.0,2400200000.0,3158800000.0,6255422000.0,-8.246008436593725
2017-03-27,42.96,-758600000.0,2400200000.0,3158800000.0,6297936000.0,-8.30205114684946
2017-03-28,42.92,-758600000.0,2400200000.0,3158800000.0,6292072000.0,-8.294321117848668
2017-03-29,42.64,-758600000.0,2400200000.0,3158800000.0,6251024000.0,-8.240210914843132
2017-03-30,42.09,-758600000.0,2400200000.0,3158800000.0,6170394000.000001,-8.133923016082258
2017-03-31,42.06,-758600000.0,2400200000.0,3158800000.0,6165996000.0,-8.128125494331664
2017-04-03,42.0,-758600000.0,2400200000.0,3158800000.0,6157200000.0,-8.116530450830478
2017-04-04,42.19,-758600000.0,2400200000.0,3158800000.0,6185054000.0,-8.153248088584235
2017-04-05,41.74,-758600000.0,2400200000.0,3158800000.0,6119084000.0,-8.066285262325335
2017-04-06,43.14,-701600000.0,2432200000.0,3133800000.0,6324324000.0,-9.014144811858609
2017-04-07,42.99,-701600000.0,2432200000.0,3133800000.0,6302334000.0,-8.982802166476624
2017-04-10,42.76,-701600000.0,2432200000.0,3133800000.0,6268616000.0,-8.934743443557583
2017-04-11,42.88,-701600000.0,2432200000.0,3133800000.0,6286208000.0,-8.95981755986317
2017-04-12,42.16,-701600000.0,2432200000.0,3133800000.0,6180655999.999999,-8.809372862029646
2017-04-13,41.87,-701600000.0,2432200000.0,3133800000.0,6138142000.0,-8.748777080957812
2017-04-17,42.23,-701600000.0,2432200000.0,3133800000.0,6190918000.0,-8.823999429874572
2017-04-18,42.38,-701600000.0,2432200000.0,3133800000.0,6212908000.0,-8.855342075256557
2017-04-19,42.2,-701600000.0,2432200000.0,3133800000.0,6186520000.0,-8.817730900798175
2017-04-20,42.6,-701600000.0,2432200000.0,3133800000.0,6245160000.0,-8.901311288483466
2017-04-21,42.26,-701600000.0,2432200000.0,3133800000.0,6195316000.0,-8.83026795895097
2017-04-24,42.67,-701600000.0,2432200000.0,3133800000.0,6255422000.0,-8.915937856328393
2017-04-25,42.46,-701600000.0,2432200000.0,3133800000.0,6224636000.0,-8.872058152793615
2017-04-26,42.24,-701600000.0,2432200000.0,3133800000.0,6192384000.0,-8.826088939566704
2017-04-27,42.64,-701600000.0,2432200000.0,3133800000.0,6251024000.0,-8.909669327251995
2017-04-28,41.75,-701600000.0,2432200000.0,3133800000.0,6120550000.0,-8.723702964652224
2017-05-01,41.8,-701600000.0,2432200000.0,3133800000.0,6127880000.0,-8.734150513112885
2017-05-02,41.39,-701600000.0,2432200000.0,3133800000.0,6067774000.0,-8.648480615735462
2017-05-03,40.9,-701600000.0,2432200000.0,3133800000.0,5995940000.0,-8.54609464082098
2017-05-04,41.26,-701600000.0,2432200000.0,3133800000.0,6048716000.0,-8.621316989737743
2017-05-05,41.57,-701600000.0,2432200000.0,3133800000.0,6094162000.0,-8.686091790193842
2017-05-08,41.58,-701600000.0,2432200000.0,3133800000.0,6095628000.0,-8.688181299885976
2017-05-09,41.75,-701600000.0,2432200000.0,3133800000.0,6120550000.0,-8.723702964652224
2017-05-10,42.47,-701600000.0,2432200000.0,3133800000.0,6226102000.0,-8.874147662485747
2017-05-11,42.2,-701600000.0,2432200000.0,3133800000.0,6186520000.0,-8.817730900798175
2017-05-12,42.2,-701600000.0,2432200000.0,3133800000.0,6186520000.0,-8.817730900798175
2017-05-15,42.93,-701600000.0,2432200000.0,3133800000.0,6293538000.0,-8.970265108323831
2017-05-16,44.47,-701600000.0,2432200000.0,3133800000.0,6519302000.0,-9.2920496009122
2017-05-17,44.17,-701600000.0,2432200000.0,3133800000.0,6475322000.0,-9.229364310148233
2017-05-18,43.94,-701600000.0,2432200000.0,3133800000.0,6441604000.0,-9.18130558722919
2017-05-19,44.38,-701600000.0,2432200000.0,3133800000.0,6506108000.0,-9.27324401368301
2017-05-22,44.58,-701600000.0,2432200000.0,3133800000.0,6535428000.0,-9.315034207525656
2017-05-23,44.22,-701600000.0,2432200000.0,3133800000.0,6482652000.0,-9.239811858608894
2017-05-24,45.49,-701600000.0,2432200000.0,3133800000.0,6668834000.0,-9.505179589509693
2017-05-25,45.63,-701600000.0,2432200000.0,3133800000.0,6689358000.0,-9.534432725199544
2017-05-26,45.66,-701600000.0,2432200000.0,3133800000.0,6693755999.999999,-9.54070125427594
2017-05-30,46.17,-701600000.0,2432200000.0,3133800000.0,6777756000.0,-9.660427594070695
2017-05-31,46.41,-701600000.0,2432200000.0,3133800000.0,6812987999.999999,-9.71064424173318
2017-06-01,47.32,-701600000.0,2432200000.0,3133800000.0,6946576000.0,-9.901049030786773
2017-06-02,47.38,-701600000.0,2432200000.0,3133800000.0,6955384000.0,-9.913603192702395
2017-06-05,46.71,-701600000.0,2432200000.0,3133800000.0,6857028000.0,-9.773415051311288
2017-06-06,46.67,-701600000.0,2432200000.0,3133800000.0,6851156000.0,-9.765045610034207
2017-06-07,46.91,-701600000.0,2432200000.0,3133800000.0,6886387999.999999,-9.815262257696691
2017-06-08,46.5,-701600000.0,2432200000.0,3133800000.0,6826200000.0,-9.729475484606613
2017-06-09,46.03,-701600000.0,2432200000.0,3133800000.0,6757204000.0,-9.631134549600912
2017-06-12,45.43,-701600000.0,2432200000.0,3133800000.0,6669124000.0,-9.505592930444697
2017-06-13,45.98,-701600000.0,2432200000.0,3133800000.0,6749864000.0,-9.62067274800456
2017-06-14,45.59,-701600000.0,2432200000.0,3133800000.0,6692612000.000001,-9.539070695553024
2017-06-15,45.32,-701600000.0,2432200000.0,3133800000.0,6652976000.0,-9.482576966932726
2017-06-16,45.07,-701600000.0,2432200000.0,3133800000.0,6616276000.0,-9.430267958950969
2017-06-19,45.55,-701600000.0,2432200000.0,3133800000.0,6686740000.0,-9.530701254275941
2017-06-20,45.73,-701600000.0,2432200000.0,3133800000.0,6713164000.0,-9.568363740022805
2017-06-21,45.82,-701600000.0,2432200000.0,3133800000.0,6726376000.0,-9.587194982896238
2017-06-22,45.59,-701600000.0,2432200000.0,3133800000.0,6692612000.000001,-9.539070695553024
2017-06-23,45.56,-701600000.0,2432200000.0,3133800000.0,6688208000.0,-9.53279361459521
2017-06-26,45.34,-701600000.0,2432200000.0,3133800000.0,6655912000.000001,-9.486761687571267
2017-06-27,44.69,-701600000.0,2432200000.0,3133800000.0,6560492000.0,-9.3507582668187
2017-06-28,45.37,-701600000.0,2432200000.0,3133800000.0,6660316000.0,-9.493038768529077
2017-06-29,44.13,-701600000.0,2432200000.0,3133800000.0,6478284000.0,-9.233586088939568
2017-06-30,44.04,-701600000.0,2432200000.0,3133800000.0,6465072000.0,-9.214754846066134
2017-07-03,43.86,-701600000.0,2432200000.0,3133800000.0,6438648000.0,-9.17709236031927
2017-07-05,43.27,-701600000.0,2432200000.0,3133800000.0,6352036000.0,-9.053643101482326
2017-07-06,42.9,-701600000.0,2432200000.0,3133800000.0,6297720000.0,-8.976225769669327
2017-07-07,43.1,-701600000.0,2432200000.0,3133800000.0,6327080000.0,-9.018072976054732
2017-07-10,42.74,-701600000.0,2432200000.0,3133800000.0,6274232000.0,-8.942748004561004
2017-07-11,43.79,-701600000.0,2432200000.0,3133800000.0,6428372000.0,-9.162445838084379
2017-07-12,44.0,-701600000.0,2432200000.0,3133800000.0,6459200000.0,-9.206385404789053
2017-07-13,43.77,-701600000.0,2432200000.0,3133800000.0,6425436000.0,-9.158261117445837
2017-07-14,43.65,-701600000.0,2432200000.0,3133800000.0,6407820000.0,-9.133152793614595
2017-07-17,43.99,-701600000.0,2432200000.0,3133800000.0,6457732000.0,-9.204293044469784
2017-07-18,44.13,-701600000.0,2432200000.0,3133800000.0,6478284000.0,-9.233586088939568
2017-07-19,44.38,-701600000.0,2432200000.0,3133800000.0,6514984000.0,-9.285895096921323
2017-07-20,44.28,-701600000.0,2432200000.0,3133800000.0,6500304000.0,-9.26497149372862
2017-07-21,45.0,-701600000.0,2432200000.0,3133800000.0,6606000000.0,-9.415621436716078
2017-07-24,44.75,-701600000.0,2432200000.0,3133800000.0,6569300000.0,-9.363312428734321
2017-07-25,45.68,-647200000.0,2485600000.0,3132800000.0,6705824000.0,-10.361285537700866
2017-07-26,44.28,-647200000.0,2485600000.0,3132800000.0,6500304000.0,-10.043733003708281
2017-07-27,43.86,-647200000.0,2485600000.0,3132800000.0,6438648000.0,-9.948467243510507
2017-07-28,43.82,-647200000.0,2485600000.0,3132800000.0,6432776000.0,-9.939394313967862
2017-07-31,43.98,-647200000.0,2485600000.0,3132800000.0,6456264000.0,-9.975686032138443
2017-08-01,44.04,-647200000.0,2485600000.0,3132800000.0,6465072000.0,-9.98929542645241
2017-08-02,43.76,-647200000.0,2485600000.0,3132800000.0,6423968000.0,-9.925784919653895
2017-08-03,43.22,-647200000.0,2485600000.0,3132800000.0,6344696000.0,-9.803300370828183
2017-08-04,43.62,-647200000.0,2485600000.0,3132800000.0,6403416000.0,-9.894029666254635
2017-08-07,43.86,-647200000.0,2485600000.0,3132800000.0,6438648000.0,-9.948467243510507
2017-08-08,43.56,-647200000.0,2485600000.0,3132800000.0,6394608000.0,-9.880420271940668
2017-08-09,43.51,-647200000.0,2485600000.0,3132800000.0,6387268000.0,-9.869079110012361
2017-08-10,44.34,-647200000.0,2485600000.0,3132800000.0,6509112000.000001,-10.057342398022252
2017-08-11,44.81,-647200000.0,2485600000.0,3132800000.0,6578108000.0,-10.163949320148332
2017-08-14,44.81,-647200000.0,2485600000.0,3132800000.0,6578108000.0,-10.163949320148332
2017-08-15,45.02,-647200000.0,2485600000.0,3132800000.0,6608936000.0,-10.21158220024722
2017-08-16,45.36,-647200000.0,2485600000.0,3132800000.0,6658848000.0,-10.288702101359704
2017-08-17,45.37,-647200000.0,2485600000.0,3132800000.0,6660316000.0,-10.290970333745365
2017-08-18,45.27,-647200000.0,2485600000.0,3132800000.0,6645636000.0,-10.268288009888751
2017-08-21,45.45,-647200000.0,2485600000.0,3132800000.0,6672060000.0,-10.309116192830656
2017-08-22,45.66,-647200000.0,2485600000.0,3132800000.0,6702887999.999999,-10.35674907292954
2017-08-23,45.59,-647200000.0,2485600000.0,3132800000.0,6692612000.000001,-10.340871446229915
2017-08-24,45.0,-647200000.0,2485600000.0,3132800000.0,6606000000.0,-10.207045735475896
2017-08-25,45.04,-647200000.0,2485600000.0,3132800000.0,6611872000.0,-10.216118665018541
2017-08-28,44.88,-647200000.0,2485600000.0,3132800000.0,6588384000.0,-10.17982694684796
2017-08-29,45.07,-647200000.0,2485600000.0,3132800000.0,6616276000.0,-10.222923362175525
2017-08-30,45.17,-647200000.0,2485600000.0,3132800000.0,6630956000.0,-10.245605686032139
2017-08-31,45.48,-647200000.0,2485600000.0,3132800000.0,6676464000.0,-10.31592088998764
2017-09-01,45.99,-647200000.0,2485600000.0,3132800000.0,6751332000.0,-10.431600741656366
2017-09-05,45.74,-647200000.0,2485600000.0,3132800000.0,6714632000.0,-10.374894932014833
2017-09-06,45.32,-647200000.0,2485600000.0,3132800000.0,6652976000.0,-10.279629171817058
2017-09-07,45.28,-647200000.0,2485600000.0,3132800000.0,6647104000.0,-10.270556242274413
2017-09-08,45.44,-647200000.0,2485600000.0,3132800000.0,6670592000.0,-10.306847960444994
2017-09-11,45.63,-647200000.0,2485600000.0,3132800000.0,6698484000.0,-10.349944375772559
2017-09-12,46.0,-647200000.0,2485600000.0,3132800000.0,6752800000.0,-10.433868974042028
2017-09-13,46.55,-647200000.0,2485600000.0,3132800000.0,6833540000.0,-10.5586217552534
2017-09-14,46.07,-647200000.0,2485600000.0,3132800000.0,6763076000.0,-10.449746600741657
2017-09-15,46.39,-647200000.0,2485600000.0,3132800000.0,6810052000.0,-10.522330037082819
2017-09-18,46.28,-647200000.0,2485600000.0,3132800000.0,6793904000.0,-10.497379480840545
2017-09-19,46.39,-647200000.0,2485600000.0,3132800000.0,6810052000.0,-10.522330037082819
2017-09-20,46.65,-647200000.0,2485600000.0,3132800000.0,6848220000.0,-10.581304079110012
2017-09-21,45.86,-647200000.0,2485600000.0,3132800000.0,6732248000.0,-10.402113720642769
2017-09-22,45.38,-647200000.0,2485600000.0,3132800000.0,6661784000.0,-10.293238566131025
2017-09-25,45.17,-647200000.0,2485600000.0,3132800000.0,6630956000.0,-10.245605686032139
2017-09-26,45.53,-647200000.0,2485600000.0,3132800000.0,6683804000.0,-10.327262051915946
2017-09-27,46.04,-647200000.0,2485600000.0,3132800000.0,6758672000.0,-10.442941903584673
2017-09-28,46.58,-647200000.0,2485600000.0,3132800000.0,6837944000.0,-10.565426452410383
2017-09-29,46.89,-647200000.0,2485600000.0,3132800000.0,6883452000.0,-10.635741656365884
2017-10-02,47.54,-647200000.0,2485600000.0,3132800000.0,6978872000.0,-10.78317676143387
2017-10-03,47.17,-647200000.0,2485600000.0,3132800000.0,6924556000.0,-10.6992521631644
2017-10-04,48.41,-575700000.0,2527800000.0,3103500000.0,7106587999.999999,-12.344255688726765
2017-10-05,48.59,-575700000.0,2527800000.0,3103500000.0,7133012000.000001,-12.39015459440681
2017-10-06,49.13,-575700000.0,2527800000.0,3103500000.0,7212284000.0,-12.527851311446934
2017-10-09,48.83,-575700000.0,2527800000.0,3103500000.0,7168244000.0,-12.451353135313532
2017-10-10,49.04,-575700000.0,2527800000.0,3103500000.0,7199072000.0,-12.504901858606914
2017-10-11,49.37,-575700000.0,2527800000.0,3103500000.0,7247516000.0,-12.589049852353657
2017-10-12,49.7,-575700000.0,2527800000.0,3103500000.0,7295960000.0,-12.673197846100399
2017-10-13,50.0,-575700000.0,2527800000.0,3103500000.0,7340000000.0,-12.749696022233802
2017-10-16,50.69,-575700000.0,2527800000.0,3103500000.0,7441292000.0,-12.925641827340629
2017-10-17,50.22,-575700000.0,2527800000.0,3103500000.0,7372296000.0,-12.80579468473163
2017-10-18,50.56,-575700000.0,2527800000.0,3103500000.0,7422208000.0,-12.892492617682821
2017-10-19,50.3,-575700000.0,2527800000.0,3103500000.0,7384040000.0,-12.826194198367205
2017-10-20,50.63,-575700000.0,2527800000.0,3103500000.0,7432484000.0,-12.910342192113948
2017-10-23,50.9,-575700000.0,2527800000.0,3103500000.0,7472120000.0,-12.97919055063401
2017-10-24,50.72,-575700000.0,2527800000.0,3103500000.0,7445696000.0,-12.93329164495397
2017-10-25,50.62,-575700000.0,2527800000.0,3103500000.0,7431016000.0,-12.907792252909502
2017-10-26,50.6,-575700000.0,2527800000.0,3103500000.0,7428080000.0,-12.902692374500608
2017-10-27,50.82,-575700000.0,2527800000.0,3103500000.0,7460376000.0,-12.958791036998436
2017-10-30,50.38,-575700000.0,2527800000.0,3103500000.0,7395784000.0,-12.846593712002779
2017-10-31,50.99,-575700000.0,2527800000.0,3103500000.0,7485332000.0,-13.002140003474032
2017-11-01,51.35,-575700000.0,2527800000.0,3103500000.0,7538180000.0,-13.093937814834115
2017-11-02,51.8,-575700000.0,2527800000.0,3103500000.0,7604240000.0,-13.20868507903422
2017-11-03,52.12,-575700000.0,2527800000.0,3103500000.0,7651216000.0,-13.290283133576516
2017-11-06,52.06,-575700000.0,2527800000.0,3103500000.0,7642408000.0,-13.274983498349835
2017-11-07,51.66,-575700000.0,2527800000.0,3103500000.0,7583687999.999999,-13.172985930171963
2017-11-08,52.39,-575700000.0,2527800000.0,3103500000.0,7690852000.0,-13.359131492096578
2017-11-09,51.62,-575700000.0,2527800000.0,3103500000.0,7577816000.0,-13.162786173354178
2017-11-10,51.96,-575700000.0,2527800000.0,3103500000.0,7627728000.0,-13.249484106305367
2017-11-13,52.78,-575700000.0,2527800000.0,3103500000.0,7748104000.0,-13.458579121070002
2017-11-14,53.39,-575700000.0,2527800000.0,3103500000.0,7837652000.0,-13.614125412541254
2017-11-15,52.74,-575700000.0,2527800000.0,3103500000.0,7742232000.0,-13.448379364252215
2017-11-16,53.45,-575700000.0,2527800000.0,3103500000.0,7846460000.0,-13.629425047767935
2017-11-17,53.21,-575700000.0,2527800000.0,3103500000.0,7811228000.0,-13.568226506861212
2017-11-20,53.69,-575700000.0,2527800000.0,3103500000.0,7881692000.0,-13.690623588674656
2017-11-21,53.74,-575700000.0,2527800000.0,3103500000.0,7889032000.0,-13.703373284696891
2017-11-22,54.25,-575700000.0,2527800000.0,3103500000.0,7963900000.0,-13.833420184123675
2017-11-24,54.44,-575700000.0,2527800000.0,3103500000.0,7991792000.0,-13.881869029008165
2017-11-27,54.03,-575700000.0,2527800000.0,3103500000.0,7937007000.0,-13.786706618030225
2017-11-28,54.03,-575700000.0,2527800000.0,3103500000.0,7937007000.0,-13.786706618030225
2017-11-29,53.95,-575700000.0,2527800000.0,3103500000.0,7925255000.0,-13.766293208268195
2017-11-30,54.37,-575700000.0,2527800000.0,3103500000.0,7986953000.0,-13.873463609518847
2017-12-01,54.86,-575700000.0,2527800000.0,3103500000.0,8058934000.0,-13.998495744311274
2017-12-04,54.95,-575700000.0,2527800000.0,3103500000.0,8072155000.0,-14.021460830293556
2017-12-05,54.45,-575700000.0,2527800000.0,3103500000.0,7998705000.0,-13.893877019280875
2017-12-06,54.45,-575700000.0,2527800000.0,3103500000.0,7998705000.0,-13.893877019280875
2017-12-07,54.98,-575700000.0,2527800000.0,3103500000.0,8076562000.0,-14.029115858954317
2017-12-08,56.2,-575700000.0,2527800000.0,3103500000.0,8255780000.0,-14.340420357825256
2017-12-11,56.88,-575700000.0,2527800000.0,3103500000.0,8355672000.0,-14.513934340802502
2017-12-12,55.75,-575700000.0,2527800000.0,3103500000.0,8189675000.0,-14.225594927913845
2017-12-13,55.8,-575700000.0,2527800000.0,3103500000.0,8197020000.0,-14.238353309015112
2017-12-14,55.45,-575700000.0,2527800000.0,3103500000.0,8145605000.0,-14.149044641306237
2017-12-15,55.5,-575700000.0,2527800000.0,3103500000.0,8152950000.0,-14.161803022407504
2017-12-18,56.12,-575700000.0,2527800000.0,3103500000.0,8244028000.0,-14.320006948063227
2017-12-19,55.85,-575700000.0,2527800000.0,3103500000.0,8204365000.0,-14.25111169011638
2017-12-20,55.98,-575700000.0,2527800000.0,3103500000.0,8223462000.0,-14.284283480979678
2017-12-21,55.43,-575700000.0,2527800000.0,3103500000.0,8142667000.0,-14.14394128886573
2017-12-22,55.82,-575700000.0,2527800000.0,3103500000.0,8199958000.0,-14.24345666145562
2017-12-26,55.18,-575700000.0,2527800000.0,3103500000.0,8105942000.0,-14.08014938335939
2017-12-27,55.46,-575700000.0,2527800000.0,3103500000.0,8147074000.0,-14.15159631752649
2017-12-28,55.86,-575700000.0,2527800000.0,3103500000.0,8205834000.0,-14.253663366336633
2017-12-29,56.45,-575700000.0,2527800000.0,3103500000.0,8292505000.0,-14.404212263331596
2018-01-02,55.37,-575700000.0,2527800000.0,3103500000.0,8133853000.0,-14.128631231544206
2018-01-03,56.06,-575700000.0,2527800000.0,3103500000.0,8235214000.0,-14.304696890741706
2018-01-04,57.22,-531400000.0,2714900000.0,3246300000.0,8405618000.0,-15.817873541588257
2018-01-05,57.7,-531400000.0,2714900000.0,3246300000.0,8476130000.0,-15.950564546480994
2018-01-08,58.56,-531400000.0,2714900000.0,3246300000.0,8602464000.0,-16.18830259691381
2018-01-09,58.04,-531400000.0,2714900000.0,3246300000.0,8526076000.0,-16.044554008280016
2018-01-10,57.87,-531400000.0,2714900000.0,3246300000.0,8501103000.0,-15.997559277380505
2018-01-11,58.0,-531400000.0,2714900000.0,3246300000.0,8520200000.0,-16.033496424538953
2018-01-12,58.28,-531400000.0,2714900000.0,3246300000.0,8561332000.0,-16.110899510726384
2018-01-16,58.52,-531400000.0,2714900000.0,3246300000.0,8596588000.0,-16.17724501317275
2018-01-17,59.34,-531400000.0,2714900000.0,3246300000.0,8717046000.0,-16.403925479864508
2018-01-18,59.03,-531400000.0,2714900000.0,3246300000.0,8671507000.0,-16.318229205871283
2018-01-19,60.04,-531400000.0,2714900000.0,3246300000.0,8819876000.0,-16.597433195333082
2018-01-22,60.3,-531400000.0,2714900000.0,3246300000.0,8858070000.0,-16.66930748964998
2018-01-23,60.32,-531400000.0,2714900000.0,3246300000.0,8861008000.0,-16.674836281520513
2018-01-24,59.87,-531400000.0,2714900000.0,3246300000.0,8794903000.0,-16.550438464433572
2018-01-25,59.24,-531400000.0,2714900000.0,3246300000.0,8702356000.0,-16.376281520511856
2018-01-26,59.8,-531400000.0,2714900000.0,3246300000.0,8784620000.0,-16.531087692886715
2018-01-29,59.09,-531400000.0,2714900000.0,3246300000.0,8680321000.0,-16.334815581482875
2018-01-30,58.25,-531400000.0,2714900000.0,3246300000.0,8556925000.0,-16.102606322920586
2018-01-31,58.6,-531400000.0,2714900000.0,3246300000.0,8608340000.0,-16.199360180654875
2018-02-01,57.4,-531400000.0,2714900000.0,3246300000.0,8432060000.0,-15.867632668423033
2018-02-02,56.79,-531400000.0,2714900000.0,3246300000.0,8342451000.0,-15.699004516371849
2018-02-05,56.34,-531400000.0,2714900000.0,3246300000.0,8276346000.000001,-15.57460669928491
2018-02-06,55.8,-531400000.0,2714900000.0,3246300000.0,8197020000.0,-15.42532931878058
2018-02-07,56.93,-531400000.0,2714900000.0,3246300000.0,8363017000.0,-15.737706059465562
2018-02-08,54.73,-531400000.0,2714900000.0,3246300000.0,8039837000.0,-15.129538953707188
2018-02-09,54.46,-531400000.0,2714900000.0,3246300000.0,8000174000.0,-15.054900263455025
2018-02-12,55.08,-531400000.0,2714900000.0,3246300000.0,8091252000.0,-15.226292811441475
2018-02-13,54.54,-531400000.0,2714900000.0,3246300000.0,8011926000.0,-15.077015430937147
2018-02-14,54.24,-531400000.0,2714900000.0,3246300000.0,7967856000.0,-14.994083552879188
2018-02-15,55.4,-531400000.0,2714900000.0,3246300000.0,8138260000.0,-15.314753481369966
2018-02-16,55.58,-531400000.0,2714900000.0,3246300000.0,8164702000.0,-15.364512608204743
2018-02-20,54.29,-531400000.0,2714900000.0,3246300000.0,7975201000.0,-15.007905532555514
2018-02-21,53.51,-531400000.0,2714900000.0,3246300000.0,7860619000.0,-14.792282649604818
2018-02-22,53.75,-531400000.0,2714900000.0,3246300000.0,7895875000.0,-14.858628152051185
2018-02-23,54.71,-531400000.0,2714900000.0,3246300000.0,8036899000.0,-15.124010161836658
2018-02-26,54.62,-531400000.0,2714900000.0,3246300000.0,8029140000.0,-15.10940910801656
2018-02-27,54.39,-531400000.0,2714900000.0,3246300000.0,7995330000.0,-15.045784719608582
2018-02-28,54.09,-531400000.0,2714900000.0,3246300000.0,7951230000.000001,-14.962796386902523
2018-03-01,54.46,-531400000.0,2714900000.0,3246300000.0,8005620000.0,-15.065148663906662
2018-03-02,55.37,-531400000.0,2714900000.0,3246300000.0,8139390000.0,-15.316879939781709
2018-03-05,55.88,-531400000.0,2714900000.0,3246300000.0,8214360000.0,-15.45796010538201
2018-03-06,56.82,-531400000.0,2714900000.0,3246300000.0,8352540000.0,-15.717990214527664
2018-03-07,56.31,-531400000.0,2714900000.0,3246300000.0,8277570000.0,-15.576910048927362
2018-03-08,56.67,-531400000.0,2714900000.0,3246300000.0,8330490000.0,-15.676496048174632
2018-03-09,57.33,-531400000.0,2714900000.0,3246300000.0,8427510000.0,-15.859070380127964
2018-03-12,57.26,-531400000.0,2714900000.0,3246300000.0,8417220000.0,-15.839706435829884
2018-03-13,56.47,-531400000.0,2714900000.0,3246300000.0,8301090000.0,-15.62117049303726
2018-03-14,56.08,-531400000.0,2714900000.0,3246300000.0,8243760000.0,-15.513285660519383
2018-03-15,55.62,-531400000.0,2714900000.0,3246300000.0,8176140000.0,-15.386036883703424
2018-03-16,55.66,-531400000.0,2714900000.0,3246300000.0,8182019999.999999,-15.397101994730898
2018-03-19,55.47,-531400000.0,2714900000.0,3246300000.0,8154090000.0,-15.344542717350395
2018-03-20,55.69,-531400000.0,2714900000.0,3246300000.0,8186430000.0,-15.405400828001506
2018-03-21,55.36,-531400000.0,2714900000.0,3246300000.0,8137920000.0,-15.31411366202484
2018-03-22,54.58,-531400000.0,2714900000.0,3246300000.0,8023260000.0,-15.098343996989085
2018-03-23,54.05,-531400000.0,2714900000.0,3246300000.0,7945350000.0,-14.951731275875048
2018-03-26,56.43,-531400000.0,2714900000.0,3246300000.0,8295210000.0,-15.610105382009785
2018-03-27,56.0,-531400000.0,2714900000.0,3246300000.0,8232000000.0,-15.491155438464434
2018-03-28,56.39,-531400000.0,2714900000.0,3246300000.0,8289330000.0,-15.59904027098231
2018-03-29,58.22,-531400000.0,2714900000.0,3246300000.0,8558340000.0,-16.105269100489274
2018-04-02,58.07,-531400000.0,2714900000.0,3246300000.0,8536290000.0,-16.063774934136244
2018-04-03,59.13,-531400000.0,2714900000.0,3246300000.0,8692110000.0,-16.357000376364322
2018-04-04,59.43,-531400000.0,2714900000.0,3246300000.0,8736210000.0,-16.43998870907038
2018-04-05,61.47,-392200000.0,2753900000.0,3146100000.0,9036090000.0,-23.03949515553289
2018-04-06,61.78,-392200000.0,2753900000.0,3146100000.0,9081660000.0,-23.1556858745538
2018-04-09,62.29,-392200000.0,2753900000.0,3146100000.0,9156630000.0,-23.346838347781745
2018-04-10,63.77,-392200000.0,2753900000.0,3146100000.0,9374190000.0,-23.90155532891382
2018-04-11,63.76,-392200000.0,2753900000.0,3146100000.0,9372720000.0,-23.897807241203466
2018-04-12,63.32,-392200000.0,2753900000.0,3146100000.0,9308040000.0,-23.732891381947987
2018-04-13,64.12,-392200000.0,2753900000.0,3146100000.0,9425640000.0,-24.032738398776136
2018-04-16,64.73,-392200000.0,2753900000.0,3146100000.0,9515310000.0,-24.2613717491076
2018-04-17,65.5,-392200000.0,2753900000.0,3146100000.0,9628500000.0,-24.54997450280469
2018-04-18,65.51,-392200000.0,2753900000.0,3146100000.0,9629970000.0,-24.553722590515044
2018-04-19,65.25,-392200000.0,2753900000.0,3146100000.0,9591750000.0,-24.456272310045893
2018-04-20,65.36,-392200000.0,2753900000.0,3146100000.0,9607920000.0,-24.497501274859765
2018-04-23,65.66,-392200000.0,2753900000.0,3146100000.0,9652020000.0,-24.609943906170322
2018-04-24,65.44,-392200000.0,2753900000.0,3146100000.0,9619680000.0,-24.52748597654258
2018-04-25,65.85,-392200000.0,2753900000.0,3146100000.0,9679950000.0,-24.681157572667008
2018-04-26,66.41,-392200000.0,2753900000.0,3146100000.0,9762270000.0,-24.891050484446712
2018-04-27,66.59,-392200000.0,2753900000.0,3146100000.0,9788730000.0,-24.958516063233045
2018-04-30,65.32,-392200000.0,2753900000.0,3146100000.0,9602039999.999998,-24.482508924018354
2018-05-01,64.97,-392200000.0,2753900000.0,3146100000.0,9550590000.0,-24.35132585415604
2018-05-02,64.14,-392200000.0,2753900000.0,3146100000.0,9428580000.0,-24.040234574196838
2018-05-03,64.04,-392200000.0,2753900000.0,3146100000.0,9413880000.0,-24.00275369709332
2018-05-04,65.09,-392200000.0,2753900000.0,3146100000.0,9568230000.0,-24.396302906680265
2018-05-07,66.21,-392200000.0,2753900000.0,3146100000.0,9732870000.0,-24.816088730239674
2018-05-08,66.66,-392200000.0,2753900000.0,3146100000.0,9799020000.0,-24.984752677205506
2018-05-09,67.73,-392200000.0,2753900000.0,3146100000.0,9956310000.0,-25.385798062213155
2018-05-10,68.03,-392200000.0,2753900000.0,3146100000.0,10000410000.0,-25.498240693523712
2018-05-11,67.93,-392200000.0,2753900000.0,3146100000.0,9985710000.000002,-25.4607598164202
2018-05-14,67.62,-392200000.0,2753900000.0,3146100000.0,9940140000.0,-25.344569097399287
2018-05-15,67.31,-392200000.0,2753900000.0,3146100000.0,9894570000.0,-25.228378378378377
2018-05-16,67.14,-392200000.0,2753900000.0,3146100000.0,9869580000.0,-25.164660887302396
2018-05-17,67.0,-392200000.0,2753900000.0,3146100000.0,9849000000.0,-25.11218765935747
2018-05-18,66.79,-392200000.0,2753900000.0,3146100000.0,9818130000.0,-25.033477817440083
2018-05-21,66.74,-392200000.0,2753900000.0,3146100000.0,9810780000.0,-25.014737378888324
2018-05-22,65.04,-392200000.0,2753900000.0,3146100000.0,9560880000.0,-24.377562468128506
2018-05-23,65.16,-392200000.0,2753900000.0,3146100000.0,9578520000.0,-24.422539520652727
2018-05-24,65.2,-392200000.0,2753900000.0,3146100000.0,9584400000.0,-24.437531871494137
2018-05-25,65.43,-392200000.0,2753900000.0,3146100000.0,9618210000.000002,-24.523737888832233
2018-05-29,64.56,-392200000.0,2753900000.0,3146100000.0,9503232000.0,-24.230576236613974
2018-05-30,65.0,-392200000.0,2753900000.0,3146100000.0,9568000000.0,-24.39571647118817
2018-05-31,63.75,-392200000.0,2753900000.0,3146100000.0,9384000000.0,-23.926568077511472
2018-06-01,64.11,-392200000.0,2753900000.0,3146100000.0,9436992000.0,-24.06168281489036
2018-06-04,65.28,-392200000.0,2753900000.0,3146100000.0,9609216000.0,-24.50080571137175
2018-06-05,65.73,-392200000.0,2753900000.0,3146100000.0,9675456000.0,-24.66969913309536
2018-06-06,64.66,-392200000.0,2753900000.0,3146100000.0,9517952000.0,-24.26810810810811
2018-06-07,64.86,-392200000.0,2753900000.0,3146100000.0,9547392000.0,-24.34317185109638
2018-06-08,65.68,-392200000.0,2753900000.0,3146100000.0,9668096000.000002,-24.650933197348298
2018-06-11,65.36,-392200000.0,2753900000.0,3146100000.0,9620992000.0,-24.530831208567058
2018-06-12,65.69,-392200000.0,2753900000.0,3146100000.0,9669568000.0,-24.654686384497705
2018-06-13,65.34,-392200000.0,2753900000.0,3146100000.0,9618048000.0,-24.52332483426823
2018-06-14,65.85,-392200000.0,2753900000.0,3146100000.0,9693120000.0,-24.714737378888323
2018-06-15,64.93,-392200000.0,2753900000.0,3146100000.0,9557696000.000002,-24.36944416114228
2018-06-18,64.93,-392200000.0,2753900000.0,3146100000.0,9557696000.000002,-24.36944416114228
2018-06-19,66.38,-392200000.0,2753900000.0,3146100000.0,9771136000.0,-24.91365629780724
2018-06-20,67.48,-392200000.0,2753900000.0,3146100000.0,9933056000.0,-25.326506884242733
2018-06-21,67.29,-392200000.0,2753900000.0,3146100000.0,9905088000.0,-25.255196328403876
2018-06-22,67.88,-392200000.0,2753900000.0,3146100000.0,9991936000.0,-25.476634370219276
2018-06-25,68.15,-392200000.0,2753900000.0,3146100000.0,10031680000.0,-25.577970423253443
2018-06-26,68.63,-392200000.0,2753900000.0,3146100000.0,10102336000.0,-25.758123406425295
2018-06-27,68.16,-392200000.0,2753900000.0,3146100000.0,10033152000.0,-25.581723610402857
2018-06-28,68.72,-392200000.0,2753900000.0,3146100000.0,10115584000.0,-25.791902090770016
2018-06-29,68.51,-392200000.0,2753900000.0,3146100000.0,10084672000.0,-25.713085160632332
2018-07-02,67.99,-392200000.0,2753900000.0,3146100000.0,10008128000.0,-25.517919428862825
2018-07-03,68.37,-392200000.0,2753900000.0,3146100000.0,10064064000.0,-25.66054054054054
2018-07-05,69.88,-392200000.0,2753900000.0,3146100000.0,10286336000.0,-26.227271800101988
2018-07-06,70.19,-392200000.0,2753900000.0,3146100000.0,10331968000.0,-26.34362060173381
2018-07-09,70.38,-392200000.0,2753900000.0,3146100000.0,10359936000.0,-26.414931157572667
2018-07-10,70.28,-392200000.0,2753900000.0,3146100000.0,10345216000.0,-26.377399286078532
2018-07-11,70.2,-392200000.0,2753900000.0,3146100000.0,10333440000.0,-26.34737378888322
2018-07-12,70.54,-392200000.0,2753900000.0,3146100000.0,10383488000.0,-26.474982151963285
2018-07-13,70.85,-392200000.0,2753900000.0,3146100000.0,10429120000.0,-26.591330953595104
2018-07-16,70.2,-392200000.0,2753900000.0,3146100000.0,10333440000.0,-26.34737378888322
2018-07-17,70.73,-392200000.0,2753900000.0,3146100000.0,10411456000.0,-26.54629270780214
2018-07-18,70.59,-392200000.0,2753900000.0,3146100000.0,10390848000.0,-26.49374808771035
2018-07-19,70.38,-392200000.0,2753900000.0,3146100000.0,10359936000.0,-26.414931157572667
2018-07-20,70.42,-392200000.0,2753900000.0,3146100000.0,10365824000.0,-26.429943906170323
2018-07-23,69.02,-392200000.0,2753900000.0,3146100000.0,10159744000.0,-25.90449770525242
2018-07-24,68.34,-392200000.0,2753900000.0,3146100000.0,10059648000.0,-25.6492809790923
2018-07-25,70.41,-392200000.0,2753900000.0,3146100000.0,10364352000.0,-26.42619071902091
2018-07-26,70.05,-334800000.0,2752600000.0,3087400000.0,10311360000.0,-30.79856630824373
2018-07-27,69.8,-334800000.0,2752600000.0,3087400000.0,10274560000.0,-30.688649940262845
2018-07-30,70.24,-334800000.0,2752600000.0,3087400000.0,10339328000.0,-30.8821027479092
2018-07-31,70.27,-334800000.0,2752600000.0,3087400000.0,10343744000.0,-30.895292712066905
2018-08-01,69.7,-334800000.0,2752600000.0,3087400000.0,10259840000.0,-30.64468339307049
2018-08-02,70.53,-334800000.0,2752600000.0,3087400000.0,10382016000.0,-31.009605734767025
2018-08-03,72.16,-334800000.0,2752600000.0,3087400000.0,10621952000.0,-31.72626045400239
2018-08-06,72.58,-334800000.0,2752600000.0,3087400000.0,10683776000.0,-31.910919952210275
2018-08-07,71.77,-334800000.0,2752600000.0,3087400000.0,10564544000.0,-31.55479091995221
2018-08-08,71.41,-334800000.0,2752600000.0,3087400000.0,10511552000.0,-31.396511350059736
2018-08-09,71.63,-334800000.0,2752600000.0,3087400000.0,10543936000.0,-31.493237753882916
2018-08-10,71.09,-334800000.0,2752600000.0,3087400000.0,10464448000.0,-31.255818399044205
2018-08-13,70.92,-334800000.0,2752600000.0,3087400000.0,10439424000.0,-31.181075268817203
2018-08-14,71.7,-334800000.0,2752600000.0,3087400000.0,10554240000.0,-31.524014336917563
2018-08-15,69.26,-334800000.0,2752600000.0,3087400000.0,10195072000.0,-30.451230585424135
2018-08-16,66.59,-334800000.0,2752600000.0,3087400000.0,9802048000.0,-29.277323775388293
2018-08-17,65.59,-334800000.0,2752600000.0,3087400000.0,9654848000.0,-28.837658303464757
2018-08-20,65.63,-334800000.0,2752600000.0,3087400000.0,9660736000.0,-28.855244922341697
2018-08-21,65.24,-334800000.0,2752600000.0,3087400000.0,9603328000.0,-28.68377538829152
2018-08-22,66.18,-334800000.0,2752600000.0,3087400000.0,9741696000.000002,-29.097060931899648
2018-08-23,67.08,-334800000.0,2752600000.0,3087400000.0,9874176000.0,-29.492759856630823
2018-08-24,67.03,-334800000.0,2752600000.0,3087400000.0,9866816000.0,-29.47077658303465
2018-08-27,68.12,-334800000.0,2752600000.0,3087400000.0,10034076000.0,-29.970358422939068
2018-08-28,67.9,-334800000.0,2752600000.0,3087400000.0,10001670000.0,-29.873566308243728
2018-08-29,67.73,-334800000.0,2752600000.0,3087400000.0,9976629000.0,-29.79877240143369
2018-08-30,67.12,-334800000.0,2752600000.0,3087400000.0,9886776000.0,-29.530394265232975
2018-08-31,67.6,-334800000.0,2752600000.0,3087400000.0,9957480000.0,-29.7415770609319
2018-09-04,67.17,-334800000.0,2752600000.0,3087400000.0,9894141000.0,-29.552392473118278
2018-09-05,67.3,-334800000.0,2752600000.0,3087400000.0,9913290000.0,-29.60958781362007
2018-09-06,67.22,-334800000.0,2752600000.0,3087400000.0,9901506000.0,-29.574390681003585
2018-09-07,66.83,-334800000.0,2752600000.0,3087400000.0,9844059000.0,-29.40280465949821
2018-09-10,67.03,-334800000.0,2752600000.0,3087400000.0,9873519000.0,-29.490797491039427
2018-09-11,67.13,-334800000.0,2752600000.0,3087400000.0,9888249000.0,-29.534793906810037
2018-09-12,67.14,-334800000.0,2752600000.0,3087400000.0,9889722000.0,-29.539193548387097
2018-09-13,67.35,-334800000.0,2752600000.0,3087400000.0,9920655000.0,-29.631586021505377
2018-09-14,68.01,-334800000.0,2752600000.0,3087400000.0,10017873000.0,-29.921962365591398
2018-09-17,66.69,-334800000.0,2752600000.0,3087400000.0,9823437000.0,-29.341209677419354
2018-09-18,66.84,-334800000.0,2752600000.0,3087400000.0,9845532000.0,-29.407204301075268
2018-09-19,65.26,-334800000.0,2752600000.0,3087400000.0,9612798000.0,-28.712060931899643
2018-09-20,66.13,-334800000.0,2752600000.0,3087400000.0,9740949000.0,-29.094829749103944
2018-09-21,67.0,-334800000.0,2752600000.0,3087400000.0,9869100000.0,-29.477598566308245
2018-09-24,66.43,-334800000.0,2752600000.0,3087400000.0,9785139000.000002,-29.226818996415776
2018-09-25,67.1,-334800000.0,2752600000.0,3087400000.0,9883830000.0,-29.521594982078852
2018-09-26,66.7,-334800000.0,2752600000.0,3087400000.0,9824910000.0,-29.345609318996416
2018-09-27,65.59,-334800000.0,2752600000.0,3087400000.0,9661407000.0,-28.857249103942653
2018-09-28,66.6,-334800000.0,2752600000.0,3087400000.0,9810180000.0,-29.301612903225806
2018-10-01,65.94,-334800000.0,2752600000.0,3087400000.0,9712962000.0,-29.011236559139785
2018-10-02,72.0,-245400000.0,2854300000.0,3099700000.0,10605600000.0,-43.21760391198044
2018-10-03,72.24,-245400000.0,2854300000.0,3099700000.0,10640952000.0,-43.36166259168704
2018-10-04,73.25,-245400000.0,2854300000.0,3099700000.0,10789725000.0,-43.96790953545232
2018-10-05,74.7,-245400000.0,2854300000.0,3099700000.0,11003310000.0,-44.838264058679705
2018-10-08,73.99,-245400000.0,2854300000.0,3099700000.0,10898727000.0,-44.412090464547674
2018-10-09,74.62,-245400000.0,2854300000.0,3099700000.0,10991526000.0,-44.790244498777504
2018-10-10,73.22,-245400000.0,2854300000.0,3099700000.0,10785306000.0,-43.949902200489
2018-10-11,72.13,-245400000.0,2854300000.0,3099700000.0,10624749000.0,-43.29563569682151
2018-10-12,72.96,-245400000.0,2854300000.0,3099700000.0,10747008000.0,-43.793838630806846
2018-10-15,73.18,-245400000.0,2854300000.0,3099700000.0,10779414000.000002,-43.925892420537906
2018-10-16,75.27,-245400000.0,2854300000.0,3099700000.0,11087271000.0,-45.180403422982884
2018-10-17,76.11,-245400000.0,2854300000.0,3099700000.0,11211003000.0,-45.68460880195599
2018-10-18,75.65,-245400000.0,2854300000.0,3099700000.0,11143245000.0,-45.40849633251834
2018-10-19,76.57,-245400000.0,2854300000.0,3099700000.0,11278760999.999998,-45.96072127139364
2018-10-22,77.15,-245400000.0,2854300000.0,3099700000.0,11364195000.0,-46.308863080684596
2018-10-23,78.16,-245400000.0,2854300000.0,3099700000.0,11512968000.0,-46.91511002444988
2018-10-24,79.05,-245400000.0,2854300000.0,3099700000.0,11644065000.0,-47.44932762836186
2018-10-25,78.05,-245400000.0,2854300000.0,3099700000.0,11496765000.0,-46.84908312958435
2018-10-26,77.01,-245400000.0,2854300000.0,3099700000.0,11343573000.0,-46.224828850855744
2018-10-29,77.2,-245400000.0,2854300000.0,3099700000.0,11371560000.0,-46.338875305623475
2018-10-30,76.79,-245400000.0,2854300000.0,3099700000.0,11311167000.0,-46.0927750611247
2018-10-31,78.16,-245400000.0,2854300000.0,3099700000.0,11512968000.0,-46.91511002444988
2018-11-01,77.23,-245400000.0,2854300000.0,3099700000.0,11375979000.0,-46.3568826405868
2018-11-02,76.98,-245400000.0,2854300000.0,3099700000.0,11339154000.0,-46.20682151589242
2018-11-05,78.63,-245400000.0,2854300000.0,3099700000.0,11582199000.0,-47.19722493887531
2018-11-06,80.26,-245400000.0,2854300000.0,3099700000.0,11822298000.0,-48.17562347188264
2018-11-07,80.81,-245400000.0,2854300000.0,3099700000.0,11903313000.0,-48.50575794621027
2018-11-08,81.68,-245400000.0,2854300000.0,3099700000.0,12031464000.000002,-49.02797066014671
2018-11-09,82.02,-245400000.0,2854300000.0,3099700000.0,12081546000.0,-49.232053789731054
2018-11-12,82.14,-245400000.0,2854300000.0,3099700000.0,12099222000.0,-49.30408312958435
2018-11-13,83.35,-245400000.0,2854300000.0,3099700000.0,12277455000.0,-50.03037897310514
2018-11-14,82.99,-245400000.0,2854300000.0,3099700000.0,12224427000.0,-49.81429095354523
2018-11-15,82.21,-245400000.0,2854300000.0,3099700000.0,12109533000.0,-49.34610024449878
2018-11-16,82.65,-245400000.0,2854300000.0,3099700000.0,12174345000.0,-49.61020782396088
2018-11-19,80.81,-245400000.0,2854300000.0,3099700000.0,11903313000.0,-48.50575794621027
2018-11-20,80.6,-245400000.0,2854300000.0,3099700000.0,11872380000.0,-48.37970660146699
2018-11-21,81.79,-245400000.0,2854300000.0,3099700000.0,12047667000.0,-49.09399755501222
2018-11-23,81.15,-245400000.0,2854300000.0,3099700000.0,11953395000.0,-48.70984107579462
2018-11-26,80.37,-245400000.0,2854300000.0,3099700000.0,11838501000.0,-48.24165036674817
2018-11-27,77.55,-245400000.0,2854300000.0,3099700000.0,11423115000.0,-46.5489608801956
2018-11-28,77.1,-245400000.0,2854300000.0,3099700000.0,11356830000.0,-46.27885085574572
2018-11-29,76.74,-245400000.0,2854300000.0,3099700000.0,11303802000.0,-46.06276283618582
2018-11-30,76.7,-245400000.0,2854300000.0,3099700000.0,11297910000.0,-46.03875305623472
2018-12-03,75.58,-245400000.0,2854300000.0,3099700000.0,11132934000.0,-45.36647921760391
2018-12-04,75.49,-245400000.0,2854300000.0,3099700000.0,11119677000.0,-45.31245721271394
2018-12-06,74.13,-245400000.0,2854300000.0,3099700000.0,10919349000.0,-44.496124694376526
2018-12-07,73.45,-245400000.0,2854300000.0,3099700000.0,10819185000.0,-44.087958435207824
2018-12-10,73.37,-245400000.0,2854300000.0,3099700000.0,10807401000.0,-44.03993887530562
2018-12-11,75.17,-245400000.0,2854300000.0,3099700000.0,11072541000.0,-45.12037897310513
2018-12-12,76.39,-245400000.0,2854300000.0,3099700000.0,11252247000.0,-45.85267726161369
2018-12-13,77.69,-245400000.0,2854300000.0,3099700000.0,11443737000.0,-46.63299511002445
2018-12-14,75.83,-245400000.0,2854300000.0,3099700000.0,11169759000.0,-45.51654034229829
2018-12-17,75.44,-245400000.0,2854300000.0,3099700000.0,11112312000.0,-45.28244498777506
2018-12-18,75.63,-245400000.0,2854300000.0,3099700000.0,11140299000.0,-45.39649144254279
2018-12-19,74.99,-245400000.0,2854300000.0,3099700000.0,11046027000.0,-45.01233496332518
2018-12-20,73.4,-245400000.0,2854300000.0,3099700000.0,10811820000.0,-44.05794621026895
2018-12-21,73.6,-245400000.0,2854300000.0,3099700000.0,10841280000.0,-44.17799511002445
2018-12-24,71.53,-245400000.0,2854300000.0,3099700000.0,10536369000.0,-42.93548899755501
2018-12-26,73.37,-245400000.0,2854300000.0,3099700000.0,10807401000.0,-44.03993887530562
2018-12-27,73.73,-245400000.0,2854300000.0,3099700000.0,10860429000.0,-44.25602689486553
2018-12-28,73.61,-245400000.0,2854300000.0,3099700000.0,10842753000.0,-44.183997555012226
2018-12-31,73.56,-245400000.0,2854300000.0,3099700000.0,10835388000.0,-44.15398533007335
2019-01-02,73.66,-245400000.0,2854300000.0,3099700000.0,10850118000.0,-44.2140097799511
2019-01-03,72.98,-245400000.0,2854300000.0,3099700000.0,10749954000.0,-43.805843520782396
2019-01-04,75.58,-167100000.0,3052500000.0,3219600000.0,11132934000.0,-66.62438061041293
2019-01-07,70.55,-167100000.0,3052500000.0,3219600000.0,10392015000.0,-62.19039497307002
2019-01-08,70.91,-167100000.0,3052500000.0,3219600000.0,10445043000.0,-62.50773788150808
2019-01-09,69.72,-167100000.0,3052500000.0,3219600000.0,10269756000.0,-61.45874326750449
2019-01-10,69.86,-167100000.0,3052500000.0,3219600000.0,10290378000.0,-61.58215439856374
2019-01-11,69.47,-167100000.0,3052500000.0,3219600000.0,10232931000.0,-61.238366247755835
2019-01-14,67.64,-167100000.0,3052500000.0,3219600000.0,9963372000.0,-59.62520646319569
2019-01-15,68.9,-167100000.0,3052500000.0,3219600000.0,10148970000.0,-60.73590664272891
2019-01-16,70.18,-167100000.0,3052500000.0,3219600000.0,10337514000.000002,-61.86423698384202
2019-01-17,70.9,-167100000.0,3052500000.0,3219600000.0,10443570000.0,-62.498922800718134
2019-01-18,70.88,-167100000.0,3052500000.0,3219600000.0,10440624000.0,-62.48129263913824
2019-01-22,70.75,-167100000.0,3052500000.0,3219600000.0,10421475000.0,-62.36669658886894
2019-01-23,72.73,-167100000.0,3052500000.0,3219600000.0,10713129000.0,-64.11208258527827
2019-01-24,71.36,-167100000.0,3052500000.0,3219600000.0,10511328000.0,-62.90441651705566
2019-01-25,71.1,-167100000.0,3052500000.0,3219600000.0,10473030000.0,-62.675224416517054
2019-01-28,71.4,-167100000.0,3052500000.0,3219600000.0,10517220000.0,-62.93967684021544
2019-01-29,72.44,-167100000.0,3052500000.0,3219600000.0,10670412000.0,-63.85644524236984
2019-01-30,72.58,-167100000.0,3052500000.0,3219600000.0,10691034000.0,-63.97985637342909
2019-01-31,72.3,-167100000.0,3052500000.0,3219600000.0,10649790000.0,-63.733034111310594
2019-02-01,72.4,-167100000.0,3052500000.0,3219600000.0,10664520000.0,-63.821184919210054
2019-02-04,71.3,-167100000.0,3052500000.0,3219600000.0,10502490000.0,-62.85152603231598
2019-02-05,71.64,-167100000.0,3052500000.0,3219600000.0,10552572000.0,-63.15123877917415
2019-02-06,71.31,-167100000.0,3052500000.0,3219600000.0,10503963000.0,-62.860341113105925
2019-02-07,70.61,-167100000.0,3052500000.0,3219600000.0,10400853000.0,-62.2432854578097
2019-02-08,70.62,-167100000.0,3052500000.0,3219600000.0,10402326000.0,-62.25210053859964
2019-02-11,70.39,-167100000.0,3052500000.0,3219600000.0,10368447000.0,-62.04935368043088
2019-02-12,69.02,-167100000.0,3052500000.0,3219600000.0,10166646000.0,-60.84168761220826
2019-02-13,68.56,-167100000.0,3052500000.0,3219600000.0,10098888000.0,-60.43619389587074
2019-02-14,68.97,-167100000.0,3052500000.0,3219600000.0,10159281000.0,-60.79761220825853
2019-02-15,69.51,-167100000.0,3052500000.0,3219600000.0,10238823000.0,-61.27362657091562
2019-02-19,70.3,-167100000.0,3052500000.0,3219600000.0,10355190000.0,-61.97001795332137
2019-02-20,70.06,-167100000.0,3052500000.0,3219600000.0,10319838000.0,-61.75845601436266
2019-02-21,70.98,-167100000.0,3052500000.0,3219600000.0,10455354000.0,-62.5694434470377
2019-02-22,70.5,-167100000.0,3052500000.0,3219600000.0,10384650000.0,-62.14631956912029
2019-02-25,69.49,-167100000.0,3052500000.0,3219600000.0,10235877000.0,-61.25599640933573
2019-02-26,69.0,-167100000.0,3052500000.0,3219600000.0,10163700000.0,-60.824057450628366
2019-02-27,69.1,-167100000.0,3052500000.0,3219600000.0,10178430000.0,-60.912208258527826
2019-02-28,69.31,-167100000.0,3052500000.0,3219600000.0,10209363000.0,-61.0973249551167
2019-03-01,70.95,-167100000.0,3052500000.0,3219600000.0,10450935000.0,-62.54299820466786
2019-03-04,70.79,-167100000.0,3052500000.0,3219600000.0,10427367000.0,-62.40195691202872
2019-03-05,71.16,-167100000.0,3052500000.0,3219600000.0,10481868000.0,-62.72811490125673
2019-03-06,70.54,-167100000.0,3052500000.0,3219600000.0,10390542000.0,-62.18157989228007
2019-03-07,70.51,-167100000.0,3052500000.0,3219600000.0,10386123000.0,-62.15513464991023
2019-03-08,70.01,-167100000.0,3052500000.0,3219600000.0,10312473000.0,-61.714380610412924
2019-03-11,70.21,-167100000.0,3052500000.0,3219600000.0,10341933000.0,-61.89068222621185
2019-03-12,69.7,-167100000.0,3052500000.0,3219600000.0,10266810000.0,-61.44111310592459
2019-03-13,69.84,-167100000.0,3052500000.0,3219600000.0,10287432000.0,-61.56452423698384
2019-03-14,68.19,-167100000.0,3052500000.0,3219600000.0,10044387000.0,-60.11003590664273
2019-03-15,69.51,-167100000.0,3052500000.0,3219600000.0,10238823000.0,-61.27362657091562
2019-03-18,69.9,-167100000.0,3052500000.0,3219600000.0,10296270000.0,-61.61741472172352
2019-03-19,69.71,-167100000.0,3052500000.0,3219600000.0,10268283000.0,-61.449928186714544
2019-03-20,69.37,-167100000.0,3052500000.0,3219600000.0,10218201000.0,-61.150215439856375
2019-03-21,71.0,-167100000.0,3052500000.0,3219600000.0,10458300000.0,-62.587073608617594
2019-03-22,71.66,-167100000.0,3052500000.0,3219600000.0,10555518000.0,-63.16886894075404
2019-03-25,72.83,-167100000.0,3052500000.0,3219600000.0,10727859000.0,-64.20023339317774
2019-03-26,73.0,-167100000.0,3052500000.0,3219600000.0,10752900000.0,-64.35008976660683
2019-03-27,72.27,-167100000.0,3052500000.0,3219600000.0,10645371000.0,-63.706588868940756
2019-03-28,73.92,-167100000.0,3052500000.0,3219600000.0,10888416000.0,-65.16107719928186
2019-03-29,74.94,-167100000.0,3052500000.0,3219600000.0,11038662000.0,-66.06021543985638
2019-04-01,73.97,-167100000.0,3052500000.0,3219600000.0,10895781000.0,-65.2051526032316
2019-04-02,74.36,-56200000.0,3111200000.0,3167400000.0,10953228000.0,-194.8972953736655
2019-04-03,73.09,-56200000.0,3111200000.0,3167400000.0,10766157000.0,-191.56862989323844
2019-04-04,70.32,-56200000.0,3111200000.0,3167400000.0,10358135999.999998,-184.30846975088966
2019-04-05,71.63,-56200000.0,3111200000.0,3167400000.0,10551099000.0,-187.74197508896796
2019-04-08,72.87,-56200000.0,3111200000.0,3167400000.0,10733751000.0,-190.99201067615658
2019-04-09,72.92,-56200000.0,3111200000.0,3167400000.0,10741116000.0,-191.12306049822064
2019-04-10,72.4,-56200000.0,3111200000.0,3167400000.0,10664520000.0,-189.76014234875444
2019-04-11,71.63,-56200000.0,3111200000.0,3167400000.0,10551099000.0,-187.74197508896796
2019-04-12,71.11,-56200000.0,3111200000.0,3167400000.0,10474503000.0,-186.37905693950177
2019-04-15,71.2,-56200000.0,3111200000.0,3167400000.0,10487760000.0,-186.61494661921708
2019-04-16,69.66,-56200000.0,3111200000.0,3167400000.0,10260918000.0,-182.57861209964412
2019-04-17,68.63,-56200000.0,3111200000.0,3167400000.0,10109199000.0,-179.87898576512455
2019-04-18,67.62,-56200000.0,3111200000.0,3167400000.0,9960426000.0,-177.23177935943062
2019-04-22,68.9,-56200000.0,3111200000.0,3167400000.0,10148970000.0,-180.58665480427047
2019-04-23,69.48,-56200000.0,3111200000.0,3167400000.0,10234404000.0,-182.10683274021352
2019-04-24,69.29,-56200000.0,3111200000.0,3167400000.0,10206417000.0,-181.60884341637012
2019-04-25,69.2,-56200000.0,3111200000.0,3167400000.0,10193160000.0,-181.3729537366548
2019-04-26,69.69,-56200000.0,3111200000.0,3167400000.0,10265337000.0,-182.65724199288258
2019-04-29,68.55,-56200000.0,3111200000.0,3167400000.0,10097415000.0,-179.66930604982207
2019-04-30,70.05,-56200000.0,3111200000.0,3167400000.0,10318365000.0,-183.60080071174377
2019-05-01,70.1,-56200000.0,3111200000.0,3167400000.0,10325730000.0,-183.73185053380783
2019-05-02,66.37,-56200000.0,3111200000.0,3167400000.0,9776301000.0,-173.95553380782917
2019-05-03,67.1,-56200000.0,3111200000.0,3167400000.0,9883830000.0,-175.86886120996442
2019-05-06,67.5,-56200000.0,3111200000.0,3167400000.0,9942750000.0,-176.91725978647688
2019-05-07,68.25,-56200000.0,3111200000.0,3167400000.0,10053225000.0,-178.88300711743773
2019-05-08,68.3,-56200000.0,3111200000.0,3167400000.0,10060590000.0,-179.01405693950178
2019-05-09,68.63,-56200000.0,3111200000.0,3167400000.0,10109199000.0,-179.87898576512455
2019-05-10,67.45,-56200000.0,3111200000.0,3167400000.0,9935385000.0,-176.78620996441282
2019-05-13,66.54,-56200000.0,3111200000.0,3167400000.0,9801342000.0,-174.40110320284697
2019-05-14,67.02,-56200000.0,3111200000.0,3167400000.0,9872046000.0,-175.6591814946619
2019-05-15,67.07,-56200000.0,3111200000.0,3167400000.0,9879410999.999998,-175.79023131672594
2019-05-16,66.88,-56200000.0,3111200000.0,3167400000.0,9851424000.0,-175.29224199288257
2019-05-17,67.63,-56200000.0,3111200000.0,3167400000.0,9961899000.0,-177.25798932384342
2019-05-20,67.54,-56200000.0,3111200000.0,3167400000.0,9948642000.0,-177.0220996441281
2019-05-21,65.36,-56200000.0,3111200000.0,3167400000.0,9627528000.0,-171.30832740213523
2019-05-22,63.66,-56200000.0,3111200000.0,3167400000.0,9377118000.0,-166.8526334519573
2019-05-23,63.08,-56200000.0,3111200000.0,3167400000.0,9291684000.0,-165.33245551601422
2019-05-24,62.13,-56200000.0,3111200000.0,3167400000.0,9151749000.0,-162.84250889679714
2019-05-28,60.79,-56200000.0,3111200000.0,3167400000.0,8936130000.0,-159.00587188612099
2019-05-29,59.93,-56200000.0,3111200000.0,3167400000.0,8809710000.0,-156.75640569395017
2019-05-30,60.05,-56200000.0,3111200000.0,3167400000.0,8827350000.0,-157.0702846975089
2019-05-31,59.25,-56200000.0,3111200000.0,3167400000.0,8709750000.0,-154.97775800711744
2019-06-03,60.24,-56200000.0,3111200000.0,3167400000.0,8855280000.0,-157.56725978647688
2019-06-04,61.23,-56200000.0,3111200000.0,3167400000.0,9000810000.0,-160.1567615658363
2019-06-05,62.35,-56200000.0,3111200000.0,3167400000.0,9165450000.0,-163.08629893238435
2019-06-06,62.39,-56200000.0,3111200000.0,3167400000.0,9171330000.0,-163.19092526690392
2019-06-07,60.99,-56200000.0,3111200000.0,3167400000.0,8965530000.0,-159.52900355871887
2019-06-10,61.42,-56200000.0,3111200000.0,3167400000.0,9028740000.0,-160.65373665480428
2019-06-11,61.92,-56200000.0,3111200000.0,3167400000.0,9102240000.0,-161.96156583629894
2019-06-12,61.37,-56200000.0,3111200000.0,3167400000.0,9021390000.0,-160.5229537366548
2019-06-13,61.21,-56200000.0,3111200000.0,3167400000.0,8997870000.0,-160.10444839857652
2019-06-14,61.71,-56200000.0,3111200000.0,3167400000.0,9071370000.0,-161.41227758007116
2019-06-17,59.85,-56200000.0,3111200000.0,3167400000.0,8797950000.0,-156.54715302491104
2019-06-18,58.97,-56200000.0,3111200000.0,3167400000.0,8668590000.0,-154.24537366548043
2019-06-19,61.32,-56200000.0,3111200000.0,3167400000.0,9014040000.0,-160.39217081850535
2019-06-20,61.34,-56200000.0,3111200000.0,3167400000.0,9016980000.0,-160.44448398576512
2019-06-21,60.84,-56200000.0,3111200000.0,3167400000.0,8943480000.0,-159.13665480427045
2019-06-24,60.76,-56200000.0,3111200000.0,3167400000.0,8931720000.0,-158.92740213523132
2019-06-25,62.54,-56200000.0,3111200000.0,3167400000.0,9193380000.0,-163.5832740213523
2019-06-26,63.0,-56200000.0,3111200000.0,3167400000.0,9261000000.0,-164.7864768683274
2019-06-27,61.7,-56200000.0,3111200000.0,3167400000.0,9069900000.0,-161.3861209964413
2019-06-28,63.36,-56200000.0,3111200000.0,3167400000.0,9313920000.0,-165.72811387900356
2019-07-01,62.53,-56200000.0,3111200000.0,3167400000.0,9191910000.0,-163.5571174377224
2019-07-02,62.62,-56200000.0,3111200000.0,3167400000.0,9205140000.0,-163.79252669039147
2019-07-03,63.72,-56200000.0,3111200000.0,3167400000.0,9366840000.0,-166.6697508896797
2019-07-05,64.34,-56200000.0,3111200000.0,3167400000.0,9457980000.0,-168.2914590747331
2019-07-08,64.39,-56200000.0,3111200000.0,3167400000.0,9465330000.0,-168.42224199288256
2019-07-09,65.08,-56200000.0,3111200000.0,3167400000.0,9566760000.0,-170.2270462633452
2019-07-10,66.2,-56200000.0,3111200000.0,3167400000.0,9731400000.0,-173.15658362989325
2019-07-11,67.58,-56200000.0,3111200000.0,3167400000.0,9934260000.0,-176.7661921708185
2019-07-12,65.93,-56200000.0,3111200000.0,3167400000.0,9691710000.000002,-172.45035587188616
2019-07-15,66.37,-56200000.0,3111200000.0,3167400000.0,9756390000.0,-173.60124555160144
2019-07-16,66.79,-56200000.0,3111200000.0,3167400000.0,9818130000.0,-174.69982206405695
2019-07-17,67.08,-56200000.0,3111200000.0,3167400000.0,9860760000.0,-175.45836298932383
2019-07-18,67.96,-56200000.0,3111200000.0,3167400000.0,9990120000.0,-177.76014234875444
2019-07-19,68.57,-56200000.0,3111200000.0,3167400000.0,10079789999.999998,-179.3556939501779
2019-07-22,67.56,-56200000.0,3111200000.0,3167400000.0,9931320000.0,-176.71387900355873
2019-07-23,63.66,-56200000.0,3111200000.0,3167400000.0,9358020000.0,-166.51281138790034
2019-07-24,63.49,-56200000.0,3111200000.0,3167400000.0,9333030000.0,-166.06814946619218
2019-07-25,64.79,-4600000.0,3048100000.0,3052700000.0,9524130000.0,-2070.4630434782607
2019-07-26,64.68,-4600000.0,3048100000.0,3052700000.0,9507960000.000002,-2066.947826086957
2019-07-29,65.55,-4600000.0,3048100000.0,3052700000.0,9635850000.0,-2094.75
2019-07-30,67.54,-4600000.0,3048100000.0,3052700000.0,9928380000.0,-2158.3434782608697
2019-07-31,67.12,-4600000.0,3048100000.0,3052700000.0,9866640000.0,-2144.9217391304346
2019-08-01,66.55,-4600000.0,3048100000.0,3052700000.0,9782850000.0,-2126.7065217391305
2019-08-02,67.06,-4600000.0,3048100000.0,3052700000.0,9857820000.0,-2143.004347826087
2019-08-05,65.36,-4600000.0,3048100000.0,3052700000.0,9607920000.0,-2088.6782608695653
2019-08-06,64.95,-4600000.0,3048100000.0,3052700000.0,9547650000.0,-2075.5760869565215
2019-08-07,65.62,-4600000.0,3048100000.0,3052700000.0,9646140000.0,-2096.986956521739
2019-08-08,66.84,-4600000.0,3048100000.0,3052700000.0,9825480000.0,-2135.973913043478
2019-08-09,67.06,-4600000.0,3048100000.0,3052700000.0,9857820000.0,-2143.004347826087
2019-08-12,67.9,-4600000.0,3048100000.0,3052700000.0,9981300000.0,-2169.8478260869565
2019-08-13,67.3,-4600000.0,3048100000.0,3052700000.0,9893100000.0,-2150.6739130434785
2019-08-14,66.8,-4600000.0,3048100000.0,3052700000.0,9819600000.0,-2134.695652173913
2019-08-15,67.9,-4600000.0,3048100000.0,3052700000.0,9981300000.0,-2169.8478260869565
2019-08-16,68.81,-4600000.0,3048100000.0,3052700000.0,10115070000.0,-2198.9282608695653
2019-08-19,70.12,-4600000.0,3048100000.0,3052700000.0,10307640000.0,-2240.791304347826
2019-08-20,68.25,-4600000.0,3048100000.0,3052700000.0,10032750000.0,-2181.032608695652
2019-08-21,68.44,-4600000.0,3048100000.0,3052700000.0,10060680000.0,-2187.104347826087
2019-08-22,69.51,-4600000.0,3048100000.0,3052700000.0,10217970000.0,-2221.2978260869563
2019-08-23,68.4,-4600000.0,3048100000.0,3052700000.0,10054800000.0,-2185.8260869565215
2019-08-26,68.87,-4600000.0,3048100000.0,3052700000.0,10130777000.0,-2202.3428260869564
2019-08-27,68.45,-4600000.0,3048100000.0,3052700000.0,10068995000.0,-2188.9119565217393
2019-08-28,68.77,-4600000.0,3048100000.0,3052700000.0,10116067000.0,-2199.145
2019-08-29,69.92,-4600000.0,3048100000.0,3052700000.0,10285232000.0,-2235.92
2019-08-30,70.39,-4600000.0,3048100000.0,3052700000.0,10354369000.0,-2250.949782608696
2019-09-03,71.36,-4600000.0,3048100000.0,3052700000.0,10497056000.0,-2281.968695652174
2019-09-04,72.38,-4600000.0,3048100000.0,3052700000.0,10647098000.0,-2314.5865217391306
2019-09-05,71.79,-4600000.0,3048100000.0,3052700000.0,10560309000.0,-2295.719347826087
2019-09-06,71.22,-4600000.0,3048100000.0,3052700000.0,10476462000.0,-2277.491739130435
2019-09-09,71.06,-4600000.0,3048100000.0,3052700000.0,10452926000.0,-2272.3752173913044
2019-09-10,70.57,-4600000.0,3048100000.0,3052700000.0,10380846999.999998,-2256.705869565217
2019-09-11,71.58,-4600000.0,3048100000.0,3052700000.0,10529418000.0,-2289.0039130434784
2019-09-12,71.95,-4600000.0,3048100000.0,3052700000.0,10583845000.0,-2300.8358695652173
2019-09-13,72.15,-4600000.0,3048100000.0,3052700000.0,10613265000.0,-2307.2315217391306
2019-09-16,73.19,-4600000.0,3048100000.0,3052700000.0,10766249000.0,-2340.488913043478
2019-09-17,74.0,-4600000.0,3048100000.0,3052700000.0,10885400000.0,-2366.391304347826
2019-09-18,73.75,-4600000.0,3048100000.0,3052700000.0,10848625000.0,-2358.396739130435
2019-09-19,73.63,-4600000.0,3048100000.0,3052700000.0,10830973000.0,-2354.559347826087
2019-09-20,73.52,-4600000.0,3048100000.0,3052700000.0,10814792000.0,-2351.041739130435
2019-09-23,74.14,-4600000.0,3048100000.0,3052700000.0,10905994000.0,-2370.8682608695653
2019-09-24,73.86,-4600000.0,3048100000.0,3052700000.0,10864806000.0,-2361.914347826087
2019-09-25,73.86,-4600000.0,3048100000.0,3052700000.0,10864806000.0,-2361.914347826087
2019-09-26,73.59,-4600000.0,3048100000.0,3052700000.0,10825089000.0,-2353.280217391304
2019-09-27,73.36,-4600000.0,3048100000.0,3052700000.0,10791256000.0,-2345.925217391304
2019-09-30,72.72,-4600000.0,3048100000.0,3052700000.0,10697112000.0,-2325.4591304347828
2019-10-01,73.57,-4600000.0,3048100000.0,3052700000.0,10822146999.999998,-2352.6406521739127
2019-10-02,73.35,92300000.0,3222600000.0,3130300000.0,10789785000.0,116.89907908992416
2019-10-03,77.88,92300000.0,3222600000.0,3130300000.0,11456148000.0,124.11861321776814
2019-10-04,77.77,92300000.0,3222600000.0,3130300000.0,11439967000.0,123.94330444203683
2019-10-07,75.91,92300000.0,3222600000.0,3130300000.0,11166361000.0,120.97899241603467
2019-10-08,76.57,92300000.0,3222600000.0,3130300000.0,11263446999.999998,122.03084507042252
2019-10-09,75.96,92300000.0,3222600000.0,3130300000.0,11173716000.0,121.05867822318527
2019-10-10,76.41,92300000.0,3222600000.0,3130300000.0,11239911000.0,121.77585048754062
2019-10-11,76.09,92300000.0,3222600000.0,3130300000.0,11192839000.0,121.26586132177681
2019-10-14,75.84,92300000.0,3222600000.0,3130300000.0,11156064000.0,120.86743228602384
2019-10-15,75.5,92300000.0,3222600000.0,3130300000.0,11106050000.0,120.32556879739978
2019-10-16,76.23,92300000.0,3222600000.0,3130300000.0,11213433000.0,121.48898158179848
2019-10-17,77.05,92300000.0,3222600000.0,3130300000.0,11334055000.0,122.79582881906826
2019-10-18,76.97,92300000.0,3222600000.0,3130300000.0,11322287000.0,122.6683315276273
2019-10-21,76.82,92300000.0,3222600000.0,3130300000.0,11300221999.999998,122.4292741061755
2019-10-22,75.33,92300000.0,3222600000.0,3130300000.0,11081043000.0,120.05463705308776
2019-10-23,74.81,92300000.0,3222600000.0,3130300000.0,11004551000.0,119.22590465872156
2019-10-24,74.6,92300000.0,3222600000.0,3130300000.0,10973660000.0,118.89122426868906
2019-10-25,75.0,92300000.0,3222600000.0,3130300000.0,11032500000.0,119.52871072589383
2019-10-28,76.03,92300000.0,3222600000.0,3130300000.0,11184013000.0,121.1702383531961
2019-10-29,77.02,92300000.0,3222600000.0,3130300000.0,11329642000.0,122.7480173347779
2019-10-30,77.75,92300000.0,3222600000.0,3130300000.0,11437025000.0,123.9114301191766
2019-10-31,78.04,92300000.0,3222600000.0,3130300000.0,11479684000.0,124.37360780065005
2019-11-01,77.57,92300000.0,3222600000.0,3130300000.0,11410546999.999998,123.62456121343443
2019-11-04,77.21,92300000.0,3222600000.0,3130300000.0,11357591000.0,123.05082340195017
2019-11-05,76.86,92300000.0,3222600000.0,3130300000.0,11306106000.0,122.49302275189599
2019-11-06,79.07,92300000.0,3222600000.0,3130300000.0,11631196999.999998,126.0151354279523
2019-11-07,79.0,92300000.0,3222600000.0,3130300000.0,11620900000.0,125.9035752979415
2019-11-08,78.95,92300000.0,3222600000.0,3130300000.0,11613545000.0,125.8238894907909
2019-11-11,80.49,92300000.0,3222600000.0,3130300000.0,11840079000.0,128.27821235102925
2019-11-12,80.12,92300000.0,3222600000.0,3130300000.0,11785652000.0,127.68853737811484
2019-11-13,81.0,92300000.0,3222600000.0,3130300000.0,11915100000.0,129.09100758396534
2019-11-14,81.04,92300000.0,3222600000.0,3130300000.0,11920984000.0,129.1547562296858
2019-11-15,82.94,92300000.0,3222600000.0,3130300000.0,12200474000.0,132.18281690140844
2019-11-18,83.36,92300000.0,3222600000.0,3130300000.0,12262256000.0,132.85217768147345
2019-11-19,83.75,92300000.0,3222600000.0,3130300000.0,12319625000.0,133.4737269772481
2019-11-20,83.49,92300000.0,3222600000.0,3130300000.0,12281379000.0,133.059360780065
2019-11-21,82.84,92300000.0,3222600000.0,3130300000.0,12185764000.0,132.02344528710725
2019-11-22,82.91,92300000.0,3222600000.0,3130300000.0,12196061000.0,132.1350054171181
2019-11-25,83.43,92300000.0,3222600000.0,3130300000.0,12264210000.000002,132.8733477789816
2019-11-26,83.85,92300000.0,3222600000.0,3130300000.0,12325950000.0,133.54225352112675
2019-11-27,84.02,92300000.0,3222600000.0,3130300000.0,12350940000.0,133.81300108342361
2019-11-29,83.98,92300000.0,3222600000.0,3130300000.0,12345060000.0,133.7492957746479
2019-12-02,84.03,92300000.0,3222600000.0,3130300000.0,12352410000.0,133.82892741061755
2019-12-03,84.41,92300000.0,3222600000.0,3130300000.0,12408270000.0,134.434127843987
2019-12-04,84.13,92300000.0,3222600000.0,3130300000.0,12367110000.0,133.98819068255688
2019-12-05,84.41,92300000.0,3222600000.0,3130300000.0,12408270000.0,134.434127843987
2019-12-06,84.22,92300000.0,3222600000.0,3130300000.0,12380340000.0,134.13152762730226
2019-12-09,84.16,92300000.0,3222600000.0,3130300000.0,12371520000.0,134.0359696641387
2019-12-10,84.02,92300000.0,3222600000.0,3130300000.0,12350940000.0,133.81300108342361
2019-12-11,84.38,92300000.0,3222600000.0,3130300000.0,12403860000.0,134.3863488624052
2019-12-12,84.11,92300000.0,3222600000.0,3130300000.0,12364170000.0,133.956338028169
2019-12-13,84.1,92300000.0,3222600000.0,3130300000.0,12362700000.0,133.9404117009751
2019-12-16,83.97,92300000.0,3222600000.0,3130300000.0,12343590000.0,133.73336944745395
2019-12-17,84.09,92300000.0,3222600000.0,3130300000.0,12361230000.0,133.92448537378115
2019-12-18,84.17,92300000.0,3222600000.0,3130300000.0,12372990000.0,134.0518959913326
2019-12-19,84.2,92300000.0,3222600000.0,3130300000.0,12377400000.0,134.0996749729144
2019-12-20,85.83,92300000.0,3222600000.0,3130300000.0,12617010000.0,136.69566630552546
2019-12-23,85.5,92300000.0,3222600000.0,3130300000.0,12568500000.0,136.17009750812568
2019-12-24,85.14,92300000.0,3222600000.0,3130300000.0,12515580000.0,135.5967497291441
2019-12-26,86.15,92300000.0,3222600000.0,3130300000.0,12664050000.0,137.2053087757313
2019-12-27,86.07,92300000.0,3222600000.0,3130300000.0,12652289999.999998,137.07789815817983
2019-12-30,85.45,92300000.0,3222600000.0,3130300000.0,12561150000.0,136.09046587215602
2019-12-31,86.03,92300000.0,3222600000.0,3130300000.0,12646410000.0,137.0141928494041
2020-01-02,84.09,92300000.0,3222600000.0,3130300000.0,12361230000.0,133.92448537378115
2020-01-03,93.56,201100000.0,3466800000.0,3265700000.0,13753320000.0,68.39045251118846
2020-01-06,90.7,201100000.0,3466800000.0,3265700000.0,13332900000.0,66.29985082048732
2020-01-07,91.21,201100000.0,3466800000.0,3265700000.0,13407870000.0,66.67265042267529
2020-01-08,91.26,201100000.0,3466800000.0,3265700000.0,13415220000.0,66.70919940328194
2020-01-09,90.79,201100000.0,3466800000.0,3265700000.0,13346130000.0,66.36563898557931
2020-01-10,90.48,201100000.0,3466800000.0,3265700000.0,13300560000.0,66.139035305818
2020-01-13,91.23,201100000.0,3466800000.0,3265700000.0,13410810000.0,66.68727001491796
2020-01-14,90.67,201100000.0,3466800000.0,3265700000.0,13328490000.0,66.27792143212332
2020-01-15,90.88,201100000.0,3466800000.0,3265700000.0,13359360000.0,66.43142715067131
2020-01-16,91.0,201100000.0,3466800000.0,3265700000.0,13377000000.0,66.5191447041273
2020-01-17,90.5,201100000.0,3466800000.0,3265700000.0,13303500000.0,66.15365489806067
2020-01-21,91.2,201100000.0,3466800000.0,3265700000.0,13406400000.0,66.66534062655396
2020-01-22,91.19,201100000.0,3466800000.0,3265700000.0,13404930000.0,66.65803083043262
2020-01-23,90.89,201100000.0,3466800000.0,3265700000.0,13360830000.0,66.43873694679264
2020-01-24,90.69,201100000.0,3466800000.0,3265700000.0,13331430000.0,66.29254102436599
2020-01-27,90.43,201100000.0,3466800000.0,3265700000.0,13293210000.000002,66.10248632521134
2020-01-28,91.66,201100000.0,3466800000.0,3265700000.0,13474020000.0,67.00159124813526
2020-01-29,92.05,201100000.0,3466800000.0,3265700000.0,13531350000.0,67.28667329686724
2020-01-30,92.12,201100000.0,3466800000.0,3265700000.0,13541640000.0,67.33784186971656
2020-01-31,91.31,201100000.0,3466800000.0,3265700000.0,13422570000.0,66.74574838388861
2020-02-03,91.75,201100000.0,3466800000.0,3265700000.0,13487250000.0,67.06737941322724
2020-02-04,92.28,201100000.0,3466800000.0,3265700000.0,13565160000.0,67.45479860765788
2020-02-05,92.58,201100000.0,3466800000.0,3265700000.0,13609260000.0,67.67409249129786
2020-02-06,93.17,201100000.0,3466800000.0,3265700000.0,13695990000.0,68.10537046245649
2020-02-07,94.45,201100000.0,3466800000.0,3265700000.0,13884150000.0,69.04102436598707
2020-02-10,94.58,201100000.0,3466800000.0,3265700000.0,13903260000.0,69.13605171556439
2020-02-11,95.13,201100000.0,3466800000.0,3265700000.0,13984110000.0,69.5380905022377
2020-02-12,94.51,201100000.0,3466800000.0,3265700000.0,13892970000.0,69.08488314271507
2020-02-13,95.09,201100000.0,3466800000.0,3265700000.0,13978230000.0,69.50885131775236
2020-02-14,95.17,201100000.0,3466800000.0,3265700000.0,13989990000.0,69.56732968672303
2020-02-18,95.87,201100000.0,3466800000.0,3265700000.0,14092890000.0,70.0790154152163
2020-02-19,94.35,201100000.0,3466800000.0,3265700000.0,13869450000.0,68.96792640477375
2020-02-20,94.92,201100000.0,3466800000.0,3265700000.0,13953240000.0,69.3845847836897
2020-02-21,94.84,201100000.0,3466800000.0,3265700000.0,13941480000.0,69.32610641471905
2020-02-24,95.32,201100000.0,3466800000.0,3265700000.0,14021571999.999998,69.72437593237194
2020-02-25,93.77,201100000.0,3466800000.0,3265700000.0,13793567000.0,68.59058677274987
2020-02-26,92.54,201100000.0,3466800000.0,3265700000.0,13612634000.0,67.69087021382397
2020-02-27,89.45,201100000.0,3466800000.0,3265700000.0,13158095000.0,65.43060666335157
2020-02-28,86.89,201100000.0,3466800000.0,3265700000.0,12781519000.0,63.5580258577822
2020-03-02,86.65,201100000.0,3466800000.0,3265700000.0,12746215000.0,63.38247140726007
2020-03-03,85.5,201100000.0,3466800000.0,3265700000.0,12577050000.0,62.541272998508205
2020-03-04,88.09,201100000.0,3466800000.0,3265700000.0,12958039000.0,64.43579811039284
2020-03-05,86.36,201100000.0,3466800000.0,3265700000.0,12703556000.0,63.170343112879166
2020-03-06,83.37,201100000.0,3466800000.0,3265700000.0,12263727000.0,60.983227250124315
2020-03-09,73.38,201100000.0,3466800000.0,3265700000.0,10794198000.0,53.675773247140725
2020-03-10,72.73,201100000.0,3466800000.0,3265700000.0,10698583000.0,53.20031327697663
2020-03-11,71.43,201100000.0,3466800000.0,3265700000.0,10507353000.000002,52.249393336648446
2020-03-12,63.36,201100000.0,3466800000.0,3265700000.0,9320256000.0,46.34637493784187
2020-03-13,63.85,201100000.0,3466800000.0,3265700000.0,9392335000.0,46.704798607657885
2020-03-16,52.44,201100000.0,3466800000.0,3265700000.0,7713924000.0,38.35864743908503
2020-03-17,53.13,201100000.0,3466800000.0,3265700000.0,7815423000.0,38.863366484336154
2020-03-18,45.01,201100000.0,3466800000.0,3265700000.0,6620971000.0,32.92377424167081
2020-03-19,48.81,201100000.0,3466800000.0,3265700000.0,7179951000.0,35.70338637493784
2020-03-20,47.63,201100000.0,3466800000.0,3265700000.0,7006373000.0,34.84024365987071
2020-03-23,47.71,201100000.0,3466800000.0,3265700000.0,7018141000.0,34.89876181004475
2020-03-24,55.04,201100000.0,3466800000.0,3265700000.0,8096384000.0,40.26048731974142
2020-03-25,56.33,201100000.0,3466800000.0,3265700000.0,8286143000.0,41.204092491297864
2020-03-26,58.84,201100000.0,3466800000.0,3265700000.0,8655364000.0,43.04009945300845
2020-03-27,57.25,201100000.0,3466800000.0,3265700000.0,8421475000.0,41.87705121829936
2020-03-30,57.64,201100000.0,3466800000.0,3265700000.0,8478844000.0,42.16232720039781
2020-03-31,57.1,201100000.0,3466800000.0,3265700000.0,8399410000.0,41.76732968672302
2020-04-01,51.0,270400000.0,3466200000.0,3195800000.0,7502100000.0,27.744452662721894
2020-04-02,49.88,270400000.0,3466200000.0,3195800000.0,7337348000.0,27.13516272189349
2020-04-03,50.2,270400000.0,3466200000.0,3195800000.0,7384420000.0,27.309245562130176
2020-04-06,51.82,270400000.0,3466200000.0,3195800000.0,7622722000.0,28.1905399408284
2020-04-07,55.1,270400000.0,3466200000.0,3195800000.0,8105210000.0,29.974889053254437
2020-04-08,57.75,270400000.0,3466200000.0,3195800000.0,8495025000.0,31.416512573964496
2020-04-09,58.4,270400000.0,3466200000.0,3195800000.0,8590640000.0,31.770118343195268
2020-04-13,58.26,270400000.0,3466200000.0,3195800000.0,8570046000.0,31.693957100591717
2020-04-14,60.7,270400000.0,3466200000.0,3195800000.0,8928970000.0,33.02133875739645
2020-04-15,55.91,270400000.0,3466200000.0,3195800000.0,8224360999.999999,30.415536242603547
2020-04-16,57.55,270400000.0,3466200000.0,3195800000.0,8465605000.0,31.30771079881657
2020-04-17,59.92,270400000.0,3466200000.0,3195800000.0,8814232000.0,32.597011834319524
2020-04-20,57.51,270400000.0,3466200000.0,3195800000.0,8459721000.0,31.285950443786984
2020-04-21,55.71,270400000.0,3466200000.0,3195800000.0,8194941000.0,30.30673446745562
2020-04-22,56.33,270400000.0,3466200000.0,3195800000.0,8286143000.0,30.644019970414202
2020-04-23,56.69,270400000.0,3466200000.0,3195800000.0,8339099000.0,30.839863165680473
2020-04-24,57.78,270400000.0,3466200000.0,3195800000.0,8499438000.0,31.432832840236685
2020-04-27,58.55,270400000.0,3466200000.0,3195800000.0,8612705000.0,31.851719674556215
2020-04-28,60.16,270400000.0,3466200000.0,3195800000.0,8849536000.0,32.72757396449704
2020-04-29,64.89,270400000.0,3466200000.0,3195800000.0,9545319000.0,35.30073594674556
2020-04-30,61.36,270400000.0,3466200000.0,3195800000.0,9026056000.0,33.380384615384614
2020-05-01,58.35,270400000.0,3466200000.0,3195800000.0,8583285000.0,31.742917899408283
2020-05-04,57.7,270400000.0,3466200000.0,3195800000.0,8487670000.0,31.389312130177515
2020-05-05,58.97,270400000.0,3466200000.0,3195800000.0,8674487000.0,32.08020340236686
2020-05-06,59.0,270400000.0,3466200000.0,3195800000.0,8678900000.0,32.09652366863905
2020-05-07,55.42,270400000.0,3466200000.0,3195800000.0,8152282000.0,30.148971893491126
2020-05-08,61.54,270400000.0,3466200000.0,3195800000.0,9052534000.0,33.47830621301775
2020-05-11,59.66,270400000.0,3466200000.0,3195800000.0,8775986000.0,32.45556952662722
2020-05-12,58.23,270400000.0,3466200000.0,3195800000.0,8565633000.0,31.677636834319525
2020-05-13,54.78,270400000.0,3466200000.0,3195800000.0,8058138000.0,29.80080621301775
2020-05-14,54.51,270400000.0,3466200000.0,3195800000.0,8018421000.0,29.653923816568046
2020-05-15,52.09,270400000.0,3466200000.0,3195800000.0,7662439000.000001,28.33742233727811
2020-05-18,56.37,270400000.0,3466200000.0,3195800000.0,8292027000.0,30.665780325443787
2020-05-19,55.86,270400000.0,3466200000.0,3195800000.0,8217006000.0,30.388335798816566
2020-05-20,56.27,270400000.0,3466200000.0,3195800000.0,8277317000.0,30.61137943786982
2020-05-21,55.83,270400000.0,3466200000.0,3195800000.0,8212593000.0,30.372015532544378
2020-05-22,57.22,270400000.0,3466200000.0,3195800000.0,8417062000.0,31.128187869822487
2020-05-26,60.7,270400000.0,3466200000.0,3195800000.0,8928970000.0,33.02133875739645
2020-05-27,61.95,270400000.0,3466200000.0,3195800000.0,9112845000.0,33.701349852071004
2020-05-28,59.62,270400000.0,3466200000.0,3195800000.0,8770102000.0,32.43380917159763
2020-05-29,60.06,270400000.0,3466200000.0,3195800000.0,8834826000.0,32.67317307692308
2020-06-01,61.59,270400000.0,3466200000.0,3195800000.0,9059889000.0,33.505506656804734
2020-06-02,61.77,270400000.0,3466200000.0,3195800000.0,9086367000.0,33.60342825443787
2020-06-03,64.78,270400000.0,3466200000.0,3195800000.0,9529138000.0,35.2408949704142
2020-06-04,65.81,270400000.0,3466200000.0,3195800000.0,9680651000.0,35.801224112426034
2020-06-05,71.25,270400000.0,3466200000.0,3195800000.0,10480875000.0,38.7606323964497
2020-06-08,74.58,270400000.0,3466200000.0,3195800000.0,,
2020-06-09,71.9,270400000.0,3466200000.0,3195800000.0,,
2020-06-10,70.52,270400000.0,3466200000.0,3195800000.0,10373492000.0,38.36350591715976
2020-06-11,63.26,270400000.0,3466200000.0,3195800000.0,,
2020-06-12,64.97,270400000.0,3466200000.0,3195800000.0,,
2020-06-15,65.519997,270400000.0,3466200000.0,3195800000.0,9637992000.0,35.64346153846154
2020-06-16,67.959999,270400000.0,3466200000.0,3195800000.0,9996916000.0,36.97084319526627
2020-06-17,67.830002,270400000.0,3466200000.0,3195800000.0,9977793000.0,36.90012204142012
2020-06-18,67.790001,270400000.0,3466200000.0,3195800000.0,9971909000.0,36.878361686390534
2020-06-19,66.199997,270400000.0,3466200000.0,3195800000.0,9738020000.0,36.01338757396449
2020-06-22,65.849998,270400000.0,3466200000.0,3195800000.0,9686535000.0,35.82298446745562
2020-06-23,66.540001,270400000.0,3466200000.0,3195800000.0,9788034000.0,36.19835059171598
2020-06-24,63.049999,270400000.0,3466200000.0,3195800000.0,9274655000.0,34.299759615384616
2020-06-25,63.860001,270400000.0,3466200000.0,3195800000.0,9393806000.0,34.74040680473373
2020-06-26,62.529999,270400000.0,3466200000.0,3195800000.0,9198163000.0,34.016875
2020-06-29,63.259998,270400000.0,3466200000.0,3195800000.0,9305546000.0,34.414001479289944
2020-06-30,63.93,270400000.0,3466200000.0,3195800000.0,9404103000.0,34.778487426035504
2020-07-01,63.419998,270400000.0,3466200000.0,3195800000.0,9329082000.0,34.50104289940828
2020-07-02,63.459999,270400000.0,3466200000.0,3195800000.0,9334966000.0,34.52280325443787
2020-07-06,64.050003,270400000.0,3466200000.0,3195800000.0,9421755000.0,34.84376849112426
2020-07-07,63.049999,270400000.0,3466200000.0,3195800000.0,9274655000.0,34.299759615384616
2020-07-08,61.849998,270400000.0,3466200000.0,3195800000.0,9098135000.0,33.64694896449704
2020-07-09,59.959999,270400000.0,3466200000.0,3195800000.0,8820116000.0,32.618772189349116
2020-07-10,63.009998,270400000.0,3466200000.0,3195800000.0,9268770705.800001,34.277998172337284
2020-07-13,63.799999,270400000.0,3466200000.0,3195800000.0,9384979852.9,34.70776572818047
2020-07-14,66.150002,270400000.0,3466200000.0,3195800000.0,9730665294.2,35.98618821819527
2020-07-15,68.260002,270400000.0,3466200000.0,3195800000.0,10041046294.2,37.13404694600592
2020-07-16,66.919998,270400000.0,3466200000.0,3195800000.0,9843931705.800001,36.405072876479295
2020-07-17,66.400002,270400000.0,3466200000.0,3195800000.0,9767440294.2,36.12219043713018
2020-07-20,65.0,270400000.0,3466200000.0,3195800000.0,9561500000.0,35.36057692307692
2020-07-21,65.940002,270400000.0,3466200000.0,3195800000.0,9699774294.2,35.871946354289946
2020-07-22,68.160004,270400000.0,3466200000.0,3195800000.0,10026336588.4,37.0796471464497
2020-07-23,68.720001,270400000.0,3466200000.0,3195800000.0,10108712147.1,37.38429048483728
2020-07-24,67.790001,270400000.0,3466200000.0,3195800000.0,9971909147.1,36.87836223039941
2020-07-27,70.5,270400000.0,3466200000.0,3195800000.0,10370550000.0,38.35262573964497
2020-07-28,62.419998,240000000.0,4662300000.0,4422300000.0,9181981705.8,38.25825710749999
2020-07-29,59.810001,240000000.0,4662300000.0,4422300000.0,8798051147.1,36.65854644625
2020-07-30,59.32,240000000.0,4662300000.0,4422300000.0,8725972000.0,36.358216666666664
2020-07-31,60.080002,240000000.0,4662300000.0,4422300000.0,8837768294.2,36.82403455916667
2020-08-03,60.130001,240000000.0,4662300000.0,4422300000.0,8845123147.1,36.854679779583336
2020-08-04,61.740002,240000000.0,4662300000.0,4422300000.0,9081954294.199999,37.841476225833325
2020-08-05,62.799999,240000000.0,4662300000.0,4422300000.0,9237879852.9,38.49116605375
2020-08-06,63.5,240000000.0,4662300000.0,4422300000.0,9340850000.0,38.920208333333335
2020-08-07,62.75,240000000.0,4662300000.0,4422300000.0,9230525000.0,38.460520833333334
2020-08-10,64.57,240000000.0,4662300000.0,4422300000.0,9498246999.999998,39.57602916666666
2020-08-11,64.209999,240000000.0,4662300000.0,4422300000.0,9445290852.9,39.35537855375
2020-08-12,64.379997,240000000.0,4662300000.0,4422300000.0,9470297558.7,39.459573161250006
2020-08-13,64.690002,240000000.0,4662300000.0,4422300000.0,9457678292.400002,39.40699288500001
2020-08-14,64.650002,240000000.0,4662300000.0,4422300000.0,9451830292.4,39.38262621833333
2020-08-17,63.450001,240000000.0,4662300000.0,4422300000.0,9276390146.2,38.65162560916667
2020-08-18,63.279999,240000000.0,4662300000.0,4422300000.0,9251535853.8,38.548066057499994
2020-08-19,64.059998,240000000.0,4662300000.0,4422300000.0,9365571707.599998,39.023215448333325
2020-08-20,62.34,240000000.0,4662300000.0,4422300000.0,9114108000.0,37.97545
2020-08-21,61.48,240000000.0,4662300000.0,4422300000.0,8988376000.0,37.451566666666665
