date,PYPL,PYPL_SHE,PB Ratio
2015-07-06,45043170000.0,,
2015-07-07,44932740000.0,,
2015-07-08,42576900000.0,,
2015-07-09,42331500000.0,,
2015-07-10,42564630000.0,,
2015-07-13,45129060000.0,,
2015-07-14,45313110000.0,,
2015-07-15,46024770000.0,,
2015-07-16,47399010000.0,,
2015-07-17,47104530000.0,,
2015-07-20,49656690000.0,,
2015-07-21,48282450000.0,,
2015-07-22,47104530000.0,,
2015-07-23,45411270000.0,,
2015-07-24,45399000000.0,,
2015-07-27,44650530000.0,,
2015-07-28,46135200000.0,,
2015-07-29,46564650000.0,12740000000.0,3.654996075353218
2015-07-30,47178150000.0,12740000000.0,3.703151491365777
2015-07-31,47484900000.0,12740000000.0,3.7272291993720565
2015-08-03,48331530000.0,12740000000.0,3.793683673469388
2015-08-04,47791650000.0,12740000000.0,3.751306907378336
2015-08-05,48184290000.00001,12740000000.0,3.782126373626374
2015-08-06,47668950000.0,12740000000.0,3.7416758241758243
2015-08-07,48012510000.0,12740000000.0,3.768642857142857
2015-08-10,47914350000.0,12740000000.0,3.7609379905808478
2015-08-11,47668950000.0,12740000000.0,3.7416758241758243
2015-08-12,46859130000.0,12740000000.0,3.6781106750392465
2015-08-13,46159740000.0,12740000000.0,3.6232135007849293
2015-08-14,46797780000.0,12740000000.0,3.6732951334379904
2015-08-17,47521709999.99999,12740000000.0,3.7301185243328097
2015-08-18,46613730000.0,12740000000.0,3.658848508634223
2015-08-19,45632130000.0,12740000000.0,3.581799843014129
2015-08-20,44147459999.99999,12740000000.0,3.4652637362637355
2015-08-21,42024750000.0,12740000000.0,3.2986459968602824
2015-08-24,41411250000.0,12740000000.0,3.250490580847724
2015-08-25,40122900000.0,12740000000.0,3.14936420722135
2015-08-26,40699590000.0,12740000000.0,3.1946302982731556
2015-08-27,42478740000.0,12740000000.0,3.334281004709576
2015-08-28,42994080000.0,12740000000.0,3.3747315541601255
2015-08-31,42945000000.0,12740000000.0,3.370879120879121
2015-09-01,41435790000.00001,12740000000.0,3.2524167974882268
2015-09-02,43030890000.0,12740000000.0,3.377620879120879
2015-09-03,43325370000.0,12740000000.0,3.4007354788069075
2015-09-04,42073830000.0,12740000000.0,3.3024984301412874
2015-09-08,42576900000.0,12740000000.0,3.3419858712715858
2015-09-09,42171990000.0,12740000000.0,3.3102032967032966
2015-09-10,41055420000.0,12740000000.0,3.2225604395604397
2015-09-11,41165850000.0,12740000000.0,3.2312284144427004
2015-09-14,41435790000.00001,12740000000.0,3.2524167974882268
2015-09-15,41472600000.0,12740000000.0,3.2553061224489794
2015-09-16,41435790000.00001,12740000000.0,3.2524167974882268
2015-09-17,40883640000.0,12740000000.0,3.209076923076923
2015-09-18,40392840000.0,12740000000.0,3.170552590266876
2015-09-21,42024750000.0,12740000000.0,3.2986459968602824
2015-09-22,40920450000.0,12740000000.0,3.2119662480376765
2015-09-23,41914319999.99999,12740000000.0,3.2899780219780212
2015-09-24,41607569999.99999,12740000000.0,3.2659003139717417
2015-09-25,41435790000.00001,12740000000.0,3.2524167974882268
2015-09-28,39570750000.0,12740000000.0,3.106024332810047
2015-09-29,37583010000.0,12740000000.0,2.9500007849293564
2015-09-30,38086080000.0,12740000000.0,2.9894882260596547
2015-10-01,38688920000.0,12740000000.0,3.036806907378336
2015-10-02,40348070000.0,12740000000.0,3.1670384615384615
2015-10-05,40151430000.0,12740000000.0,3.151603610675039
2015-10-06,39155940000.0,12740000000.0,3.073464678178964
2015-10-07,39795020000.0,12740000000.0,3.1236279434850864
2015-10-08,38922430000.0,12740000000.0,3.0551357927786498
2015-10-09,39401740000.0,12740000000.0,3.0927582417582418
2015-10-12,40102270000.0,12740000000.0,3.1477448979591838
2015-10-13,40827380000.0,12740000000.0,3.2046609105180535
2015-10-14,41847450000.0,12740000000.0,3.2847291993720567
2015-10-15,42547980000.0,12740000000.0,3.339715855572998
2015-10-16,42142410000.0,12740000000.0,3.30788147566719
2015-10-19,42818360000.00001,12740000000.0,3.3609387755102045
2015-10-20,42855230000.0,12740000000.0,3.3638328100470956
2015-10-21,41577070000.0,12740000000.0,3.263506279434851
2015-10-22,42756910000.0,12740000000.0,3.356115384615385
2015-10-23,43002710000.0,12740000000.0,3.3754089481946625
2015-10-26,44784760000.0,12740000000.0,3.515287284144427
2015-10-27,44170260000.0,12740000000.0,3.4670533751962322
2015-10-28,44883080000.00001,12740000000.0,3.5230047095761385
2015-10-29,44133389999.99999,13214000000.0,3.339896322082639
2015-10-30,44256290000.0,13214000000.0,3.349197063720297
2015-11-02,45460710000.0,13214000000.0,3.4403443317693356
2015-11-03,46579100000.0,13214000000.0,3.5249810806720143
2015-11-04,46210400000.0,13214000000.0,3.4970788557590433
2015-11-05,45116590000.0,13214000000.0,3.414302255183896
2015-11-06,44538960000.0,13214000000.0,3.3705887694869077
2015-11-09,44981400000.0,13214000000.0,3.404071439382473
2015-11-10,45473000000.0,13214000000.0,3.4412744059331013
2015-11-11,44649570000.0,13214000000.0,3.378959436960799
2015-11-12,43715530000.0,13214000000.0,3.3082738005146055
2015-11-13,42437370000.0,13214000000.0,3.2115460874829727
2015-11-16,43764690000.0,13214000000.0,3.3119940971696686
2015-11-17,44502090000.0,13214000000.0,3.3677985469956107
2015-11-18,44514380000.0,13214000000.0,3.3687286211593763
2015-11-19,44477510000.0,13214000000.0,3.3659383986680793
2015-11-20,44686440000.0,13214000000.0,3.381749659452096
2015-11-23,43703240000.0,13214000000.0,3.30734372635084
2015-11-24,43162480000.0,13214000000.0,3.266420463145149
2015-11-25,43457440000.0,13214000000.0,3.288742243075526
2015-11-27,43236220000.0,13214000000.0,3.2720009081277435
2015-11-30,43334540000.0,13214000000.0,3.279441501437869
2015-12-01,43223930000.0,13214000000.0,3.271070833963978
2015-12-02,43199350000.0,13214000000.0,3.269210685636446
2015-12-03,42068669999.99999,13214000000.0,3.1836438625700008
2015-12-04,43776980000.0,13214000000.0,3.3129241713334343
2015-12-07,43211639999.99999,13214000000.0,3.2701407598002112
2015-12-08,43752400000.0,13214000000.0,3.311064023005903
2015-12-09,43101030000.0,13214000000.0,3.2617700923263206
2015-12-10,43617210000.0,13214000000.0,3.30083320720448
2015-12-11,42634010000.0,13214000000.0,3.226427274103224
2015-12-14,43027290000.0,13214000000.0,3.256189647343726
2015-12-15,44637280000.0,13214000000.0,3.3780293627970335
2015-12-16,44219419999.99999,13214000000.0,3.346406841228999
2015-12-17,43678660000.0,13214000000.0,3.3054835780233085
2015-12-18,42990419999.99999,13214000000.0,3.2533994248524287
2015-12-21,44342320000.0,13214000000.0,3.3557075828666565
2015-12-22,45239490000.0,13214000000.0,3.423602996821553
2015-12-23,45608190000.0,13214000000.0,3.451505221734524
2015-12-24,45559030000.0,13214000000.0,3.447784925079461
2015-12-28,44993690000.0,13214000000.0,3.405001513546239
2015-12-29,45571320000.0,13214000000.0,3.4487149992432267
2015-12-30,44833919999.99999,13214000000.0,3.392910549417284
2015-12-31,44489800000.0,13214000000.0,3.366868472831845
2016-01-04,42568750000.0,13214000000.0,3.221488572725897
2016-01-05,42029750000.0,13214000000.0,3.1806985015892235
2016-01-06,41625499999.99999,13214000000.0,3.150105948236718
2016-01-07,40584250000.0,13214000000.0,3.071306947177236
2016-01-08,40045250000.0,13214000000.0,3.030516876040563
2016-01-11,40474000000.0,13214000000.0,3.062963523535644
2016-01-12,40523000000.0,13214000000.0,3.066671711820796
2016-01-13,39347000000.0,13214000000.0,2.9776751929771454
2016-01-14,40265750000.0,13214000000.0,3.0472037233237477
2016-01-15,39579750000.0,13214000000.0,2.995289087331618
2016-01-19,39445000000.0,13214000000.0,2.98509156954745
2016-01-20,38220000000.0,13214000000.0,2.892386862418647
2016-01-21,38220000000.0,13214000000.0,2.892386862418647
2016-01-22,38820250000.0,13214000000.0,2.9378121689117602
2016-01-25,38550750000.0,13214000000.0,2.917417133343424
2016-01-26,39163250000.0,13214000000.0,2.963769486907825
2016-01-27,38697750000.0,13214000000.0,2.92854169819888
2016-01-28,41944000000.0,13214000000.0,3.1742091720902073
2016-01-29,44271500000.0,13214000000.0,3.3503481156349326
2016-02-01,45423000000.0,13214000000.0,3.4374905403360074
2016-02-02,45116750000.0,13214000000.0,3.4143143635538067
2016-02-03,45337250000.0,13214000000.0,3.431001210836991
2016-02-04,45533250000.0,13214000000.0,3.4458339639775994
2016-02-05,42960750000.0,13214000000.0,3.251154079007114
2016-02-08,41172250000.0,13214000000.0,3.115805206599062
2016-02-09,40057500000.0,13214000000.0,3.031443923111851
2016-02-10,40302500000.0,13214000000.0,3.0499848645376115
2016-02-11,41062000000.00001,13759000000.0,2.984373864379679
2016-02-12,42017500000.0,13759000000.0,3.053819318264409
2016-02-16,43438500000.0,13759000000.0,3.157097172759648
2016-02-17,44541000000.0,13759000000.0,3.237226542626644
2016-02-18,44479750000.0,13759000000.0,3.232774910967367
2016-02-19,43806000000.0,13759000000.0,3.183806962715314
2016-02-22,44100000000.0,13759000000.0,3.205174794679846
2016-02-23,43462999999.99999,13759000000.0,3.1588778254233585
2016-02-24,44675750000.0,13759000000.0,3.247020132277055
2016-02-25,45006500000.0,13759000000.0,3.2710589432371537
2016-02-26,45925250000.0,13759000000.0,3.3378334181263174
2016-02-29,46721500000.0,13759000000.0,3.3957046296969255
2016-03-01,48081250000.0,13759000000.0,3.4945308525328875
2016-03-02,47970999999.99999,13759000000.0,3.4865179155461874
2016-03-03,47799500000.00001,13759000000.0,3.4740533469002113
2016-03-04,47824000000.0,13759000000.0,3.4758339995639216
2016-03-07,47750499999.99999,13759000000.0,3.470492041572788
2016-03-08,46745999999.99999,13759000000.0,3.3974852823606363
2016-03-09,47248250000.0,13759000000.0,3.433988661966713
2016-03-10,47150250000.0,13759000000.0,3.4268660513118685
2016-03-11,48375250000.0,13759000000.0,3.51589868449742
2016-03-14,48240500000.0,13759000000.0,3.506105094847009
2016-03-15,48105750000.00001,13759000000.0,3.496311505196599
2016-03-16,48804000000.00001,13759000000.0,3.5470601061123634
2016-03-17,48914250000.0,13759000000.0,3.5550730430990622
2016-03-18,48277249999.99999,13759000000.0,3.5087760738425753
2016-03-21,50396500000.0,13759000000.0,3.6628025292535793
2016-03-22,50617000000.0,13759000000.0,3.6788284032269787
2016-03-23,49637000000.00001,13759000000.0,3.607602296678538
2016-03-24,47677000000.0,13759000000.0,3.4651500835816558
2016-03-28,47456500000.0,13759000000.0,3.4491242096082564
2016-03-29,48424250000.0,13759000000.0,3.519459989824842
2016-03-30,47824000000.0,13759000000.0,3.4758339995639216
2016-03-31,47285000000.0,13759000000.0,3.4366596409622794
2016-04-01,48068000000.0,13759000000.0,3.4935678465004725
2016-04-04,47323800000.0,13759000000.0,3.439479613343993
2016-04-05,47031000000.0,13759000000.0,3.418198997020132
2016-04-06,47775199999.99999,13759000000.0,3.4722872301766112
2016-04-07,46701600000.0,13759000000.0,3.3942583036557887
2016-04-08,46860199999.99999,13759000000.0,3.4057853041645463
2016-04-11,46433200000.0,13759000000.0,3.374751072025583
2016-04-12,46116000000.0,13759000000.0,3.3516970710080676
2016-04-13,47323800000.0,13759000000.0,3.439479613343993
2016-04-14,47140800000.0,13759000000.0,3.42617922814158
2016-04-15,47067600000.0,13759000000.0,3.420859074060615
2016-04-18,48360800000.0,13759000000.0,3.5148484628243333
2016-04-19,47872800000.0,13759000000.0,3.479380768951232
2016-04-20,48897600000.0,13759000000.0,3.5538629260847445
2016-04-21,48922000000.0,13759000000.0,3.5556363107783997
2016-04-22,49178200000.0,13759000000.0,3.574256850061778
2016-04-25,48580400000.0,13759000000.0,3.5308089250672285
2016-04-26,48470600000.0,13759000000.0,3.522828693945781
2016-04-27,48812200000.0,13759000000.0,3.5476560796569516
2016-04-28,48885400000.0,13598000000.0,3.5950433887336373
2016-04-29,47799600000.0,13598000000.0,3.5151934107957055
2016-05-02,47604400000.0,13598000000.0,3.5008383585821443
2016-05-03,46799200000.0,13598000000.0,3.441623768201206
2016-05-04,46738200000.0,13598000000.0,3.437137814384468
2016-05-05,47519000000.0,13598000000.0,3.4945580232387115
2016-05-06,48165600000.0,13598000000.0,3.542109133696132
2016-05-09,48336400000.0,13598000000.0,3.5546698043829976
2016-05-10,48934200000.0,13598000000.0,3.5986321517870277
2016-05-11,48446200000.0,13598000000.0,3.5627445212531255
2016-05-12,48202200000.0,13598000000.0,3.5448007059861744
2016-05-13,48165600000.0,13598000000.0,3.542109133696132
2016-05-16,47946000000.0,13598000000.0,3.5259596999558758
2016-05-17,47653200000.0,13598000000.0,3.5044271216355347
2016-05-18,47555600000.0,13598000000.0,3.4972495955287544
2016-05-19,45933000000.0,13598000000.0,3.37792322400353
2016-05-20,45786600000.0,13598000000.0,3.367156934843359
2016-05-23,46445400000.0,13598000000.0,3.415605236064127
2016-05-24,47482400000.0,13598000000.0,3.491866450948669
2016-05-25,47287200000.0,13598000000.0,3.4775113987351083
2016-05-26,46445400000.0,13598000000.0,3.415605236064127
2016-05-27,46469800000.00001,13598000000.0,3.4173996175908226
2016-05-31,46103800000.0,13598000000.0,3.3904838946903957
2016-06-01,46738200000.0,13598000000.0,3.437137814384468
2016-06-02,47043200000.0,13598000000.0,3.459567583468157
2016-06-03,46762600000.0,13598000000.0,3.4389321959111636
2016-06-06,46482000000.0,13598000000.0,3.4182968083541696
2016-06-07,45835400000.0,13598000000.0,3.3707456978967496
2016-06-08,45811000000.0,13598000000.0,3.3689513163700546
2016-06-09,45298600000.0,13598000000.0,3.3312693043094574
2016-06-10,44859400000.0,13598000000.0,3.2989704368289456
2016-06-13,44578800000.0,13598000000.0,3.2783350492719516
2016-06-14,45335199999.99999,13598000000.0,3.3339608765994995
2016-06-15,44944800000.00001,13598000000.0,3.305250772172379
2016-06-16,45103400000.0,13598000000.0,3.3169142520958963
2016-06-17,45103400000.0,13598000000.0,3.3169142520958963
2016-06-20,44969200000.0,13598000000.0,3.3070451536990735
2016-06-21,44115199999.99999,13598000000.0,3.2442418002647444
2016-06-22,43920000000.0,13598000000.0,3.229886748051184
2016-06-23,44725199999.99999,13598000000.0,3.289101338432122
2016-06-24,42797600000.0,13598000000.0,3.1473451978232094
2016-06-27,41724000000.0,13598000000.0,3.0683924106486247
2016-06-28,42992800000.0,13598000000.0,3.16170025003677
2016-06-29,43639400000.0,13598000000.0,3.20925136049419
2016-06-30,44542200000.0,13598000000.0,3.275643476981909
2016-07-01,44274300000.0,13598000000.0,3.255942050301515
2016-07-05,43994160000.0,13598000000.0,3.235340491248713
2016-07-06,43762740000.0,13598000000.0,3.218321812031181
2016-07-07,44237760000.0,13598000000.0,3.2532548904250627
2016-07-08,45504480000.0,13598000000.0,3.3464097661420795
2016-07-11,46466700000.0,13598000000.0,3.4171716428886603
2016-07-12,47246220000.0,13598000000.0,3.4744977202529785
2016-07-13,47843040000.0,13598000000.0,3.518387998235035
2016-07-14,48671280000.0,13598000000.0,3.579296955434623
2016-07-15,47611620000.00001,13598000000.0,3.501369319017503
2016-07-18,47404560000.0,13598000000.0,3.4861420797176055
2016-07-19,47952660000.0,13598000000.0,3.526449477864392
2016-07-20,48780900000.0,13598000000.0,3.58735843506398
2016-07-21,48878340000.0,13598000000.0,3.59452419473452
2016-07-22,45577560000.0,13598000000.0,3.3517840858949848
2016-07-25,46016040000.0,13598000000.0,3.3840300044124136
2016-07-26,45906420000.0,13817000000.0,3.32245928928132
2016-07-27,45333960000.0,13817000000.0,3.281027719476008
2016-07-28,45333960000.0,13817000000.0,3.281027719476008
2016-07-29,45358320000.0,13817000000.0,3.282790764999638
2016-08-01,45139080000.0,13817000000.0,3.2669233552869654
2016-08-02,44505720000.0,13817000000.0,3.2210841716725773
2016-08-03,44554440000.0,13817000000.0,3.224610262719838
2016-08-04,45431400000.0,13817000000.0,3.288079901570529
2016-08-05,46405800000.0,13817000000.0,3.3586017225157416
2016-08-08,46174379999.99999,13817000000.0,3.341852790041253
2016-08-09,46405800000.0,13817000000.0,3.3586017225157416
2016-08-10,46369260000.0,13817000000.0,3.355957154230296
2016-08-11,46844280000.0,13817000000.0,3.390336541941087
2016-08-12,46905180000.0,13817000000.0,3.3947441557501628
2016-08-15,46844280000.0,13817000000.0,3.390336541941087
2016-08-16,46746840000.0,13817000000.0,3.3832843598465656
2016-08-17,46454520000.0,13817000000.0,3.362127813563002
2016-08-18,46551960000.0,13817000000.0,3.3691799956575235
2016-08-19,46393620000.00001,13817000000.0,3.3577201997539268
2016-08-22,46417980000.0,13817000000.0,3.3594832452775565
2016-08-23,46113480000.0,13817000000.0,3.337445176232178
2016-08-24,45699360000.0,13817000000.0,3.3074734023304626
2016-08-25,45687180000.0,13817000000.0,3.3065918795686473
2016-08-26,45857700000.0,13817000000.0,3.3189331982340593
2016-08-29,45419220000.0,13817000000.0,3.287198378808714
2016-08-30,45066000000.0,13817000000.0,3.2616342187160745
2016-08-31,45248700000.0,13817000000.0,3.274857060143302
2016-09-01,44858940000.0,13817000000.0,3.2466483317652166
2016-09-02,45151260000.0,13817000000.0,3.2678048780487803
2016-09-06,45285240000.0,13817000000.0,3.2775016284287473
2016-09-07,46966080000.0,13817000000.0,3.399151769559239
2016-09-08,47830860000.0,13817000000.0,3.4617398856481145
2016-09-09,46296180000.0,13817000000.0,3.3506680176594053
2016-09-12,47221860000.0,13817000000.0,3.417663747557357
2016-09-13,48549480000.0,13817000000.0,3.513749728595209
2016-09-14,48671280000.0,13817000000.0,3.5225649562133605
2016-09-15,49730940000.0,13817000000.0,3.599257436491279
2016-09-16,49572600000.0,13817000000.0,3.5877976405876817
2016-09-19,48732180000.0,13817000000.0,3.526972570022436
2016-09-20,48342420000.0,13817000000.0,3.498763841644351
2016-09-21,49073220000.0,13817000000.0,3.5516552073532606
2016-09-22,49316820000.0,13817000000.0,3.5692856625895635
2016-09-23,48805260000.0,13817000000.0,3.532261706593327
2016-09-26,49134120000.00001,13817000000.0,3.5560628211623366
2016-09-27,50011080000.0,13817000000.0,3.6195324600130276
2016-09-28,49901460000.0,13817000000.0,3.611598755156691
2016-09-29,49195020000.0,13817000000.0,3.5604704349714122
2016-09-30,49901460000.0,13817000000.0,3.611598755156691
2016-10-03,49438620000.00001,13817000000.0,3.5781008902077156
2016-10-04,49670040000.0,13817000000.0,3.594849822682203
2016-10-05,49255920000.0,13817000000.0,3.564878048780488
2016-10-06,48939240000.0,13817000000.0,3.5419584569732936
2016-10-07,48573840000.0,13817000000.0,3.515512774118839
2016-10-10,48549480000.0,13817000000.0,3.513749728595209
2016-10-11,47733420000.0,13817000000.0,3.4546877035535934
2016-10-12,48147540000.0,13817000000.0,3.484659477455309
2016-10-13,47745600000.0,13817000000.0,3.4555692263154087
2016-10-14,47794320000.0,13817000000.0,3.459095317362669
2016-10-17,48086640000.0,13817000000.0,3.4802518636462327
2016-10-18,48512940000.0,13817000000.0,3.5111051603097634
2016-10-19,49012320000.0,13817000000.0,3.5472475935441845
2016-10-20,48829620000.00001,13817000000.0,3.534024752116958
2016-10-21,53774700000.0,13817000000.0,3.8919229934139103
2016-10-24,53433660000.0,13817000000.0,3.867240356083086
2016-10-25,52751580000.0,14192000000.0,3.7169940811724915
2016-10-26,51557940000.0,14192000000.0,3.6328875422773392
2016-10-27,50778420000.0,14192000000.0,3.5779608229988726
2016-10-28,50863680000.0,14192000000.0,3.583968432919955
2016-10-31,50741879999.99999,14192000000.0,3.575386133032694
2016-11-01,50595720000.0,14192000000.0,3.565087373167982
2016-11-02,50364300000.0,14192000000.0,3.548781003382187
2016-11-03,50169420000.0,14192000000.0,3.5350493235625704
2016-11-04,49816200000.0,14192000000.0,3.5101606538895154
2016-11-07,50279040000.0,14192000000.0,3.542773393461105
2016-11-08,50644440000.0,14192000000.0,3.5685202931228863
2016-11-09,50254680000.0,14192000000.0,3.541056933483653
2016-11-10,49268100000.0,14192000000.0,3.4715403043968434
2016-11-11,48817440000.0,14192000000.0,3.4397857948139796
2016-11-14,47270580000.0,14192000000.0,3.3307905862457723
2016-11-15,47428920000.0,14192000000.0,3.341947576099211
2016-11-16,47587260000.0,14192000000.0,3.3531045659526493
2016-11-17,48573840000.0,14192000000.0,3.4226211950394587
2016-11-18,48817440000.0,14192000000.0,3.4397857948139796
2016-11-21,49487340000.0,14192000000.0,3.486988444193912
2016-11-22,49121940000.0,14192000000.0,3.4612415445321307
2016-11-23,48780900000.0,14192000000.0,3.4372111048478016
2016-11-25,49036680000.0,14192000000.0,3.4552339346110483
2016-11-28,48671280000.0,14192000000.0,3.429487034949267
2016-11-29,48586020000.0,14192000000.0,3.423479425028185
2016-11-30,47843040000.0,14192000000.0,3.3711273957158965
2016-12-01,46698120000.00001,14192000000.0,3.290453776775649
2016-12-02,47039160000.0,14192000000.0,3.3144842164599773
2016-12-05,47489820000.0,14192000000.0,3.346238726042841
2016-12-06,47477640000.0,14192000000.0,3.345380496054115
2016-12-07,48050100000.0,14192000000.0,3.385717305524239
2016-12-08,48244980000.0,14192000000.0,3.399448985343856
2016-12-09,48293700000.0,14192000000.0,3.40288190529876
2016-12-12,48025740000.0,14192000000.0,3.3840008455467867
2016-12-13,48025740000.0,14192000000.0,3.3840008455467867
2016-12-14,48171900000.0,14192000000.0,3.3942996054114993
2016-12-15,48159720000.0,14192000000.0,3.3934413754227735
2016-12-16,47891760000.0,14192000000.0,3.3745603156708004
2016-12-19,48037920000.0,14192000000.0,3.384859075535513
2016-12-20,48403320000.0,14192000000.0,3.4106059751972944
2016-12-21,48829620000.00001,14192000000.0,3.4406440248027064
2016-12-22,48330240000.0,14192000000.0,3.405456595264938
2016-12-23,48208440000.0,14192000000.0,3.3968742953776774
2016-12-27,48378960000.0,14192000000.0,3.408889515219842
2016-12-28,48196260000.0,14192000000.0,3.3960160653889515
2016-12-29,48671280000.0,14192000000.0,3.429487034949267
2016-12-30,48074460000.0,14192000000.0,3.387433765501691
2017-01-03,48944000000.0,14192000000.0,3.4487034949267192
2017-01-04,49856000000.0,14192000000.0,3.512965050732807
2017-01-05,49928960000.0,14192000000.0,3.5181059751972943
2017-01-06,50403200000.0,14192000000.0,3.55152198421646
2017-01-09,50342400000.0,14192000000.0,3.5472378804960543
2017-01-10,49953280000.0,14192000000.0,3.5198196166854565
2017-01-11,50196480000.0,14192000000.0,3.53695603156708
2017-01-12,50536960000.0,14192000000.0,3.560947012401353
2017-01-13,50585600000.0,14192000000.0,3.5643742953776774
2017-01-17,50184320000.0,14192000000.0,3.5360992108229987
2017-01-18,50281600000.0,14192000000.0,3.542953776775648
2017-01-19,50184320000.0,14192000000.0,3.5360992108229987
2017-01-20,50695040000.0,14192000000.0,3.572085682074408
2017-01-23,50609920000.0,14192000000.0,3.56608793686584
2017-01-24,51023360000.0,14192000000.0,3.5952198421645996
2017-01-25,50719360000.0,14192000000.0,3.5737993235625702
2017-01-26,50464000000.0,14192000000.0,3.555806087936866
2017-01-27,48968320000.0,14192000000.0,3.4504171364148815
2017-01-30,48469760000.0,14192000000.0,3.4152874859075535
2017-01-31,48372480000.0,14192000000.0,3.408432919954904
2017-02-01,47800960000.0,14192000000.0,3.368162344983089
2017-02-02,48129280000.0,14192000000.0,3.3912965050732806
2017-02-03,48141440000.00001,14192000000.0,3.3921533258173624
2017-02-06,48323840000.0,14192000000.0,3.4050056369785793
2017-02-07,48664320000.0,14192000000.0,3.428996617812852
2017-02-08,49710080000.0,14712000000.0,3.3788798259923873
2017-02-09,49649280000.0,14712000000.0,3.374747145187602
2017-02-10,49345280000.0,14712000000.0,3.354083741163676
2017-02-13,50062720000.0,14712000000.0,3.4028493746601414
2017-02-14,50609920000.0,14712000000.0,3.440043501903208
2017-02-15,50913920000.0,14712000000.0,3.4607069059271343
2017-02-16,51254400000.0,14712000000.0,3.4838499184339313
2017-02-17,51023360000.0,14712000000.0,3.4681457313757478
2017-02-21,51594880000.0,14712000000.0,3.506992930940729
2017-02-22,51582720000.0,14712000000.0,3.5061663947797714
2017-02-23,51716480000.0,14712000000.0,3.515258292550299
2017-02-24,52373120000.0,14712000000.0,3.5598912452419795
2017-02-27,51850240000.0,14712000000.0,3.5243501903208267
2017-02-28,51072000000.0,14712000000.0,3.471451876019576
2017-03-01,51594880000.0,14712000000.0,3.506992930940729
2017-03-02,52008320000.0,14712000000.0,3.535095160413268
2017-03-03,52324480000.0,14712000000.0,3.5565851005981513
2017-03-06,52129920000.0,14712000000.0,3.5433605220228386
2017-03-07,52154240000.0,14712000000.0,3.5450135943447525
2017-03-08,52032640000.0,14712000000.0,3.536748232735182
2017-03-09,52190720000.0,14712000000.0,3.547493202827624
2017-03-10,52275840000.0,14712000000.0,3.553278955954323
2017-03-13,51789440000.00001,14712000000.0,3.520217509516042
2017-03-14,51193600000.0,14712000000.0,3.479717237629146
2017-03-15,51546240000.0,14712000000.0,3.5036867862969006
2017-03-16,51558400000.0,14712000000.0,3.5045133224578575
2017-03-17,52385280000.0,14712000000.0,3.5607177814029365
2017-03-20,52482559999.99999,14712000000.0,3.567330070690592
2017-03-21,51850240000.0,14712000000.0,3.5243501903208267
2017-03-22,52519040000.0,14712000000.0,3.569809679173464
2017-03-23,52458240000.0,14712000000.0,3.5656769983686787
2017-03-24,52446080000.0,14712000000.0,3.5648504622077217
2017-03-27,52385280000.0,14712000000.0,3.5607177814029365
2017-03-28,52470400000.0,14712000000.0,3.5665035345296356
2017-03-29,52579840000.0,14712000000.0,3.573942359978249
2017-03-30,52944640000.0,14712000000.0,3.59873844480696
2017-03-31,52312320000.0,14712000000.0,3.5557585644371943
2017-04-03,51838080000.0,14712000000.0,3.5235236541598693
2017-04-04,51947520000.0,14712000000.0,3.530962479608483
2017-04-05,52154240000.0,14712000000.0,3.5450135943447525
2017-04-06,52166400000.0,14712000000.0,3.5458401305057095
2017-04-07,52336640000.0,14712000000.0,3.557411636759108
2017-04-10,52348800000.0,14712000000.0,3.558238172920065
2017-04-11,51911040000.0,14712000000.0,3.5284828711256115
2017-04-12,51667840000.0,14712000000.0,3.511952147906471
2017-04-13,51740800000.0,14712000000.0,3.5169113648722132
2017-04-17,52409600000.0,14712000000.0,3.5623708537248504
2017-04-18,52397440000.00001,14712000000.0,3.561544317563894
2017-04-19,52652800000.0,14712000000.0,3.5789015769439914
2017-04-20,53127040000.0,14712000000.0,3.611136487221316
2017-04-21,53272960000.0,14712000000.0,3.6210549211528003
2017-04-24,53832320000.0,14712000000.0,3.6590755845568244
2017-04-25,54367360000.0,14712000000.0,3.695443175638934
2017-04-26,54002559999.99999,14712000000.0,3.6706470908102222
2017-04-27,57334400000.0,14626000000.0,3.920032818268836
2017-04-28,58027520000.0,14626000000.0,3.967422398468481
2017-05-01,57808640000.0,14626000000.0,3.952457267879119
2017-05-02,59644800000.0,14626000000.0,4.077998085600985
2017-05-03,59608320000.0,14626000000.0,4.075503897169424
2017-05-04,59474559999.99999,14626000000.0,4.0663585395870365
2017-05-05,59948800000.0,14626000000.0,4.0987829891973195
2017-05-08,59790720000.0,14626000000.0,4.0879748393272255
2017-05-09,59851520000.0,14626000000.0,4.092131820046492
2017-05-10,60544640000.0,14626000000.0,4.139521400246137
2017-05-11,60435200000.0,14626000000.0,4.132038834951456
2017-05-12,60033920000.0,14626000000.0,4.104602762204293
2017-05-15,60520320000.0,14626000000.0,4.13785860795843
2017-05-16,61213440000.00001,14626000000.0,4.185248188158075
2017-05-17,59644800000.0,14626000000.0,4.077998085600985
2017-05-18,59717760000.0,14626000000.0,4.082986462464105
2017-05-19,60058240000.0,14626000000.0,4.106265554492
2017-05-22,60520320000.0,14626000000.0,4.13785860795843
2017-05-23,60958080000.0,14626000000.0,4.167788869137153
2017-05-24,62076800000.0,14626000000.0,4.244277314371667
2017-05-25,61930880000.0,14626000000.0,4.234300560645426
2017-05-26,62247040000.0,14626000000.0,4.255916860385614
2017-05-30,62088960000.0,14626000000.0,4.24510871051552
2017-05-31,63487360000.0,14626000000.0,4.340719267058662
2017-06-01,64642559999.99999,14626000000.0,4.4197019007247365
2017-06-02,65080320000.0,14626000000.0,4.44963216190346
2017-06-05,65420800000.0,14626000000.0,4.472911253931355
2017-06-06,64934400000.0,14626000000.0,4.439655408177218
2017-06-07,65481600000.0,14626000000.0,4.4770682346506225
2017-06-08,66138240000.0,14626000000.0,4.521963626418707
2017-06-09,64934400000.0,14626000000.0,4.439655408177218
2017-06-12,63426559999.99999,14626000000.0,4.336562286339395
2017-06-13,63304960000.0,14626000000.0,4.328248324900861
2017-06-14,63110400000.0,14626000000.0,4.314945986599207
2017-06-15,63584640000.0,14626000000.0,4.34737043620949
2017-06-16,63037440000.00001,14626000000.0,4.309957609736087
2017-06-19,64362880000.0,14626000000.0,4.400579789416108
2017-06-20,63864320000.0,14626000000.0,4.366492547518118
2017-06-21,65104640000.0,14626000000.0,4.451294954191167
2017-06-22,65505920000.0,14626000000.0,4.478731026938329
2017-06-23,66065280000.0,14626000000.0,4.516975249555586
2017-06-26,65347840000.0,14626000000.0,4.467922877068235
2017-06-27,64119680000.0,14626000000.0,4.38395186653904
2017-06-28,66138240000.0,14626000000.0,4.521963626418707
2017-06-29,64958720000.0,14626000000.0,4.441318200464925
2017-06-30,65262720000.0,14626000000.0,4.462103104061261
2017-07-03,64395660000.0,14626000000.0,4.402821003692055
2017-07-05,66514980000.0,14626000000.0,4.547721865171612
2017-07-06,65126460000.0,14626000000.0,4.452786817995351
2017-07-07,65735460000.0,14626000000.0,4.49442499658143
2017-07-10,66916920000.0,14626000000.0,4.575203063038424
2017-07-11,66697680000.0,14626000000.0,4.560213318747436
2017-07-12,68877900000.0,14626000000.0,4.709277998085601
2017-07-13,70522200000.0,14626000000.0,4.821701080268016
2017-07-14,69620880000.0,14626000000.0,4.7600765759606185
2017-07-17,70132440000.0,14626000000.0,4.795052645972925
2017-07-18,71813280000.0,14626000000.0,4.909974018870504
2017-07-19,71070300000.0,14626000000.0,4.859175440995488
2017-07-20,71971620000.0,14626000000.0,4.9207999453028854
2017-07-21,71460060000.0,14626000000.0,4.885823875290578
2017-07-24,71350440000.0,14626000000.0,4.878329003145084
2017-07-25,70960680000.0,14626000000.0,4.851680568849993
2017-07-26,71606220000.0,14626000000.0,4.895817038151238
2017-07-27,73262700000.0,14998000000.0,4.884831310841445
2017-07-28,72105600000.0,14998000000.0,4.807681024136552
2017-07-31,71313900000.0,14998000000.0,4.754893985864782
2017-08-01,72276120000.0,14998000000.0,4.819050540072009
2017-08-02,72008160000.0,14998000000.0,4.801184157887718
2017-08-03,71155560000.0,14998000000.0,4.744336578210428
2017-08-04,71691480000.0,14998000000.0,4.780069342579011
2017-08-07,72617160000.0,14998000000.0,4.841789571942925
2017-08-08,72446640000.0,14998000000.0,4.830420056007467
2017-08-09,72678060000.0,14998000000.0,4.845850113348447
2017-08-10,70668360000.0,14998000000.0,4.711852246966262
2017-08-11,70692720000.0,14998000000.0,4.713476463528471
2017-08-14,71935080000.0,14998000000.0,4.796311508201094
2017-08-15,72702420000.0,14998000000.0,4.847474329910654
2017-08-16,73433220000.0,14998000000.0,4.896200826776903
2017-08-17,72215220000.0,14998000000.0,4.814989998666489
2017-08-18,72397920000.0,14998000000.0,4.827171622883051
2017-08-21,72349200000.0,14998000000.0,4.823923189758634
2017-08-22,74103120000.0,14998000000.0,4.940866782237632
2017-08-23,73140900000.0,14998000000.0,4.876710228030404
2017-08-24,73080000000.0,14998000000.0,4.872649686624883
2017-08-25,73043460000.0,14998000000.0,4.870213361781571
2017-08-28,73725540000.0,14998000000.0,4.915691425523403
2017-08-29,74310180000.0,14998000000.0,4.954672623016402
2017-08-30,75235860000.0,14998000000.0,5.016392852380317
2017-08-31,75126240000.0,14998000000.0,5.00908387785038
2017-09-01,74858280000.0,14998000000.0,4.991217495666088
2017-09-05,74626860000.0,14998000000.0,4.97578743832511
2017-09-06,74590320000.0,14998000000.0,4.973351113481797
2017-09-07,75516000000.0,14998000000.0,5.035071342845713
2017-09-08,74456340000.0,14998000000.0,4.964417922389652
2017-09-11,76295520000.0,14998000000.0,5.087046272836378
2017-09-12,76198080000.0,14998000000.0,5.080549406587545
2017-09-13,75564720000.0,14998000000.0,5.0383197759701295
2017-09-14,75808320000.0,14998000000.0,5.054561941592213
2017-09-15,76125000000.0,14998000000.0,5.07567675690092
2017-09-18,76636560000.0,14998000000.0,5.1097853047072945
2017-09-19,77744940000.0,14998000000.0,5.183687158287771
2017-09-20,78853320000.0,14998000000.0,5.257589011868249
2017-09-21,78719340000.0,14998000000.0,5.248655820776103
2017-09-22,79267440000.0,14998000000.0,5.28520069342579
2017-09-25,77343000000.0,14998000000.0,5.156887585011335
2017-09-26,76660920000.0,14998000000.0,5.111409521269502
2017-09-27,77135940000.0,14998000000.0,5.143081744232564
2017-09-28,77866740000.0,14998000000.0,5.191808241098813
2017-09-29,77988540000.0,14998000000.0,5.1999293239098545
2017-10-02,78363780000.00002,14998000000.0,5.224948659821311
2017-10-03,78412620000.0,14998000000.0,5.228205094012535
2017-10-04,78156210000.0,14998000000.0,5.211108814508601
2017-10-05,80366219999.99998,14998000000.0,5.358462461661554
2017-10-06,80647050000.0,14998000000.0,5.377186958261102
2017-10-09,80866830000.0,14998000000.0,5.391840912121617
2017-10-10,80634840000.00002,14998000000.0,5.376372849713296
2017-10-11,82759380000.0,14998000000.0,5.518027737031605
2017-10-12,84078060000.0,14998000000.0,5.605951460194692
2017-10-13,83833860000.0,14998000000.0,5.589669289238565
2017-10-16,82185510000.0,14998000000.0,5.479764635284704
2017-10-17,81404070000.0,14998000000.0,5.427661688225097
2017-10-18,82124460000.0,14998000000.0,5.475694092545673
2017-10-19,82112250000.0,14998000000.0,5.474879983997867
2017-10-20,86654370000.0,14998000000.0,5.777728363781837
2017-10-23,85225800000.0,14998000000.0,5.682477663688492
2017-10-24,85726409999.99998,15432000000.0,5.555106920684292
2017-10-25,86715420000.0,15432000000.0,5.619195178849145
2017-10-26,87106140000.0,15432000000.0,5.64451399688958
2017-10-27,86764260000.0,15432000000.0,5.622360031104199
2017-10-30,86874150000.0,15432000000.0,5.629480948678071
2017-10-31,88595760000.0,15432000000.0,5.74104199066874
2017-11-01,88375980000.0,15432000000.0,5.726800155520995
2017-11-02,88217250000.0,15432000000.0,5.716514385692069
2017-11-03,89609190000.0,15432000000.0,5.80671267496112
2017-11-06,91257540000.0,15432000000.0,5.913526438569207
2017-11-07,90854610000.0,15432000000.0,5.8874164074650075
2017-11-08,91294170000.0,15432000000.0,5.915900077760497
2017-11-09,90476100000.0,15432000000.0,5.862888802488336
2017-11-10,90341790000.0,15432000000.0,5.854185458786937
2017-11-13,90390630000.0,15432000000.0,5.857350311041991
2017-11-14,90952290000.0,15432000000.0,5.893746111975116
2017-11-15,89658030000.00002,15432000000.0,5.809877527216175
2017-11-16,94871700000.0,15432000000.0,6.147725505443235
2017-11-17,93259980000.0,15432000000.0,6.043285381026439
2017-11-20,92808210000.0,15432000000.0,6.014010497667185
2017-11-21,94957170000.0,15432000000.0,6.15326399688958
2017-11-22,94712969999.99998,15432000000.0,6.137439735614307
2017-11-24,95933969999.99998,15432000000.0,6.216561041990667
2017-11-27,95042640000.0,15432000000.0,6.158802488335925
2017-11-28,94981590000.00002,15432000000.0,6.1548464230171085
2017-11-29,89438250000.0,15432000000.0,5.795635692068429
2017-11-30,92466330000.0,15432000000.0,5.991856531881804
2017-12-01,91941300000.0,15432000000.0,5.9578343701399685
2017-12-04,86654370000.0,15432000000.0,5.615239113530326
2017-12-05,86935200000.0,15432000000.0,5.63343701399689
2017-12-06,89303940000.0,15432000000.0,5.78693234836703
2017-12-07,89975490000.0,15432000000.0,5.830449066874028
2017-12-08,89023110000.0,15432000000.0,5.768734447900466
2017-12-11,89487090000.00002,15432000000.0,5.798800544323485
2017-12-12,89890020000.0,15432000000.0,5.824910575427682
2017-12-13,90463890000.0,15432000000.0,5.862097589424573
2017-12-14,90671460000.0,15432000000.0,5.875548211508554
2017-12-15,92368650000.0,15432000000.0,5.985526827371695
2017-12-18,91965719999.99998,15432000000.0,5.9594167962674955
2017-12-19,90964500000.0,15432000000.0,5.89453732503888
2017-12-20,90354000000.0,15432000000.0,5.8549766718507
2017-12-21,90378420000.0,15432000000.0,5.856559097978227
2017-12-22,90219690000.0,15432000000.0,5.8462733281493
2017-12-26,90683670000.0,15432000000.0,5.8763394245723175
2017-12-27,91074390000.0,15432000000.0,5.901658242612752
2017-12-28,90561570000.0,15432000000.0,5.8684272939346815
2017-12-29,89890020000.0,15432000000.0,5.824910575427682
2018-01-02,89863280000.0,15432000000.0,5.823177812337999
2018-01-03,93404750000.0,15432000000.0,6.0526665370658375
2018-01-04,93380410000.0,15432000000.0,6.051089294971487
2018-01-05,95777900000.0,15432000000.0,6.206447641264904
2018-01-08,96203850000.0,15432000000.0,6.234049377916019
2018-01-09,96374230000.0,15432000000.0,6.245090072576464
2018-01-10,96593290000.0,15432000000.0,6.259285251425609
2018-01-11,97055750000.0,15432000000.0,6.289252851218248
2018-01-12,98017180000.0,15432000000.0,6.351553913945049
2018-01-16,97871140000.0,15432000000.0,6.342090461378953
2018-01-17,100365990000.0,15432000000.0,6.503757776049767
2018-01-18,100937980000.0,15432000000.0,6.540822965266978
2018-01-19,102033280000.0,15432000000.0,6.611798859512701
2018-01-22,102203660000.0,15432000000.0,6.622839554173146
2018-01-23,102483570000.0,15432000000.0,6.640977838258165
2018-01-24,101875070000.0,15432000000.0,6.60154678589943
2018-01-25,102641780000.0,15432000000.0,6.651229911871436
2018-01-26,103992650000.0,15432000000.0,6.738766848107828
2018-01-29,102605270000.0,15432000000.0,6.648864048729912
2018-01-30,101960260000.0,15432000000.0,6.607067133229653
2018-01-31,103834439999.99998,15432000000.0,6.728514774494556
2018-02-01,95412800000.0,15432000000.0,6.182789009849663
2018-02-02,93185689999.99998,15432000000.0,6.038471358216691
2018-02-05,90922070000.0,15432000000.0,5.891787843442198
2018-02-06,92102560000.00002,15432000000.0,5.968284085018145
2018-02-07,91993030000.0,15994000000.0,5.751721270476429
2018-02-08,88013439999.99998,15994000000.0,5.502903588845816
2018-02-09,90970750000.0,15994000000.0,5.6878048018006755
2018-02-12,91615760000.0,15994000000.0,5.72813304989371
2018-02-13,91238490000.0,15994000000.0,5.704544829310992
2018-02-14,94037590000.0,15994000000.0,5.879554207827936
2018-02-15,95278930000.0,15994000000.0,5.957167062648494
2018-02-16,95376290000.0,15994000000.0,5.963254345379517
2018-02-20,93782020000.0,15994000000.0,5.863575090658997
2018-02-21,93112670000.0,15994000000.0,5.821725021883206
2018-02-22,94560900000.0,15994000000.0,5.91227335250719
2018-02-23,96982730000.0,15994000000.0,6.063694510441415
2018-02-26,96568950000.0,15994000000.0,6.037823558834563
2018-02-27,96702820000.0,15994000000.0,6.046193572589721
2018-02-28,96641970000.0,15994000000.0,6.0423890208828315
2018-03-01,95704880000.0,15994000000.0,5.983798924596724
2018-03-02,95984790000.0,15994000000.0,6.001299862448418
2018-03-05,96228189999.99998,15994000000.0,6.016518069275977
2018-03-06,96422910000.0,15994000000.0,6.028692634738027
2018-03-07,96775840000.0,15994000000.0,6.05075903463799
2018-03-08,97201790000.0,15994000000.0,6.07739089658622
2018-03-09,98224070000.0,15994000000.0,6.141307365261973
2018-03-12,98090200000.0,15994000000.0,6.132937351506815
2018-03-13,97603400000.0,15994000000.0,6.102500937851694
2018-03-14,101388270000.0,15994000000.0,6.339144054020258
2018-03-15,100487689999.99998,15994000000.0,6.282836688758284
2018-03-16,99988720000.0,15994000000.0,6.251639364761786
2018-03-19,97725100000.0,15994000000.0,6.110110041265474
2018-03-20,98406620000.0,15994000000.0,6.152721020382644
2018-03-21,98625680000.0,15994000000.0,6.166417406527448
2018-03-22,95607520000.0,15994000000.0,5.9777116418656995
2018-03-23,93027480000.0,15994000000.0,5.81639864949356
2018-03-26,96082150000.0,15994000000.0,6.007387145179442
2018-03-27,92869270000.0,15994000000.0,5.806506815055646
2018-03-28,91348020000.0,15994000000.0,5.711393022383394
2018-03-29,92333790000.0,15994000000.0,5.773026760035013
2018-04-02,90675000000.0,15994000000.0,5.66931349255971
2018-04-03,90143040000.0,15994000000.0,5.636053520070027
2018-04-04,90409020000.0,15994000000.0,5.652683506314868
2018-04-05,93032550000.0,15994000000.0,5.816715643366263
2018-04-06,89296740000.0,15994000000.0,5.583139927472803
2018-04-09,90904710000.0,15994000000.0,5.6836757534075275
2018-04-10,92839110000.0,15994000000.0,5.804621107915469
2018-04-11,92488500000.0,15994000000.0,5.782699762410904
2018-04-12,93649140000.0,15994000000.0,5.8552669751156685
2018-04-13,93419430000.0,15994000000.0,5.84090471426785
2018-04-16,94060200000.0,15994000000.0,5.880967862948606
2018-04-17,96756270000.0,15994000000.0,6.049535450794048
2018-04-18,97131060000.0,15994000000.0,6.072968613229961
2018-04-19,96333120000.00002,15994000000.0,6.0230786544954364
2018-04-20,95184570000.0,15994000000.0,5.951267350256346
2018-04-23,94555890000.0,15994000000.0,5.9119601100412655
2018-04-24,91013520000.0,15994000000.0,5.6904789295986
2018-04-25,89466000000.0,15994000000.0,5.593722645992247
2018-04-26,91920270000.0,14641000000.0,6.2782781230790246
2018-04-27,89623170000.0,14641000000.0,6.121383102247115
2018-04-30,90203490000.0,14641000000.0,6.16101973908886
2018-05-01,90445290000.0,14641000000.0,6.177535004439587
2018-05-02,86721570000.0,14641000000.0,5.923199918038385
2018-05-03,88801050000.0,14641000000.0,6.065231200054641
2018-05-04,89453910000.0,14641000000.0,6.109822416501605
2018-05-07,90276030000.0,14641000000.0,6.1659743186940785
2018-05-08,91545480000.0,14641000000.0,6.252679461785397
2018-05-09,93105090000.0,14641000000.0,6.359202923297589
2018-05-10,95740710000.0,14641000000.0,6.539219315620517
2018-05-11,95752800000.0,14641000000.0,6.540045078888054
2018-05-14,95281290000.0,14641000000.0,6.507840311454135
2018-05-15,94048110000.0,14641000000.0,6.423612458165426
2018-05-16,94084379999.99998,14641000000.0,6.426089747968034
2018-05-17,95740710000.0,14641000000.0,6.539219315620517
2018-05-18,97675110000.0,14641000000.0,6.671341438426337
2018-05-21,98231250000.0,14641000000.0,6.70932654873301
2018-05-22,97469580000.0,14641000000.0,6.657303462878219
2018-05-23,98025720000.0,14641000000.0,6.695288573184892
2018-05-24,98593950000.0,14641000000.0,6.734099446759101
2018-05-25,97880640000.0,14641000000.0,6.685379413974455
2018-05-29,97602570000.0,14641000000.0,6.666386858821118
2018-05-30,98654400000.0,14641000000.0,6.738228263096783
2018-05-31,99222629999.99998,14641000000.0,6.777039136670991
2018-06-01,100649250000.0,14641000000.0,6.874479202240284
2018-06-04,102245129999.99998,14641000000.0,6.983479953555084
2018-06-05,102825450000.0,14641000000.0,7.023116590396831
2018-06-06,103018890000.0,14641000000.0,7.036328802677413
2018-06-07,100673430000.0,14641000000.0,6.876130728775357
2018-06-08,101967060000.0,14641000000.0,6.964487398401748
2018-06-11,101423010000.0,14641000000.0,6.927328051362612
2018-06-12,102789180000.0,14641000000.0,7.020639300594222
2018-06-13,103091430000.0,14641000000.0,7.041283382282631
2018-06-14,103502490000.0,14641000000.0,7.069359333378867
2018-06-15,103139790000.0,14641000000.0,7.044586435352777
2018-06-18,103792650000.0,14641000000.0,7.089177651799741
2018-06-19,102184680000.0,14641000000.0,6.979351137217403
2018-06-20,103913550000.0,14641000000.0,7.097435284475104
2018-06-21,103937730000.0,14641000000.0,7.099086811010177
2018-06-22,102910080000.0,14641000000.0,7.028896933269586
2018-06-25,99367710000.0,14641000000.0,6.7869482958814285
2018-06-26,99524879999.99998,14641000000.0,6.797683218359401
2018-06-27,97530030000.0,14641000000.0,6.661432279215901
2018-06-28,99718320000.0,14641000000.0,6.810895430639984
2018-06-29,100673430000.0,14641000000.0,6.876130728775357
2018-07-02,101171340000.0,14641000000.0,6.910138651731439
2018-07-03,100423620000.0,14641000000.0,6.859068369646882
2018-07-05,102015540000.0,14641000000.0,6.967798647633359
2018-07-06,103643640000.0,14641000000.0,7.079000068301346
2018-07-09,103993380000.0,14641000000.0,7.102887780889284
2018-07-10,103921020000.0,14641000000.0,7.097945495526262
2018-07-11,104017500000.0,14641000000.0,7.1045352093436245
2018-07-12,107490780000.0,14641000000.0,7.341764906768663
2018-07-13,106115940000.0,14641000000.0,7.247861484871252
2018-07-16,105850620000.0,14641000000.0,7.229739771873506
2018-07-17,106827480000.0,14641000000.0,7.296460624274299
2018-07-18,106393320000.0,14641000000.0,7.266806912096168
2018-07-19,105380280000.0,14641000000.0,7.1976149170138655
2018-07-20,105488820000.0,14641000000.0,7.205028345058397
2018-07-23,107623440000.0,14641000000.0,7.350825763267537
2018-07-24,110240460000.0,14641000000.0,7.529571750563486
2018-07-25,110192220000.0,14641000000.0,7.526276893654805
2018-07-26,107502840000.0,15019000000.0,7.157789466675545
2018-07-27,103064760000.0,15019000000.0,6.862291763765897
2018-07-30,99362340000.0,15019000000.0,6.615776017045076
2018-07-31,99060840000.0,15019000000.0,6.59570144483654
2018-08-01,100652760000.0,15019000000.0,6.701695186097609
2018-08-02,103149180000.0,15019000000.0,6.867912643984287
2018-08-03,102739140000.0,15019000000.0,6.840611225780678
2018-08-06,103438620000.0,15019000000.0,6.887184233304481
2018-08-07,104077800000.0,15019000000.0,6.929742326386577
2018-08-08,104608440000.0,15019000000.0,6.9650735734736005
2018-08-09,105127020000.0,15019000000.0,6.999601837672282
2018-08-10,104934060000.0,15019000000.0,6.9867541114588185
2018-08-13,104934060000.0,15019000000.0,6.9867541114588185
2018-08-14,105802380000.0,15019000000.0,7.044568879419402
2018-08-15,102739140000.0,15019000000.0,6.840611225780678
2018-08-16,102895919999.99998,15019000000.0,6.8510500033291155
2018-08-17,103052700000.0,15019000000.0,6.861488780877555
2018-08-20,103414500000.0,15019000000.0,6.885578267527798
2018-08-21,103981320000.0,15019000000.0,6.923318463279846
2018-08-22,104861700000.0,15019000000.0,6.98193621412877
2018-08-23,105380280000.0,15019000000.0,7.0164644783274515
2018-08-24,108660600000.0,15019000000.0,7.234875823956322
2018-08-27,108503820000.0,15019000000.0,7.224437046407884
2018-08-28,109275660000.0,15019000000.0,7.275827951261735
2018-08-29,111699720000.0,15019000000.0,7.437227511818364
2018-08-30,111060540000.0,15019000000.0,7.394669418736267
2018-08-31,111349980000.0,15019000000.0,7.413941008056462
2018-09-04,112242419999.99998,15019000000.0,7.473361741793727
2018-09-05,107394300000.0,15019000000.0,7.150562620680471
2018-09-06,107334000000.0,15019000000.0,7.146547706238764
2018-09-07,107116919999.99998,15019000000.0,7.132094014248618
2018-09-10,108298800000.0,15019000000.0,7.210786337306079
2018-09-11,110264580000.00002,15019000000.0,7.341672548105734
2018-09-12,111434400000.0,15019000000.0,7.419561888274852
2018-09-13,111181140000.0,15019000000.0,7.402699247619681
2018-09-14,109480680000.0,15019000000.0,7.28947866036354
2018-09-17,106948080000.00002,15019000000.0,7.120852253811839
2018-09-18,108202320000.0,15019000000.0,7.204362474199347
2018-09-19,107707860000.0,15019000000.0,7.171440175777349
2018-09-20,109263600000.0,15019000000.0,7.275024968373394
2018-09-21,109287720000.0,15019000000.0,7.276630934150076
2018-09-24,108081720000.0,15019000000.0,7.196332645315933
2018-09-25,108588240000.0,15019000000.0,7.230057926626273
2018-09-26,108359100000.0,15019000000.0,7.214801251747786
2018-09-27,107321940000.0,15019000000.0,7.145744723350423
2018-09-28,105935040000.0,15019000000.0,7.053401691191158
2018-10-01,105322650000.0,15019000000.0,7.012627338704307
2018-10-02,104276040000.00002,15019000000.0,6.942941607297424
2018-10-03,104841450000.0,15019000000.0,6.98058792196551
2018-10-04,101461020000.0,15019000000.0,6.755511019375458
2018-10-05,100065540000.00002,15019000000.0,6.662596710832946
2018-10-08,96901650000.0,15019000000.0,6.451937545775351
2018-10-09,96276090000.0,15019000000.0,6.410286304014915
2018-10-10,90766350000.0,15019000000.0,6.0434349823556825
2018-10-11,91307700000.0,15019000000.0,6.07947932618683
2018-10-12,95073090000.0,15019000000.0,6.33018776216792
2018-10-15,92907690000.0,15019000000.0,6.186010386843332
2018-10-16,96973830000.0,15019000000.0,6.456743458286171
2018-10-17,96348270000.0,15019000000.0,6.415092216525734
2018-10-18,93208440000.0,15019000000.0,6.20603502230508
2018-10-19,101990340000.0,15019000000.0,6.790754377788135
2018-10-22,102772290000.00002,15019000000.0,6.842818429988682
2018-10-23,105346709999.99998,15115000000.0,6.969679788289778
2018-10-24,99957270000.0,15115000000.0,6.613117433013563
2018-10-25,103409880000.0,15115000000.0,6.841540191862388
2018-10-26,100294110000.0,15115000000.0,6.635402580218326
2018-10-29,97623450000.0,15115000000.0,6.45871319880913
2018-10-30,97322700000.0,15115000000.0,6.438815745947734
2018-10-31,101280570000.0,15115000000.0,6.700666225603705
2018-11-01,102303120000.0,15115000000.0,6.768317565332451
2018-11-02,100462530000.0,15115000000.0,6.646545153820708
2018-11-05,101112150000.0,15115000000.0,6.6895236520013235
2018-11-06,101882070000.0,15115000000.0,6.740461131326497
2018-11-07,106140690000.0,15115000000.0,7.022209063843864
2018-11-08,107115120000.0,15115000000.0,7.086676811114787
2018-11-09,104372280000.0,15115000000.0,6.9052120410188556
2018-11-12,100787340000.0,15115000000.0,6.668034402911015
2018-11-13,100787340000.0,15115000000.0,6.668034402911015
2018-11-14,101112150000.0,15115000000.0,6.6895236520013235
2018-11-15,104348220000.0,15115000000.0,6.903620244789944
2018-11-16,102327180000.0,15115000000.0,6.769909361561363
2018-11-19,96396390000.0,15115000000.0,6.377531591134635
2018-11-20,93545280000.0,15115000000.0,6.188903738008601
2018-11-21,95181360000.0,15115000000.0,6.297145881574595
2018-11-23,93773850000.0,15115000000.0,6.204025802183262
2018-11-26,97274580000.0,15115000000.0,6.435632153489911
2018-11-27,98609910000.0,15115000000.0,6.523976844194509
2018-11-28,103433940000.0,15115000000.0,6.8431319880913
2018-11-29,101364780000.0,15115000000.0,6.706237512404896
2018-11-30,103229430000.0,15115000000.0,6.829601720145551
2018-12-03,105839940000.0,15115000000.0,7.002311610982468
2018-12-04,101280570000.0,15115000000.0,6.700666225603705
2018-12-06,103241459999.99998,15115000000.0,6.8303976182600055
2018-12-07,99572310000.0,15115000000.0,6.5876486933509755
2018-12-10,102170790000.00002,15115000000.0,6.759562686073438
2018-12-11,102868530000.0,15115000000.0,6.805724776711876
2018-12-12,104059500000.0,15115000000.0,6.884518690043004
2018-12-13,105334680000.0,15115000000.0,6.968883890175323
2018-12-14,103361760000.0,15115000000.0,6.838356599404565
2018-12-17,101172300000.0,15115000000.0,6.6935031425736025
2018-12-18,102868530000.0,15115000000.0,6.805724776711876
2018-12-19,101088090000.0,15115000000.0,6.687931855772412
2018-12-20,99175320000.0,15115000000.0,6.561384055573933
2018-12-21,94002420000.0,15115000000.0,6.219147866357923
2018-12-24,92703180000.0,15115000000.0,6.133190869996692
2018-12-26,99608400000.0,15115000000.0,6.590036387694344
2018-12-27,101424930000.0,15115000000.0,6.710217002977175
2018-12-28,100161780000.0,15115000000.0,6.626647700959312
2018-12-31,101160270000.0,15115000000.0,6.692707244459147
2019-01-02,101871000000.0,15115000000.0,6.739728746278531
2019-01-03,97522920000.0,15115000000.0,6.452062189877605
2019-01-04,102488760000.0,15115000000.0,6.7805994045650015
2019-01-07,103272840000.00002,15115000000.0,6.832473701620907
2019-01-08,105375600000.0,15115000000.0,6.971591134634469
2019-01-09,106385400000.0,15115000000.0,7.038398941448892
2019-01-10,107751600000.0,15115000000.0,7.128785974197816
2019-01-11,107692200000.0,15115000000.0,7.124856103208733
2019-01-14,107430840000.00002,15115000000.0,7.107564670856766
2019-01-15,108820800000.0,15115000000.0,7.199523652001323
2019-01-16,107573400000.0,15115000000.0,7.116996361230566
2019-01-17,107395200000.0,15115000000.0,7.105206748263314
2019-01-18,108250560000.0,15115000000.0,7.161796890506119
2019-01-22,106848720000.0,15115000000.0,7.069051935163745
2019-01-23,107514000000.0,15115000000.0,7.113066490241482
2019-01-24,109533600000.0,15115000000.0,7.246682103870327
2019-01-25,112004640000.0,15115000000.0,7.410164737016209
2019-01-28,109652400000.0,15115000000.0,7.254541845848495
2019-01-29,108250560000.0,15115000000.0,7.161796890506119
2019-01-30,109794960000.0,15115000000.0,7.263973536222296
2019-01-31,105446880000.0,15115000000.0,6.97630697982137
2019-02-01,106931880000.0,15115000000.0,7.074553754548462
2019-02-04,108892080000.0,15115000000.0,7.204239497188223
2019-02-05,109616760000.0,15115000000.0,7.2521839232550445
2019-02-06,109593000000.0,15115000000.0,7.250611974859411
2019-02-07,107929800000.0,15386000000.0,7.0148056674899255
2019-02-08,109141560000.0,15386000000.0,7.09356297933186
2019-02-11,110115720000.0,15386000000.0,7.15687768100871
2019-02-12,112123440000.0,15386000000.0,7.287367736903678
2019-02-13,111683880000.0,15386000000.0,7.258798908098271
2019-02-14,112170960000.0,15386000000.0,7.290456258936696
2019-02-15,112753080000.0,15386000000.0,7.3282906538411545
2019-02-19,112883760000.0,15386000000.0,7.336784089431951
2019-02-20,112539240000.0,15386000000.0,7.314392304692578
2019-02-21,112812480000.0,15386000000.0,7.332151306382426
2019-02-22,114024240000.0,15386000000.0,7.41090861822436
2019-02-25,114879600000.0,15386000000.0,7.4665020148186665
2019-02-26,114748920000.0,15386000000.0,7.45800857922787
2019-02-27,116257680000.0,15386000000.0,7.55606915377616
2019-02-28,116507159999.99998,15386000000.0,7.572283894449498
2019-03-01,117374400000.0,15386000000.0,7.62864942155206
2019-03-04,114725159999.99998,15386000000.0,7.45646431821136
2019-03-05,114677640000.0,15386000000.0,7.453375796178344
2019-03-06,114594480000.0,15386000000.0,7.447970882620564
2019-03-07,114297480000.0,15386000000.0,7.428667619914208
2019-03-08,113679720000.0,15386000000.0,7.388516833484986
2019-03-11,115770600000.0,15386000000.0,7.524411802937736
2019-03-12,115830000000.0,15386000000.0,7.528272455479007
2019-03-13,117980280000.0,15386000000.0,7.668028077473028
2019-03-14,117647640000.0,15386000000.0,7.646408423241908
2019-03-15,119667240000.0,15386000000.0,7.777670609645132
2019-03-18,119120760000.0,15386000000.0,7.742152606265436
2019-03-19,120629520000.0,15386000000.0,7.840213180813727
2019-03-20,121544280000.0,15386000000.0,7.899667229949305
2019-03-21,123730200000.0,15386000000.0,8.041739243468088
2019-03-22,120308760000.0,15386000000.0,7.819365657090862
2019-03-25,120641400000.0,15386000000.0,7.840985311321981
2019-03-26,122542200000.0,15386000000.0,7.964526192642662
2019-03-27,122447159999.99998,15386000000.0,7.958349148576627
2019-03-28,123385680000.0,15386000000.0,8.019347458728715
2019-03-29,123361920000.0,15386000000.0,8.017803197712206
2019-04-01,125393400000.0,15386000000.0,8.149837514623684
2019-04-02,125013240000.0,15386000000.0,8.125129338359548
2019-04-03,124371720000.0,15386000000.0,8.083434290913818
2019-04-04,124098480000.0,15386000000.0,8.06567528922397
2019-04-05,125607240000.0,15386000000.0,8.16373586377226
2019-04-08,126605159999.99998,15386000000.0,8.228594826465617
2019-04-09,127032840000.00002,15386000000.0,8.256391524762773
2019-04-10,127721880000.0,15386000000.0,8.301175094241518
2019-04-11,126474480000.0,15386000000.0,8.220101390874822
2019-04-12,128874240000.0,15386000000.0,8.376071753542181
2019-04-15,128470320000.0,15386000000.0,8.349819316261536
2019-04-16,128541600000.0,15386000000.0,8.354452099311063
2019-04-17,129266280000.0,15386000000.0,8.401552060314572
2019-04-18,127543680000.0,15386000000.0,8.289593136617704
2019-04-22,126890280000.0,15386000000.0,8.24712595866372
2019-04-23,126997200000.0,15386000000.0,8.25407513323801
2019-04-24,127377360000.0,15386000000.0,8.278783309502145
2019-04-25,130941360000.0,15157000000.0,8.639002441116316
2019-04-26,131345280000.0,15157000000.0,8.665651514151877
2019-04-29,133578720000.0,15157000000.0,8.813005212113215
2019-04-30,133970760000.0,15157000000.0,8.838870488883025
2019-05-01,131796720000.0,15157000000.0,8.695435772250445
2019-05-02,130323600000.0,15157000000.0,8.598245035297223
2019-05-03,133008480000.0,15157000000.0,8.775382991357128
2019-05-06,131689800000.0,15157000000.0,8.688381605858678
2019-05-07,129432600000.0,15157000000.0,8.539460315365838
2019-05-08,129575159999.99998,15157000000.0,8.548865870554858
2019-05-09,130359240000.0,15157000000.0,8.600596424094478
2019-05-10,131167080000.0,15157000000.0,8.6538945701656
2019-05-13,126914040000.0,15157000000.0,8.373295507026457
2019-05-14,129598920000.0,15157000000.0,8.550433463086362
2019-05-15,132462000000.0,15157000000.0,8.739328363132547
2019-05-16,135277560000.0,15157000000.0,8.925088078115722
2019-05-17,134006400000.0,15157000000.0,8.84122187768028
2019-05-20,133234200000.0,15157000000.0,8.790275120406413
2019-05-21,133566840000.00002,15157000000.0,8.812221415847464
2019-05-22,133614360000.0,15157000000.0,8.815356600910471
2019-05-23,130561200000.0,15157000000.0,8.613920960612258
2019-05-24,130501800000.0,15157000000.0,8.6100019792835
2019-05-28,132806520000.0,15157000000.0,8.762058454839348
2019-05-29,130775040000.0,15157000000.0,8.628029293395791
2019-05-30,132355080000.0,15157000000.0,8.73227419674078
2019-05-31,130383000000.0,15157000000.0,8.60216401662598
2019-06-03,125357760000.0,15157000000.0,8.27061819621297
2019-06-04,129171240000.0,15157000000.0,8.522216797519299
2019-06-05,131594760000.0,15157000000.0,8.682111235732664
2019-06-06,132794640000.0,15157000000.0,8.761274658573596
2019-06-07,135455760000.0,15157000000.0,8.936845022101998
2019-06-10,137356560000.0,15157000000.0,9.062252424622287
2019-06-11,136144800000.0,15157000000.0,8.982305205515603
2019-06-12,136026000000.0,15157000000.0,8.974467242858085
2019-06-13,137475360000.0,15157000000.0,9.070090387279805
2019-06-14,138009960000.0,15157000000.0,9.105361219238636
2019-06-17,139186080000.0,15157000000.0,9.182957049548063
2019-06-18,137784240000.0,15157000000.0,9.090469090189352
2019-06-19,139162320000.0,15157000000.0,9.18138945701656
2019-06-20,141122520000.0,15157000000.0,9.310715840865607
2019-06-21,138057480000.0,15157000000.0,9.108496404301643
2019-06-24,138402000000.0,15157000000.0,9.131226496008445
2019-06-25,135954720000.0,15157000000.0,8.969764465263575
2019-06-26,135610200000.0,15157000000.0,8.947034373556772
2019-06-27,135039960000.0,15157000000.0,8.909412152800686
2019-06-28,135978480000.0,15157000000.0,8.971332057795077
2019-07-01,136655640000.0,15157000000.0,9.01600844494293
2019-07-02,138009960000.0,15157000000.0,9.105361219238636
2019-07-03,139803840000.0,15157000000.0,9.223714455367157
2019-07-05,139186080000.0,15157000000.0,9.182957049548063
2019-07-08,138936600000.0,15157000000.0,9.166497327967276
2019-07-09,140623560000.0,15157000000.0,9.277796397704032
2019-07-10,142132320000.0,15157000000.0,9.37733852345451
2019-07-11,143332200000.0,15157000000.0,9.456501946295441
2019-07-12,142702560000.0,15157000000.0,9.414960744210596
2019-07-15,143629200000.0,15157000000.0,9.476096852939236
2019-07-16,142215480000.0,15157000000.0,9.382825097314772
2019-07-17,141146280000.0,15157000000.0,9.312283433397111
2019-07-18,142405560000.0,15157000000.0,9.395365837566802
2019-07-19,140932440000.0,15157000000.0,9.298175100613578
2019-07-22,141003720000.0,15157000000.0,9.302877878208088
2019-07-23,142821360000.0,15157000000.0,9.422798706868114
2019-07-24,144104400000.0,15157000000.0,9.507448703569308
2019-07-25,136762560000.0,16139000000.0,8.474041762190966
2019-07-26,137202120000.0,16139000000.0,8.501277650412046
2019-07-29,132402600000.0,16139000000.0,8.20389119524134
2019-07-30,133103520000.0,16139000000.0,8.247321395377657
2019-07-31,131155200000.0,16139000000.0,8.12660016110044
2019-08-01,131630400000.0,16139000000.0,8.156044364582687
2019-08-02,127222920000.0,16139000000.0,7.882949377284838
2019-08-05,123076800000.0,16139000000.0,7.626048701902224
2019-08-06,124775640000.0,16139000000.0,7.731311729351261
2019-08-07,126676440000.0,16139000000.0,7.849088543280253
2019-08-08,126866520000.0,16139000000.0,7.860866224673152
2019-08-09,124526159999.99998,16139000000.0,7.71585352252308
2019-08-12,122031360000.0,16139000000.0,7.561271454241279
2019-08-13,125975520000.0,16139000000.0,7.8056583431439375
2019-08-14,122684760000.0,16139000000.0,7.60175723402937
2019-08-15,124680600000.0,16139000000.0,7.725422888654811
2019-08-16,126118080000.0,16139000000.0,7.814491604188611
2019-08-19,127911960000.0,16139000000.0,7.925643472334097
2019-08-20,127555560000.0,16139000000.0,7.903560319722412
2019-08-21,130466159999.99998,16139000000.0,8.08390606605118
2019-08-22,129218760000.0,16139000000.0,8.006615031910279
2019-08-23,125975520000.0,16139000000.0,7.8056583431439375
2019-08-26,127900080000.0,16139000000.0,7.924907367247041
2019-08-27,127650600000.0,16139000000.0,7.909449160418861
2019-08-28,127674360000.0,16139000000.0,7.910921370592973
2019-08-29,129741480000.0,16139000000.0,8.039003655740752
2019-08-30,129551400000.0,16139000000.0,8.027225974347854
2019-09-03,126819000000.0,16139000000.0,7.857921804324927
2019-09-04,129171240000.0,16139000000.0,8.003670611562054
2019-09-05,132414480000.0,16139000000.0,8.204627300328397
2019-09-06,130739400000.0,16139000000.0,8.100836483053474
2019-09-09,125250840000.00002,16139000000.0,7.76075593283351
2019-09-10,122423400000.0,16139000000.0,7.585562922114134
2019-09-11,123575760000.0,16139000000.0,7.6569651155585845
2019-09-12,127234800000.0,16139000000.0,7.883685482371894
2019-09-13,127116000000.0,16139000000.0,7.876324431501332
2019-09-16,126545760000.0,16139000000.0,7.840991387322634
2019-09-17,127710000000.0,16139000000.0,7.913129685854142
2019-09-18,125452800000.0,16139000000.0,7.773269719313464
2019-09-19,126070560000.0,16139000000.0,7.8115471838403865
2019-09-20,124312320000.0,16139000000.0,7.7026036309560695
2019-09-23,124870680000.0,16139000000.0,7.737200570047711
2019-09-24,123183720000.0,16139000000.0,7.63267364768573
2019-09-25,123718320000.0,16139000000.0,7.665798376603259
2019-09-26,124205400000.0,16139000000.0,7.695978685172563
2019-09-27,121413600000.0,16139000000.0,7.522993989714356
2019-09-30,123064920000.0,16139000000.0,7.625312596815168
2019-10-01,121805640000.0,16139000000.0,7.547285457587211
2019-10-02,118479240000.0,16139000000.0,7.341176033211475
2019-10-03,120023640000.0,16139000000.0,7.436869694528781
2019-10-04,122114520000.0,16139000000.0,7.5664241898506726
2019-10-07,120724560000.0,16139000000.0,7.480299894665097
2019-10-08,118004040000.0,16139000000.0,7.3117318297292275
2019-10-09,118669320000.0,16139000000.0,7.352953714604374
2019-10-10,119441520000.0,16139000000.0,7.400800545263028
2019-10-11,120677040000.0,16139000000.0,7.477355474316872
2019-10-14,120879000000.0,16139000000.0,7.489869260796827
2019-10-15,123064920000.0,16139000000.0,7.625312596815168
2019-10-16,122470920000.0,16139000000.0,7.588507342462358
2019-10-17,123112440000.0,16139000000.0,7.628257017163393
2019-10-18,120249360000.0,16139000000.0,7.450855691182849
2019-10-21,120510720000.0,16139000000.0,7.467050003098086
2019-10-22,115663680000.0,16139000000.0,7.166719127579156
2019-10-23,114808320000.0,16139000000.0,7.11371956131111
2019-10-24,124633080000.0,16483000000.0,7.5613104410604866
2019-10-25,127341720000.0,16483000000.0,7.725639750045501
2019-10-28,126640800000.0,16483000000.0,7.683115937632713
2019-10-29,124740000000.0,16483000000.0,7.567797124309895
2019-10-30,126522000000.0,16483000000.0,7.675908511800037
2019-10-31,123670800000.0,16483000000.0,7.50293029181581
2019-11-01,124716240000.0,16483000000.0,7.56635563914336
2019-11-04,122138280000.0,16483000000.0,7.4099544985742885
2019-11-05,119976120000.0,16483000000.0,7.278779348419584
2019-11-06,119548440000.0,16483000000.0,7.25283261542195
2019-11-07,119358360000.0,16483000000.0,7.241300734089668
2019-11-08,120486960000.0,16483000000.0,7.309771279500091
2019-11-11,121971960000.0,16483000000.0,7.399864102408542
2019-11-12,121211640000.0,16483000000.0,7.353736577079415
2019-11-13,121318560000.0,16483000000.0,7.360223260328824
2019-11-14,123231240000.0,16483000000.0,7.476262816234908
2019-11-15,123789600000.0,16483000000.0,7.510137717648487
2019-11-18,123148080000.0,16483000000.0,7.4712176181520356
2019-11-19,124680600000.0,16483000000.0,7.564193411393557
2019-11-20,123658920000.0,16483000000.0,7.502209549232543
2019-11-21,121829400000.0,16483000000.0,7.391215191409331
2019-11-22,120902760000.0,16483000000.0,7.334997269914457
2019-11-25,124086600000.0,16483000000.0,7.528156282230176
2019-11-26,126165600000.0,16483000000.0,7.654286234302008
2019-11-27,128007000000.0,16483000000.0,7.766001334708488
2019-11-29,128315880000.0,16483000000.0,7.784740641873445
2019-12-02,126177480000.0,16483000000.0,7.655006976885276
2019-12-03,125440920000.0,16483000000.0,7.610320936722684
2019-12-04,124740000000.0,16483000000.0,7.567797124309895
2019-12-05,124252920000.0,16483000000.0,7.538246678395923
2019-12-06,123955920000.0,16483000000.0,7.520228113814233
2019-12-09,123290640000.0,16483000000.0,7.479866529151247
2019-12-10,123100560000.0,16483000000.0,7.468334647818965
2019-12-11,125345880000.0,16483000000.0,7.604554996056543
2019-12-12,125535960000.0,16483000000.0,7.616086877388825
2019-12-13,127888200000.0,16483000000.0,7.758793908875812
2019-12-16,130169159999.99998,16483000000.0,7.897176484863191
2019-12-17,128850480000.0,16483000000.0,7.817174058120488
2019-12-18,128102040000.0,16483000000.0,7.7717672753746285
2019-12-19,129349440000.0,16483000000.0,7.847445246617728
2019-12-20,129195000000.0,16483000000.0,7.838075593035248
2019-12-23,129028680000.0,16483000000.0,7.827985196869502
2019-12-24,129123720000.0,16483000000.0,7.833751137535643
2019-12-26,130383000000.0,16483000000.0,7.910149851362009
2019-12-27,129967200000.0,16483000000.0,7.884923860947643
2019-12-30,128268360000.0,16483000000.0,7.781857671540375
2019-12-31,128505960000.0,16483000000.0,7.796272523205727
2020-01-02,131571000000.0,16483000000.0,7.9822241096887705
2020-01-03,129206880000.0,16483000000.0,7.838796335618516
2020-01-06,130881960000.0,16483000000.0,7.940421039859249
2020-01-07,130287960000.0,16483000000.0,7.904383910695868
2020-01-08,132842159999.99998,16483000000.0,8.059343566098404
2020-01-09,133733159999.99998,16483000000.0,8.113399259843474
2020-01-10,134160840000.00002,16483000000.0,8.13934599284111
2020-01-13,136952640000.0,16483000000.0,8.308720499908997
2020-01-14,136192320000.0,16483000000.0,8.26259297457987
2020-01-15,136441800000.0,16483000000.0,8.27772856882849
2020-01-16,137095200000.0,16483000000.0,8.317369410908208
2020-01-17,137855520000.0,16483000000.0,8.363496936237336
2020-01-21,137986200000.0,16483000000.0,8.371425104653278
2020-01-22,137214000000.0,16483000000.0,8.324576836740885
2020-01-23,140053320000.0,16483000000.0,8.496834314141843
2020-01-24,138972240000.0,16483000000.0,8.431246739064491
2020-01-27,136905120000.0,16483000000.0,8.305837529575927
2020-01-28,138425760000.0,16483000000.0,8.39809258023418
2020-01-29,138592080000.0,16483000000.0,8.408182976399928
2020-01-30,139138560000.0,16483000000.0,8.441337135230237
2020-01-31,135301320000.0,16483000000.0,8.208537280834799
2020-02-03,138413880000.0,16483000000.0,8.397371837650914
2020-02-04,142655040000.0,16483000000.0,8.654676939877449
2020-02-05,142227360000.0,16483000000.0,8.628730206879816
2020-02-06,142429320000.0,16885000000.0,8.435257328990229
2020-02-07,141229440000.0,16885000000.0,8.364195439739413
2020-02-10,142631280000.0,16885000000.0,8.447218241042345
2020-02-11,141181920000.0,16885000000.0,8.361381107491857
2020-02-12,140849280000.0,16885000000.0,8.341680781758958
2020-02-13,143165880000.0,16885000000.0,8.478879478827361
2020-02-14,146112120000.0,16885000000.0,8.653368078175896
2020-02-18,145256760000.0,16885000000.0,8.60271009771987
2020-02-19,147205080000.0,16885000000.0,8.718097719869707
2020-02-20,145446840000.0,16885000000.0,8.613967426710097
2020-02-21,141954120000.0,16885000000.0,8.407114006514657
2020-02-24,138330720000.0,16885000000.0,8.192521172638436
2020-02-25,130276080000.0,16885000000.0,7.715491856677525
2020-02-26,129622680000.0,16885000000.0,7.676794788273615
2020-02-27,128113920000.0,16885000000.0,7.587439739413681
2020-02-28,128292120000.0,16885000000.0,7.59799348534202
2020-03-02,134077680000.0,16885000000.0,7.940638436482085
2020-03-03,130394880000.0,16885000000.0,7.722527687296417
2020-03-04,136976400000.0,16885000000.0,8.112312703583061
2020-03-05,133269840000.00002,16885000000.0,7.8927947882736165
2020-03-06,131737320000.0,16885000000.0,7.802032573289902
2020-03-09,120736440000.0,16885000000.0,7.150514657980456
2020-03-10,130371120000.0,16885000000.0,7.721120521172638
2020-03-11,123433200000.0,16885000000.0,7.310228013029316
2020-03-12,115188480000.0,16885000000.0,6.821941368078176
2020-03-13,130858200000.0,16885000000.0,7.749967426710097
2020-03-16,110151360000.0,16885000000.0,6.523622149837133
2020-03-17,116269560000.0,16885000000.0,6.885967426710097
2020-03-18,108654480000.0,16885000000.0,6.434970684039088
2020-03-19,111303720000.0,16885000000.0,6.591869706840391
2020-03-20,102975840000.00002,16885000000.0,6.098657980456027
2020-03-23,101288880000.0,16885000000.0,5.998749185667752
2020-03-24,115580520000.0,16885000000.0,6.845159609120521
2020-03-25,113703480000.0,16885000000.0,6.73399348534202
2020-03-26,119548440000.0,16885000000.0,7.080156351791531
2020-03-27,111054240000.0,16885000000.0,6.577094462540717
2020-03-30,115271640000.0,16885000000.0,6.8268664495114
2020-03-31,113451900000.0,16885000000.0,6.719093870299082
2020-04-01,108285300000.0,16885000000.0,6.4131063073734085
2020-04-02,110821200000.0,16885000000.0,6.563292863488304
2020-04-03,109482150000.0,16885000000.0,6.483988747408943
2020-04-06,120478950000.0,16885000000.0,7.135265028131478
2020-04-07,118831800000.0,16885000000.0,7.037713947290494
2020-04-08,124496100000.0,16885000000.0,7.373177376369559
2020-04-09,125420400000.0,16885000000.0,7.427918270654427
2020-04-13,125586300000.0,16885000000.0,7.437743559372224
2020-04-14,130101150000.0,16885000000.0,7.7051317737636955
2020-04-15,127920750000.0,16885000000.0,7.575999407758365
2020-04-16,128347350000.0,16885000000.0,7.601264435889843
2020-04-17,132542250000.0,16885000000.0,7.849703879182707
2020-04-20,132921450000.0,16885000000.0,7.872161681966242
2020-04-21,127434900000.0,16885000000.0,7.547225347941961
2020-04-22,136500150000.0,16885000000.0,8.08410719573586
2020-04-23,136559400000.0,16885000000.0,8.087616227420789
2020-04-24,142413300000.0,16885000000.0,8.43430855789162
2020-04-27,142828050000.0,16885000000.0,8.458871779686111
2020-04-28,137625900000.0,16885000000.0,8.150778797749481
2020-04-29,146442300000.0,16885000000.0,8.672922712466686
2020-04-30,145755000000.0,16885000000.0,8.632217944921528
2020-05-01,142922850000.0,16885000000.0,8.464486230381995
2020-05-04,146537100000.0,16885000000.0,8.67853716316257
2020-05-05,148634550000.0,16885000000.0,8.802756884809002
2020-05-06,152047350000.0,16885000000.0,9.004877109860823
2020-05-07,173353650000.0,15967000000.0,10.856995678587086
2020-05-08,171777600000.0,15967000000.0,10.758288971002694
2020-05-11,170592600000.0,15967000000.0,10.684073401390368
2020-05-12,167120550000.0,15967000000.0,10.466621782426254
2020-05-13,170320050000.0,15967000000.0,10.667003820379533
2020-05-14,171125850000.0,15967000000.0,10.717470407715915
2020-05-15,172429350000.0,15967000000.0,10.799107534289472
2020-05-18,173294400000.0,15967000000.0,10.85328490010647
2020-05-19,172287149999.99997,15967000000.0,10.79020166593599
2020-05-20,178863900000.0,15967000000.0,11.202098077284399
2020-05-21,175640700000.0,15967000000.0,11.000231727938873
2020-05-22,178769100000.00003,15967000000.0,11.196160831715416
2020-05-26,174195000000.0,15967000000.0,10.909688733011837
2020-05-27,172962600000.0,15967000000.0,10.832504540615018
2020-05-28,176316150000.0,15967000000.0,11.042534602617899
2020-05-29,183686850000.0,15967000000.0,11.504155445606564
2020-06-01,183118050000.0,15967000000.0,11.468531972192647
2020-06-02,186625650000.0,15967000000.0,11.688210058245131
2020-06-03,185784300000.0,15967000000.0,11.635517003820379
2020-06-04,183201000000.0,15967000000.0,11.47372706206551
2020-06-05,184860000000.0,15967000000.0,11.577628859522767
2020-06-10,189493350000.0,15967000000.0,11.867811736706958
2020-06-15,186696750000.0,15967000000.0,11.69266299242187
2020-06-16,191045700000.0,15967000000.0,11.965034132899104
2020-06-17,194138550000.0,15967000000.0,12.158736769587273
2020-06-18,199139250000.0,15967000000.0,12.471926473351287
2020-06-19,194766600000.00003,15967000000.0,12.198071021481809
2020-06-22,201758100000.0,15967000000.0,12.635942882194525
2020-06-23,204756150000.0,15967000000.0,12.82370827331371
2020-06-24,199080000000.0,15967000000.0,12.46821569487067
2020-06-25,204412500000.0,15967000000.0,12.802185758126136
2020-06-26,202480950000.0,15967000000.0,12.681214379658044
2020-06-29,199494750000.0,15967000000.0,12.494191144234984
2020-06-30,206462550000.0,15967000000.0,12.930578693555459
2020-07-01,210254550000.0,15967000000.0,13.1680685163149
2020-07-02,209993850000.0,15967000000.0,13.151741091000188
2020-07-06,208773300000.0,15967000000.0,13.075299054299492
2020-07-07,210076800000.0,15967000000.0,13.15693618087305
2020-07-08,215160450000.0,15967000000.0,13.475320974509927
2020-07-09,217127550000.0,15967000000.0,13.598518820066387
2020-07-10,211403992890.0,15967000000.0,13.240057173545438
2020-07-13,203239344075.0,15967000000.0,12.728711973132086
2020-07-14,204175503555.0,15967000000.0,12.787342866850379
2020-07-15,203891097630.0,15967000000.0,12.769530759065573
2020-07-16,201224847630.0,15967000000.0,12.60254572743784
2020-07-17,206095197630.0,15967000000.0,12.907571718544498
2020-07-20,211901708295.0,15967000000.0,13.27122867758502
2020-07-21,208062302370.0,15967000000.0,13.030769860963236
2020-07-22,211427697630.0,15967000000.0,13.241541781799963
2020-07-23,206024101185.0,15967000000.0,12.903119007014467
2020-07-24,204483597630.0,15967000000.0,12.806638543871735
2020-07-27,210906295260.0,15967000000.0,13.2088867827394
2020-07-28,208879954740.0,15967000000.0,13.081978752426881
2020-07-29,218751007110.0,15967000000.0,13.700194595728691
2020-07-30,228124344075.0,17640000000.0,12.932219051870748
2020-07-31,232342958295.0,17640000000.0,13.171369517857142
2020-08-03,233527958295.0,17640000000.0,13.238546388605442
2020-08-04,233836052370.0,17640000000.0,13.256012039115646
2020-08-05,240448354739.99997,17640000000.0,13.630859112244897
2020-08-06,241846645260.00003,17640000000.0,13.710127282312927
